[2026-05-06 13:36:56] GAME CREATED
[2026-05-06 13:37:01] PLAYER JOINED: chetan as red
[2026-05-06 13:37:08] PLAYER JOINED: asha as blue
[2026-05-06 13:37:12] GAME STARTED — turn order: ['red', 'blue']
[2026-05-06 13:37:12] MOVE chetan (red): 115→102 [0.2ms]
[2026-05-06 13:37:12] MOVE asha (blue): 3→14 [0.2ms]
[2026-05-06 13:37:12] MOVE chetan (red): 120→104 [0.1ms]
[2026-05-06 13:37:12] MOVE asha (blue): 0→16 [0.1ms]
[2026-05-06 13:37:13] MOVE chetan (red): 111→89 [0.1ms]
[2026-05-06 13:37:13] MOVE asha (blue): 6→26 [0.2ms]
[2026-05-06 13:37:13] MOVE chetan (red): 116→78 [0.1ms]
[2026-05-06 13:37:13] MOVE asha (blue): 4→38 [0.1ms]
[2026-05-06 13:37:13] MOVE chetan (red): 89→68 [0.2ms]
[2026-05-06 13:37:13] MOVE asha (blue): 26→49 [0.1ms]
[2026-05-06 13:37:14] MOVE chetan (red): 78→59 [0.2ms]
[2026-05-06 13:37:14] MOVE asha (blue): 8→26 [0.2ms]
[2026-05-06 13:37:14] MOVE chetan (red): 68→27 [0.1ms]
[2026-05-06 13:37:14] MOVE asha (blue): 14→58 [0.1ms]
[2026-05-06 13:37:14] MOVE chetan (red): 59→50 [0.2ms]
[2026-05-06 13:37:14] MOVE asha (blue): 49→67 [0.1ms]
[2026-05-06 13:37:15] MOVE chetan (red): 27→14 [0.1ms]
[2026-05-06 13:37:15] MOVE asha (blue): 58→77 [0.1ms]
[2026-05-06 13:37:15] MOVE chetan (red): 14→6 [0.1ms]
[2026-05-06 13:37:15] MOVE asha (blue): 5→60 [0.1ms]
[2026-05-06 13:37:15] MOVE chetan (red): 113→66 [0.1ms]
[2026-05-06 13:37:15] MOVE asha (blue): 26→69 [0.2ms]
[2026-05-06 13:37:16] MOVE chetan (red): 50→39 [0.1ms]
[2026-05-06 13:37:16] MOVE asha (blue): 60→79 [0.1ms]
[2026-05-06 13:37:16] MOVE chetan (red): 66→56 [0.1ms]
[2026-05-06 13:37:16] MOVE asha (blue): 69→90 [0.1ms]
[2026-05-06 13:37:16] MOVE chetan (red): 39→27 [0.2ms]
[2026-05-06 13:37:16] MOVE asha (blue): 77→89 [0.1ms]
[2026-05-06 13:37:17] MOVE chetan (red): 102→58 [0.1ms]
[2026-05-06 13:37:17] MOVE asha (blue): 89→113 [0.2ms]
[2026-05-06 13:37:17] MOVE chetan (red): 27→14 [0.1ms]
[2026-05-06 13:37:17] MOVE asha (blue): 79→102 [0.1ms]
[2026-05-06 13:37:17] MOVE chetan (red): 14→0 [0.1ms]
[2026-05-06 13:37:17] MOVE asha (blue): 102→111 [0.1ms]
[2026-05-06 13:37:18] MOVE chetan (red): 117→79 [0.3ms]
[2026-05-06 13:37:18] MOVE asha (blue): 90→102 [0.3ms]
[2026-05-06 13:37:18] MOVE chetan (red): 56→47 [0.1ms]
[2026-05-06 13:37:18] MOVE asha (blue): 102→120 [0.2ms]
[2026-05-06 13:37:18] MOVE chetan (red): 58→48 [0.1ms]
[2026-05-06 13:37:18] MOVE asha (blue): 38→78 [0.1ms]
[2026-05-06 13:37:19] MOVE chetan (red): 79→37 [0.1ms]
[2026-05-06 13:37:19] MOVE asha (blue): 67→90 [0.1ms]
[2026-05-06 13:37:19] MOVE chetan (red): 47→26 [0.1ms]
[2026-05-06 13:37:19] MOVE asha (blue): 78→116 [0.1ms]
[2026-05-06 13:37:19] MOVE chetan (red): 37→3 [0.2ms]
[2026-05-06 13:37:19] MOVE asha (blue): 90→102 [0.1ms]
[2026-05-06 13:37:20] MOVE chetan (red): 26→14 [0.1ms]
[2026-05-06 13:37:20] MOVE asha (blue): 102→117 [0.1ms]
[2026-05-06 13:37:20] MOVE chetan (red): 48→37 [0.1ms]
[2026-05-06 13:37:20] MOVE asha (blue): 7→29 [0.2ms]
[2026-05-06 13:37:20] MOVE chetan (red): 112→92 [0.1ms]
[2026-05-06 13:37:20] MOVE asha (blue): 16→41 [0.2ms]
[2026-05-06 13:37:20] MOVE chetan (red): 37→26 [0.2ms]
[2026-05-06 13:37:21] MOVE asha (blue): 29→52 [0.2ms]
[2026-05-06 13:37:21] MOVE chetan (red): 104→81 [0.1ms]
[2026-05-06 13:37:21] MOVE asha (blue): 41→62 [0.1ms]
[2026-05-06 13:37:21] MOVE chetan (red): 92→51 [0.1ms]
[2026-05-06 13:37:21] MOVE asha (blue): 52→72 [0.2ms]
[2026-05-06 13:37:21] MOVE chetan (red): 81→70 [0.1ms]
[2026-05-06 13:37:22] MOVE asha (blue): 62→83 [0.1ms]
[2026-05-06 13:37:22] MOVE chetan (red): 51→40 [0.1ms]
[2026-05-06 13:37:22] MOVE asha (blue): 72→95 [0.1ms]
[2026-05-06 13:37:22] MOVE chetan (red): 70→60 [0.1ms]
[2026-05-06 13:37:22] MOVE asha (blue): 83→94 [0.1ms]
[2026-05-06 13:37:22] MOVE chetan (red): 40→28 [0.1ms]
[2026-05-06 13:37:22] MOVE asha (blue): 95→93 [0.1ms]
[2026-05-06 13:37:23] MOVE chetan (red): 60→50 [0.2ms]
[2026-05-06 13:37:23] MOVE asha (blue): 94→106 [0.2ms]
[2026-05-06 13:37:23] MOVE chetan (red): 28→15 [0.1ms]
[2026-05-06 13:37:23] MOVE asha (blue): 93→105 [0.1ms]
[2026-05-06 13:37:23] MOVE chetan (red): 15→7 [0.1ms]
[2026-05-06 13:37:23] MOVE asha (blue): 106→104 [0.1ms]
[2026-05-06 13:37:24] MOVE chetan (red): 119→92 [0.2ms]
[2026-05-06 13:37:24] MOVE asha (blue): 104→112 [0.1ms]
[2026-05-06 13:37:24] MOVE chetan (red): 50→39 [0.1ms]
[2026-05-06 13:37:24] MOVE asha (blue): 105→104 [0.1ms]
[2026-05-06 13:37:24] MOVE chetan (red): 92→80 [0.1ms]
[2026-05-06 13:37:25] MOVE asha (blue): 104→115 [0.2ms]
[2026-05-06 13:37:25] MOVE chetan (red): 39→27 [0.1ms]
[2026-05-06 13:37:25] MOVE asha (blue): 9→17 [0.1ms]
[2026-05-06 13:37:25] MOVE chetan (red): 80→69 [0.1ms]
[2026-05-06 13:37:26] MOVE asha (blue): 1→4 [0.1ms]
[2026-05-06 13:37:26] MOVE chetan (red): 27→15 [0.1ms]
[2026-05-06 13:37:26] MOVE asha (blue): 17→29 [0.1ms]
[2026-05-06 13:37:26] MOVE chetan (red): 69→59 [1.3ms]
[2026-05-06 13:37:27] MOVE asha (blue): 4→8 [0.1ms]
[2026-05-06 13:37:27] MOVE chetan (red): 14→5 [0.1ms]
[2026-05-06 13:37:27] MOVE asha (blue): 29→40 [0.1ms]
[2026-05-06 13:37:27] MOVE chetan (red): 15→4 [0.1ms]
[2026-05-06 13:37:27] MOVE asha (blue): 2→9 [0.1ms]
[2026-05-06 13:37:28] MOVE chetan (red): 26→14 [0.2ms]
[2026-05-06 13:37:28] MOVE asha (blue): 40→50 [0.1ms]
[2026-05-06 13:37:28] MOVE chetan (red): 59→40 [0.3ms]
[2026-05-06 13:37:28] MOVE asha (blue): 8→16 [0.1ms]
[2026-05-06 13:37:28] MOVE chetan (red): 14→15 [0.1ms]
[2026-05-06 13:37:28] MOVE asha (blue): 50→59 [0.1ms]
[2026-05-06 13:37:29] MOVE chetan (red): 40→28 [0.1ms]
[2026-05-06 13:37:29] MOVE asha (blue): 16→39 [0.2ms]
[2026-05-06 13:37:29] MOVE chetan (red): 15→16 [0.1ms]
[2026-05-06 13:37:29] MOVE asha (blue): 59→68 [0.1ms]
[2026-05-06 13:37:29] MOVE chetan (red): 28→1 [0.1ms]
[2026-05-06 13:37:29] MOVE asha (blue): 39→49 [0.1ms]
[2026-05-06 13:37:29] MOVE chetan (red): 16→8 [0.2ms]
[2026-05-06 13:37:30] MOVE asha (blue): 68→78 [0.1ms]
[2026-05-06 13:37:30] MOVE chetan (red): 114→105 [0.2ms]
[2026-05-06 13:37:30] MOVE asha (blue): 49→58 [0.1ms]
[2026-05-06 13:37:30] MOVE chetan (red): 118→119 [0.1ms]
[2026-05-06 13:37:30] MOVE asha (blue): 78→89 [0.1ms]
[2026-05-06 13:37:30] MOVE chetan (red): 105→92 [0.1ms]
[2026-05-06 13:37:31] MOVE asha (blue): 58→67 [0.1ms]
[2026-05-06 13:37:31] MOVE chetan (red): 119→114 [0.1ms]
[2026-05-06 13:37:31] MOVE asha (blue): 89→102 [0.1ms]
[2026-05-06 13:37:31] MOVE chetan (red): 92→80 [0.2ms]
[2026-05-06 13:37:31] MOVE asha (blue): 67→77 [0.2ms]
[2026-05-06 13:37:31] MOVE chetan (red): 114→105 [0.1ms]
[2026-05-06 13:37:32] MOVE asha (blue): 102→103 [0.1ms]
[2026-05-06 13:37:32] MOVE chetan (red): 80→69 [0.2ms]
[2026-05-06 13:37:32] MOVE asha (blue): 77→89 [0.1ms]
[2026-05-06 13:37:32] MOVE chetan (red): 105→92 [0.1ms]
[2026-05-06 13:37:32] MOVE asha (blue): 103→104 [0.1ms]
[2026-05-06 13:37:32] MOVE chetan (red): 69→59 [0.2ms]
[2026-05-06 13:37:33] MOVE asha (blue): 89→102 [0.1ms]
[2026-05-06 13:37:33] MOVE chetan (red): 92→80 [0.1ms]
[2026-05-06 13:37:33] MOVE asha (blue): 104→105 [0.1ms]
[2026-05-06 13:37:33] MOVE chetan (red): 59→49 [0.1ms]
[2026-05-06 13:37:33] MOVE asha (blue): 105→114 [0.1ms]
[2026-05-06 13:37:33] MOVE chetan (red): 80→69 [0.2ms]
[2026-05-06 13:37:34] MOVE asha (blue): 102→103 [0.3ms]
[2026-05-06 13:37:34] MOVE chetan (red): 49→38 [0.1ms]
[2026-05-06 13:37:34] MOVE asha (blue): 9→17 [0.1ms]
[2026-05-06 13:37:34] MOVE chetan (red): 69→59 [0.1ms]
[2026-05-06 13:37:34] MOVE asha (blue): 103→104 [0.3ms]
[2026-05-06 13:37:34] MOVE chetan (red): 38→26 [0.2ms]
[2026-05-06 13:37:35] MOVE asha (blue): 17→29 [0.2ms]
[2026-05-06 13:37:35] MOVE chetan (red): 59→49 [0.1ms]
[2026-05-06 13:37:35] MOVE asha (blue): 104→105 [0.1ms]
[2026-05-06 13:37:35] MOVE chetan (red): 26→14 [0.1ms]
[2026-05-06 13:37:35] MOVE asha (blue): 29→40 [0.1ms]
[2026-05-06 13:37:36] MOVE chetan (red): 49→38 [0.1ms]
[2026-05-06 13:37:36] MOVE asha (blue): 105→106 [0.1ms]
[2026-05-06 13:37:36] MOVE chetan (red): 14→15 [0.1ms]
[2026-05-06 13:37:36] MOVE asha (blue): 40→50 [0.5ms]
[2026-05-06 13:37:36] MOVE chetan (red): 38→26 [0.1ms]
[2026-05-06 13:37:36] MOVE asha (blue): 106→93 [0.1ms]
[2026-05-06 13:37:36] MOVE chetan (red): 15→16 [0.1ms]
[2026-05-06 13:37:37] MOVE asha (blue): 50→59 [0.1ms]
[2026-05-06 13:37:37] MOVE chetan (red): 26→14 [0.1ms]
[2026-05-06 13:37:37] MOVE asha (blue): 93→92 [0.1ms]
[2026-05-06 13:37:37] MOVE chetan (red): 16→17 [0.1ms]
[2026-05-06 13:37:37] MOVE asha (blue): 59→68 [0.1ms]
[2026-05-06 13:37:37] MOVE chetan (red): 17→9 [0.1ms]
[2026-05-06 13:37:37] MOVE asha (blue): 92→104 [0.1ms]
[2026-05-06 13:37:38] MOVE chetan (red): 14→15 [0.1ms]
[2026-05-06 13:37:38] MOVE asha (blue): 68→78 [0.3ms]
[2026-05-06 13:37:38] MOVE chetan (red): 15→16 [0.1ms]
[2026-05-06 13:37:38] MOVE asha (blue): 104→103 [0.2ms]
[2026-05-06 13:37:39] MOVE chetan (red): 16→17 [0.1ms]
[2026-05-06 13:37:39] MOVE asha (blue): 78→89 [0.2ms]
[2026-05-06 13:37:39] MOVE chetan (red): 17→18 [0.1ms]
[2026-05-06 13:37:39] MOVE asha (blue): 103→102 [0.1ms]
[2026-05-06 13:37:40] MOVE chetan (red): 18→19 [0.1ms]
[2026-05-06 13:37:40] MOVE asha (blue): 89→90 [0.1ms]
[2026-05-06 13:37:40] MOVE chetan (red): 19→31 [0.1ms]
[2026-05-06 13:37:40] MOVE asha (blue): 102→89 [0.1ms]
[2026-05-06 13:37:40] MOVE chetan (red): 31→30 [0.1ms]
[2026-05-06 13:37:40] MOVE asha (blue): 90→102 [0.1ms]
[2026-05-06 13:37:41] MOVE chetan (red): 30→29 [0.1ms]
[2026-05-06 13:37:41] MOVE asha (blue): 89→90 [0.1ms]
[2026-05-06 13:37:41] MOVE chetan (red): 29→28 [0.2ms]
[2026-05-06 13:37:41] MOVE asha (blue): 102→103 [0.1ms]
[2026-05-06 13:37:41] MOVE chetan (red): 28→15 [0.1ms]
[2026-05-06 13:37:42] MOVE asha (blue): 90→91 [0.1ms]
[2026-05-06 13:37:42] MOVE chetan (red): 15→14 [0.2ms]
[2026-05-06 13:37:42] MOVE asha (blue): 103→104 [0.1ms]
[2026-05-06 13:37:42] MOVE chetan (red): 14→13 [0.1ms]
[2026-05-06 13:37:42] MOVE asha (blue): 91→103 [0.1ms]
[2026-05-06 13:37:42] MOVE chetan (red): 13→26 [0.1ms]
[2026-05-06 13:37:43] MOVE asha (blue): 104→105 [0.1ms]
[2026-05-06 13:37:43] MOVE chetan (red): 26→27 [0.2ms]
[2026-05-06 13:37:43] MOVE asha (blue): 103→102 [0.1ms]
[2026-05-06 13:37:43] MOVE chetan (red): 27→14 [0.1ms]
[2026-05-06 13:37:43] MOVE asha (blue): 105→106 [0.1ms]
[2026-05-06 13:37:43] MOVE chetan (red): 14→15 [0.1ms]
[2026-05-06 13:37:44] MOVE asha (blue): 102→89 [0.2ms]
[2026-05-06 13:37:44] MOVE chetan (red): 15→16 [0.1ms]
[2026-05-06 13:37:44] MOVE asha (blue): 106→93 [0.1ms]
[2026-05-06 13:37:44] MOVE chetan (red): 16→17 [0.1ms]
[2026-05-06 13:37:44] MOVE asha (blue): 89→90 [0.1ms]
[2026-05-06 13:37:44] MOVE chetan (red): 17→18 [0.1ms]
[2026-05-06 13:37:45] MOVE asha (blue): 93→92 [0.1ms]
[2026-05-06 13:37:45] MOVE chetan (red): 18→19 [0.1ms]
[2026-05-06 13:37:45] MOVE asha (blue): 90→91 [0.2ms]
[2026-05-06 13:37:45] MOVE chetan (red): 19→31 [0.1ms]
[2026-05-06 13:37:46] MOVE asha (blue): 92→104 [0.1ms]
[2026-05-06 13:37:46] MOVE chetan (red): 31→30 [0.1ms]
[2026-05-06 13:37:46] MOVE asha (blue): 91→103 [0.1ms]
[2026-05-06 13:37:46] MOVE chetan (red): 30→29 [0.2ms]
[2026-05-06 13:37:46] MOVE asha (blue): 104→102 [0.1ms]
[2026-05-06 13:37:46] MOVE chetan (red): 29→28 [0.1ms]
[2026-05-06 13:37:47] MOVE asha (blue): 103→104 [0.1ms]
[2026-05-06 13:37:47] MOVE chetan (red): 28→15 [0.1ms]
[2026-05-06 13:37:47] MOVE asha (blue): 102→103 [0.2ms]
[2026-05-06 13:37:47] MOVE chetan (red): 15→14 [0.1ms]
[2026-05-06 13:37:47] MOVE asha (blue): 104→102 [0.1ms]
[2026-05-06 13:37:48] MOVE chetan (red): 14→13 [0.1ms]
[2026-05-06 13:37:48] MOVE asha (blue): 103→101 [0.2ms]
[2026-05-06 13:37:48] MOVE chetan (red): 13→26 [0.1ms]
[2026-05-06 13:37:48] MOVE asha (blue): 102→89 [0.1ms]
[2026-05-06 13:37:48] MOVE chetan (red): 26→27 [0.1ms]
[2026-05-06 13:37:48] MOVE asha (blue): 101→78 [0.1ms]
[2026-05-06 13:37:49] MOVE chetan (red): 27→14 [0.1ms]
[2026-05-06 13:37:49] MOVE asha (blue): 89→90 [0.1ms]
[2026-05-06 13:37:49] MOVE chetan (red): 14→15 [0.1ms]
[2026-05-06 13:37:49] MOVE asha (blue): 78→89 [0.1ms]
[2026-05-06 13:37:49] MOVE chetan (red): 15→16 [0.1ms]
[2026-05-06 13:37:49] MOVE asha (blue): 90→103 [0.2ms]
[2026-05-06 13:37:50] MOVE chetan (red): 16→17 [0.2ms]
[2026-05-06 13:37:50] MOVE asha (blue): 89→102 [0.3ms]
[2026-05-06 13:37:50] MOVE chetan (red): 17→18 [0.1ms]
[2026-05-06 13:37:50] MOVE asha (blue): 103→104 [0.1ms]
[2026-05-06 13:37:50] MOVE chetan (red): 18→19 [0.2ms]
[2026-05-06 13:37:50] MOVE asha (blue): 102→103 [0.2ms]
[2026-05-06 13:37:51] MOVE chetan (red): 19→31 [0.1ms]
[2026-05-06 13:37:51] MOVE asha (blue): 104→102 [0.1ms]
[2026-05-06 13:37:51] MOVE chetan (red): 31→30 [0.2ms]
[2026-05-06 13:37:51] MOVE asha (blue): 103→104 [0.1ms]
[2026-05-06 13:37:51] MOVE chetan (red): 30→29 [0.1ms]
[2026-05-06 13:37:51] MOVE asha (blue): 102→89 [0.1ms]
[2026-05-06 13:37:52] MOVE chetan (red): 29→28 [0.1ms]
[2026-05-06 13:37:52] MOVE asha (blue): 104→105 [0.1ms]
[2026-05-06 13:37:52] MOVE chetan (red): 28→15 [0.1ms]
[2026-05-06 13:37:52] MOVE asha (blue): 89→90 [0.1ms]
[2026-05-06 13:37:52] MOVE chetan (red): 15→14 [0.1ms]
[2026-05-06 13:37:52] MOVE asha (blue): 105→106 [0.1ms]
[2026-05-06 13:37:53] MOVE chetan (red): 14→13 [0.1ms]
[2026-05-06 13:37:53] MOVE asha (blue): 90→103 [0.1ms]
[2026-05-06 13:37:53] MOVE chetan (red): 13→26 [0.2ms]
[2026-05-06 13:37:53] MOVE asha (blue): 106→93 [0.1ms]
[2026-05-06 13:37:53] MOVE chetan (red): 26→27 [0.1ms]
[2026-05-06 13:37:53] MOVE asha (blue): 103→104 [0.1ms]
[2026-05-06 13:37:54] MOVE chetan (red): 27→14 [0.1ms]
[2026-05-06 13:37:54] MOVE asha (blue): 93→92 [0.1ms]
[2026-05-06 13:37:54] MOVE chetan (red): 14→15 [0.1ms]
[2026-05-06 13:37:54] MOVE asha (blue): 104→105 [0.4ms]
[2026-05-06 13:37:54] MOVE chetan (red): 15→16 [0.1ms]
[2026-05-06 13:37:54] MOVE asha (blue): 92→104 [0.1ms]
[2026-05-06 13:37:54] MOVE chetan (red): 16→17 [0.1ms]
[2026-05-06 13:37:54] MOVE asha (blue): 105→106 [0.1ms]
[2026-05-06 13:37:55] MOVE chetan (red): 17→18 [0.1ms]
[2026-05-06 13:37:55] MOVE asha (blue): 104→103 [0.1ms]
[2026-05-06 13:37:55] MOVE chetan (red): 18→19 [0.1ms]
[2026-05-06 13:37:55] MOVE asha (blue): 106→93 [0.2ms]
[2026-05-06 13:37:55] MOVE chetan (red): 19→31 [0.2ms]
[2026-05-06 13:37:55] MOVE asha (blue): 103→102 [0.1ms]
[2026-05-06 13:37:56] MOVE chetan (red): 31→30 [0.1ms]
[2026-05-06 13:37:56] MOVE asha (blue): 93→92 [0.1ms]
[2026-05-06 13:37:56] MOVE chetan (red): 30→29 [0.1ms]
[2026-05-06 13:37:56] MOVE asha (blue): 102→89 [0.2ms]
[2026-05-06 13:37:56] MOVE chetan (red): 29→28 [0.2ms]
[2026-05-06 13:37:56] MOVE asha (blue): 92→104 [0.1ms]
[2026-05-06 13:37:57] MOVE chetan (red): 28→15 [0.1ms]
[2026-05-06 13:37:57] MOVE asha (blue): 89→90 [0.1ms]
[2026-05-06 13:37:57] MOVE chetan (red): 15→14 [0.1ms]
[2026-05-06 13:37:57] MOVE asha (blue): 104→103 [0.1ms]
[2026-05-06 13:37:57] MOVE chetan (red): 14→13 [0.1ms]
[2026-05-06 13:37:57] MOVE asha (blue): 90→91 [0.1ms]
[2026-05-06 13:37:58] MOVE chetan (red): 13→26 [0.1ms]
[2026-05-06 13:37:58] MOVE asha (blue): 103→102 [0.1ms]
[2026-05-06 13:37:58] MOVE chetan (red): 26→27 [0.1ms]
[2026-05-06 13:37:58] MOVE asha (blue): 91→103 [0.1ms]
[2026-05-06 13:37:58] MOVE chetan (red): 27→14 [0.1ms]
[2026-05-06 13:37:58] MOVE asha (blue): 102→89 [0.2ms]
[2026-05-06 13:37:59] MOVE chetan (red): 14→15 [0.1ms]
[2026-05-06 13:37:59] MOVE asha (blue): 103→102 [0.2ms]
[2026-05-06 13:37:59] MOVE chetan (red): 15→16 [0.1ms]
[2026-05-06 13:37:59] MOVE asha (blue): 89→90 [0.1ms]
[2026-05-06 13:37:59] MOVE chetan (red): 16→17 [0.1ms]
[2026-05-06 13:37:59] MOVE asha (blue): 102→89 [0.1ms]
[2026-05-06 13:38:00] MOVE chetan (red): 17→18 [0.5ms]
[2026-05-06 13:38:00] MOVE asha (blue): 90→91 [0.1ms]
[2026-05-06 13:38:00] MOVE chetan (red): 18→19 [0.1ms]
[2026-05-06 13:38:00] MOVE asha (blue): 89→90 [0.1ms]
[2026-05-06 13:38:00] MOVE chetan (red): 19→31 [0.1ms]
[2026-05-06 13:38:01] MOVE asha (blue): 91→103 [0.3ms]
[2026-05-06 13:38:01] MOVE chetan (red): 31→30 [0.1ms]
[2026-05-06 13:38:01] MOVE asha (blue): 90→91 [0.1ms]
[2026-05-06 13:38:01] MOVE chetan (red): 30→29 [0.1ms]
[2026-05-06 13:38:01] MOVE asha (blue): 103→102 [0.1ms]
[2026-05-06 13:38:02] MOVE chetan (red): 29→28 [0.1ms]
[2026-05-06 13:38:02] MOVE asha (blue): 91→103 [0.1ms]
[2026-05-06 13:38:02] MOVE chetan (red): 28→15 [0.1ms]
[2026-05-06 13:38:02] MOVE asha (blue): 102→104 [0.1ms]
[2026-05-06 13:38:02] MOVE chetan (red): 15→14 [0.1ms]
[2026-05-06 13:38:02] MOVE asha (blue): 103→105 [0.1ms]
[2026-05-06 13:38:03] MOVE chetan (red): 14→13 [0.1ms]
[2026-05-06 13:38:03] MOVE asha (blue): 104→106 [0.1ms]
[2026-05-06 13:38:03] MOVE chetan (red): 13→26 [0.2ms]
[2026-05-06 13:38:03] MOVE asha (blue): 105→104 [0.1ms]
[2026-05-06 13:38:03] MOVE chetan (red): 26→27 [0.1ms]
[2026-05-06 13:38:03] MOVE asha (blue): 106→105 [0.1ms]
[2026-05-06 13:38:03] MOVE chetan (red): 27→14 [0.1ms]
[2026-05-06 13:38:04] MOVE asha (blue): 104→106 [0.1ms]
[2026-05-06 13:38:04] MOVE chetan (red): 14→15 [0.2ms]
[2026-05-06 13:38:04] MOVE asha (blue): 105→107 [0.1ms]
[2026-05-06 13:38:04] MOVE chetan (red): 15→16 [0.1ms]
[2026-05-06 13:38:04] MOVE asha (blue): 106→93 [0.1ms]
[2026-05-06 13:38:04] MOVE chetan (red): 16→17 [0.2ms]
[2026-05-06 13:38:05] MOVE asha (blue): 107→94 [0.1ms]
[2026-05-06 13:38:05] MOVE chetan (red): 17→18 [0.1ms]
[2026-05-06 13:38:05] MOVE asha (blue): 93→92 [0.1ms]
[2026-05-06 13:38:05] MOVE chetan (red): 18→19 [0.1ms]
[2026-05-06 13:38:05] MOVE asha (blue): 94→93 [0.1ms]
[2026-05-06 13:38:05] MOVE chetan (red): 19→31 [0.1ms]
[2026-05-06 13:38:06] MOVE asha (blue): 92→105 [0.1ms]
[2026-05-06 13:38:06] MOVE chetan (red): 31→30 [0.1ms]
[2026-05-06 13:38:06] MOVE asha (blue): 93→106 [0.1ms]
[2026-05-06 13:38:06] MOVE chetan (red): 30→29 [0.1ms]
[2026-05-06 13:38:06] MOVE asha (blue): 105→104 [0.1ms]
[2026-05-06 13:38:06] MOVE chetan (red): 29→28 [0.1ms]
[2026-05-06 13:38:07] MOVE asha (blue): 106→105 [0.1ms]
[2026-05-06 13:38:07] MOVE chetan (red): 28→15 [0.2ms]
[2026-05-06 13:38:07] MOVE asha (blue): 104→106 [0.1ms]
[2026-05-06 13:38:07] MOVE chetan (red): 15→14 [0.1ms]
[2026-05-06 13:38:07] MOVE asha (blue): 105→104 [0.1ms]
[2026-05-06 13:38:07] MOVE chetan (red): 14→13 [0.1ms]
[2026-05-06 13:38:08] MOVE asha (blue): 106→93 [0.1ms]
[2026-05-06 13:38:08] MOVE chetan (red): 13→26 [0.1ms]
[2026-05-06 13:38:08] MOVE asha (blue): 104→103 [0.2ms]
[2026-05-06 13:38:08] MOVE chetan (red): 26→27 [0.2ms]
[2026-05-06 13:38:08] MOVE asha (blue): 93→92 [0.2ms]
[2026-05-06 13:38:08] MOVE chetan (red): 27→14 [0.1ms]
[2026-05-06 13:38:09] MOVE asha (blue): 103→102 [0.1ms]
[2026-05-06 13:38:09] MOVE chetan (red): 14→15 [0.3ms]
[2026-05-06 13:38:09] MOVE asha (blue): 92→105 [0.1ms]
[2026-05-06 13:38:09] MOVE chetan (red): 15→16 [0.2ms]
[2026-05-06 13:38:09] MOVE asha (blue): 102→89 [0.2ms]
[2026-05-06 13:38:09] MOVE chetan (red): 16→17 [0.1ms]
[2026-05-06 13:38:10] MOVE asha (blue): 105→104 [0.1ms]
[2026-05-06 13:38:10] MOVE chetan (red): 17→18 [0.2ms]
[2026-05-06 13:38:10] MOVE asha (blue): 89→90 [0.1ms]
[2026-05-06 13:38:10] MOVE chetan (red): 18→19 [0.1ms]
[2026-05-06 13:38:10] MOVE asha (blue): 104→103 [0.1ms]
[2026-05-06 13:38:10] MOVE chetan (red): 19→31 [0.1ms]
[2026-05-06 13:38:11] MOVE asha (blue): 90→91 [0.2ms]
[2026-05-06 13:38:11] MOVE chetan (red): 31→30 [0.1ms]
[2026-05-06 13:38:11] MOVE asha (blue): 103→102 [0.1ms]
[2026-05-06 13:38:11] MOVE chetan (red): 30→29 [0.1ms]
[2026-05-06 13:38:11] MOVE asha (blue): 91→103 [0.1ms]
[2026-05-06 13:38:11] MOVE chetan (red): 29→28 [0.1ms]
[2026-05-06 13:38:12] MOVE asha (blue): 102→89 [0.1ms]
[2026-05-06 13:38:12] MOVE chetan (red): 28→15 [0.1ms]
[2026-05-06 13:38:12] MOVE asha (blue): 103→102 [0.1ms]
[2026-05-06 13:38:12] MOVE chetan (red): 15→14 [0.2ms]
[2026-05-06 13:38:12] MOVE asha (blue): 89→90 [0.3ms]
[2026-05-06 13:38:12] MOVE chetan (red): 14→13 [0.2ms]
[2026-05-06 13:38:13] MOVE asha (blue): 102→89 [0.1ms]
[2026-05-06 13:38:13] MOVE chetan (red): 13→26 [0.1ms]
[2026-05-06 13:38:13] MOVE asha (blue): 90→91 [0.1ms]
[2026-05-06 13:38:13] MOVE chetan (red): 26→27 [0.1ms]
[2026-05-06 13:38:13] MOVE asha (blue): 89→90 [0.2ms]
[2026-05-06 13:38:13] MOVE chetan (red): 27→14 [0.1ms]
[2026-05-06 13:38:14] MOVE asha (blue): 91→103 [0.1ms]
[2026-05-06 13:38:14] MOVE chetan (red): 14→15 [0.1ms]
[2026-05-06 13:38:14] MOVE asha (blue): 90→91 [0.1ms]
[2026-05-06 13:38:14] MOVE chetan (red): 15→16 [0.1ms]
[2026-05-06 13:38:14] MOVE asha (blue): 103→102 [0.1ms]
[2026-05-06 13:38:14] MOVE chetan (red): 16→17 [0.1ms]
[2026-05-06 13:38:15] MOVE asha (blue): 91→103 [0.1ms]
[2026-05-06 13:38:15] MOVE chetan (red): 17→18 [0.1ms]
[2026-05-06 13:38:15] MOVE asha (blue): 102→104 [0.1ms]
[2026-05-06 13:38:15] MOVE chetan (red): 18→19 [0.1ms]
[2026-05-06 13:38:15] MOVE asha (blue): 103→105 [0.1ms]
[2026-05-06 13:38:15] MOVE chetan (red): 19→31 [0.1ms]
[2026-05-06 13:38:16] MOVE asha (blue): 104→106 [0.1ms]
[2026-05-06 13:38:16] MOVE chetan (red): 31→30 [0.2ms]
[2026-05-06 13:38:16] MOVE asha (blue): 105→104 [0.2ms]
[2026-05-06 13:38:16] MOVE chetan (red): 30→29 [0.1ms]
[2026-05-06 13:38:16] MOVE asha (blue): 106→105 [0.1ms]
[2026-05-06 13:38:16] MOVE chetan (red): 29→28 [0.1ms]
[2026-05-06 13:38:16] MOVE asha (blue): 104→106 [0.1ms]
[2026-05-06 13:38:17] MOVE chetan (red): 28→15 [0.1ms]
[2026-05-06 13:38:17] MOVE asha (blue): 105→107 [0.1ms]
[2026-05-06 13:38:17] MOVE chetan (red): 15→14 [0.4ms]
[2026-05-06 13:38:17] MOVE asha (blue): 106→93 [0.1ms]
[2026-05-06 13:38:17] MOVE chetan (red): 14→13 [0.3ms]
[2026-05-06 13:38:18] MOVE asha (blue): 107→94 [0.1ms]
[2026-05-06 13:38:18] MOVE chetan (red): 13→26 [0.1ms]
[2026-05-06 13:38:18] MOVE asha (blue): 93→92 [0.1ms]
[2026-05-06 13:38:18] MOVE chetan (red): 26→27 [0.1ms]
[2026-05-06 13:38:18] MOVE asha (blue): 94→93 [0.1ms]
[2026-05-06 13:38:19] MOVE chetan (red): 27→14 [0.4ms]
[2026-05-06 13:38:19] MOVE asha (blue): 92→105 [0.2ms]
[2026-05-06 13:38:19] MOVE chetan (red): 14→15 [0.1ms]
[2026-05-06 13:38:19] MOVE asha (blue): 93→106 [0.1ms]
[2026-05-06 13:38:19] MOVE chetan (red): 15→16 [0.1ms]
[2026-05-06 13:38:20] MOVE asha (blue): 105→104 [0.1ms]
[2026-05-06 13:38:20] MOVE chetan (red): 16→17 [0.1ms]
[2026-05-06 13:38:20] MOVE asha (blue): 106→105 [0.3ms]
[2026-05-06 13:38:20] MOVE chetan (red): 17→18 [0.2ms]
[2026-05-06 13:38:20] MOVE asha (blue): 104→106 [0.1ms]
[2026-05-06 13:38:21] MOVE chetan (red): 18→19 [0.1ms]
[2026-05-06 13:38:21] MOVE asha (blue): 105→104 [0.1ms]
[2026-05-06 13:38:21] MOVE chetan (red): 19→31 [0.1ms]
[2026-05-06 13:38:21] MOVE asha (blue): 106→93 [0.4ms]
[2026-05-06 13:38:21] MOVE chetan (red): 31→30 [0.1ms]
[2026-05-06 13:38:21] MOVE asha (blue): 104→103 [0.1ms]
[2026-05-06 13:38:22] MOVE chetan (red): 30→29 [0.1ms]
[2026-05-06 13:38:22] MOVE asha (blue): 93→92 [0.1ms]
[2026-05-06 13:38:22] MOVE chetan (red): 29→28 [0.1ms]
[2026-05-06 13:38:22] MOVE asha (blue): 103→102 [0.1ms]
[2026-05-06 13:38:22] MOVE chetan (red): 28→15 [0.1ms]
[2026-05-06 13:38:22] MOVE asha (blue): 92→105 [0.1ms]
[2026-05-06 13:38:22] MOVE chetan (red): 15→14 [0.1ms]
[2026-05-06 13:38:23] MOVE asha (blue): 102→89 [0.1ms]
[2026-05-06 13:38:23] MOVE chetan (red): 14→13 [0.2ms]
[2026-05-06 13:38:23] MOVE asha (blue): 105→104 [0.2ms]
[2026-05-06 13:38:23] MOVE chetan (red): 13→26 [0.1ms]
[2026-05-06 13:38:23] MOVE asha (blue): 89→90 [0.1ms]
[2026-05-06 13:38:23] MOVE chetan (red): 26→27 [0.2ms]
[2026-05-06 13:38:24] MOVE asha (blue): 104→103 [0.2ms]
[2026-05-06 13:38:24] MOVE chetan (red): 27→14 [0.4ms]
[2026-05-06 13:38:24] MOVE asha (blue): 90→91 [0.2ms]
[2026-05-06 13:38:24] MOVE chetan (red): 14→15 [0.1ms]
[2026-05-06 13:38:24] MOVE asha (blue): 103→102 [0.1ms]
[2026-05-06 13:38:24] MOVE chetan (red): 15→16 [0.1ms]
[2026-05-06 13:38:25] MOVE asha (blue): 91→103 [0.1ms]
[2026-05-06 13:38:25] MOVE chetan (red): 16→17 [0.2ms]
[2026-05-06 13:38:25] MOVE asha (blue): 102→89 [0.1ms]
[2026-05-06 13:38:25] MOVE chetan (red): 17→18 [0.1ms]
[2026-05-06 13:38:25] MOVE asha (blue): 103→102 [0.1ms]
[2026-05-06 13:38:25] MOVE chetan (red): 18→19 [0.1ms]
[2026-05-06 13:38:25] MOVE asha (blue): 89→90 [0.1ms]
[2026-05-06 13:38:26] MOVE chetan (red): 19→31 [0.1ms]
[2026-05-06 13:38:26] MOVE asha (blue): 102→89 [0.2ms]
[2026-05-06 13:38:26] MOVE chetan (red): 31→30 [0.1ms]
[2026-05-06 13:38:26] MOVE asha (blue): 90→91 [0.1ms]
[2026-05-06 13:38:26] MOVE chetan (red): 30→29 [0.1ms]
[2026-05-06 13:38:26] MOVE asha (blue): 89→90 [0.3ms]
[2026-05-06 13:38:27] MOVE chetan (red): 29→28 [0.1ms]
[2026-05-06 13:38:27] MOVE asha (blue): 91→103 [0.3ms]
[2026-05-06 13:38:27] MOVE chetan (red): 28→15 [0.2ms]
[2026-05-06 13:38:27] MOVE asha (blue): 90→91 [0.1ms]
[2026-05-06 13:38:27] MOVE chetan (red): 15→14 [0.1ms]
[2026-05-06 13:38:28] MOVE asha (blue): 103→102 [0.2ms]
[2026-05-06 13:38:28] MOVE chetan (red): 14→13 [0.3ms]
[2026-05-06 13:38:28] MOVE asha (blue): 91→103 [0.1ms]
[2026-05-06 13:38:28] MOVE chetan (red): 13→26 [0.1ms]
[2026-05-06 13:38:28] MOVE asha (blue): 102→104 [0.1ms]
[2026-05-06 13:38:28] MOVE chetan (red): 26→27 [0.1ms]
[2026-05-06 13:38:28] MOVE asha (blue): 103→105 [0.2ms]
[2026-05-06 13:38:29] MOVE chetan (red): 27→14 [0.1ms]
[2026-05-06 13:38:29] MOVE asha (blue): 104→106 [0.1ms]
[2026-05-06 13:38:29] MOVE chetan (red): 14→15 [0.1ms]
[2026-05-06 13:38:29] MOVE asha (blue): 105→104 [0.1ms]
[2026-05-06 13:38:29] MOVE chetan (red): 15→16 [0.1ms]
[2026-05-06 13:38:29] MOVE asha (blue): 106→105 [0.1ms]
[2026-05-06 13:38:30] MOVE chetan (red): 16→17 [0.2ms]
[2026-05-06 13:38:30] MOVE asha (blue): 104→106 [0.1ms]
[2026-05-06 13:38:30] MOVE chetan (red): 17→18 [0.1ms]
[2026-05-06 13:38:30] MOVE asha (blue): 105→107 [0.1ms]
[2026-05-06 13:38:30] MOVE chetan (red): 18→19 [0.1ms]
[2026-05-06 13:38:30] MOVE asha (blue): 106→93 [0.2ms]
[2026-05-06 13:38:31] MOVE chetan (red): 19→31 [0.1ms]
[2026-05-06 13:38:31] MOVE asha (blue): 107→94 [0.1ms]
[2026-05-06 13:38:31] MOVE chetan (red): 31→30 [0.2ms]
[2026-05-06 13:38:31] MOVE asha (blue): 93→92 [0.1ms]
[2026-05-06 13:38:31] MOVE chetan (red): 30→29 [0.1ms]
[2026-05-06 13:38:31] MOVE asha (blue): 94→93 [0.1ms]
[2026-05-06 13:38:31] MOVE chetan (red): 29→28 [0.1ms]
[2026-05-06 13:38:32] MOVE asha (blue): 92→105 [0.1ms]
[2026-05-06 13:38:32] MOVE chetan (red): 28→15 [0.1ms]
[2026-05-06 13:38:32] MOVE asha (blue): 93→106 [0.1ms]
[2026-05-06 13:38:32] MOVE chetan (red): 15→14 [0.1ms]
[2026-05-06 13:38:32] MOVE asha (blue): 105→104 [0.1ms]
[2026-05-06 13:38:32] MOVE chetan (red): 14→13 [0.2ms]
[2026-05-06 13:38:33] MOVE asha (blue): 106→105 [0.1ms]
[2026-05-06 13:38:33] MOVE chetan (red): 13→26 [0.1ms]
[2026-05-06 13:38:33] MOVE asha (blue): 104→106 [0.1ms]
[2026-05-06 13:38:33] MOVE chetan (red): 26→27 [0.1ms]
[2026-05-06 13:38:33] MOVE asha (blue): 105→104 [0.1ms]
[2026-05-06 13:38:33] MOVE chetan (red): 27→14 [0.2ms]
[2026-05-06 13:38:34] MOVE asha (blue): 106→93 [0.1ms]
[2026-05-06 13:38:34] MOVE chetan (red): 14→15 [0.1ms]
[2026-05-06 13:38:34] MOVE asha (blue): 104→103 [0.1ms]
[2026-05-06 13:38:34] MOVE chetan (red): 15→16 [0.1ms]
[2026-05-06 13:38:34] MOVE asha (blue): 93→92 [0.1ms]
[2026-05-06 13:38:34] MOVE chetan (red): 16→17 [0.1ms]
[2026-05-06 13:38:35] MOVE asha (blue): 103→102 [0.2ms]
[2026-05-06 13:38:35] MOVE chetan (red): 17→18 [0.3ms]
[2026-05-06 13:38:35] MOVE asha (blue): 92→105 [0.1ms]
[2026-05-06 13:38:35] MOVE chetan (red): 18→19 [0.2ms]
[2026-05-06 13:38:35] MOVE asha (blue): 102→89 [0.1ms]
[2026-05-06 13:38:35] MOVE chetan (red): 19→31 [0.2ms]
[2026-05-06 13:38:35] MOVE asha (blue): 105→104 [0.2ms]
[2026-05-06 13:38:36] MOVE chetan (red): 31→30 [0.1ms]
[2026-05-06 13:38:36] MOVE asha (blue): 89→90 [0.1ms]
[2026-05-06 13:38:36] MOVE chetan (red): 30→29 [0.1ms]
[2026-05-06 13:38:36] MOVE asha (blue): 104→103 [0.1ms]
[2026-05-06 13:38:36] MOVE chetan (red): 29→28 [0.1ms]
[2026-05-06 13:38:36] MOVE asha (blue): 90→91 [0.1ms]
[2026-05-06 13:38:37] MOVE chetan (red): 28→15 [0.1ms]
[2026-05-06 13:38:37] MOVE asha (blue): 103→102 [0.1ms]
[2026-05-06 13:38:37] MOVE chetan (red): 15→14 [0.2ms]
[2026-05-06 13:38:37] MOVE asha (blue): 91→103 [0.2ms]
[2026-05-06 13:38:37] MOVE chetan (red): 14→13 [0.1ms]
[2026-05-06 13:38:37] MOVE asha (blue): 102→89 [0.1ms]
[2026-05-06 13:38:38] MOVE chetan (red): 13→26 [0.1ms]
[2026-05-06 13:38:38] MOVE asha (blue): 103→102 [0.2ms]
[2026-05-06 13:38:38] MOVE chetan (red): 26→27 [0.1ms]
[2026-05-06 13:38:38] MOVE asha (blue): 89→90 [0.1ms]
[2026-05-06 13:38:38] MOVE chetan (red): 27→14 [0.1ms]
[2026-05-06 13:38:38] MOVE asha (blue): 102→89 [2.1ms]
[2026-05-06 13:38:39] MOVE chetan (red): 14→15 [0.1ms]
[2026-05-06 13:38:39] MOVE asha (blue): 90→91 [0.1ms]
[2026-05-06 13:38:39] MOVE chetan (red): 15→16 [0.1ms]
[2026-05-06 13:38:39] MOVE asha (blue): 89→90 [0.1ms]
[2026-05-06 13:38:39] MOVE chetan (red): 16→17 [0.1ms]
[2026-05-06 13:38:39] MOVE asha (blue): 91→103 [0.2ms]
[2026-05-06 13:38:40] MOVE chetan (red): 17→18 [0.1ms]
[2026-05-06 13:38:40] MOVE asha (blue): 90→91 [0.2ms]
[2026-05-06 13:38:40] MOVE chetan (red): 18→19 [0.1ms]
[2026-05-06 13:38:40] MOVE asha (blue): 103→102 [0.1ms]
[2026-05-06 13:38:40] MOVE chetan (red): 19→31 [0.1ms]
[2026-05-06 13:38:40] MOVE asha (blue): 91→103 [0.1ms]
[2026-05-06 13:38:41] MOVE chetan (red): 31→30 [0.1ms]
[2026-05-06 13:38:41] MOVE asha (blue): 102→104 [0.1ms]
[2026-05-06 13:38:41] MOVE chetan (red): 30→29 [0.1ms]
[2026-05-06 13:38:41] MOVE asha (blue): 103→105 [0.1ms]
[2026-05-06 13:38:41] MOVE chetan (red): 29→28 [0.1ms]
[2026-05-06 13:38:41] MOVE asha (blue): 104→106 [0.1ms]
[2026-05-06 13:38:42] MOVE chetan (red): 28→15 [0.1ms]
[2026-05-06 13:38:42] MOVE asha (blue): 105→104 [0.1ms]
[2026-05-06 13:38:42] MOVE chetan (red): 15→14 [0.1ms]
[2026-05-06 13:38:42] MOVE asha (blue): 106→105 [0.1ms]
[2026-05-06 13:38:42] MOVE chetan (red): 14→13 [0.1ms]
[2026-05-06 13:38:42] MOVE asha (blue): 104→106 [0.1ms]
[2026-05-06 13:38:43] MOVE chetan (red): 13→26 [0.1ms]
[2026-05-06 13:38:43] MOVE asha (blue): 105→107 [0.1ms]
[2026-05-06 13:38:43] MOVE chetan (red): 26→27 [0.1ms]
[2026-05-06 13:38:43] MOVE asha (blue): 106→93 [0.1ms]
[2026-05-06 13:38:43] MOVE chetan (red): 27→14 [0.1ms]
[2026-05-06 13:38:43] MOVE asha (blue): 107→94 [0.1ms]
[2026-05-06 13:38:44] MOVE chetan (red): 14→15 [0.1ms]
[2026-05-06 13:38:44] MOVE asha (blue): 93→92 [0.2ms]
[2026-05-06 13:38:44] MOVE chetan (red): 15→16 [0.1ms]
[2026-05-06 13:38:44] MOVE asha (blue): 94→93 [0.2ms]
[2026-05-06 13:38:44] MOVE chetan (red): 16→17 [0.1ms]
[2026-05-06 13:38:44] MOVE asha (blue): 92→105 [0.1ms]
[2026-05-06 13:38:44] MOVE chetan (red): 17→18 [0.1ms]
[2026-05-06 13:38:45] MOVE asha (blue): 93→106 [0.1ms]
[2026-05-06 13:38:45] MOVE chetan (red): 18→19 [0.1ms]
[2026-05-06 13:38:45] MOVE asha (blue): 105→104 [0.1ms]
[2026-05-06 13:38:45] MOVE chetan (red): 19→31 [0.1ms]
[2026-05-06 13:38:45] MOVE asha (blue): 106→105 [0.1ms]
[2026-05-06 13:38:45] MOVE chetan (red): 31→30 [0.2ms]
[2026-05-06 13:38:46] MOVE asha (blue): 104→106 [0.1ms]
[2026-05-06 13:38:46] MOVE chetan (red): 30→29 [0.3ms]
[2026-05-06 13:38:46] MOVE asha (blue): 105→104 [0.1ms]
[2026-05-06 13:38:46] MOVE chetan (red): 29→28 [0.2ms]
[2026-05-06 13:38:46] MOVE asha (blue): 106→93 [0.1ms]
[2026-05-06 13:38:46] MOVE chetan (red): 28→15 [0.1ms]
[2026-05-06 13:38:47] MOVE asha (blue): 104→103 [0.1ms]
[2026-05-06 13:38:47] MOVE chetan (red): 15→14 [0.1ms]
[2026-05-06 13:38:47] MOVE asha (blue): 93→92 [0.1ms]
[2026-05-06 13:38:47] MOVE chetan (red): 14→13 [0.1ms]
[2026-05-06 13:38:47] MOVE asha (blue): 103→102 [0.1ms]
[2026-05-06 13:38:47] MOVE chetan (red): 13→26 [0.1ms]
[2026-05-06 13:38:48] MOVE asha (blue): 92→105 [0.3ms]
[2026-05-06 13:38:48] MOVE chetan (red): 26→27 [0.1ms]
[2026-05-06 13:38:48] MOVE asha (blue): 102→89 [0.1ms]
[2026-05-06 13:38:48] MOVE chetan (red): 27→14 [0.1ms]
[2026-05-06 13:38:48] MOVE asha (blue): 105→104 [0.1ms]
[2026-05-06 13:38:48] MOVE chetan (red): 14→15 [0.1ms]
[2026-05-06 13:38:49] MOVE asha (blue): 89→90 [0.1ms]
[2026-05-06 13:38:49] MOVE chetan (red): 15→16 [0.1ms]
[2026-05-06 13:38:49] MOVE asha (blue): 104→103 [0.1ms]
[2026-05-06 13:38:49] MOVE chetan (red): 16→17 [0.1ms]
[2026-05-06 13:38:49] MOVE asha (blue): 90→91 [0.1ms]
[2026-05-06 13:38:49] MOVE chetan (red): 17→18 [0.1ms]
[2026-05-06 13:38:50] MOVE asha (blue): 103→102 [0.1ms]
[2026-05-06 13:38:50] MOVE chetan (red): 18→19 [0.1ms]
[2026-05-06 13:38:50] MOVE asha (blue): 91→103 [0.1ms]
[2026-05-06 13:38:50] MOVE chetan (red): 19→31 [0.3ms]
[2026-05-06 13:38:50] MOVE asha (blue): 102→89 [0.2ms]
[2026-05-06 13:38:50] MOVE chetan (red): 31→30 [0.1ms]
[2026-05-06 13:38:51] MOVE asha (blue): 103→102 [0.2ms]
[2026-05-06 13:38:51] MOVE chetan (red): 30→29 [0.3ms]
[2026-05-06 13:38:51] MOVE asha (blue): 89→90 [0.1ms]
[2026-05-06 13:38:51] MOVE chetan (red): 29→28 [0.1ms]
[2026-05-06 13:38:51] MOVE asha (blue): 102→89 [0.1ms]
[2026-05-06 13:38:51] MOVE chetan (red): 28→15 [0.2ms]
[2026-05-06 13:38:52] MOVE asha (blue): 90→91 [0.1ms]
[2026-05-06 13:38:52] MOVE chetan (red): 15→14 [0.1ms]
[2026-05-06 13:38:52] MOVE asha (blue): 89→90 [0.1ms]
[2026-05-06 13:38:52] MOVE chetan (red): 14→13 [0.2ms]
[2026-05-06 13:38:52] MOVE asha (blue): 91→103 [0.1ms]
[2026-05-06 13:38:52] MOVE chetan (red): 13→26 [0.1ms]
[2026-05-06 13:38:53] MOVE asha (blue): 90→91 [0.1ms]
[2026-05-06 13:38:53] MOVE chetan (red): 26→27 [0.1ms]
[2026-05-06 13:38:53] MOVE asha (blue): 103→102 [0.1ms]
[2026-05-06 13:38:53] MOVE chetan (red): 27→14 [0.1ms]
[2026-05-06 13:38:53] MOVE asha (blue): 91→103 [0.1ms]
[2026-05-06 13:38:53] MOVE chetan (red): 14→15 [0.2ms]
[2026-05-06 13:38:53] MOVE asha (blue): 102→104 [0.1ms]
[2026-05-06 13:38:54] MOVE chetan (red): 15→16 [0.2ms]
[2026-05-06 13:38:54] MOVE asha (blue): 103→105 [0.1ms]
[2026-05-06 13:38:54] MOVE chetan (red): 16→17 [0.1ms]
[2026-05-06 13:38:54] MOVE asha (blue): 104→106 [0.1ms]
[2026-05-06 13:38:54] MOVE chetan (red): 17→18 [0.1ms]
[2026-05-06 13:38:54] MOVE asha (blue): 105→104 [0.1ms]
[2026-05-06 13:38:55] MOVE chetan (red): 18→19 [0.1ms]
[2026-05-06 13:38:55] MOVE asha (blue): 106→105 [0.1ms]
[2026-05-06 13:38:55] MOVE chetan (red): 19→31 [0.1ms]
[2026-05-06 13:38:55] MOVE asha (blue): 104→106 [0.1ms]
[2026-05-06 13:38:55] MOVE chetan (red): 31→30 [0.1ms]
[2026-05-06 13:38:55] MOVE asha (blue): 105→107 [0.1ms]
[2026-05-06 13:38:56] MOVE chetan (red): 30→29 [0.1ms]
[2026-05-06 13:38:56] MOVE asha (blue): 106→93 [0.1ms]
[2026-05-06 13:38:56] MOVE chetan (red): 29→28 [0.1ms]
[2026-05-06 13:38:56] MOVE asha (blue): 107→94 [0.1ms]
[2026-05-06 13:38:56] MOVE chetan (red): 28→15 [0.1ms]
[2026-05-06 13:38:56] MOVE asha (blue): 93→92 [0.1ms]
[2026-05-06 13:38:57] MOVE chetan (red): 15→14 [0.1ms]
[2026-05-06 13:38:57] MOVE asha (blue): 94→93 [0.1ms]
[2026-05-06 13:38:57] MOVE chetan (red): 14→13 [0.1ms]
[2026-05-06 13:38:57] MOVE asha (blue): 92→105 [0.1ms]
[2026-05-06 13:38:57] MOVE chetan (red): 13→26 [0.1ms]
[2026-05-06 13:38:57] MOVE asha (blue): 93→106 [0.1ms]
[2026-05-06 13:38:58] MOVE chetan (red): 26→27 [0.1ms]
[2026-05-06 13:38:58] MOVE asha (blue): 105→104 [0.1ms]
[2026-05-06 13:38:58] MOVE chetan (red): 27→14 [0.1ms]
[2026-05-06 13:38:58] MOVE asha (blue): 106→105 [0.1ms]
[2026-05-06 13:38:58] MOVE chetan (red): 14→15 [0.1ms]
[2026-05-06 13:38:58] MOVE asha (blue): 104→106 [0.5ms]
[2026-05-06 13:38:59] MOVE chetan (red): 15→16 [0.1ms]
[2026-05-06 13:38:59] MOVE asha (blue): 105→104 [0.1ms]
[2026-05-06 13:38:59] MOVE chetan (red): 16→17 [0.2ms]
[2026-05-06 13:38:59] MOVE asha (blue): 106→93 [0.1ms]
[2026-05-06 13:38:59] MOVE chetan (red): 17→18 [0.2ms]
[2026-05-06 13:38:59] MOVE asha (blue): 104→103 [0.1ms]
[2026-05-06 13:39:00] MOVE chetan (red): 18→19 [0.1ms]
[2026-05-06 13:39:00] MOVE asha (blue): 93→92 [0.1ms]
[2026-05-06 13:39:00] MOVE chetan (red): 19→31 [0.3ms]
[2026-05-06 13:39:00] MOVE asha (blue): 103→102 [0.1ms]
[2026-05-06 13:39:00] MOVE chetan (red): 31→30 [0.1ms]
[2026-05-06 13:39:00] MOVE asha (blue): 92→105 [0.2ms]
[2026-05-06 13:39:01] MOVE chetan (red): 30→29 [0.2ms]
[2026-05-06 13:39:01] MOVE asha (blue): 102→89 [0.1ms]
[2026-05-06 13:39:01] MOVE chetan (red): 29→28 [0.1ms]
[2026-05-06 13:39:01] MOVE asha (blue): 105→104 [0.1ms]
[2026-05-06 13:39:01] MOVE chetan (red): 28→15 [0.1ms]
[2026-05-06 13:39:01] MOVE asha (blue): 89→90 [0.5ms]
[2026-05-06 13:39:01] MOVE chetan (red): 15→14 [0.1ms]
[2026-05-06 13:39:02] MOVE asha (blue): 104→103 [0.2ms]
[2026-05-06 13:39:02] MOVE chetan (red): 14→13 [0.1ms]
[2026-05-06 13:39:02] MOVE asha (blue): 90→91 [0.1ms]
[2026-05-06 13:39:02] MOVE chetan (red): 13→26 [0.1ms]
[2026-05-06 13:39:02] MOVE asha (blue): 103→102 [0.1ms]
[2026-05-06 13:39:02] MOVE chetan (red): 26→27 [0.1ms]
[2026-05-06 13:39:03] MOVE asha (blue): 91→103 [0.1ms]
[2026-05-06 13:39:03] MOVE chetan (red): 27→14 [0.1ms]
[2026-05-06 13:39:03] MOVE asha (blue): 102→89 [0.1ms]
[2026-05-06 13:39:03] MOVE chetan (red): 14→15 [0.3ms]
[2026-05-06 13:39:03] MOVE asha (blue): 103→102 [0.1ms]
[2026-05-06 13:39:03] MOVE chetan (red): 15→16 [0.1ms]
[2026-05-06 13:39:04] MOVE asha (blue): 89→90 [0.1ms]
[2026-05-06 13:39:04] MOVE chetan (red): 16→17 [0.1ms]
[2026-05-06 13:39:04] MOVE asha (blue): 102→89 [0.1ms]
[2026-05-06 13:39:04] MOVE chetan (red): 17→18 [0.1ms]
[2026-05-06 13:39:04] MOVE asha (blue): 90→91 [0.1ms]
[2026-05-06 13:39:04] MOVE chetan (red): 18→19 [0.2ms]
[2026-05-06 13:39:05] MOVE asha (blue): 89→90 [0.1ms]
[2026-05-06 13:39:05] MOVE chetan (red): 19→31 [0.1ms]
[2026-05-06 13:39:05] MOVE asha (blue): 91→103 [0.2ms]
[2026-05-06 13:39:05] MOVE chetan (red): 31→30 [0.1ms]
[2026-05-06 13:39:05] MOVE asha (blue): 90→91 [0.2ms]
[2026-05-06 13:39:05] MOVE chetan (red): 30→29 [0.2ms]
[2026-05-06 13:39:06] MOVE asha (blue): 103→102 [0.1ms]
[2026-05-06 13:39:06] MOVE chetan (red): 29→28 [0.1ms]
[2026-05-06 13:39:06] MOVE asha (blue): 91→103 [0.2ms]
[2026-05-06 13:39:06] MOVE chetan (red): 28→15 [0.1ms]
[2026-05-06 13:39:06] MOVE asha (blue): 102→104 [0.1ms]
[2026-05-06 13:39:06] MOVE chetan (red): 15→14 [0.1ms]
[2026-05-06 13:39:07] MOVE asha (blue): 103→105 [0.2ms]
[2026-05-06 13:39:07] MOVE chetan (red): 14→13 [0.1ms]
[2026-05-06 13:39:07] MOVE asha (blue): 104→106 [0.1ms]
[2026-05-06 13:39:07] MOVE chetan (red): 13→26 [0.2ms]
[2026-05-06 13:39:07] MOVE asha (blue): 105→104 [0.1ms]
[2026-05-06 13:39:07] MOVE chetan (red): 26→27 [0.1ms]
[2026-05-06 13:39:07] MOVE asha (blue): 106→105 [0.1ms]
[2026-05-06 13:39:08] MOVE chetan (red): 27→14 [0.1ms]
[2026-05-06 13:39:08] MOVE asha (blue): 104→106 [0.3ms]
[2026-05-06 13:39:08] MOVE chetan (red): 14→15 [0.1ms]
[2026-05-06 13:39:08] MOVE asha (blue): 105→107 [0.1ms]
[2026-05-06 13:39:08] MOVE chetan (red): 15→16 [0.1ms]
[2026-05-06 13:39:08] MOVE asha (blue): 106→93 [0.1ms]
[2026-05-06 13:39:09] MOVE chetan (red): 16→17 [0.1ms]
[2026-05-06 13:39:09] MOVE asha (blue): 107→94 [0.1ms]
[2026-05-06 13:39:09] MOVE chetan (red): 17→18 [0.1ms]
[2026-05-06 13:39:09] MOVE asha (blue): 93→92 [0.1ms]
[2026-05-06 13:39:09] MOVE chetan (red): 18→19 [0.1ms]
[2026-05-06 13:39:09] MOVE asha (blue): 94→93 [0.1ms]
[2026-05-06 13:39:10] MOVE chetan (red): 19→31 [0.1ms]
[2026-05-06 13:39:10] MOVE asha (blue): 92→105 [0.1ms]
[2026-05-06 13:39:10] MOVE chetan (red): 31→30 [0.1ms]
[2026-05-06 13:39:10] MOVE asha (blue): 93→106 [0.1ms]
[2026-05-06 13:39:10] MOVE chetan (red): 30→29 [0.1ms]
[2026-05-06 13:39:10] MOVE asha (blue): 105→104 [0.1ms]
[2026-05-06 13:39:10] MOVE chetan (red): 29→28 [0.1ms]
[2026-05-06 13:39:11] MOVE asha (blue): 106→105 [0.1ms]
[2026-05-06 13:39:11] MOVE chetan (red): 28→15 [0.1ms]
[2026-05-06 13:39:11] MOVE asha (blue): 104→106 [0.1ms]
[2026-05-06 13:39:11] MOVE chetan (red): 15→14 [0.1ms]
[2026-05-06 13:39:11] MOVE asha (blue): 105→104 [0.1ms]
[2026-05-06 13:39:11] MOVE chetan (red): 14→13 [0.1ms]
[2026-05-06 13:39:12] MOVE asha (blue): 106→93 [0.1ms]
[2026-05-06 13:39:12] MOVE chetan (red): 13→26 [0.1ms]
[2026-05-06 13:39:12] MOVE asha (blue): 104→103 [0.1ms]
[2026-05-06 13:39:12] MOVE chetan (red): 26→27 [0.1ms]
[2026-05-06 13:39:12] MOVE asha (blue): 93→92 [0.1ms]
[2026-05-06 13:39:12] MOVE chetan (red): 27→14 [0.1ms]
[2026-05-06 13:39:13] MOVE asha (blue): 103→102 [0.1ms]
[2026-05-06 13:39:13] MOVE chetan (red): 14→15 [0.1ms]
[2026-05-06 13:39:13] MOVE asha (blue): 92→105 [0.2ms]
[2026-05-06 13:39:13] MOVE chetan (red): 15→16 [0.1ms]
[2026-05-06 13:39:13] MOVE asha (blue): 102→89 [0.1ms]
[2026-05-06 13:39:13] MOVE chetan (red): 16→17 [0.1ms]
[2026-05-06 13:39:14] MOVE asha (blue): 105→104 [0.1ms]
[2026-05-06 13:39:14] MOVE chetan (red): 17→18 [0.1ms]
[2026-05-06 13:39:14] MOVE asha (blue): 89→90 [0.1ms]
[2026-05-06 13:39:14] MOVE chetan (red): 18→19 [0.4ms]
[2026-05-06 13:39:14] MOVE asha (blue): 104→103 [0.2ms]
[2026-05-06 13:39:14] MOVE chetan (red): 19→31 [0.1ms]
[2026-05-06 13:39:15] MOVE asha (blue): 90→91 [0.2ms]
[2026-05-06 13:39:15] MOVE chetan (red): 31→30 [0.1ms]
[2026-05-06 13:39:15] MOVE asha (blue): 103→102 [0.2ms]
[2026-05-06 13:39:15] MOVE chetan (red): 30→29 [0.2ms]
[2026-05-06 13:39:15] MOVE asha (blue): 91→103 [0.2ms]
[2026-05-06 13:39:15] MOVE chetan (red): 29→28 [0.2ms]
[2026-05-06 13:39:16] MOVE asha (blue): 102→89 [0.1ms]
[2026-05-06 13:39:16] MOVE chetan (red): 28→15 [0.1ms]
[2026-05-06 13:39:16] MOVE asha (blue): 103→102 [0.1ms]
[2026-05-06 13:39:16] MOVE chetan (red): 15→14 [0.1ms]
[2026-05-06 13:39:16] MOVE asha (blue): 89→90 [0.1ms]
[2026-05-06 13:39:16] MOVE chetan (red): 14→13 [0.1ms]
[2026-05-06 13:39:16] MOVE asha (blue): 102→89 [0.1ms]
[2026-05-06 13:39:17] MOVE chetan (red): 13→26 [0.1ms]
[2026-05-06 13:39:17] MOVE asha (blue): 90→91 [0.1ms]
[2026-05-06 13:39:17] MOVE chetan (red): 26→27 [0.1ms]
[2026-05-06 13:39:17] MOVE asha (blue): 89→90 [0.2ms]
[2026-05-06 13:39:17] MOVE chetan (red): 27→14 [0.1ms]
[2026-05-06 13:39:17] MOVE asha (blue): 91→103 [0.1ms]
[2026-05-06 13:39:18] MOVE chetan (red): 14→15 [0.1ms]
[2026-05-06 13:39:18] MOVE asha (blue): 90→91 [0.1ms]
[2026-05-06 13:39:18] MOVE chetan (red): 15→16 [0.1ms]
[2026-05-06 13:39:18] MOVE asha (blue): 103→102 [0.1ms]
[2026-05-06 13:39:18] MOVE chetan (red): 16→17 [0.2ms]
[2026-05-06 13:39:18] MOVE asha (blue): 91→103 [0.1ms]
[2026-05-06 13:39:19] MOVE chetan (red): 17→18 [0.1ms]
[2026-05-06 13:39:19] MOVE asha (blue): 102→104 [0.1ms]
[2026-05-06 13:39:19] MOVE chetan (red): 18→19 [0.1ms]
[2026-05-06 13:39:19] MOVE asha (blue): 103→105 [0.1ms]
[2026-05-06 13:39:19] MOVE chetan (red): 19→31 [0.1ms]
[2026-05-06 13:39:19] MOVE asha (blue): 104→106 [0.3ms]
[2026-05-06 13:39:20] MOVE chetan (red): 31→30 [0.2ms]
[2026-05-06 13:39:20] MOVE asha (blue): 105→104 [0.1ms]
[2026-05-06 13:39:20] MOVE chetan (red): 30→29 [0.1ms]
[2026-05-06 13:39:20] MOVE asha (blue): 106→105 [0.1ms]
[2026-05-06 13:39:20] MOVE chetan (red): 29→28 [0.1ms]
[2026-05-06 13:39:20] MOVE asha (blue): 104→106 [0.1ms]
[2026-05-06 13:39:21] MOVE chetan (red): 28→15 [0.5ms]
[2026-05-06 13:39:21] MOVE asha (blue): 105→107 [0.2ms]
[2026-05-06 13:39:21] MOVE chetan (red): 15→14 [0.1ms]
[2026-05-06 13:39:21] MOVE asha (blue): 106→93 [0.1ms]
[2026-05-06 13:39:21] MOVE chetan (red): 14→13 [0.2ms]
[2026-05-06 13:39:21] MOVE asha (blue): 107→94 [0.2ms]
[2026-05-06 13:39:22] MOVE chetan (red): 13→26 [0.2ms]
[2026-05-06 13:39:22] MOVE asha (blue): 93→92 [0.1ms]
[2026-05-06 13:39:22] MOVE chetan (red): 26→27 [0.2ms]
[2026-05-06 13:39:22] MOVE asha (blue): 94→93 [0.2ms]
[2026-05-06 13:39:22] MOVE chetan (red): 27→14 [0.1ms]
[2026-05-06 13:39:22] MOVE asha (blue): 92→105 [0.2ms]
[2026-05-06 13:39:23] MOVE chetan (red): 14→15 [0.1ms]
[2026-05-06 13:39:23] MOVE asha (blue): 93→106 [0.1ms]
[2026-05-06 13:39:23] MOVE chetan (red): 15→16 [0.1ms]
[2026-05-06 13:39:23] MOVE asha (blue): 105→104 [0.2ms]
[2026-05-06 13:39:23] MOVE chetan (red): 16→17 [0.1ms]
[2026-05-06 13:39:23] MOVE asha (blue): 106→105 [0.1ms]
[2026-05-06 13:39:23] MOVE chetan (red): 17→18 [0.3ms]
[2026-05-06 13:39:24] MOVE asha (blue): 104→106 [0.1ms]
[2026-05-06 13:39:24] MOVE chetan (red): 18→19 [2.2ms]
[2026-05-06 13:39:24] MOVE asha (blue): 105→104 [1.9ms]
[2026-05-06 13:39:24] MOVE chetan (red): 19→31 [3.8ms]
[2026-05-06 13:39:24] MOVE asha (blue): 106→93 [0.1ms]
[2026-05-06 13:39:25] MOVE chetan (red): 31→30 [2.2ms]
[2026-05-06 13:39:25] MOVE asha (blue): 104→103 [0.7ms]
[2026-05-06 13:39:25] MOVE chetan (red): 30→29 [0.1ms]
[2026-05-06 13:39:25] MOVE asha (blue): 93→92 [0.1ms]
[2026-05-06 13:39:25] MOVE chetan (red): 29→28 [0.1ms]
[2026-05-06 13:39:25] MOVE asha (blue): 103→102 [0.2ms]
[2026-05-06 13:39:26] MOVE chetan (red): 28→15 [0.1ms]
[2026-05-06 13:39:26] MOVE asha (blue): 92→105 [0.1ms]
[2026-05-06 13:39:26] MOVE chetan (red): 15→14 [0.1ms]
[2026-05-06 13:39:26] MOVE asha (blue): 102→89 [0.3ms]
[2026-05-06 13:39:27] MOVE chetan (red): 14→13 [0.1ms]
[2026-05-06 13:39:27] MOVE asha (blue): 105→104 [0.8ms]
[2026-05-06 13:39:27] MOVE chetan (red): 13→26 [0.1ms]
[2026-05-06 13:39:27] MOVE asha (blue): 89→90 [0.1ms]
[2026-05-06 13:39:28] MOVE chetan (red): 26→27 [0.1ms]
[2026-05-06 13:39:28] MOVE asha (blue): 104→103 [0.3ms]
[2026-05-06 13:39:28] MOVE chetan (red): 27→14 [0.1ms]
[2026-05-06 13:39:28] MOVE asha (blue): 90→91 [0.1ms]
[2026-05-06 13:39:29] MOVE chetan (red): 14→15 [0.1ms]
[2026-05-06 13:39:29] MOVE asha (blue): 103→102 [0.1ms]
[2026-05-06 13:39:29] MOVE chetan (red): 15→16 [0.2ms]
[2026-05-06 13:39:29] MOVE asha (blue): 91→103 [0.1ms]
[2026-05-06 13:39:29] MOVE chetan (red): 16→17 [0.1ms]
[2026-05-06 13:39:29] MOVE asha (blue): 102→89 [0.1ms]
[2026-05-06 13:39:30] MOVE chetan (red): 17→18 [0.1ms]
[2026-05-06 13:39:30] MOVE asha (blue): 103→102 [0.1ms]
[2026-05-06 13:39:30] MOVE chetan (red): 18→19 [0.2ms]
[2026-05-06 13:39:30] MOVE asha (blue): 89→90 [0.2ms]
[2026-05-06 13:39:30] MOVE chetan (red): 19→31 [0.1ms]
[2026-05-06 13:39:30] MOVE asha (blue): 102→89 [0.1ms]
[2026-05-06 13:39:31] MOVE chetan (red): 31→30 [0.1ms]
[2026-05-06 13:39:31] MOVE asha (blue): 90→91 [0.1ms]
[2026-05-06 13:39:31] MOVE chetan (red): 30→29 [0.2ms]
[2026-05-06 13:39:31] MOVE asha (blue): 89→90 [0.2ms]
[2026-05-06 13:39:31] MOVE chetan (red): 29→28 [0.1ms]
[2026-05-06 13:39:31] MOVE asha (blue): 91→103 [0.1ms]
[2026-05-06 13:39:32] MOVE chetan (red): 28→15 [0.1ms]
[2026-05-06 13:39:32] MOVE asha (blue): 90→91 [0.2ms]
[2026-05-06 13:39:32] MOVE chetan (red): 15→14 [0.2ms]
[2026-05-06 13:39:32] MOVE asha (blue): 103→102 [0.2ms]
[2026-05-06 13:39:32] MOVE chetan (red): 14→13 [0.1ms]
[2026-05-06 13:39:32] MOVE asha (blue): 91→103 [0.1ms]
[2026-05-06 13:39:32] MOVE chetan (red): 13→26 [0.1ms]
[2026-05-06 13:39:33] MOVE asha (blue): 102→104 [0.2ms]
[2026-05-06 13:39:33] MOVE chetan (red): 26→27 [0.1ms]
[2026-05-06 13:39:33] MOVE asha (blue): 103→105 [0.1ms]
[2026-05-06 13:39:33] MOVE chetan (red): 27→14 [0.1ms]
[2026-05-06 13:39:33] MOVE asha (blue): 104→106 [0.2ms]
[2026-05-06 13:39:33] MOVE chetan (red): 14→15 [0.1ms]
[2026-05-06 13:39:34] MOVE asha (blue): 105→104 [0.1ms]
[2026-05-06 13:39:34] MOVE chetan (red): 15→16 [0.1ms]
[2026-05-06 13:39:34] MOVE asha (blue): 106→105 [0.2ms]
[2026-05-06 13:39:34] MOVE chetan (red): 16→17 [0.2ms]
[2026-05-06 13:39:34] MOVE asha (blue): 104→106 [0.1ms]
[2026-05-06 13:39:34] MOVE chetan (red): 17→18 [0.1ms]
[2026-05-06 13:39:35] MOVE asha (blue): 105→107 [0.1ms]
[2026-05-06 13:39:35] MOVE chetan (red): 18→19 [0.2ms]
[2026-05-06 13:39:35] MOVE asha (blue): 106→93 [0.2ms]
[2026-05-06 13:39:35] MOVE chetan (red): 19→31 [0.2ms]
[2026-05-06 13:39:35] MOVE asha (blue): 107→94 [0.1ms]
[2026-05-06 13:39:35] MOVE chetan (red): 31→30 [0.1ms]
[2026-05-06 13:39:36] MOVE asha (blue): 93→92 [0.1ms]
[2026-05-06 13:39:36] MOVE chetan (red): 30→29 [0.1ms]
[2026-05-06 13:39:36] MOVE asha (blue): 94→93 [0.1ms]
[2026-05-06 13:39:36] MOVE chetan (red): 29→28 [0.1ms]
[2026-05-06 13:39:36] MOVE asha (blue): 92→105 [0.2ms]
[2026-05-06 13:39:36] MOVE chetan (red): 28→15 [0.2ms]
[2026-05-06 13:39:37] MOVE asha (blue): 93→106 [0.3ms]
[2026-05-06 13:39:37] MOVE chetan (red): 15→14 [0.1ms]
[2026-05-06 13:39:37] MOVE asha (blue): 105→104 [0.1ms]
[2026-05-06 13:39:37] MOVE chetan (red): 14→13 [0.1ms]
[2026-05-06 13:39:37] MOVE asha (blue): 106→105 [0.2ms]
[2026-05-06 13:39:37] MOVE chetan (red): 13→26 [0.1ms]
[2026-05-06 13:39:38] MOVE asha (blue): 104→106 [0.2ms]
[2026-05-06 13:39:38] MOVE chetan (red): 26→27 [0.1ms]
[2026-05-06 13:39:38] MOVE asha (blue): 105→104 [0.2ms]
[2026-05-06 13:39:38] MOVE chetan (red): 27→14 [0.2ms]
[2026-05-06 13:39:38] MOVE asha (blue): 106→93 [0.1ms]
[2026-05-06 13:39:38] MOVE chetan (red): 14→15 [0.1ms]
[2026-05-06 13:39:39] MOVE asha (blue): 104→103 [0.1ms]
[2026-05-06 13:39:39] MOVE chetan (red): 15→16 [0.1ms]
[2026-05-06 13:39:39] MOVE asha (blue): 93→92 [0.2ms]
[2026-05-06 13:39:39] MOVE chetan (red): 16→17 [0.1ms]
[2026-05-06 13:39:39] MOVE asha (blue): 103→102 [0.2ms]
[2026-05-06 13:39:39] MOVE chetan (red): 17→18 [0.2ms]
[2026-05-06 13:39:40] MOVE asha (blue): 92→105 [0.2ms]
[2026-05-06 13:39:40] MOVE chetan (red): 18→19 [0.1ms]
[2026-05-06 13:39:40] MOVE asha (blue): 102→89 [0.1ms]
[2026-05-06 13:39:40] MOVE chetan (red): 19→31 [0.1ms]
[2026-05-06 13:39:40] MOVE asha (blue): 105→104 [0.1ms]
[2026-05-06 13:39:40] MOVE chetan (red): 31→30 [0.1ms]
[2026-05-06 13:39:41] MOVE asha (blue): 89→90 [0.1ms]
[2026-05-06 13:39:41] MOVE chetan (red): 30→29 [0.1ms]
[2026-05-06 13:39:41] MOVE asha (blue): 104→103 [0.2ms]
[2026-05-06 13:39:41] MOVE chetan (red): 29→28 [0.1ms]
[2026-05-06 13:39:41] MOVE asha (blue): 90→91 [0.2ms]
[2026-05-06 13:39:41] MOVE chetan (red): 28→15 [0.2ms]
[2026-05-06 13:39:42] MOVE asha (blue): 103→102 [0.1ms]
[2026-05-06 13:39:42] MOVE chetan (red): 15→14 [0.3ms]
[2026-05-06 13:39:42] MOVE asha (blue): 91→103 [0.2ms]
[2026-05-06 13:39:42] MOVE chetan (red): 14→13 [0.1ms]
[2026-05-06 13:39:42] MOVE asha (blue): 102→89 [0.2ms]
[2026-05-06 13:39:43] MOVE chetan (red): 13→26 [0.1ms]
[2026-05-06 13:39:43] MOVE asha (blue): 103→102 [0.1ms]
[2026-05-06 13:39:43] MOVE chetan (red): 26→27 [0.2ms]
[2026-05-06 13:39:43] MOVE asha (blue): 89→90 [0.1ms]
[2026-05-06 13:39:44] MOVE chetan (red): 27→14 [0.2ms]
[2026-05-06 13:39:44] MOVE asha (blue): 102→89 [0.1ms]
[2026-05-06 13:39:44] MOVE chetan (red): 14→15 [0.1ms]
[2026-05-06 13:39:44] MOVE asha (blue): 90→91 [0.1ms]
[2026-05-06 13:39:44] MOVE chetan (red): 15→16 [0.2ms]
[2026-05-06 13:39:45] MOVE asha (blue): 89→90 [0.1ms]
[2026-05-06 13:39:45] MOVE chetan (red): 16→17 [0.1ms]
[2026-05-06 13:39:45] MOVE asha (blue): 91→103 [0.1ms]
[2026-05-06 13:39:45] MOVE chetan (red): 17→18 [0.9ms]
[2026-05-06 13:39:45] MOVE asha (blue): 90→91 [0.1ms]
[2026-05-06 13:39:46] MOVE chetan (red): 18→19 [0.5ms]
[2026-05-06 13:39:46] MOVE asha (blue): 103→102 [0.1ms]
[2026-05-06 13:39:46] MOVE chetan (red): 19→31 [0.1ms]
[2026-05-06 13:39:46] MOVE asha (blue): 91→103 [0.4ms]
[2026-05-06 13:39:46] MOVE chetan (red): 31→30 [0.1ms]
[2026-05-06 13:39:46] MOVE asha (blue): 102→104 [0.1ms]
[2026-05-06 13:39:47] MOVE chetan (red): 30→29 [0.1ms]
[2026-05-06 13:39:47] MOVE asha (blue): 103→105 [0.1ms]
[2026-05-06 13:39:47] MOVE chetan (red): 29→28 [0.1ms]
[2026-05-06 13:39:47] MOVE asha (blue): 104→106 [0.1ms]
[2026-05-06 13:39:48] MOVE chetan (red): 28→15 [0.2ms]
[2026-05-06 13:39:48] MOVE asha (blue): 105→104 [0.1ms]
[2026-05-06 13:39:48] MOVE chetan (red): 15→14 [0.1ms]
[2026-05-06 13:39:48] MOVE asha (blue): 106→105 [0.1ms]
[2026-05-06 13:39:49] MOVE chetan (red): 14→13 [0.1ms]
[2026-05-06 13:39:49] MOVE asha (blue): 104→106 [0.1ms]
[2026-05-06 13:39:49] MOVE chetan (red): 13→26 [0.2ms]
[2026-05-06 13:39:49] MOVE asha (blue): 105→107 [0.2ms]
[2026-05-06 13:39:50] MOVE chetan (red): 26→27 [0.1ms]
[2026-05-06 13:39:50] MOVE asha (blue): 106→93 [0.2ms]
[2026-05-06 13:39:50] MOVE chetan (red): 27→14 [0.1ms]
[2026-05-06 13:39:50] MOVE asha (blue): 107→94 [0.2ms]
[2026-05-06 13:39:51] MOVE chetan (red): 14→15 [0.1ms]
[2026-05-06 13:39:51] MOVE asha (blue): 93→92 [0.3ms]
[2026-05-06 13:39:51] MOVE chetan (red): 15→16 [0.4ms]
[2026-05-06 13:39:51] MOVE asha (blue): 94→93 [0.2ms]
[2026-05-06 13:39:52] MOVE chetan (red): 16→17 [0.6ms]
[2026-05-06 13:39:52] MOVE asha (blue): 92→105 [0.1ms]
[2026-05-06 13:39:52] MOVE chetan (red): 17→18 [0.2ms]
[2026-05-06 13:39:52] MOVE asha (blue): 93→106 [0.1ms]
[2026-05-06 13:39:52] MOVE chetan (red): 18→19 [0.1ms]
[2026-05-06 13:39:52] MOVE asha (blue): 105→104 [0.2ms]
[2026-05-06 13:39:53] MOVE chetan (red): 19→31 [0.2ms]
[2026-05-06 13:39:53] MOVE asha (blue): 106→105 [0.1ms]
[2026-05-06 13:39:53] MOVE chetan (red): 31→30 [0.1ms]
[2026-05-06 13:39:53] MOVE asha (blue): 104→106 [0.1ms]
[2026-05-06 13:39:54] MOVE chetan (red): 30→29 [0.1ms]
[2026-05-06 13:39:54] MOVE asha (blue): 105→104 [0.2ms]
[2026-05-06 13:39:54] MOVE chetan (red): 29→28 [0.3ms]
[2026-05-06 13:39:54] MOVE asha (blue): 106→93 [0.1ms]
[2026-05-06 13:39:55] MOVE chetan (red): 28→15 [0.1ms]
[2026-05-06 13:39:55] MOVE asha (blue): 104→103 [0.1ms]
[2026-05-06 13:39:55] MOVE chetan (red): 15→14 [0.1ms]
[2026-05-06 13:39:55] MOVE asha (blue): 93→92 [3.9ms]
[2026-05-06 13:39:55] MOVE chetan (red): 14→13 [0.1ms]
[2026-05-06 13:39:55] MOVE asha (blue): 103→102 [0.1ms]
[2026-05-06 13:39:56] MOVE chetan (red): 13→26 [0.1ms]
[2026-05-06 13:39:56] MOVE asha (blue): 92→105 [0.1ms]
[2026-05-06 13:39:56] MOVE chetan (red): 26→27 [0.1ms]
[2026-05-06 13:39:56] MOVE asha (blue): 102→89 [0.1ms]
[2026-05-06 13:39:56] MOVE chetan (red): 27→14 [0.2ms]
[2026-05-06 13:39:56] MOVE asha (blue): 105→104 [0.2ms]
[2026-05-06 13:39:57] MOVE chetan (red): 14→15 [0.2ms]
[2026-05-06 13:39:57] MOVE asha (blue): 89→90 [0.1ms]
[2026-05-06 13:39:57] MOVE chetan (red): 15→16 [0.1ms]
[2026-05-06 13:39:57] MOVE asha (blue): 104→103 [0.5ms]
[2026-05-06 13:39:57] MOVE chetan (red): 16→17 [0.1ms]
[2026-05-06 13:39:57] MOVE asha (blue): 90→91 [0.1ms]
[2026-05-06 13:39:58] MOVE chetan (red): 17→18 [0.1ms]
[2026-05-06 13:39:58] MOVE asha (blue): 103→102 [0.3ms]
[2026-05-06 13:39:58] MOVE chetan (red): 18→19 [2.1ms]
[2026-05-06 13:39:58] MOVE asha (blue): 91→103 [0.1ms]
[2026-05-06 13:39:58] MOVE chetan (red): 19→31 [6.5ms]
[2026-05-06 13:39:59] MOVE asha (blue): 102→89 [0.2ms]
[2026-05-06 13:39:59] MOVE chetan (red): 31→30 [4.8ms]
[2026-05-06 13:39:59] MOVE asha (blue): 103→102 [0.1ms]
[2026-05-06 13:39:59] MOVE chetan (red): 30→29 [0.4ms]
[2026-05-06 13:39:59] MOVE asha (blue): 89→90 [4.8ms]
[2026-05-06 13:39:59] MOVE chetan (red): 29→28 [0.2ms]
[2026-05-06 13:40:00] MOVE asha (blue): 102→89 [2.2ms]
[2026-05-06 13:40:00] MOVE chetan (red): 28→15 [0.2ms]
[2026-05-06 13:40:00] MOVE asha (blue): 90→91 [0.1ms]
[2026-05-06 13:40:00] MOVE chetan (red): 15→14 [0.1ms]
[2026-05-06 13:40:00] MOVE asha (blue): 89→90 [0.2ms]
[2026-05-06 13:40:00] MOVE chetan (red): 14→13 [0.4ms]
[2026-05-06 13:40:01] MOVE asha (blue): 91→103 [0.4ms]
[2026-05-06 13:40:01] MOVE chetan (red): 13→26 [0.1ms]
[2026-05-06 13:40:01] MOVE asha (blue): 90→91 [0.1ms]
[2026-05-06 13:40:01] MOVE chetan (red): 26→27 [0.1ms]
[2026-05-06 13:40:01] MOVE asha (blue): 103→102 [0.1ms]
[2026-05-06 13:40:01] MOVE chetan (red): 27→14 [0.1ms]
[2026-05-06 13:40:02] MOVE asha (blue): 91→103 [0.2ms]
[2026-05-06 13:40:02] MOVE chetan (red): 14→15 [0.1ms]
[2026-05-06 13:40:02] MOVE asha (blue): 102→104 [0.1ms]
[2026-05-06 13:40:02] MOVE chetan (red): 15→16 [0.1ms]
[2026-05-06 13:40:02] MOVE asha (blue): 103→105 [0.1ms]
[2026-05-06 13:40:02] MOVE chetan (red): 16→17 [0.1ms]
[2026-05-06 13:40:03] MOVE asha (blue): 104→106 [0.2ms]
[2026-05-06 13:40:03] MOVE chetan (red): 17→18 [0.1ms]
[2026-05-06 13:40:03] MOVE asha (blue): 105→104 [0.1ms]
[2026-05-06 13:40:03] MOVE chetan (red): 18→19 [0.1ms]
[2026-05-06 13:40:03] MOVE asha (blue): 106→105 [0.1ms]
[2026-05-06 13:40:03] MOVE chetan (red): 19→31 [5.2ms]
[2026-05-06 13:40:03] MOVE asha (blue): 104→106 [0.2ms]
[2026-05-06 13:40:04] MOVE chetan (red): 31→30 [0.1ms]
[2026-05-06 13:40:04] MOVE asha (blue): 105→107 [0.1ms]
[2026-05-06 13:40:04] MOVE chetan (red): 30→29 [0.1ms]
[2026-05-06 13:40:04] MOVE asha (blue): 106→93 [0.1ms]
[2026-05-06 13:40:04] MOVE chetan (red): 29→28 [0.3ms]
[2026-05-06 13:40:04] MOVE asha (blue): 107→94 [0.1ms]
[2026-05-06 13:40:05] MOVE chetan (red): 28→15 [0.1ms]
[2026-05-06 13:40:05] MOVE asha (blue): 93→92 [0.1ms]
[2026-05-06 13:40:05] MOVE chetan (red): 15→14 [0.1ms]
[2026-05-06 13:40:05] MOVE asha (blue): 94→93 [0.3ms]
[2026-05-06 13:40:05] MOVE chetan (red): 14→13 [0.1ms]
[2026-05-06 13:40:05] MOVE asha (blue): 92→105 [0.2ms]
[2026-05-06 13:40:06] MOVE chetan (red): 13→26 [0.1ms]
[2026-05-06 13:40:06] MOVE asha (blue): 93→106 [0.1ms]
[2026-05-06 13:40:06] MOVE chetan (red): 26→27 [0.1ms]
[2026-05-06 13:40:06] MOVE asha (blue): 105→104 [0.1ms]
[2026-05-06 13:40:06] MOVE chetan (red): 27→14 [0.1ms]
[2026-05-06 13:40:06] MOVE asha (blue): 106→105 [0.1ms]
[2026-05-06 13:40:07] MOVE chetan (red): 14→15 [0.1ms]
[2026-05-06 13:40:07] MOVE asha (blue): 104→106 [0.1ms]
[2026-05-06 13:40:07] MOVE chetan (red): 15→16 [0.2ms]
[2026-05-06 13:40:07] MOVE asha (blue): 105→104 [0.1ms]
[2026-05-06 13:40:07] MOVE chetan (red): 16→17 [0.1ms]
[2026-05-06 13:40:07] MOVE asha (blue): 106→93 [0.1ms]
[2026-05-06 13:40:07] MOVE chetan (red): 17→18 [0.1ms]
[2026-05-06 13:40:08] MOVE asha (blue): 104→103 [0.1ms]
[2026-05-06 13:40:08] MOVE chetan (red): 18→19 [0.1ms]
[2026-05-06 13:40:08] MOVE asha (blue): 93→92 [0.1ms]
[2026-05-06 13:40:08] MOVE chetan (red): 19→31 [0.1ms]
[2026-05-06 13:40:08] MOVE asha (blue): 103→102 [0.1ms]
[2026-05-06 13:40:08] MOVE chetan (red): 31→30 [0.1ms]
[2026-05-06 13:40:09] MOVE asha (blue): 92→105 [0.1ms]
[2026-05-06 13:40:09] MOVE chetan (red): 30→29 [0.2ms]
[2026-05-06 13:40:09] MOVE asha (blue): 102→89 [0.2ms]
[2026-05-06 13:40:09] MOVE chetan (red): 29→28 [0.1ms]
[2026-05-06 13:40:09] MOVE asha (blue): 105→104 [0.1ms]
[2026-05-06 13:40:09] MOVE chetan (red): 28→15 [0.1ms]
[2026-05-06 13:40:10] MOVE asha (blue): 89→90 [0.1ms]
[2026-05-06 13:40:10] MOVE chetan (red): 15→14 [0.2ms]
[2026-05-06 13:40:10] MOVE asha (blue): 104→103 [0.1ms]
[2026-05-06 13:40:10] MOVE chetan (red): 14→13 [0.1ms]
[2026-05-06 13:40:10] MOVE asha (blue): 90→91 [0.2ms]
[2026-05-06 13:40:10] MOVE chetan (red): 13→26 [0.1ms]
[2026-05-06 13:40:11] MOVE asha (blue): 103→102 [0.2ms]
[2026-05-06 13:40:11] MOVE chetan (red): 26→27 [0.1ms]
[2026-05-06 13:40:11] MOVE asha (blue): 91→103 [0.1ms]
[2026-05-06 13:40:11] MOVE chetan (red): 27→14 [0.2ms]
[2026-05-06 13:40:11] MOVE asha (blue): 102→89 [0.2ms]
[2026-05-06 13:40:11] MOVE chetan (red): 14→15 [0.1ms]
[2026-05-06 13:40:12] MOVE asha (blue): 103→102 [0.1ms]
[2026-05-06 13:40:12] MOVE chetan (red): 15→16 [0.2ms]
[2026-05-06 13:40:12] MOVE asha (blue): 89→90 [0.6ms]
[2026-05-06 13:40:12] MOVE chetan (red): 16→17 [0.1ms]
[2026-05-06 13:40:12] MOVE asha (blue): 102→89 [0.2ms]
[2026-05-06 13:40:12] MOVE chetan (red): 17→18 [0.2ms]
[2026-05-06 13:40:13] MOVE asha (blue): 90→91 [0.1ms]
[2026-05-06 13:40:13] MOVE chetan (red): 18→19 [0.2ms]
[2026-05-06 13:40:13] MOVE asha (blue): 89→90 [0.1ms]
[2026-05-06 13:40:13] MOVE chetan (red): 19→31 [0.1ms]
[2026-05-06 13:40:13] MOVE asha (blue): 91→103 [0.1ms]
[2026-05-06 13:40:13] MOVE chetan (red): 31→30 [0.1ms]
[2026-05-06 13:40:14] MOVE asha (blue): 90→91 [0.2ms]
[2026-05-06 13:40:14] MOVE chetan (red): 30→29 [0.2ms]
[2026-05-06 13:40:14] MOVE asha (blue): 103→102 [0.2ms]
[2026-05-06 13:40:14] MOVE chetan (red): 29→28 [0.1ms]
[2026-05-06 13:40:14] MOVE asha (blue): 91→103 [0.2ms]
[2026-05-06 13:40:14] MOVE chetan (red): 28→15 [0.1ms]
[2026-05-06 13:40:14] MOVE asha (blue): 102→104 [0.1ms]
[2026-05-06 13:40:15] MOVE chetan (red): 15→14 [0.1ms]
[2026-05-06 13:40:15] MOVE asha (blue): 103→105 [0.1ms]
[2026-05-06 13:40:15] MOVE chetan (red): 14→13 [0.1ms]
[2026-05-06 13:40:15] MOVE asha (blue): 104→106 [0.1ms]
[2026-05-06 13:40:15] MOVE chetan (red): 13→26 [0.1ms]
[2026-05-06 13:40:15] MOVE asha (blue): 105→104 [0.2ms]
[2026-05-06 13:40:16] MOVE chetan (red): 26→27 [0.1ms]
[2026-05-06 13:40:16] MOVE asha (blue): 106→105 [0.1ms]
[2026-05-06 13:40:16] MOVE chetan (red): 27→14 [0.1ms]
[2026-05-06 13:40:16] MOVE asha (blue): 104→106 [0.2ms]
[2026-05-06 13:40:16] MOVE chetan (red): 14→15 [0.1ms]
[2026-05-06 13:40:16] MOVE asha (blue): 105→107 [0.1ms]
[2026-05-06 13:40:17] MOVE chetan (red): 15→16 [0.1ms]
[2026-05-06 13:40:17] MOVE asha (blue): 106→93 [0.1ms]
[2026-05-06 13:40:17] MOVE chetan (red): 16→17 [0.2ms]
[2026-05-06 13:40:17] MOVE asha (blue): 107→94 [0.1ms]
[2026-05-06 13:40:17] MOVE chetan (red): 17→18 [0.2ms]
[2026-05-06 13:40:17] MOVE asha (blue): 93→92 [0.1ms]
[2026-05-06 13:40:18] MOVE chetan (red): 18→19 [0.1ms]
[2026-05-06 13:40:18] MOVE asha (blue): 94→93 [0.1ms]
[2026-05-06 13:40:18] MOVE chetan (red): 19→31 [0.1ms]
[2026-05-06 13:40:18] MOVE asha (blue): 92→105 [0.1ms]
[2026-05-06 13:40:18] MOVE chetan (red): 31→30 [0.1ms]
[2026-05-06 13:40:18] MOVE asha (blue): 93→106 [0.1ms]
[2026-05-06 13:40:18] MOVE chetan (red): 30→29 [0.1ms]
[2026-05-06 13:40:19] MOVE asha (blue): 105→104 [0.1ms]
[2026-05-06 13:40:19] MOVE chetan (red): 29→28 [0.2ms]
[2026-05-06 13:40:19] MOVE asha (blue): 106→105 [0.1ms]
[2026-05-06 13:40:19] MOVE chetan (red): 28→15 [0.1ms]
[2026-05-06 13:40:19] MOVE asha (blue): 104→106 [0.1ms]
[2026-05-06 13:40:19] MOVE chetan (red): 15→14 [0.1ms]
[2026-05-06 13:40:20] MOVE asha (blue): 105→104 [0.1ms]
[2026-05-06 13:40:20] MOVE chetan (red): 14→13 [0.1ms]
[2026-05-06 13:40:20] MOVE asha (blue): 106→93 [0.1ms]
[2026-05-06 13:40:20] MOVE chetan (red): 13→26 [0.2ms]
[2026-05-06 13:40:20] MOVE asha (blue): 104→103 [0.1ms]
[2026-05-06 13:40:20] MOVE chetan (red): 26→27 [0.1ms]
[2026-05-06 13:40:21] MOVE asha (blue): 93→92 [0.1ms]
[2026-05-06 13:40:21] MOVE chetan (red): 27→14 [0.1ms]
[2026-05-06 13:40:21] MOVE asha (blue): 103→102 [0.1ms]
[2026-05-06 13:40:21] MOVE chetan (red): 14→15 [0.1ms]
[2026-05-06 13:40:21] MOVE asha (blue): 92→105 [0.2ms]
[2026-05-06 13:40:21] MOVE chetan (red): 15→16 [0.2ms]
[2026-05-06 13:40:22] MOVE asha (blue): 102→89 [0.1ms]
[2026-05-06 13:40:22] MOVE chetan (red): 16→17 [0.1ms]
[2026-05-06 13:40:22] MOVE asha (blue): 105→104 [0.2ms]
[2026-05-06 13:40:22] MOVE chetan (red): 17→18 [0.1ms]
[2026-05-06 13:40:22] MOVE asha (blue): 89→90 [0.2ms]
[2026-05-06 13:40:23] MOVE chetan (red): 18→19 [0.1ms]
[2026-05-06 13:40:23] MOVE asha (blue): 104→103 [0.1ms]
[2026-05-06 13:40:23] MOVE chetan (red): 19→31 [0.1ms]
[2026-05-06 13:40:24] MOVE asha (blue): 90→91 [0.1ms]
[2026-05-06 13:40:24] MOVE chetan (red): 31→30 [0.1ms]
[2026-05-06 13:40:24] MOVE asha (blue): 103→102 [0.1ms]
[2026-05-06 13:40:25] MOVE chetan (red): 30→29 [0.1ms]
[2026-05-06 13:40:25] MOVE asha (blue): 91→103 [0.1ms]
[2026-05-06 13:40:25] MOVE chetan (red): 29→28 [0.1ms]
[2026-05-06 13:40:26] MOVE asha (blue): 102→89 [0.1ms]
[2026-05-06 13:40:26] MOVE chetan (red): 28→15 [0.2ms]
[2026-05-06 13:40:26] MOVE asha (blue): 103→102 [0.1ms]
[2026-05-06 13:40:26] MOVE chetan (red): 15→14 [0.1ms]
[2026-05-06 13:40:26] MOVE asha (blue): 89→90 [0.4ms]
[2026-05-06 13:40:27] MOVE chetan (red): 14→13 [0.1ms]
[2026-05-06 13:40:27] MOVE asha (blue): 102→89 [0.1ms]
[2026-05-06 13:40:27] MOVE chetan (red): 13→26 [0.1ms]
[2026-05-06 13:40:27] MOVE asha (blue): 90→91 [0.1ms]
[2026-05-06 13:40:28] MOVE chetan (red): 26→27 [0.2ms]
[2026-05-06 13:40:28] MOVE asha (blue): 89→90 [0.1ms]
[2026-05-06 13:40:28] MOVE chetan (red): 27→14 [0.2ms]
[2026-05-06 13:40:29] MOVE asha (blue): 91→103 [0.1ms]
[2026-05-06 13:40:29] MOVE chetan (red): 14→15 [0.2ms]
[2026-05-06 13:40:29] MOVE asha (blue): 90→91 [0.4ms]
[2026-05-06 13:40:29] MOVE chetan (red): 15→16 [0.1ms]
[2026-05-06 13:40:29] MOVE asha (blue): 103→102 [0.1ms]
[2026-05-06 13:40:29] MOVE chetan (red): 16→17 [0.1ms]
[2026-05-06 13:40:30] MOVE asha (blue): 91→103 [0.2ms]
[2026-05-06 13:40:30] MOVE chetan (red): 17→18 [0.2ms]
[2026-05-06 13:40:30] MOVE asha (blue): 102→104 [0.1ms]
[2026-05-06 13:40:30] MOVE chetan (red): 18→19 [0.2ms]
[2026-05-06 13:40:30] MOVE asha (blue): 103→105 [0.1ms]
[2026-05-06 13:40:30] MOVE chetan (red): 19→31 [0.1ms]
[2026-05-06 13:40:31] MOVE asha (blue): 104→106 [0.1ms]
[2026-05-06 13:40:31] MOVE chetan (red): 31→30 [0.1ms]
[2026-05-06 13:40:31] MOVE asha (blue): 105→104 [0.1ms]
[2026-05-06 13:40:31] MOVE chetan (red): 30→29 [0.1ms]
[2026-05-06 13:40:31] MOVE asha (blue): 106→105 [0.2ms]
[2026-05-06 13:40:31] MOVE chetan (red): 29→28 [0.1ms]
[2026-05-06 13:40:32] MOVE asha (blue): 104→106 [0.1ms]
[2026-05-06 13:40:32] MOVE chetan (red): 28→15 [0.1ms]
[2026-05-06 13:40:32] MOVE asha (blue): 105→107 [0.1ms]
[2026-05-06 13:40:32] MOVE chetan (red): 15→14 [0.1ms]
[2026-05-06 13:40:32] MOVE asha (blue): 106→93 [0.1ms]
[2026-05-06 13:40:32] MOVE chetan (red): 14→13 [0.1ms]
[2026-05-06 13:40:33] MOVE asha (blue): 107→94 [0.1ms]
[2026-05-06 13:40:33] MOVE chetan (red): 13→26 [0.1ms]
[2026-05-06 13:40:33] MOVE asha (blue): 93→92 [0.1ms]
[2026-05-06 13:40:33] MOVE chetan (red): 26→27 [0.1ms]
[2026-05-06 13:40:33] MOVE asha (blue): 94→93 [0.1ms]
[2026-05-06 13:40:33] MOVE chetan (red): 27→14 [0.1ms]
[2026-05-06 13:40:34] MOVE asha (blue): 92→105 [0.3ms]
[2026-05-06 13:40:34] MOVE chetan (red): 14→15 [0.1ms]
[2026-05-06 13:40:34] MOVE asha (blue): 93→106 [0.1ms]
[2026-05-06 13:40:34] MOVE chetan (red): 15→16 [0.1ms]
[2026-05-06 13:40:34] MOVE asha (blue): 105→104 [0.3ms]
[2026-05-06 13:40:34] MOVE chetan (red): 16→17 [0.1ms]
[2026-05-06 13:40:35] MOVE asha (blue): 106→105 [0.1ms]
[2026-05-06 13:40:35] MOVE chetan (red): 17→18 [0.1ms]
[2026-05-06 13:40:35] MOVE asha (blue): 104→106 [0.1ms]
[2026-05-06 13:40:35] MOVE chetan (red): 18→19 [0.2ms]
[2026-05-06 13:40:35] MOVE asha (blue): 105→104 [0.1ms]
[2026-05-06 13:40:35] MOVE chetan (red): 19→31 [0.3ms]
[2026-05-06 13:40:36] MOVE asha (blue): 106→93 [0.2ms]
[2026-05-06 13:40:36] MOVE chetan (red): 31→30 [0.1ms]
[2026-05-06 13:40:36] MOVE asha (blue): 104→103 [0.1ms]
[2026-05-06 13:40:36] MOVE chetan (red): 30→29 [0.1ms]
[2026-05-06 13:40:36] MOVE asha (blue): 93→92 [0.1ms]
[2026-05-06 13:40:36] MOVE chetan (red): 29→28 [0.1ms]
[2026-05-06 13:40:36] MOVE asha (blue): 103→102 [0.1ms]
[2026-05-06 13:40:37] MOVE chetan (red): 28→15 [0.1ms]
[2026-05-06 13:40:37] MOVE asha (blue): 92→105 [0.1ms]
[2026-05-06 13:40:37] MOVE chetan (red): 15→14 [0.2ms]
[2026-05-06 13:40:37] MOVE asha (blue): 102→89 [0.1ms]
[2026-05-06 13:40:37] MOVE chetan (red): 14→13 [0.1ms]
[2026-05-06 13:40:37] MOVE asha (blue): 105→104 [0.1ms]
[2026-05-06 13:40:37] MOVE chetan (red): 13→26 [0.1ms]
[2026-05-06 13:40:38] MOVE asha (blue): 89→90 [0.1ms]
[2026-05-06 13:40:38] MOVE chetan (red): 26→27 [0.2ms]
[2026-05-06 13:40:38] MOVE asha (blue): 104→103 [0.1ms]
[2026-05-06 13:40:38] MOVE chetan (red): 27→14 [0.1ms]
[2026-05-06 13:40:38] MOVE asha (blue): 90→91 [0.1ms]
[2026-05-06 13:40:38] MOVE chetan (red): 14→15 [0.1ms]
[2026-05-06 13:40:39] MOVE asha (blue): 103→102 [0.1ms]
[2026-05-06 13:40:39] MOVE chetan (red): 15→16 [0.1ms]
[2026-05-06 13:40:39] MOVE asha (blue): 91→103 [0.1ms]
[2026-05-06 13:40:39] MOVE chetan (red): 16→17 [0.1ms]
[2026-05-06 13:40:39] MOVE asha (blue): 102→89 [0.1ms]
[2026-05-06 13:40:39] MOVE chetan (red): 17→18 [0.1ms]
[2026-05-06 13:40:40] MOVE asha (blue): 103→102 [0.1ms]
[2026-05-06 13:40:40] MOVE chetan (red): 18→19 [0.1ms]
[2026-05-06 13:40:40] MOVE asha (blue): 89→90 [0.1ms]
[2026-05-06 13:40:40] MOVE chetan (red): 19→31 [0.2ms]
[2026-05-06 13:40:40] MOVE asha (blue): 102→89 [0.3ms]
[2026-05-06 13:40:40] MOVE chetan (red): 31→30 [0.1ms]
[2026-05-06 13:40:41] MOVE asha (blue): 90→91 [0.1ms]
[2026-05-06 13:40:41] MOVE chetan (red): 30→29 [0.1ms]
[2026-05-06 13:40:41] MOVE asha (blue): 89→90 [0.3ms]
[2026-05-06 13:40:41] MOVE chetan (red): 29→28 [0.1ms]
[2026-05-06 13:40:41] MOVE asha (blue): 91→103 [0.1ms]
[2026-05-06 13:40:42] MOVE chetan (red): 28→15 [0.2ms]
[2026-05-06 13:40:42] MOVE asha (blue): 90→91 [0.1ms]
[2026-05-06 13:40:42] MOVE chetan (red): 15→14 [0.1ms]
[2026-05-06 13:40:42] MOVE asha (blue): 103→102 [0.1ms]
[2026-05-06 13:40:42] MOVE chetan (red): 14→13 [0.1ms]
[2026-05-06 13:40:42] MOVE asha (blue): 91→103 [0.1ms]
[2026-05-06 13:40:43] MOVE chetan (red): 13→26 [0.2ms]
[2026-05-06 13:40:43] MOVE asha (blue): 102→104 [0.1ms]
[2026-05-06 13:40:43] MOVE chetan (red): 26→27 [0.1ms]
[2026-05-06 13:40:43] MOVE asha (blue): 103→105 [0.1ms]
[2026-05-06 13:40:43] MOVE chetan (red): 27→14 [0.1ms]
[2026-05-06 13:40:44] MOVE asha (blue): 104→106 [0.1ms]
[2026-05-06 13:40:44] MOVE chetan (red): 14→15 [0.1ms]
[2026-05-06 13:40:44] MOVE asha (blue): 105→104 [0.1ms]
[2026-05-06 13:40:44] MOVE chetan (red): 15→16 [0.2ms]
[2026-05-06 13:40:44] MOVE asha (blue): 106→105 [0.1ms]
[2026-05-06 13:40:44] MOVE chetan (red): 16→17 [0.1ms]
[2026-05-06 13:40:45] MOVE asha (blue): 104→106 [0.1ms]
[2026-05-06 13:40:45] MOVE chetan (red): 17→18 [0.1ms]
[2026-05-06 13:40:45] MOVE asha (blue): 105→107 [0.2ms]
[2026-05-06 13:40:45] MOVE chetan (red): 18→19 [0.1ms]
[2026-05-06 13:40:46] MOVE asha (blue): 106→93 [0.1ms]
[2026-05-06 13:40:46] MOVE chetan (red): 19→31 [0.1ms]
[2026-05-06 13:40:46] MOVE asha (blue): 107→94 [0.1ms]
[2026-05-06 13:40:46] MOVE chetan (red): 31→30 [0.1ms]
[2026-05-06 13:40:46] MOVE asha (blue): 93→92 [0.1ms]
[2026-05-06 13:40:46] MOVE chetan (red): 30→29 [0.2ms]
[2026-05-06 13:40:47] MOVE asha (blue): 94→93 [0.2ms]
[2026-05-06 13:40:47] MOVE chetan (red): 29→28 [0.2ms]
[2026-05-06 13:40:47] MOVE asha (blue): 92→105 [0.1ms]
[2026-05-06 13:40:47] MOVE chetan (red): 28→15 [0.1ms]
[2026-05-06 13:40:47] MOVE asha (blue): 93→106 [0.1ms]
[2026-05-06 13:40:47] MOVE chetan (red): 15→14 [0.1ms]
[2026-05-06 13:40:48] MOVE asha (blue): 105→104 [0.1ms]
[2026-05-06 13:40:48] MOVE chetan (red): 14→13 [0.1ms]
[2026-05-06 13:40:48] MOVE asha (blue): 106→105 [0.1ms]
[2026-05-06 13:40:48] MOVE chetan (red): 13→26 [0.1ms]
[2026-05-06 13:40:48] MOVE asha (blue): 104→106 [0.1ms]
[2026-05-06 13:40:48] MOVE chetan (red): 26→27 [0.1ms]
[2026-05-06 13:40:49] MOVE asha (blue): 105→104 [0.1ms]
[2026-05-06 13:40:49] MOVE chetan (red): 27→14 [0.2ms]
[2026-05-06 13:40:49] MOVE asha (blue): 106→93 [0.1ms]
[2026-05-06 13:40:49] MOVE chetan (red): 14→15 [0.1ms]
[2026-05-06 13:40:49] MOVE asha (blue): 104→103 [0.3ms]
[2026-05-06 13:40:49] MOVE chetan (red): 15→16 [0.1ms]
[2026-05-06 13:40:50] MOVE asha (blue): 93→92 [0.1ms]
[2026-05-06 13:40:50] MOVE chetan (red): 16→17 [0.1ms]
[2026-05-06 13:40:50] MOVE asha (blue): 103→102 [0.1ms]
[2026-05-06 13:40:50] MOVE chetan (red): 17→18 [0.1ms]
[2026-05-06 13:40:51] MOVE asha (blue): 92→105 [0.2ms]
[2026-05-06 13:40:51] MOVE chetan (red): 18→19 [0.1ms]
[2026-05-06 13:40:51] MOVE asha (blue): 102→89 [0.1ms]
[2026-05-06 13:40:51] MOVE chetan (red): 19→31 [0.1ms]
[2026-05-06 13:40:52] MOVE asha (blue): 105→104 [0.2ms]
[2026-05-06 13:40:52] MOVE chetan (red): 31→30 [0.1ms]
[2026-05-06 13:40:52] MOVE asha (blue): 89→90 [0.1ms]
[2026-05-06 13:40:52] MOVE chetan (red): 30→29 [0.2ms]
[2026-05-06 13:40:52] MOVE asha (blue): 104→103 [0.2ms]
[2026-05-06 13:40:52] MOVE chetan (red): 29→28 [0.1ms]
[2026-05-06 13:40:53] MOVE asha (blue): 90→91 [0.1ms]
[2026-05-06 13:40:53] MOVE chetan (red): 28→15 [0.1ms]
[2026-05-06 13:40:53] MOVE asha (blue): 103→102 [0.1ms]
[2026-05-06 13:40:53] MOVE chetan (red): 15→14 [0.2ms]
[2026-05-06 13:40:53] MOVE asha (blue): 91→103 [0.1ms]
[2026-05-06 13:40:53] MOVE chetan (red): 14→13 [0.2ms]
[2026-05-06 13:40:54] MOVE asha (blue): 102→89 [0.1ms]
[2026-05-06 13:40:54] MOVE chetan (red): 13→26 [0.1ms]
[2026-05-06 13:40:54] MOVE asha (blue): 103→102 [0.1ms]
[2026-05-06 13:40:54] MOVE chetan (red): 26→27 [0.1ms]
[2026-05-06 13:40:54] MOVE asha (blue): 89→90 [0.1ms]
[2026-05-06 13:40:55] MOVE chetan (red): 27→14 [0.1ms]
[2026-05-06 13:40:55] MOVE asha (blue): 102→89 [0.2ms]
[2026-05-06 13:40:55] MOVE chetan (red): 14→15 [0.1ms]
[2026-05-06 13:40:55] MOVE asha (blue): 90→91 [0.1ms]
[2026-05-06 13:40:55] MOVE chetan (red): 15→16 [0.2ms]
[2026-05-06 13:40:55] MOVE asha (blue): 89→90 [0.1ms]
[2026-05-06 13:40:55] MOVE chetan (red): 16→17 [0.1ms]
[2026-05-06 13:40:56] MOVE asha (blue): 91→103 [0.2ms]
[2026-05-06 13:40:56] MOVE chetan (red): 17→18 [0.2ms]
[2026-05-06 13:40:56] MOVE asha (blue): 90→91 [0.5ms]
[2026-05-06 13:40:56] MOVE chetan (red): 18→19 [0.1ms]
[2026-05-06 13:40:56] MOVE asha (blue): 103→102 [0.3ms]
[2026-05-06 13:40:57] MOVE chetan (red): 19→31 [0.2ms]
[2026-05-06 13:40:57] MOVE asha (blue): 91→103 [0.2ms]
[2026-05-06 13:40:57] MOVE chetan (red): 31→30 [0.1ms]
[2026-05-06 13:40:57] MOVE asha (blue): 102→104 [0.1ms]
[2026-05-06 13:40:57] MOVE chetan (red): 30→29 [0.2ms]
[2026-05-06 13:40:57] MOVE asha (blue): 103→105 [0.1ms]
[2026-05-06 13:40:57] MOVE chetan (red): 29→28 [0.1ms]
[2026-05-06 13:40:58] MOVE asha (blue): 104→106 [0.1ms]
[2026-05-06 13:40:58] MOVE chetan (red): 28→15 [0.1ms]
[2026-05-06 13:40:58] MOVE asha (blue): 105→104 [0.1ms]
[2026-05-06 13:40:58] MOVE chetan (red): 15→14 [0.2ms]
[2026-05-06 13:40:58] MOVE asha (blue): 106→105 [0.1ms]
[2026-05-06 13:40:59] MOVE chetan (red): 14→13 [0.3ms]
[2026-05-06 13:40:59] MOVE asha (blue): 104→106 [0.1ms]
[2026-05-06 13:40:59] MOVE chetan (red): 13→26 [0.2ms]
[2026-05-06 13:40:59] MOVE asha (blue): 105→107 [0.1ms]
[2026-05-06 13:40:59] MOVE chetan (red): 26→27 [0.2ms]
[2026-05-06 13:40:59] MOVE asha (blue): 106→93 [0.1ms]
[2026-05-06 13:40:59] MOVE chetan (red): 27→14 [0.1ms]
[2026-05-06 13:41:00] MOVE asha (blue): 107→94 [0.2ms]
[2026-05-06 13:41:00] MOVE chetan (red): 14→15 [0.2ms]
[2026-05-06 13:41:00] MOVE asha (blue): 93→92 [0.1ms]
[2026-05-06 13:41:00] MOVE chetan (red): 15→16 [0.2ms]
[2026-05-06 13:41:00] MOVE asha (blue): 94→93 [0.2ms]
[2026-05-06 13:41:00] MOVE chetan (red): 16→17 [0.1ms]
[2026-05-06 13:41:01] MOVE asha (blue): 92→105 [0.2ms]
[2026-05-06 13:41:01] MOVE chetan (red): 17→18 [0.2ms]
[2026-05-06 13:41:01] MOVE asha (blue): 93→106 [0.1ms]
[2026-05-06 13:41:01] MOVE chetan (red): 18→19 [0.1ms]
[2026-05-06 13:41:01] MOVE asha (blue): 105→104 [0.2ms]
[2026-05-06 13:41:01] MOVE chetan (red): 19→31 [0.1ms]
[2026-05-06 13:41:02] MOVE asha (blue): 106→105 [0.1ms]
[2026-05-06 13:41:02] MOVE chetan (red): 31→30 [0.1ms]
[2026-05-06 13:41:02] MOVE asha (blue): 104→106 [0.1ms]
[2026-05-06 13:41:02] MOVE chetan (red): 30→29 [0.1ms]
[2026-05-06 13:41:02] MOVE asha (blue): 105→104 [0.1ms]
[2026-05-06 13:41:02] MOVE chetan (red): 29→28 [0.2ms]
[2026-05-06 13:41:03] MOVE asha (blue): 106→93 [0.2ms]
[2026-05-06 13:41:03] MOVE chetan (red): 28→15 [0.1ms]
[2026-05-06 13:41:03] MOVE asha (blue): 104→103 [0.1ms]
[2026-05-06 13:41:03] MOVE chetan (red): 15→14 [0.1ms]
[2026-05-06 13:41:03] MOVE asha (blue): 93→92 [0.1ms]
[2026-05-06 13:41:03] MOVE chetan (red): 14→13 [0.1ms]
[2026-05-06 13:41:04] MOVE asha (blue): 103→102 [0.1ms]
[2026-05-06 13:41:04] MOVE chetan (red): 13→26 [0.1ms]
[2026-05-06 13:41:04] MOVE asha (blue): 92→105 [0.2ms]
[2026-05-06 13:41:04] MOVE chetan (red): 26→27 [0.2ms]
[2026-05-06 13:41:05] MOVE asha (blue): 102→89 [0.8ms]
[2026-05-06 13:41:05] MOVE chetan (red): 27→14 [0.1ms]
[2026-05-06 13:41:05] MOVE asha (blue): 105→104 [0.1ms]
[2026-05-06 13:41:05] MOVE chetan (red): 14→15 [0.1ms]
[2026-05-06 13:41:05] MOVE asha (blue): 89→90 [0.2ms]
[2026-05-06 13:41:06] MOVE chetan (red): 15→16 [0.2ms]
[2026-05-06 13:41:06] MOVE asha (blue): 104→103 [0.1ms]
[2026-05-06 13:41:06] MOVE chetan (red): 16→17 [0.1ms]
[2026-05-06 13:41:06] MOVE asha (blue): 90→91 [0.1ms]
[2026-05-06 13:41:06] MOVE chetan (red): 17→18 [0.1ms]
[2026-05-06 13:41:06] MOVE asha (blue): 103→102 [0.2ms]
[2026-05-06 13:41:07] MOVE chetan (red): 18→19 [0.1ms]
[2026-05-06 13:41:07] MOVE asha (blue): 91→103 [0.1ms]
[2026-05-06 13:41:07] MOVE chetan (red): 19→31 [0.1ms]
[2026-05-06 13:41:07] MOVE asha (blue): 102→89 [0.1ms]
[2026-05-06 13:41:07] MOVE chetan (red): 31→30 [0.2ms]
[2026-05-06 13:41:07] MOVE asha (blue): 103→102 [0.2ms]
[2026-05-06 13:41:08] MOVE chetan (red): 30→29 [0.2ms]
[2026-05-06 13:41:08] MOVE asha (blue): 89→90 [0.1ms]
[2026-05-06 13:41:08] MOVE chetan (red): 29→28 [0.1ms]
[2026-05-06 13:41:08] MOVE asha (blue): 102→89 [0.1ms]
[2026-05-06 13:41:08] MOVE chetan (red): 28→15 [0.3ms]
[2026-05-06 13:41:08] MOVE asha (blue): 90→91 [0.1ms]
[2026-05-06 13:41:09] MOVE chetan (red): 15→14 [0.2ms]
[2026-05-06 13:41:09] MOVE asha (blue): 89→90 [0.1ms]
[2026-05-06 13:41:09] MOVE chetan (red): 14→13 [0.1ms]
[2026-05-06 13:41:09] MOVE asha (blue): 91→103 [0.1ms]
[2026-05-06 13:41:09] MOVE chetan (red): 13→26 [0.2ms]
[2026-05-06 13:41:09] MOVE asha (blue): 90→91 [0.2ms]
[2026-05-06 13:41:09] MOVE chetan (red): 26→27 [0.1ms]
[2026-05-06 13:41:10] MOVE asha (blue): 103→102 [0.1ms]
[2026-05-06 13:41:10] MOVE chetan (red): 27→14 [0.1ms]
[2026-05-06 13:41:10] MOVE asha (blue): 91→103 [0.1ms]
[2026-05-06 13:41:10] MOVE chetan (red): 14→15 [0.2ms]
[2026-05-06 13:41:10] MOVE asha (blue): 102→104 [0.2ms]
[2026-05-06 13:41:10] MOVE chetan (red): 15→16 [0.1ms]
[2026-05-06 13:41:11] MOVE asha (blue): 103→105 [0.1ms]
[2026-05-06 13:41:11] MOVE chetan (red): 16→17 [3.3ms]
[2026-05-06 13:41:11] MOVE asha (blue): 104→106 [0.2ms]
[2026-05-06 13:41:11] MOVE chetan (red): 17→18 [0.1ms]
[2026-05-06 13:41:11] MOVE asha (blue): 105→104 [0.1ms]
[2026-05-06 13:41:11] MOVE chetan (red): 18→19 [0.3ms]
[2026-05-06 13:41:11] MOVE asha (blue): 106→105 [0.1ms]
[2026-05-06 13:41:12] MOVE chetan (red): 19→31 [0.3ms]
[2026-05-06 13:41:12] MOVE asha (blue): 104→106 [0.1ms]
[2026-05-06 13:41:12] MOVE chetan (red): 31→30 [0.1ms]
[2026-05-06 13:41:12] MOVE asha (blue): 105→107 [0.1ms]
[2026-05-06 13:41:12] MOVE chetan (red): 30→29 [0.1ms]
[2026-05-06 13:41:12] MOVE asha (blue): 106→93 [0.1ms]
[2026-05-06 13:41:13] MOVE chetan (red): 29→28 [0.1ms]
[2026-05-06 13:41:13] MOVE asha (blue): 107→94 [0.2ms]
[2026-05-06 13:41:13] MOVE chetan (red): 28→15 [0.1ms]
[2026-05-06 13:41:13] MOVE asha (blue): 93→92 [0.1ms]
[2026-05-06 13:41:13] MOVE chetan (red): 15→14 [0.1ms]
[2026-05-06 13:41:13] MOVE asha (blue): 94→93 [0.5ms]
[2026-05-06 13:41:14] MOVE chetan (red): 14→13 [0.1ms]
[2026-05-06 13:41:14] MOVE asha (blue): 92→105 [0.2ms]
[2026-05-06 13:41:14] MOVE chetan (red): 13→26 [0.1ms]
[2026-05-06 13:41:14] MOVE asha (blue): 93→106 [0.1ms]
[2026-05-06 13:41:14] MOVE chetan (red): 26→27 [0.1ms]
[2026-05-06 13:41:14] MOVE asha (blue): 105→104 [0.1ms]
[2026-05-06 13:41:15] MOVE chetan (red): 27→14 [0.2ms]
[2026-05-06 13:41:15] MOVE asha (blue): 106→105 [0.2ms]
[2026-05-06 13:41:15] MOVE chetan (red): 14→15 [0.1ms]
[2026-05-06 13:41:15] MOVE asha (blue): 104→106 [0.1ms]
[2026-05-06 13:41:15] MOVE chetan (red): 15→16 [0.1ms]
[2026-05-06 13:41:15] MOVE asha (blue): 105→104 [0.1ms]
[2026-05-06 13:41:16] MOVE chetan (red): 16→17 [0.1ms]
[2026-05-06 13:41:16] MOVE asha (blue): 106→93 [0.2ms]
[2026-05-06 13:41:16] MOVE chetan (red): 17→18 [0.1ms]
[2026-05-06 13:41:16] MOVE asha (blue): 104→103 [0.1ms]
[2026-05-06 13:41:16] MOVE chetan (red): 18→19 [0.1ms]
[2026-05-06 13:41:16] MOVE asha (blue): 93→92 [0.1ms]
[2026-05-06 13:41:17] MOVE chetan (red): 19→31 [0.1ms]
[2026-05-06 13:41:17] MOVE asha (blue): 103→102 [0.2ms]
[2026-05-06 13:41:17] MOVE chetan (red): 31→30 [0.1ms]
[2026-05-06 13:41:17] MOVE asha (blue): 92→105 [0.1ms]
[2026-05-06 13:41:17] MOVE chetan (red): 30→29 [0.2ms]
[2026-05-06 13:41:17] MOVE asha (blue): 102→89 [0.2ms]
[2026-05-06 13:41:18] MOVE chetan (red): 29→28 [0.1ms]
[2026-05-06 13:41:18] MOVE asha (blue): 105→104 [0.2ms]
[2026-05-06 13:41:18] MOVE chetan (red): 28→15 [0.1ms]
[2026-05-06 13:41:18] MOVE asha (blue): 89→90 [0.2ms]
[2026-05-06 13:41:19] MOVE chetan (red): 15→14 [0.1ms]
[2026-05-06 13:41:19] MOVE asha (blue): 104→103 [0.1ms]
[2026-05-06 13:41:19] MOVE chetan (red): 14→13 [0.1ms]
[2026-05-06 13:41:19] MOVE asha (blue): 90→91 [0.1ms]
[2026-05-06 13:41:19] MOVE chetan (red): 13→26 [0.1ms]
[2026-05-06 13:41:19] MOVE asha (blue): 103→102 [0.1ms]
[2026-05-06 13:41:20] MOVE chetan (red): 26→27 [0.1ms]
[2026-05-06 13:41:20] MOVE asha (blue): 91→103 [0.1ms]
[2026-05-06 13:41:20] MOVE chetan (red): 27→14 [0.2ms]
[2026-05-06 13:41:20] MOVE asha (blue): 102→89 [0.1ms]
[2026-05-06 13:41:20] MOVE chetan (red): 14→15 [0.2ms]
[2026-05-06 13:41:20] MOVE asha (blue): 103→102 [0.1ms]
[2026-05-06 13:41:21] MOVE chetan (red): 15→16 [0.1ms]
[2026-05-06 13:41:21] MOVE asha (blue): 89→90 [1.9ms]
[2026-05-06 13:41:21] MOVE chetan (red): 16→17 [0.1ms]
[2026-05-06 13:41:21] MOVE asha (blue): 102→89 [0.1ms]
[2026-05-06 13:41:21] MOVE chetan (red): 17→18 [0.1ms]
[2026-05-06 13:41:21] MOVE asha (blue): 90→91 [0.1ms]
[2026-05-06 13:41:21] MOVE chetan (red): 18→19 [0.1ms]
[2026-05-06 13:41:21] MOVE asha (blue): 89→90 [0.1ms]
[2026-05-06 13:41:22] MOVE chetan (red): 19→31 [0.1ms]
[2026-05-06 13:41:22] MOVE asha (blue): 91→103 [0.1ms]
[2026-05-06 13:41:22] MOVE chetan (red): 31→30 [0.2ms]
[2026-05-06 13:41:22] MOVE asha (blue): 90→91 [0.1ms]
[2026-05-06 13:41:22] MOVE chetan (red): 30→29 [0.1ms]
[2026-05-06 13:41:23] MOVE asha (blue): 103→102 [0.3ms]
[2026-05-06 13:41:23] MOVE chetan (red): 29→28 [0.1ms]
[2026-05-06 13:41:23] MOVE asha (blue): 91→103 [0.1ms]
[2026-05-06 13:41:23] MOVE chetan (red): 28→15 [0.2ms]
[2026-05-06 13:41:23] MOVE asha (blue): 102→104 [0.1ms]
[2026-05-06 13:41:24] MOVE chetan (red): 15→14 [0.1ms]
[2026-05-06 13:41:24] MOVE asha (blue): 103→105 [0.1ms]
[2026-05-06 13:41:24] MOVE chetan (red): 14→13 [0.1ms]
[2026-05-06 13:41:24] MOVE asha (blue): 104→106 [0.1ms]
[2026-05-06 13:41:24] MOVE chetan (red): 13→26 [0.1ms]
[2026-05-06 13:41:24] MOVE asha (blue): 105→104 [0.3ms]
[2026-05-06 13:41:25] MOVE chetan (red): 26→27 [0.1ms]
[2026-05-06 13:41:25] MOVE asha (blue): 106→105 [0.2ms]
[2026-05-06 13:41:25] MOVE chetan (red): 27→14 [0.2ms]
[2026-05-06 13:41:25] MOVE asha (blue): 104→106 [0.1ms]
[2026-05-06 13:41:25] MOVE chetan (red): 14→15 [0.2ms]
[2026-05-06 13:41:25] MOVE asha (blue): 105→107 [0.2ms]
[2026-05-06 13:41:26] MOVE chetan (red): 15→16 [0.1ms]
[2026-05-06 13:41:26] MOVE asha (blue): 106→93 [0.2ms]
[2026-05-06 13:41:26] MOVE chetan (red): 16→17 [0.1ms]
[2026-05-06 13:41:26] MOVE asha (blue): 107→94 [0.2ms]
[2026-05-06 13:41:26] MOVE chetan (red): 17→18 [0.1ms]
[2026-05-06 13:41:26] MOVE asha (blue): 93→92 [0.1ms]
[2026-05-06 13:41:27] MOVE chetan (red): 18→19 [0.2ms]
[2026-05-06 13:41:27] MOVE asha (blue): 94→93 [0.1ms]
[2026-05-06 13:41:27] MOVE chetan (red): 19→31 [0.1ms]
[2026-05-06 13:41:27] MOVE asha (blue): 92→105 [0.2ms]
[2026-05-06 13:41:27] MOVE chetan (red): 31→30 [0.1ms]
[2026-05-06 13:41:27] MOVE asha (blue): 93→106 [0.2ms]
[2026-05-06 13:41:28] MOVE chetan (red): 30→29 [0.1ms]
[2026-05-06 13:41:28] MOVE asha (blue): 105→104 [0.2ms]
[2026-05-06 13:41:28] MOVE chetan (red): 29→28 [0.2ms]
[2026-05-06 13:41:28] MOVE asha (blue): 106→105 [0.1ms]
[2026-05-06 13:41:28] MOVE chetan (red): 28→15 [0.2ms]
[2026-05-06 13:41:28] MOVE asha (blue): 104→106 [0.1ms]
[2026-05-06 13:41:29] MOVE chetan (red): 15→14 [0.1ms]
[2026-05-06 13:41:29] MOVE asha (blue): 105→104 [0.1ms]
[2026-05-06 13:41:29] MOVE chetan (red): 14→13 [0.2ms]
[2026-05-06 13:41:29] MOVE asha (blue): 106→93 [0.3ms]
[2026-05-06 13:41:29] MOVE chetan (red): 13→26 [0.1ms]
[2026-05-06 13:41:29] MOVE asha (blue): 104→103 [0.1ms]
[2026-05-06 13:41:29] MOVE chetan (red): 26→27 [0.1ms]
[2026-05-06 13:41:30] MOVE asha (blue): 93→92 [0.2ms]
[2026-05-06 13:41:30] MOVE chetan (red): 27→14 [0.1ms]
[2026-05-06 13:41:30] MOVE asha (blue): 103→102 [0.1ms]
[2026-05-06 13:41:30] MOVE chetan (red): 14→15 [0.2ms]
[2026-05-06 13:41:30] MOVE asha (blue): 92→105 [0.1ms]
[2026-05-06 13:41:30] MOVE chetan (red): 15→16 [0.1ms]
[2026-05-06 13:41:31] MOVE asha (blue): 102→89 [0.2ms]
[2026-05-06 13:41:31] MOVE chetan (red): 16→17 [0.1ms]
[2026-05-06 13:41:31] MOVE asha (blue): 105→104 [0.1ms]
[2026-05-06 13:41:31] MOVE chetan (red): 17→18 [0.1ms]
[2026-05-06 13:41:31] MOVE asha (blue): 89→90 [0.2ms]
[2026-05-06 13:41:31] MOVE chetan (red): 18→19 [0.1ms]
[2026-05-06 13:41:32] MOVE asha (blue): 104→103 [0.2ms]
[2026-05-06 13:41:32] MOVE chetan (red): 19→31 [0.1ms]
[2026-05-06 13:41:32] MOVE asha (blue): 90→91 [0.1ms]
[2026-05-06 13:41:32] MOVE chetan (red): 31→30 [0.1ms]
[2026-05-06 13:41:32] MOVE asha (blue): 103→102 [0.1ms]
[2026-05-06 13:41:32] MOVE chetan (red): 30→29 [0.1ms]
[2026-05-06 13:41:33] MOVE asha (blue): 91→103 [0.1ms]
[2026-05-06 13:41:33] MOVE chetan (red): 29→28 [0.2ms]
[2026-05-06 13:41:33] MOVE asha (blue): 102→89 [0.2ms]
[2026-05-06 13:41:33] MOVE chetan (red): 28→15 [0.1ms]
[2026-05-06 13:41:33] MOVE asha (blue): 103→102 [0.3ms]
[2026-05-06 13:41:33] MOVE chetan (red): 15→14 [0.2ms]
[2026-05-06 13:41:34] MOVE asha (blue): 89→90 [0.1ms]
[2026-05-06 13:41:34] MOVE chetan (red): 14→13 [0.1ms]
[2026-05-06 13:41:34] MOVE asha (blue): 102→89 [0.1ms]
[2026-05-06 13:41:34] MOVE chetan (red): 13→26 [0.1ms]
[2026-05-06 13:41:34] MOVE asha (blue): 90→91 [0.1ms]
[2026-05-06 13:41:34] MOVE chetan (red): 26→27 [0.1ms]
[2026-05-06 13:41:35] MOVE asha (blue): 89→90 [0.2ms]
[2026-05-06 13:41:35] MOVE chetan (red): 27→14 [0.1ms]
[2026-05-06 13:41:35] MOVE asha (blue): 91→103 [0.1ms]
[2026-05-06 13:41:35] MOVE chetan (red): 14→15 [0.1ms]
[2026-05-06 13:41:35] MOVE asha (blue): 90→91 [0.2ms]
[2026-05-06 13:41:35] MOVE chetan (red): 15→16 [0.1ms]
[2026-05-06 13:41:36] MOVE asha (blue): 103→102 [0.2ms]
[2026-05-06 13:41:36] MOVE chetan (red): 16→17 [0.1ms]
[2026-05-06 13:41:36] MOVE asha (blue): 91→103 [0.1ms]
[2026-05-06 13:41:36] MOVE chetan (red): 17→18 [0.1ms]
[2026-05-06 13:41:36] MOVE asha (blue): 102→104 [0.1ms]
[2026-05-06 13:41:36] MOVE chetan (red): 18→19 [0.1ms]
[2026-05-06 13:41:37] MOVE asha (blue): 103→105 [0.1ms]
[2026-05-06 13:41:37] MOVE chetan (red): 19→31 [0.1ms]
[2026-05-06 13:41:37] MOVE asha (blue): 104→106 [0.2ms]
[2026-05-06 13:41:37] MOVE chetan (red): 31→30 [0.1ms]
[2026-05-06 13:41:37] MOVE asha (blue): 105→104 [0.1ms]
[2026-05-06 13:41:37] MOVE chetan (red): 30→29 [0.1ms]
[2026-05-06 13:41:37] MOVE asha (blue): 106→105 [0.1ms]
[2026-05-06 13:41:38] MOVE chetan (red): 29→28 [0.2ms]
[2026-05-06 13:41:38] MOVE asha (blue): 104→106 [0.3ms]
[2026-05-06 13:41:38] MOVE chetan (red): 28→15 [0.2ms]
[2026-05-06 13:41:38] MOVE asha (blue): 105→107 [0.1ms]
[2026-05-06 13:41:38] MOVE chetan (red): 15→14 [0.2ms]
[2026-05-06 13:41:38] MOVE asha (blue): 106→93 [0.1ms]
[2026-05-06 13:41:39] MOVE chetan (red): 14→13 [0.3ms]
[2026-05-06 13:41:39] MOVE asha (blue): 107→94 [0.1ms]
[2026-05-06 13:41:39] MOVE chetan (red): 13→26 [0.2ms]
[2026-05-06 13:41:39] MOVE asha (blue): 93→92 [0.1ms]
[2026-05-06 13:41:39] MOVE chetan (red): 26→27 [0.1ms]
[2026-05-06 13:41:40] MOVE asha (blue): 94→93 [0.1ms]
[2026-05-06 13:41:40] MOVE chetan (red): 27→14 [0.1ms]
[2026-05-06 13:41:40] MOVE asha (blue): 92→105 [0.1ms]
[2026-05-06 13:41:40] MOVE chetan (red): 14→15 [0.1ms]
[2026-05-06 13:41:40] MOVE asha (blue): 93→106 [0.1ms]
[2026-05-06 13:41:41] MOVE chetan (red): 15→16 [0.2ms]
[2026-05-06 13:41:41] MOVE asha (blue): 105→104 [0.1ms]
[2026-05-06 13:41:41] MOVE chetan (red): 16→17 [0.1ms]
[2026-05-06 13:41:41] MOVE asha (blue): 106→105 [0.3ms]
[2026-05-06 13:41:41] MOVE chetan (red): 17→18 [0.2ms]
[2026-05-06 13:41:41] MOVE asha (blue): 104→106 [0.1ms]
[2026-05-06 13:41:42] MOVE chetan (red): 18→19 [0.1ms]
[2026-05-06 13:41:42] MOVE asha (blue): 105→104 [0.1ms]
[2026-05-06 13:41:42] MOVE chetan (red): 19→31 [0.2ms]
[2026-05-06 13:41:42] MOVE asha (blue): 106→93 [0.2ms]
[2026-05-06 13:41:42] MOVE chetan (red): 31→30 [0.2ms]
[2026-05-06 13:41:42] MOVE asha (blue): 104→103 [0.1ms]
[2026-05-06 13:41:43] MOVE chetan (red): 30→29 [0.1ms]
[2026-05-06 13:41:43] MOVE asha (blue): 93→92 [0.2ms]
[2026-05-06 13:41:43] MOVE chetan (red): 29→28 [0.3ms]
[2026-05-06 13:41:43] MOVE asha (blue): 103→102 [0.2ms]
[2026-05-06 13:41:43] MOVE chetan (red): 28→15 [0.1ms]
[2026-05-06 13:41:43] MOVE asha (blue): 92→105 [0.1ms]
[2026-05-06 13:41:44] MOVE chetan (red): 15→14 [0.1ms]
[2026-05-06 13:41:44] MOVE asha (blue): 102→89 [0.1ms]
[2026-05-06 13:41:44] MOVE chetan (red): 14→13 [0.1ms]
[2026-05-06 13:41:44] MOVE asha (blue): 105→104 [0.1ms]
[2026-05-06 13:41:44] MOVE chetan (red): 13→26 [0.2ms]
[2026-05-06 13:41:44] MOVE asha (blue): 89→90 [0.2ms]
[2026-05-06 13:41:45] MOVE chetan (red): 26→27 [0.3ms]
[2026-05-06 13:41:45] MOVE asha (blue): 104→103 [2.0ms]
[2026-05-06 13:41:45] MOVE chetan (red): 27→14 [0.2ms]
[2026-05-06 13:41:45] MOVE asha (blue): 90→91 [0.1ms]
[2026-05-06 13:41:45] MOVE chetan (red): 14→15 [0.1ms]
[2026-05-06 13:41:45] MOVE asha (blue): 103→102 [0.1ms]
[2026-05-06 13:41:46] MOVE chetan (red): 15→16 [0.1ms]
[2026-05-06 13:41:46] MOVE asha (blue): 91→103 [0.1ms]
[2026-05-06 13:41:46] MOVE chetan (red): 16→17 [0.1ms]
[2026-05-06 13:41:46] MOVE asha (blue): 102→89 [0.1ms]
[2026-05-06 13:41:46] MOVE chetan (red): 17→18 [0.1ms]
[2026-05-06 13:41:46] MOVE asha (blue): 103→102 [0.1ms]
[2026-05-06 13:41:47] MOVE chetan (red): 18→19 [0.2ms]
[2026-05-06 13:41:47] MOVE asha (blue): 89→90 [0.1ms]
[2026-05-06 13:41:47] MOVE chetan (red): 19→31 [0.1ms]
[2026-05-06 13:41:47] MOVE asha (blue): 102→89 [0.3ms]
[2026-05-06 13:41:47] MOVE chetan (red): 31→30 [0.1ms]
[2026-05-06 13:41:47] MOVE asha (blue): 90→91 [0.2ms]
[2026-05-06 13:41:47] MOVE chetan (red): 30→29 [0.1ms]
[2026-05-06 13:41:48] MOVE asha (blue): 89→90 [0.2ms]
[2026-05-06 13:41:48] MOVE chetan (red): 29→28 [0.1ms]
[2026-05-06 13:41:48] MOVE asha (blue): 91→103 [0.2ms]
[2026-05-06 13:41:48] MOVE chetan (red): 28→15 [0.2ms]
[2026-05-06 13:41:48] MOVE asha (blue): 90→91 [0.2ms]
[2026-05-06 13:41:48] MOVE chetan (red): 15→14 [0.1ms]
[2026-05-06 13:41:49] MOVE asha (blue): 103→102 [0.1ms]
[2026-05-06 13:41:49] MOVE chetan (red): 14→13 [0.2ms]
[2026-05-06 13:41:49] MOVE asha (blue): 91→103 [0.1ms]
[2026-05-06 13:41:49] MOVE chetan (red): 13→26 [0.1ms]
[2026-05-06 13:41:49] MOVE asha (blue): 102→104 [0.1ms]
[2026-05-06 13:41:49] MOVE chetan (red): 26→27 [0.1ms]
[2026-05-06 13:41:50] MOVE asha (blue): 103→105 [0.2ms]
[2026-05-06 13:41:50] MOVE chetan (red): 27→14 [0.1ms]
[2026-05-06 13:41:50] MOVE asha (blue): 104→106 [0.1ms]
[2026-05-06 13:41:50] MOVE chetan (red): 14→15 [0.1ms]
[2026-05-06 13:41:50] MOVE asha (blue): 105→104 [0.1ms]
[2026-05-06 13:41:50] MOVE chetan (red): 15→16 [0.2ms]
[2026-05-06 13:41:51] MOVE asha (blue): 106→105 [0.1ms]
[2026-05-06 13:41:51] MOVE chetan (red): 16→17 [0.2ms]
[2026-05-06 13:41:51] MOVE asha (blue): 104→106 [0.2ms]
[2026-05-06 13:41:51] MOVE chetan (red): 17→18 [0.1ms]
[2026-05-06 13:41:51] MOVE asha (blue): 105→107 [0.1ms]
[2026-05-06 13:41:51] MOVE chetan (red): 18→19 [0.2ms]
[2026-05-06 13:41:52] MOVE asha (blue): 106→93 [0.1ms]
[2026-05-06 13:41:52] MOVE chetan (red): 19→31 [0.1ms]
[2026-05-06 13:41:52] MOVE asha (blue): 107→94 [0.1ms]
[2026-05-06 13:41:52] MOVE chetan (red): 31→30 [0.1ms]
[2026-05-06 13:41:52] MOVE asha (blue): 93→92 [0.1ms]
[2026-05-06 13:41:52] MOVE chetan (red): 30→29 [0.1ms]
[2026-05-06 13:41:52] MOVE asha (blue): 94→93 [0.1ms]
[2026-05-06 13:41:53] MOVE chetan (red): 29→28 [0.1ms]
[2026-05-06 13:41:53] MOVE asha (blue): 92→105 [0.2ms]
[2026-05-06 13:41:53] MOVE chetan (red): 28→15 [0.1ms]
[2026-05-06 13:41:53] MOVE asha (blue): 93→106 [0.1ms]
[2026-05-06 13:41:53] MOVE chetan (red): 15→14 [0.2ms]
[2026-05-06 13:41:53] MOVE asha (blue): 105→104 [0.2ms]
[2026-05-06 13:41:54] MOVE chetan (red): 14→13 [0.1ms]
[2026-05-06 13:41:54] MOVE asha (blue): 106→105 [0.1ms]
[2026-05-06 13:41:54] MOVE chetan (red): 13→26 [0.1ms]
[2026-05-06 13:41:54] MOVE asha (blue): 104→106 [0.1ms]
[2026-05-06 13:41:54] MOVE chetan (red): 26→27 [0.2ms]
[2026-05-06 13:41:54] MOVE asha (blue): 105→104 [0.1ms]
[2026-05-06 13:41:55] MOVE chetan (red): 27→14 [0.2ms]
[2026-05-06 13:41:55] MOVE asha (blue): 106→93 [0.2ms]
[2026-05-06 13:41:55] MOVE chetan (red): 14→15 [0.1ms]
[2026-05-06 13:41:55] MOVE asha (blue): 104→103 [0.1ms]
[2026-05-06 13:41:55] MOVE chetan (red): 15→16 [0.1ms]
[2026-05-06 13:41:55] MOVE asha (blue): 93→92 [0.1ms]
[2026-05-06 13:41:56] MOVE chetan (red): 16→17 [0.2ms]
[2026-05-06 13:41:56] MOVE asha (blue): 103→102 [0.1ms]
[2026-05-06 13:41:56] MOVE chetan (red): 17→18 [0.1ms]
[2026-05-06 13:41:56] MOVE asha (blue): 92→105 [0.1ms]
[2026-05-06 13:41:56] MOVE chetan (red): 18→19 [0.2ms]
[2026-05-06 13:41:56] MOVE asha (blue): 102→89 [0.2ms]
[2026-05-06 13:41:57] MOVE chetan (red): 19→31 [0.2ms]
[2026-05-06 13:41:57] MOVE asha (blue): 105→104 [0.2ms]
[2026-05-06 13:41:57] MOVE chetan (red): 31→30 [0.1ms]
[2026-05-06 13:41:57] MOVE asha (blue): 89→90 [0.3ms]
[2026-05-06 13:41:57] MOVE chetan (red): 30→29 [0.2ms]
[2026-05-06 13:41:57] MOVE asha (blue): 104→103 [0.1ms]
[2026-05-06 13:41:58] MOVE chetan (red): 29→28 [0.1ms]
[2026-05-06 13:41:58] MOVE asha (blue): 90→91 [0.1ms]
[2026-05-06 13:41:58] MOVE chetan (red): 28→15 [0.1ms]
[2026-05-06 13:41:58] MOVE asha (blue): 103→102 [0.1ms]
[2026-05-06 13:41:58] MOVE chetan (red): 15→14 [0.1ms]
[2026-05-06 13:41:58] MOVE asha (blue): 91→103 [0.1ms]
[2026-05-06 13:41:59] MOVE chetan (red): 14→13 [0.1ms]
[2026-05-06 13:41:59] MOVE asha (blue): 102→89 [0.1ms]
[2026-05-06 13:41:59] MOVE chetan (red): 13→26 [0.1ms]
[2026-05-06 13:42:00] MOVE asha (blue): 103→102 [0.2ms]
[2026-05-06 13:42:00] MOVE chetan (red): 26→27 [0.1ms]
[2026-05-06 13:42:00] MOVE asha (blue): 89→90 [0.2ms]
[2026-05-06 13:42:00] MOVE chetan (red): 27→14 [0.1ms]
[2026-05-06 13:42:01] MOVE asha (blue): 102→89 [0.1ms]
[2026-05-06 13:42:01] MOVE chetan (red): 14→15 [0.1ms]
[2026-05-06 13:42:01] MOVE asha (blue): 90→91 [0.1ms]
[2026-05-06 13:42:01] MOVE chetan (red): 15→16 [0.1ms]
[2026-05-06 13:42:01] MOVE asha (blue): 89→90 [0.1ms]
[2026-05-06 13:42:01] MOVE chetan (red): 16→17 [0.2ms]
[2026-05-06 13:42:02] MOVE asha (blue): 91→103 [0.1ms]
[2026-05-06 13:42:02] MOVE chetan (red): 17→18 [0.1ms]
[2026-05-06 13:42:02] MOVE asha (blue): 90→91 [0.1ms]
[2026-05-06 13:42:02] MOVE chetan (red): 18→19 [0.2ms]
[2026-05-06 13:42:02] MOVE asha (blue): 103→102 [0.1ms]
[2026-05-06 13:42:02] MOVE chetan (red): 19→31 [0.1ms]
[2026-05-06 13:42:03] MOVE asha (blue): 91→103 [0.2ms]
[2026-05-06 13:42:03] MOVE chetan (red): 31→30 [0.1ms]
[2026-05-06 13:42:03] MOVE asha (blue): 102→104 [0.3ms]
[2026-05-06 13:42:03] MOVE chetan (red): 30→29 [0.1ms]
[2026-05-06 13:42:03] MOVE asha (blue): 103→105 [0.1ms]
[2026-05-06 13:42:03] MOVE chetan (red): 29→28 [0.1ms]
[2026-05-06 13:42:04] MOVE asha (blue): 104→106 [0.1ms]
[2026-05-06 13:42:04] MOVE chetan (red): 28→15 [0.2ms]
[2026-05-06 13:42:04] MOVE asha (blue): 105→104 [0.1ms]
[2026-05-06 13:42:04] MOVE chetan (red): 15→14 [0.1ms]
[2026-05-06 13:42:04] MOVE asha (blue): 106→105 [0.2ms]
[2026-05-06 13:42:05] MOVE chetan (red): 14→13 [0.2ms]
[2026-05-06 13:42:05] MOVE asha (blue): 104→106 [0.1ms]
[2026-05-06 13:42:05] MOVE chetan (red): 13→26 [0.1ms]
[2026-05-06 13:42:05] MOVE asha (blue): 105→107 [0.2ms]
[2026-05-06 13:42:05] MOVE chetan (red): 26→27 [0.1ms]
[2026-05-06 13:42:05] MOVE asha (blue): 106→93 [0.1ms]
[2026-05-06 13:42:06] MOVE chetan (red): 27→14 [0.2ms]
[2026-05-06 13:42:06] MOVE asha (blue): 107→94 [0.3ms]
[2026-05-06 13:42:06] MOVE chetan (red): 14→15 [0.1ms]
[2026-05-06 13:42:06] MOVE asha (blue): 93→92 [0.1ms]
[2026-05-06 13:42:06] MOVE chetan (red): 15→16 [0.1ms]
[2026-05-06 13:42:06] MOVE asha (blue): 94→93 [0.2ms]
[2026-05-06 13:42:07] MOVE chetan (red): 16→17 [0.1ms]
[2026-05-06 13:42:07] MOVE asha (blue): 92→105 [0.4ms]
[2026-05-06 13:42:07] MOVE chetan (red): 17→18 [0.2ms]
[2026-05-06 13:42:07] MOVE asha (blue): 93→106 [0.2ms]
[2026-05-06 13:42:07] MOVE chetan (red): 18→19 [0.2ms]
[2026-05-06 13:42:07] MOVE asha (blue): 105→104 [0.1ms]
[2026-05-06 13:42:08] MOVE chetan (red): 19→31 [0.1ms]
[2026-05-06 13:42:08] MOVE asha (blue): 106→105 [0.1ms]
[2026-05-06 13:42:08] MOVE chetan (red): 31→30 [0.2ms]
[2026-05-06 13:42:08] MOVE asha (blue): 104→106 [0.1ms]
[2026-05-06 13:42:08] MOVE chetan (red): 30→29 [0.2ms]
[2026-05-06 13:42:08] MOVE asha (blue): 105→104 [0.1ms]
[2026-05-06 13:42:09] MOVE chetan (red): 29→28 [0.1ms]
[2026-05-06 13:42:09] MOVE asha (blue): 106→93 [0.1ms]
[2026-05-06 13:42:09] MOVE chetan (red): 28→15 [0.2ms]
[2026-05-06 13:42:09] MOVE asha (blue): 104→103 [0.1ms]
[2026-05-06 13:42:09] MOVE chetan (red): 15→14 [0.2ms]
[2026-05-06 13:42:10] MOVE asha (blue): 93→92 [0.3ms]
[2026-05-06 13:42:10] MOVE chetan (red): 14→13 [0.2ms]
[2026-05-06 13:42:10] MOVE asha (blue): 103→102 [0.1ms]
[2026-05-06 13:42:10] MOVE chetan (red): 13→26 [0.2ms]
[2026-05-06 13:42:11] MOVE asha (blue): 92→105 [0.2ms]
[2026-05-06 13:42:11] MOVE chetan (red): 26→27 [0.1ms]
[2026-05-06 13:42:11] MOVE asha (blue): 102→89 [0.1ms]
[2026-05-06 13:42:11] MOVE chetan (red): 27→14 [0.1ms]
[2026-05-06 13:42:11] MOVE asha (blue): 105→104 [0.1ms]
[2026-05-06 13:42:12] MOVE chetan (red): 14→15 [0.1ms]
[2026-05-06 13:42:12] MOVE asha (blue): 89→90 [0.1ms]
[2026-05-06 13:42:12] MOVE chetan (red): 15→16 [0.1ms]
[2026-05-06 13:42:12] MOVE asha (blue): 104→103 [0.2ms]
[2026-05-06 13:42:12] MOVE chetan (red): 16→17 [0.1ms]
[2026-05-06 13:42:12] MOVE asha (blue): 90→91 [0.1ms]
[2026-05-06 13:42:13] MOVE chetan (red): 17→18 [0.2ms]
[2026-05-06 13:42:13] MOVE asha (blue): 103→102 [0.1ms]
[2026-05-06 13:42:13] MOVE chetan (red): 18→19 [0.1ms]
[2026-05-06 13:42:13] MOVE asha (blue): 91→103 [0.3ms]
[2026-05-06 13:42:13] MOVE chetan (red): 19→31 [0.2ms]
[2026-05-06 13:42:14] MOVE asha (blue): 102→89 [0.1ms]
[2026-05-06 13:42:14] MOVE chetan (red): 31→30 [0.1ms]
[2026-05-06 13:42:14] MOVE asha (blue): 103→102 [0.6ms]
[2026-05-06 13:42:14] MOVE chetan (red): 30→29 [0.1ms]
[2026-05-06 13:42:14] MOVE asha (blue): 89→90 [0.1ms]
[2026-05-06 13:42:14] MOVE chetan (red): 29→28 [0.1ms]
[2026-05-06 13:42:15] MOVE asha (blue): 102→89 [0.1ms]
[2026-05-06 13:42:15] MOVE chetan (red): 28→15 [0.1ms]
[2026-05-06 13:42:15] MOVE asha (blue): 90→91 [0.1ms]
[2026-05-06 13:42:15] MOVE chetan (red): 15→14 [0.1ms]
[2026-05-06 13:42:16] MOVE asha (blue): 89→90 [0.1ms]
[2026-05-06 13:42:16] MOVE chetan (red): 14→13 [0.1ms]
[2026-05-06 13:42:16] MOVE asha (blue): 91→103 [0.1ms]
[2026-05-06 13:42:16] MOVE chetan (red): 13→26 [0.1ms]
[2026-05-06 13:42:16] MOVE asha (blue): 90→91 [0.1ms]
[2026-05-06 13:42:16] MOVE chetan (red): 26→27 [0.1ms]
[2026-05-06 13:42:17] MOVE asha (blue): 103→102 [0.1ms]
[2026-05-06 13:42:17] MOVE chetan (red): 27→14 [0.1ms]
[2026-05-06 13:42:17] MOVE asha (blue): 91→103 [0.1ms]
[2026-05-06 13:42:17] MOVE chetan (red): 14→15 [0.1ms]
[2026-05-06 13:42:17] MOVE asha (blue): 102→104 [0.1ms]
[2026-05-06 13:42:17] MOVE chetan (red): 15→16 [0.1ms]
[2026-05-06 13:42:18] MOVE asha (blue): 103→105 [0.1ms]
[2026-05-06 13:42:18] MOVE chetan (red): 16→17 [0.1ms]
[2026-05-06 13:42:18] MOVE asha (blue): 104→106 [0.1ms]
[2026-05-06 13:42:18] MOVE chetan (red): 17→18 [0.1ms]
[2026-05-06 13:42:18] MOVE asha (blue): 105→104 [0.1ms]
[2026-05-06 13:42:18] MOVE chetan (red): 18→19 [0.1ms]
[2026-05-06 13:42:19] MOVE asha (blue): 106→105 [0.2ms]
[2026-05-06 13:42:19] MOVE chetan (red): 19→31 [0.1ms]
[2026-05-06 13:42:19] MOVE asha (blue): 104→106 [0.1ms]
[2026-05-06 13:42:19] MOVE chetan (red): 31→30 [0.1ms]
[2026-05-06 13:42:19] MOVE asha (blue): 105→107 [0.1ms]
[2026-05-06 13:42:19] MOVE chetan (red): 30→29 [0.2ms]
[2026-05-06 13:42:20] MOVE asha (blue): 106→93 [0.1ms]
[2026-05-06 13:42:20] MOVE chetan (red): 29→28 [0.2ms]
[2026-05-06 13:42:20] MOVE asha (blue): 107→94 [0.1ms]
[2026-05-06 13:42:20] MOVE chetan (red): 28→15 [0.1ms]
[2026-05-06 13:42:20] MOVE asha (blue): 93→92 [0.1ms]
[2026-05-06 13:42:20] MOVE chetan (red): 15→14 [0.1ms]
[2026-05-06 13:42:21] MOVE asha (blue): 94→93 [0.1ms]
[2026-05-06 13:42:21] MOVE chetan (red): 14→13 [0.1ms]
[2026-05-06 13:42:21] MOVE asha (blue): 92→105 [0.2ms]
[2026-05-06 13:42:21] MOVE chetan (red): 13→26 [0.1ms]
[2026-05-06 13:42:21] MOVE asha (blue): 93→106 [0.1ms]
[2026-05-06 13:42:21] MOVE chetan (red): 26→27 [0.2ms]
[2026-05-06 13:42:22] MOVE asha (blue): 105→104 [0.2ms]
[2026-05-06 13:42:22] MOVE chetan (red): 27→14 [0.1ms]
[2026-05-06 13:42:22] MOVE asha (blue): 106→105 [0.5ms]
[2026-05-06 13:42:22] MOVE chetan (red): 14→15 [0.1ms]
[2026-05-06 13:42:22] MOVE asha (blue): 104→106 [0.2ms]
[2026-05-06 13:42:22] MOVE chetan (red): 15→16 [0.2ms]
[2026-05-06 13:42:23] MOVE asha (blue): 105→104 [0.1ms]
[2026-05-06 13:42:23] MOVE chetan (red): 16→17 [0.2ms]
[2026-05-06 13:42:23] MOVE asha (blue): 106→93 [0.4ms]
[2026-05-06 13:42:23] MOVE chetan (red): 17→18 [0.2ms]
[2026-05-06 13:42:23] MOVE asha (blue): 104→103 [0.1ms]
[2026-05-06 13:42:23] MOVE chetan (red): 18→19 [0.2ms]
[2026-05-06 13:42:24] MOVE asha (blue): 93→92 [0.1ms]
[2026-05-06 13:42:24] MOVE chetan (red): 19→31 [0.1ms]
[2026-05-06 13:42:24] MOVE asha (blue): 103→102 [0.1ms]
[2026-05-06 13:42:24] MOVE chetan (red): 31→30 [0.1ms]
[2026-05-06 13:42:24] MOVE asha (blue): 92→105 [0.1ms]
[2026-05-06 13:42:24] MOVE chetan (red): 30→29 [0.2ms]
[2026-05-06 13:42:24] MOVE asha (blue): 102→89 [0.1ms]
[2026-05-06 13:42:25] MOVE chetan (red): 29→28 [0.2ms]
[2026-05-06 13:42:25] MOVE asha (blue): 105→104 [0.1ms]
[2026-05-06 13:42:25] MOVE chetan (red): 28→15 [0.1ms]
[2026-05-06 13:42:25] MOVE asha (blue): 89→90 [0.1ms]
[2026-05-06 13:42:25] MOVE chetan (red): 15→14 [0.1ms]
[2026-05-06 13:42:25] MOVE asha (blue): 104→103 [0.1ms]
[2026-05-06 13:42:26] MOVE chetan (red): 14→13 [0.1ms]
[2026-05-06 13:42:26] MOVE asha (blue): 90→91 [0.1ms]
[2026-05-06 13:42:26] MOVE chetan (red): 13→26 [0.1ms]
[2026-05-06 13:42:26] MOVE asha (blue): 103→102 [0.1ms]
[2026-05-06 13:42:26] MOVE chetan (red): 26→27 [0.4ms]
[2026-05-06 13:42:26] MOVE asha (blue): 91→103 [0.1ms]
[2026-05-06 13:42:27] MOVE chetan (red): 27→14 [0.2ms]
[2026-05-06 13:42:27] MOVE asha (blue): 102→89 [0.2ms]
[2026-05-06 13:42:27] MOVE chetan (red): 14→15 [0.1ms]
[2026-05-06 13:42:27] MOVE asha (blue): 103→102 [0.1ms]
[2026-05-06 13:42:27] MOVE chetan (red): 15→16 [0.2ms]
[2026-05-06 13:42:27] MOVE asha (blue): 89→90 [0.1ms]
[2026-05-06 13:42:28] MOVE chetan (red): 16→17 [0.2ms]
[2026-05-06 13:42:28] MOVE asha (blue): 102→89 [0.2ms]
[2026-05-06 13:42:28] MOVE chetan (red): 17→18 [0.1ms]
[2026-05-06 13:42:28] MOVE asha (blue): 90→91 [0.3ms]
[2026-05-06 13:42:28] MOVE chetan (red): 18→19 [0.1ms]
[2026-05-06 13:42:28] MOVE asha (blue): 89→90 [0.1ms]
[2026-05-06 13:42:29] MOVE chetan (red): 19→31 [0.1ms]
[2026-05-06 13:42:29] MOVE asha (blue): 91→103 [0.2ms]
[2026-05-06 13:42:29] MOVE chetan (red): 31→30 [0.1ms]
[2026-05-06 13:42:29] MOVE asha (blue): 90→91 [0.1ms]
[2026-05-06 13:42:29] MOVE chetan (red): 30→29 [0.1ms]
[2026-05-06 13:42:29] MOVE asha (blue): 103→102 [0.1ms]
[2026-05-06 13:42:30] MOVE chetan (red): 29→28 [0.1ms]
[2026-05-06 13:42:30] MOVE asha (blue): 91→103 [0.1ms]
[2026-05-06 13:42:30] MOVE chetan (red): 28→15 [0.1ms]
[2026-05-06 13:42:30] MOVE asha (blue): 102→104 [0.3ms]
[2026-05-06 13:42:30] MOVE chetan (red): 15→14 [0.2ms]
[2026-05-06 13:42:30] MOVE asha (blue): 103→105 [0.2ms]
[2026-05-06 13:42:30] MOVE chetan (red): 14→13 [0.1ms]
[2026-05-06 13:42:31] MOVE asha (blue): 104→106 [0.2ms]
[2026-05-06 13:42:31] MOVE chetan (red): 13→26 [0.1ms]
[2026-05-06 13:42:31] MOVE asha (blue): 105→104 [0.2ms]
[2026-05-06 13:42:31] MOVE chetan (red): 26→27 [0.2ms]
[2026-05-06 13:42:31] MOVE asha (blue): 106→105 [0.1ms]
[2026-05-06 13:42:31] MOVE chetan (red): 27→14 [0.1ms]
[2026-05-06 13:42:32] MOVE asha (blue): 104→106 [0.2ms]
[2026-05-06 13:42:32] MOVE chetan (red): 14→15 [0.2ms]
[2026-05-06 13:42:32] MOVE asha (blue): 105→107 [0.1ms]
[2026-05-06 13:42:32] MOVE chetan (red): 15→16 [0.1ms]
[2026-05-06 13:42:32] MOVE asha (blue): 106→93 [0.1ms]
[2026-05-06 13:42:32] MOVE chetan (red): 16→17 [0.2ms]
[2026-05-06 13:42:33] MOVE asha (blue): 107→94 [0.1ms]
[2026-05-06 13:42:33] MOVE chetan (red): 17→18 [0.1ms]
[2026-05-06 13:42:33] MOVE asha (blue): 93→92 [0.2ms]
[2026-05-06 13:42:33] MOVE chetan (red): 18→19 [0.1ms]
[2026-05-06 13:42:33] MOVE asha (blue): 94→93 [0.2ms]
[2026-05-06 13:42:33] MOVE chetan (red): 19→31 [0.1ms]
[2026-05-06 13:42:34] MOVE asha (blue): 92→105 [0.1ms]
[2026-05-06 13:42:34] MOVE chetan (red): 31→30 [0.2ms]
[2026-05-06 13:42:34] MOVE asha (blue): 93→106 [0.1ms]
[2026-05-06 13:42:34] MOVE chetan (red): 30→29 [0.1ms]
[2026-05-06 13:42:34] MOVE asha (blue): 105→104 [0.2ms]
[2026-05-06 13:42:34] MOVE chetan (red): 29→28 [0.2ms]
[2026-05-06 13:42:35] MOVE asha (blue): 106→105 [0.1ms]
[2026-05-06 13:42:35] MOVE chetan (red): 28→15 [0.2ms]
[2026-05-06 13:42:35] MOVE asha (blue): 104→106 [0.2ms]
[2026-05-06 13:42:35] MOVE chetan (red): 15→14 [0.1ms]
[2026-05-06 13:42:35] MOVE asha (blue): 105→104 [0.1ms]
[2026-05-06 13:42:35] MOVE chetan (red): 14→13 [0.1ms]
[2026-05-06 13:42:36] MOVE asha (blue): 106→93 [0.3ms]
[2026-05-06 13:42:36] MOVE chetan (red): 13→26 [0.1ms]
[2026-05-06 13:42:36] MOVE asha (blue): 104→103 [0.2ms]
[2026-05-06 13:42:36] MOVE chetan (red): 26→27 [0.1ms]
[2026-05-06 13:42:36] MOVE asha (blue): 93→92 [0.3ms]
[2026-05-06 13:42:36] MOVE chetan (red): 27→14 [0.1ms]
[2026-05-06 13:42:37] MOVE asha (blue): 103→102 [0.1ms]
[2026-05-06 13:42:37] MOVE chetan (red): 14→15 [0.1ms]
[2026-05-06 13:42:37] MOVE asha (blue): 92→105 [0.1ms]
[2026-05-06 13:42:37] MOVE chetan (red): 15→16 [0.1ms]
[2026-05-06 13:42:37] MOVE asha (blue): 102→89 [0.2ms]
[2026-05-06 13:42:37] MOVE chetan (red): 16→17 [0.1ms]
[2026-05-06 13:42:38] MOVE asha (blue): 105→104 [0.1ms]
[2026-05-06 13:42:38] MOVE chetan (red): 17→18 [0.1ms]
[2026-05-06 13:42:38] MOVE asha (blue): 89→90 [0.1ms]
[2026-05-06 13:42:38] MOVE chetan (red): 18→19 [0.1ms]
[2026-05-06 13:42:38] MOVE asha (blue): 104→103 [0.1ms]
[2026-05-06 13:42:38] MOVE chetan (red): 19→31 [0.1ms]
[2026-05-06 13:42:39] MOVE asha (blue): 90→91 [0.1ms]
[2026-05-06 13:42:39] MOVE chetan (red): 31→30 [0.1ms]
[2026-05-06 13:42:39] MOVE asha (blue): 103→102 [0.2ms]
[2026-05-06 13:42:39] MOVE chetan (red): 30→29 [0.2ms]
[2026-05-06 13:42:39] MOVE asha (blue): 91→103 [0.1ms]
[2026-05-06 13:42:39] MOVE chetan (red): 29→28 [0.1ms]
[2026-05-06 13:42:40] MOVE asha (blue): 102→89 [0.1ms]
[2026-05-06 13:42:40] MOVE chetan (red): 28→15 [0.1ms]
[2026-05-06 13:42:40] MOVE asha (blue): 103→102 [0.1ms]
[2026-05-06 13:42:40] MOVE chetan (red): 15→14 [0.3ms]
[2026-05-06 13:42:40] MOVE asha (blue): 89→90 [0.3ms]
[2026-05-06 13:42:40] MOVE chetan (red): 14→13 [0.1ms]
[2026-05-06 13:42:40] MOVE asha (blue): 102→89 [0.1ms]
[2026-05-06 13:42:41] MOVE chetan (red): 13→26 [0.1ms]
[2026-05-06 13:42:41] MOVE asha (blue): 90→91 [0.1ms]
[2026-05-06 13:42:41] MOVE chetan (red): 26→27 [0.1ms]
[2026-05-06 13:42:41] MOVE asha (blue): 89→90 [0.1ms]
[2026-05-06 13:42:41] MOVE chetan (red): 27→14 [0.1ms]
[2026-05-06 13:42:41] MOVE asha (blue): 91→103 [0.1ms]
[2026-05-06 13:42:42] MOVE chetan (red): 14→15 [0.2ms]
[2026-05-06 13:42:42] MOVE asha (blue): 90→91 [0.1ms]
[2026-05-06 13:42:42] MOVE chetan (red): 15→16 [0.1ms]
[2026-05-06 13:42:42] MOVE asha (blue): 103→102 [0.1ms]
[2026-05-06 13:42:42] MOVE chetan (red): 16→17 [0.2ms]
[2026-05-06 13:42:42] MOVE asha (blue): 91→103 [0.1ms]
[2026-05-06 13:42:43] MOVE chetan (red): 17→18 [0.1ms]
[2026-05-06 13:42:43] MOVE asha (blue): 102→104 [0.1ms]
[2026-05-06 13:42:43] MOVE chetan (red): 18→19 [0.1ms]
[2026-05-06 13:42:43] MOVE asha (blue): 103→105 [0.2ms]
[2026-05-06 13:42:43] MOVE chetan (red): 19→31 [0.1ms]
[2026-05-06 13:42:43] MOVE asha (blue): 104→106 [0.2ms]
[2026-05-06 13:42:43] MOVE chetan (red): 31→30 [0.1ms]
[2026-05-06 13:42:44] MOVE asha (blue): 105→104 [0.1ms]
[2026-05-06 13:42:44] MOVE chetan (red): 30→29 [0.1ms]
[2026-05-06 13:42:44] MOVE asha (blue): 106→105 [0.1ms]
[2026-05-06 13:42:44] MOVE chetan (red): 29→28 [0.1ms]
[2026-05-06 13:42:44] MOVE asha (blue): 104→106 [0.2ms]
[2026-05-06 13:42:44] MOVE chetan (red): 28→15 [0.2ms]
[2026-05-06 13:42:45] MOVE asha (blue): 105→107 [0.1ms]
[2026-05-06 13:42:45] MOVE chetan (red): 15→14 [0.2ms]
[2026-05-06 13:42:45] MOVE asha (blue): 106→93 [0.1ms]
[2026-05-06 13:42:45] MOVE chetan (red): 14→13 [0.1ms]
[2026-05-06 13:42:45] MOVE asha (blue): 107→94 [0.3ms]
[2026-05-06 13:42:45] MOVE chetan (red): 13→26 [0.1ms]
[2026-05-06 13:42:46] MOVE asha (blue): 93→92 [1.0ms]
[2026-05-06 13:42:46] MOVE chetan (red): 26→27 [0.3ms]
[2026-05-06 13:42:46] MOVE asha (blue): 94→93 [0.1ms]
[2026-05-06 13:42:46] MOVE chetan (red): 27→14 [0.1ms]
[2026-05-06 13:42:46] MOVE asha (blue): 92→105 [0.1ms]
[2026-05-06 13:42:46] MOVE chetan (red): 14→15 [0.1ms]
[2026-05-06 13:42:47] MOVE asha (blue): 93→106 [0.1ms]
[2026-05-06 13:42:47] MOVE chetan (red): 15→16 [0.1ms]
[2026-05-06 13:42:47] MOVE asha (blue): 105→104 [0.2ms]
[2026-05-06 13:42:47] MOVE chetan (red): 16→17 [0.1ms]
[2026-05-06 13:42:47] MOVE asha (blue): 106→105 [0.1ms]
[2026-05-06 13:42:47] MOVE chetan (red): 17→18 [0.2ms]
[2026-05-06 13:42:48] MOVE asha (blue): 104→106 [0.2ms]
[2026-05-06 13:42:48] MOVE chetan (red): 18→19 [0.1ms]
[2026-05-06 13:42:48] MOVE asha (blue): 105→104 [0.1ms]
[2026-05-06 13:42:48] MOVE chetan (red): 19→31 [0.1ms]
[2026-05-06 13:42:48] MOVE asha (blue): 106→93 [0.1ms]
[2026-05-06 13:42:49] MOVE chetan (red): 31→30 [0.1ms]
[2026-05-06 13:42:49] MOVE asha (blue): 104→103 [0.1ms]
[2026-05-06 13:42:49] MOVE chetan (red): 30→29 [0.1ms]
[2026-05-06 13:42:49] MOVE asha (blue): 93→92 [0.1ms]
[2026-05-06 13:42:49] MOVE chetan (red): 29→28 [0.2ms]
[2026-05-06 13:42:50] MOVE asha (blue): 103→102 [0.1ms]
[2026-05-06 13:42:50] MOVE chetan (red): 28→15 [0.2ms]
[2026-05-06 13:42:50] MOVE asha (blue): 92→105 [0.2ms]
[2026-05-06 13:42:50] MOVE chetan (red): 15→14 [0.1ms]
[2026-05-06 13:42:50] MOVE asha (blue): 102→89 [0.1ms]
[2026-05-06 13:42:50] MOVE chetan (red): 14→13 [0.1ms]
[2026-05-06 13:42:51] MOVE asha (blue): 105→104 [0.3ms]
[2026-05-06 13:42:51] MOVE chetan (red): 13→26 [0.1ms]
[2026-05-06 13:42:51] MOVE asha (blue): 89→90 [0.1ms]
[2026-05-06 13:42:51] MOVE chetan (red): 26→27 [0.2ms]
[2026-05-06 13:42:51] MOVE asha (blue): 104→103 [0.1ms]
[2026-05-06 13:42:51] MOVE chetan (red): 27→14 [0.1ms]
[2026-05-06 13:42:52] MOVE asha (blue): 90→91 [0.2ms]
[2026-05-06 13:42:52] MOVE chetan (red): 14→15 [0.1ms]
[2026-05-06 13:42:52] MOVE asha (blue): 103→102 [0.1ms]
[2026-05-06 13:42:52] MOVE chetan (red): 15→16 [0.1ms]
[2026-05-06 13:42:52] MOVE asha (blue): 91→103 [0.6ms]
[2026-05-06 13:42:52] MOVE chetan (red): 16→17 [0.1ms]
[2026-05-06 13:42:52] MOVE asha (blue): 102→89 [0.1ms]
[2026-05-06 13:42:53] MOVE chetan (red): 17→18 [0.1ms]
[2026-05-06 13:42:53] MOVE asha (blue): 103→102 [0.1ms]
[2026-05-06 13:42:53] MOVE chetan (red): 18→19 [0.1ms]
[2026-05-06 13:42:53] MOVE asha (blue): 89→90 [0.1ms]
[2026-05-06 13:42:53] MOVE chetan (red): 19→31 [0.1ms]
[2026-05-06 13:42:53] MOVE asha (blue): 102→89 [0.1ms]
[2026-05-06 13:42:54] MOVE chetan (red): 31→30 [0.1ms]
[2026-05-06 13:42:54] MOVE asha (blue): 90→91 [0.2ms]
[2026-05-06 13:42:54] MOVE chetan (red): 30→29 [0.2ms]
[2026-05-06 13:42:54] MOVE asha (blue): 89→90 [0.1ms]
[2026-05-06 13:42:54] MOVE chetan (red): 29→28 [0.1ms]
[2026-05-06 13:42:54] MOVE asha (blue): 91→103 [0.1ms]
[2026-05-06 13:42:55] MOVE chetan (red): 28→15 [0.1ms]
[2026-05-06 13:42:55] MOVE asha (blue): 90→91 [0.1ms]
[2026-05-06 13:42:55] MOVE chetan (red): 15→14 [0.1ms]
[2026-05-06 13:42:55] MOVE asha (blue): 103→102 [0.1ms]
[2026-05-06 13:42:55] MOVE chetan (red): 14→13 [0.1ms]
[2026-05-06 13:42:55] MOVE asha (blue): 91→103 [0.1ms]
[2026-05-06 13:42:56] MOVE chetan (red): 13→26 [0.1ms]
[2026-05-06 13:42:56] MOVE asha (blue): 102→104 [0.1ms]
[2026-05-06 13:42:56] MOVE chetan (red): 26→27 [0.2ms]
[2026-05-06 13:42:56] MOVE asha (blue): 103→105 [0.2ms]
[2026-05-06 13:42:56] MOVE chetan (red): 27→14 [0.4ms]
[2026-05-06 13:42:56] MOVE asha (blue): 104→106 [0.1ms]
[2026-05-06 13:42:57] MOVE chetan (red): 14→15 [0.1ms]
[2026-05-06 13:42:57] MOVE asha (blue): 105→104 [0.1ms]
[2026-05-06 13:42:57] MOVE chetan (red): 15→16 [0.1ms]
[2026-05-06 13:42:57] MOVE asha (blue): 106→105 [0.2ms]
[2026-05-06 13:42:57] MOVE chetan (red): 16→17 [0.2ms]
[2026-05-06 13:42:57] MOVE asha (blue): 104→106 [0.1ms]
[2026-05-06 13:42:58] MOVE chetan (red): 17→18 [0.1ms]
[2026-05-06 13:42:58] MOVE asha (blue): 105→107 [0.1ms]
[2026-05-06 13:42:58] MOVE chetan (red): 18→19 [0.1ms]
[2026-05-06 13:42:58] MOVE asha (blue): 106→93 [0.1ms]
[2026-05-06 13:42:58] MOVE chetan (red): 19→31 [0.1ms]
[2026-05-06 13:42:58] MOVE asha (blue): 107→94 [0.1ms]
[2026-05-06 13:42:58] MOVE chetan (red): 31→30 [0.1ms]
[2026-05-06 13:42:59] MOVE asha (blue): 93→92 [0.1ms]
[2026-05-06 13:42:59] MOVE chetan (red): 30→29 [0.1ms]
[2026-05-06 13:42:59] MOVE asha (blue): 94→93 [0.1ms]
[2026-05-06 13:42:59] MOVE chetan (red): 29→28 [0.1ms]
[2026-05-06 13:42:59] MOVE asha (blue): 92→105 [0.1ms]
[2026-05-06 13:42:59] MOVE chetan (red): 28→15 [0.2ms]
[2026-05-06 13:43:00] MOVE asha (blue): 93→106 [0.1ms]
[2026-05-06 13:43:00] MOVE chetan (red): 15→14 [0.9ms]
[2026-05-06 13:43:00] MOVE asha (blue): 105→104 [0.1ms]
[2026-05-06 13:43:00] MOVE chetan (red): 14→13 [0.1ms]
[2026-05-06 13:43:00] MOVE asha (blue): 106→105 [0.1ms]
[2026-05-06 13:43:00] MOVE chetan (red): 13→26 [0.1ms]
[2026-05-06 13:43:01] MOVE asha (blue): 104→106 [0.1ms]
[2026-05-06 13:43:01] MOVE chetan (red): 26→27 [0.1ms]
[2026-05-06 13:43:01] MOVE asha (blue): 105→104 [0.1ms]
[2026-05-06 13:43:01] MOVE chetan (red): 27→14 [0.2ms]
[2026-05-06 13:43:01] MOVE asha (blue): 106→93 [0.1ms]
[2026-05-06 13:43:01] MOVE chetan (red): 14→15 [0.1ms]
[2026-05-06 13:43:01] MOVE asha (blue): 104→103 [0.2ms]
[2026-05-06 13:43:02] MOVE chetan (red): 15→16 [0.1ms]
[2026-05-06 13:43:02] MOVE asha (blue): 93→92 [0.2ms]
[2026-05-06 13:43:02] MOVE chetan (red): 16→17 [0.2ms]
[2026-05-06 13:43:02] MOVE asha (blue): 103→102 [0.3ms]
[2026-05-06 13:43:02] MOVE chetan (red): 17→18 [0.1ms]
[2026-05-06 13:43:02] MOVE asha (blue): 92→105 [0.2ms]
[2026-05-06 13:43:03] MOVE chetan (red): 18→19 [0.2ms]
[2026-05-06 13:43:03] MOVE asha (blue): 102→89 [0.2ms]
[2026-05-06 13:43:03] MOVE chetan (red): 19→31 [0.3ms]
[2026-05-06 13:43:03] MOVE asha (blue): 105→104 [0.1ms]
[2026-05-06 13:43:03] MOVE chetan (red): 31→30 [0.1ms]
[2026-05-06 13:43:04] MOVE asha (blue): 89→90 [0.2ms]
[2026-05-06 13:43:04] MOVE chetan (red): 30→29 [0.2ms]
[2026-05-06 13:43:04] MOVE asha (blue): 104→103 [0.1ms]
[2026-05-06 13:43:04] MOVE chetan (red): 29→28 [0.2ms]
[2026-05-06 13:43:04] MOVE asha (blue): 90→91 [0.3ms]
[2026-05-06 13:43:04] MOVE chetan (red): 28→15 [0.1ms]
[2026-05-06 13:43:05] MOVE asha (blue): 103→102 [0.2ms]
[2026-05-06 13:43:05] MOVE chetan (red): 15→14 [0.1ms]
[2026-05-06 13:43:05] MOVE asha (blue): 91→103 [0.1ms]
[2026-05-06 13:43:05] MOVE chetan (red): 14→13 [0.7ms]
[2026-05-06 13:43:05] MOVE asha (blue): 102→89 [0.1ms]
[2026-05-06 13:43:06] MOVE chetan (red): 13→26 [0.2ms]
[2026-05-06 13:43:06] MOVE asha (blue): 103→102 [0.2ms]
[2026-05-06 13:43:06] MOVE chetan (red): 26→27 [0.2ms]
[2026-05-06 13:43:06] MOVE asha (blue): 89→90 [0.1ms]
[2026-05-06 13:43:07] MOVE chetan (red): 27→14 [0.1ms]
[2026-05-06 13:43:07] MOVE asha (blue): 102→89 [0.1ms]
[2026-05-06 13:43:07] MOVE chetan (red): 14→15 [0.1ms]
[2026-05-06 13:43:07] MOVE asha (blue): 90→91 [0.1ms]
[2026-05-06 13:43:07] MOVE chetan (red): 15→16 [0.1ms]
[2026-05-06 13:43:07] MOVE asha (blue): 89→90 [0.1ms]
[2026-05-06 13:43:08] MOVE chetan (red): 16→17 [0.1ms]
[2026-05-06 13:43:08] MOVE asha (blue): 91→103 [0.2ms]
[2026-05-06 13:43:08] MOVE chetan (red): 17→18 [0.2ms]
[2026-05-06 13:43:08] MOVE asha (blue): 90→91 [0.1ms]
[2026-05-06 13:43:08] MOVE chetan (red): 18→19 [0.1ms]
[2026-05-06 13:43:08] MOVE asha (blue): 103→102 [0.1ms]
[2026-05-06 13:43:09] MOVE chetan (red): 19→31 [0.1ms]
[2026-05-06 13:43:09] MOVE asha (blue): 91→103 [0.1ms]
[2026-05-06 13:43:09] MOVE chetan (red): 31→30 [0.1ms]
[2026-05-06 13:43:09] MOVE asha (blue): 102→104 [0.2ms]
[2026-05-06 13:43:09] MOVE chetan (red): 30→29 [0.1ms]
[2026-05-06 13:43:09] MOVE asha (blue): 103→105 [0.2ms]
[2026-05-06 13:43:10] MOVE chetan (red): 29→28 [0.2ms]
[2026-05-06 13:43:10] MOVE asha (blue): 104→106 [0.1ms]
[2026-05-06 13:43:10] MOVE chetan (red): 28→15 [0.1ms]
[2026-05-06 13:43:10] MOVE asha (blue): 105→104 [0.2ms]
[2026-05-06 13:43:10] MOVE chetan (red): 15→14 [0.2ms]
[2026-05-06 13:43:10] MOVE asha (blue): 106→105 [0.7ms]
[2026-05-06 13:43:11] MOVE chetan (red): 14→13 [0.1ms]
[2026-05-06 13:43:11] MOVE asha (blue): 104→106 [0.1ms]
[2026-05-06 13:43:11] MOVE chetan (red): 13→26 [0.2ms]
[2026-05-06 13:43:11] MOVE asha (blue): 105→107 [0.1ms]
[2026-05-06 13:43:11] MOVE chetan (red): 26→27 [0.1ms]
[2026-05-06 13:43:11] MOVE asha (blue): 106→93 [0.1ms]
[2026-05-06 13:43:12] MOVE chetan (red): 27→14 [0.1ms]
[2026-05-06 13:43:12] MOVE asha (blue): 107→94 [0.1ms]
[2026-05-06 13:43:12] MOVE chetan (red): 14→15 [0.1ms]
[2026-05-06 13:43:12] MOVE asha (blue): 93→92 [0.1ms]
[2026-05-06 13:43:12] MOVE chetan (red): 15→16 [0.1ms]
[2026-05-06 13:43:12] MOVE asha (blue): 94→93 [0.1ms]
[2026-05-06 13:43:13] MOVE chetan (red): 16→17 [0.2ms]
[2026-05-06 13:43:13] MOVE asha (blue): 92→105 [0.1ms]
[2026-05-06 13:43:13] MOVE chetan (red): 17→18 [0.2ms]
[2026-05-06 13:43:14] MOVE asha (blue): 93→106 [0.1ms]
[2026-05-06 13:43:14] MOVE chetan (red): 18→19 [0.2ms]
[2026-05-06 13:43:14] MOVE asha (blue): 105→104 [0.2ms]
[2026-05-06 13:43:14] MOVE chetan (red): 19→31 [0.1ms]
[2026-05-06 13:43:14] MOVE asha (blue): 106→105 [0.1ms]
[2026-05-06 13:43:14] MOVE chetan (red): 31→30 [0.1ms]
[2026-05-06 13:43:15] MOVE asha (blue): 104→106 [0.2ms]
[2026-05-06 13:43:15] MOVE chetan (red): 30→29 [0.1ms]
[2026-05-06 13:43:15] MOVE asha (blue): 105→104 [0.2ms]
[2026-05-06 13:43:15] MOVE chetan (red): 29→28 [0.1ms]
[2026-05-06 13:43:15] MOVE asha (blue): 106→93 [0.1ms]
[2026-05-06 13:43:15] MOVE chetan (red): 28→15 [0.1ms]
[2026-05-06 13:43:16] MOVE asha (blue): 104→103 [0.1ms]
[2026-05-06 13:43:16] MOVE chetan (red): 15→14 [0.1ms]
[2026-05-06 13:43:16] MOVE asha (blue): 93→92 [0.1ms]
[2026-05-06 13:43:16] MOVE chetan (red): 14→13 [0.1ms]
[2026-05-06 13:43:16] MOVE asha (blue): 103→102 [0.1ms]
[2026-05-06 13:43:16] MOVE chetan (red): 13→26 [0.1ms]
[2026-05-06 13:43:16] MOVE asha (blue): 92→105 [0.2ms]
[2026-05-06 13:43:17] MOVE chetan (red): 26→27 [0.1ms]
[2026-05-06 13:43:17] MOVE asha (blue): 102→89 [0.1ms]
[2026-05-06 13:43:17] MOVE chetan (red): 27→14 [0.1ms]
[2026-05-06 13:43:17] MOVE asha (blue): 105→104 [0.3ms]
[2026-05-06 13:43:17] MOVE chetan (red): 14→15 [0.1ms]
[2026-05-06 13:43:17] MOVE asha (blue): 89→90 [0.1ms]
[2026-05-06 13:43:17] MOVE chetan (red): 15→16 [0.2ms]
[2026-05-06 13:43:18] MOVE asha (blue): 104→103 [0.1ms]
[2026-05-06 13:43:18] MOVE chetan (red): 16→17 [0.1ms]
[2026-05-06 13:43:18] MOVE asha (blue): 90→91 [0.2ms]
[2026-05-06 13:43:18] MOVE chetan (red): 17→18 [0.1ms]
[2026-05-06 13:43:18] MOVE asha (blue): 103→102 [0.1ms]
[2026-05-06 13:43:18] MOVE chetan (red): 18→19 [0.1ms]
[2026-05-06 13:43:19] MOVE asha (blue): 91→103 [0.2ms]
[2026-05-06 13:43:19] MOVE chetan (red): 19→31 [0.1ms]
[2026-05-06 13:43:19] MOVE asha (blue): 102→89 [0.2ms]
[2026-05-06 13:43:19] MOVE chetan (red): 31→30 [0.1ms]
[2026-05-06 13:43:19] MOVE asha (blue): 103→102 [0.1ms]
[2026-05-06 13:43:19] MOVE chetan (red): 30→29 [0.2ms]
[2026-05-06 13:43:20] MOVE asha (blue): 89→90 [0.2ms]
[2026-05-06 13:43:20] MOVE chetan (red): 29→28 [0.1ms]
[2026-05-06 13:43:20] MOVE asha (blue): 102→89 [0.3ms]
[2026-05-06 13:43:20] MOVE chetan (red): 28→15 [0.1ms]
[2026-05-06 13:43:20] MOVE asha (blue): 90→91 [0.1ms]
[2026-05-06 13:43:20] MOVE chetan (red): 15→14 [0.1ms]
[2026-05-06 13:43:21] MOVE asha (blue): 89→90 [0.1ms]
[2026-05-06 13:43:21] MOVE chetan (red): 14→13 [0.2ms]
[2026-05-06 13:43:21] MOVE asha (blue): 91→103 [0.1ms]
[2026-05-06 13:43:21] MOVE chetan (red): 13→26 [0.1ms]
[2026-05-06 13:43:21] MOVE asha (blue): 90→91 [0.2ms]
[2026-05-06 13:43:21] MOVE chetan (red): 26→27 [0.1ms]
[2026-05-06 13:43:22] MOVE asha (blue): 103→102 [0.1ms]
[2026-05-06 13:43:22] MOVE chetan (red): 27→14 [0.2ms]
[2026-05-06 13:43:22] MOVE asha (blue): 91→103 [0.1ms]
[2026-05-06 13:43:22] MOVE chetan (red): 14→15 [0.1ms]
[2026-05-06 13:43:22] MOVE asha (blue): 102→104 [0.1ms]
[2026-05-06 13:43:22] MOVE chetan (red): 15→16 [0.1ms]
[2026-05-06 13:43:23] MOVE asha (blue): 103→105 [0.1ms]
[2026-05-06 13:43:23] MOVE chetan (red): 16→17 [0.1ms]
[2026-05-06 13:43:23] MOVE asha (blue): 104→106 [0.2ms]
[2026-05-06 13:43:23] MOVE chetan (red): 17→18 [0.1ms]
[2026-05-06 13:43:23] MOVE asha (blue): 105→104 [0.1ms]
[2026-05-06 13:43:23] MOVE chetan (red): 18→19 [0.2ms]
[2026-05-06 13:43:24] MOVE asha (blue): 106→105 [0.2ms]
[2026-05-06 13:43:24] MOVE chetan (red): 19→31 [0.1ms]
[2026-05-06 13:43:24] MOVE asha (blue): 104→106 [0.1ms]
[2026-05-06 13:43:24] MOVE chetan (red): 31→30 [0.1ms]
[2026-05-06 13:43:24] MOVE asha (blue): 105→107 [0.2ms]
[2026-05-06 13:43:24] MOVE chetan (red): 30→29 [0.1ms]
[2026-05-06 13:43:24] MOVE asha (blue): 106→93 [0.3ms]
[2026-05-06 13:43:25] MOVE chetan (red): 29→28 [0.1ms]
[2026-05-06 13:43:25] MOVE asha (blue): 107→94 [0.1ms]
[2026-05-06 13:43:25] MOVE chetan (red): 28→15 [12.8ms]
[2026-05-06 13:43:25] MOVE asha (blue): 93→92 [0.1ms]
[2026-05-06 13:43:25] MOVE chetan (red): 15→14 [0.1ms]
[2026-05-06 13:43:26] MOVE asha (blue): 94→93 [0.1ms]
[2026-05-06 13:43:26] MOVE chetan (red): 14→13 [0.1ms]
[2026-05-06 13:43:26] MOVE asha (blue): 92→105 [0.1ms]
[2026-05-06 13:43:26] MOVE chetan (red): 13→26 [0.4ms]
[2026-05-06 13:43:26] MOVE asha (blue): 93→106 [0.1ms]
[2026-05-06 13:43:26] MOVE chetan (red): 26→27 [0.1ms]
[2026-05-06 13:43:27] MOVE asha (blue): 105→104 [0.2ms]
[2026-05-06 13:43:27] MOVE chetan (red): 27→14 [0.1ms]
[2026-05-06 13:43:27] MOVE asha (blue): 106→105 [0.1ms]
[2026-05-06 13:43:27] MOVE chetan (red): 14→15 [0.1ms]
[2026-05-06 13:43:27] MOVE asha (blue): 104→106 [0.1ms]
[2026-05-06 13:43:27] MOVE chetan (red): 15→16 [0.1ms]
[2026-05-06 13:43:28] MOVE asha (blue): 105→104 [0.1ms]
[2026-05-06 13:43:28] MOVE chetan (red): 16→17 [0.1ms]
[2026-05-06 13:43:28] MOVE asha (blue): 106→93 [0.1ms]
[2026-05-06 13:43:28] MOVE chetan (red): 17→18 [0.1ms]
[2026-05-06 13:43:28] MOVE asha (blue): 104→103 [0.2ms]
[2026-05-06 13:43:28] MOVE chetan (red): 18→19 [0.1ms]
[2026-05-06 13:43:29] MOVE asha (blue): 93→92 [0.1ms]
[2026-05-06 13:43:29] MOVE chetan (red): 19→31 [0.1ms]
[2026-05-06 13:43:29] MOVE asha (blue): 103→102 [0.2ms]
[2026-05-06 13:43:29] MOVE chetan (red): 31→30 [0.2ms]
[2026-05-06 13:43:29] MOVE asha (blue): 92→105 [0.1ms]
[2026-05-06 13:43:29] MOVE chetan (red): 30→29 [0.1ms]
[2026-05-06 13:43:30] MOVE asha (blue): 102→89 [0.1ms]
[2026-05-06 13:43:30] MOVE chetan (red): 29→28 [0.1ms]
[2026-05-06 13:43:30] MOVE asha (blue): 105→104 [0.1ms]
[2026-05-06 13:43:30] MOVE chetan (red): 28→15 [0.1ms]
[2026-05-06 13:43:30] MOVE asha (blue): 89→90 [0.1ms]
[2026-05-06 13:43:30] MOVE chetan (red): 15→14 [0.1ms]
[2026-05-06 13:43:31] MOVE asha (blue): 104→103 [0.1ms]
[2026-05-06 13:43:31] MOVE chetan (red): 14→13 [0.2ms]
[2026-05-06 13:43:31] MOVE asha (blue): 90→91 [0.2ms]
[2026-05-06 13:43:31] MOVE chetan (red): 13→26 [0.1ms]
[2026-05-06 13:43:32] MOVE asha (blue): 103→102 [0.1ms]
[2026-05-06 13:43:32] MOVE chetan (red): 26→27 [0.1ms]
[2026-05-06 13:43:32] MOVE asha (blue): 91→103 [0.1ms]
[2026-05-06 13:43:32] MOVE chetan (red): 27→14 [0.1ms]
[2026-05-06 13:43:32] MOVE asha (blue): 102→89 [0.1ms]
[2026-05-06 13:43:32] MOVE chetan (red): 14→15 [0.1ms]
[2026-05-06 13:43:33] MOVE asha (blue): 103→102 [0.1ms]
[2026-05-06 13:43:33] MOVE chetan (red): 15→16 [0.1ms]
[2026-05-06 13:43:33] MOVE asha (blue): 89→90 [0.1ms]
[2026-05-06 13:43:33] MOVE chetan (red): 16→17 [0.1ms]
[2026-05-06 13:43:33] MOVE asha (blue): 102→89 [0.1ms]
[2026-05-06 13:43:34] MOVE chetan (red): 17→18 [0.1ms]
[2026-05-06 13:43:34] MOVE asha (blue): 90→91 [0.1ms]
[2026-05-06 13:43:34] MOVE chetan (red): 18→19 [0.2ms]
[2026-05-06 13:43:34] MOVE asha (blue): 89→90 [0.1ms]
[2026-05-06 13:43:34] MOVE chetan (red): 19→31 [0.2ms]
[2026-05-06 13:43:34] MOVE asha (blue): 91→103 [0.2ms]
[2026-05-06 13:43:35] MOVE chetan (red): 31→30 [0.2ms]
[2026-05-06 13:43:35] MOVE asha (blue): 90→91 [0.2ms]
[2026-05-06 13:43:35] MOVE chetan (red): 30→29 [0.2ms]
[2026-05-06 13:43:35] MOVE asha (blue): 103→102 [0.1ms]
[2026-05-06 13:43:35] MOVE chetan (red): 29→28 [0.1ms]
[2026-05-06 13:43:35] MOVE asha (blue): 91→103 [0.1ms]
[2026-05-06 13:43:35] MOVE chetan (red): 28→15 [0.1ms]
[2026-05-06 13:43:36] MOVE asha (blue): 102→104 [0.1ms]
[2026-05-06 13:43:36] MOVE chetan (red): 15→14 [0.1ms]
[2026-05-06 13:43:36] MOVE asha (blue): 103→105 [0.1ms]
[2026-05-06 13:43:36] MOVE chetan (red): 14→13 [0.1ms]
[2026-05-06 13:43:36] MOVE asha (blue): 104→106 [0.1ms]
[2026-05-06 13:43:36] MOVE chetan (red): 13→26 [0.3ms]
[2026-05-06 13:43:37] MOVE asha (blue): 105→104 [0.2ms]
[2026-05-06 13:43:37] MOVE chetan (red): 26→27 [0.2ms]
[2026-05-06 13:43:37] MOVE asha (blue): 106→105 [0.1ms]
[2026-05-06 13:43:37] MOVE chetan (red): 27→14 [0.1ms]
[2026-05-06 13:43:37] MOVE asha (blue): 104→106 [0.2ms]
[2026-05-06 13:43:37] MOVE chetan (red): 14→15 [0.2ms]
[2026-05-06 13:43:38] MOVE asha (blue): 105→107 [0.2ms]
[2026-05-06 13:43:38] MOVE chetan (red): 15→16 [0.1ms]
[2026-05-06 13:43:38] MOVE asha (blue): 106→93 [0.2ms]
[2026-05-06 13:43:38] MOVE chetan (red): 16→17 [0.2ms]
[2026-05-06 13:43:38] MOVE asha (blue): 107→94 [0.1ms]
[2026-05-06 13:43:38] MOVE chetan (red): 17→18 [0.1ms]
[2026-05-06 13:43:39] MOVE asha (blue): 93→92 [0.1ms]
[2026-05-06 13:43:39] MOVE chetan (red): 18→19 [0.1ms]
[2026-05-06 13:43:39] MOVE asha (blue): 94→93 [0.1ms]
[2026-05-06 13:43:39] MOVE chetan (red): 19→31 [0.1ms]
[2026-05-06 13:43:39] MOVE asha (blue): 92→105 [0.1ms]
[2026-05-06 13:43:39] MOVE chetan (red): 31→30 [0.1ms]
[2026-05-06 13:43:39] MOVE asha (blue): 93→106 [0.1ms]
[2026-05-06 13:43:40] MOVE chetan (red): 30→29 [0.1ms]
[2026-05-06 13:43:40] MOVE asha (blue): 105→104 [0.1ms]
[2026-05-06 13:43:40] MOVE chetan (red): 29→28 [0.1ms]
[2026-05-06 13:43:40] MOVE asha (blue): 106→105 [0.2ms]
[2026-05-06 13:43:40] MOVE chetan (red): 28→15 [0.1ms]
[2026-05-06 13:43:40] MOVE asha (blue): 104→106 [0.1ms]
[2026-05-06 13:43:41] MOVE chetan (red): 15→14 [0.1ms]
[2026-05-06 13:43:41] MOVE asha (blue): 105→104 [0.1ms]
[2026-05-06 13:43:41] MOVE chetan (red): 14→13 [0.1ms]
[2026-05-06 13:43:41] MOVE asha (blue): 106→93 [0.1ms]
[2026-05-06 13:43:41] MOVE chetan (red): 13→26 [0.1ms]
[2026-05-06 13:43:41] MOVE asha (blue): 104→103 [0.1ms]
[2026-05-06 13:43:42] MOVE chetan (red): 26→27 [0.1ms]
[2026-05-06 13:43:42] MOVE asha (blue): 93→92 [0.1ms]
[2026-05-06 13:43:42] MOVE chetan (red): 27→14 [0.3ms]
[2026-05-06 13:43:42] MOVE asha (blue): 103→102 [0.2ms]
[2026-05-06 13:43:42] MOVE chetan (red): 14→15 [0.1ms]
[2026-05-06 13:43:42] MOVE asha (blue): 92→105 [0.2ms]
[2026-05-06 13:43:43] MOVE chetan (red): 15→16 [0.2ms]
[2026-05-06 13:43:43] MOVE asha (blue): 102→89 [0.1ms]
[2026-05-06 13:43:43] MOVE chetan (red): 16→17 [0.3ms]
[2026-05-06 13:43:43] MOVE asha (blue): 105→104 [0.1ms]
[2026-05-06 13:43:43] MOVE chetan (red): 17→18 [0.1ms]
[2026-05-06 13:43:43] MOVE asha (blue): 89→90 [0.1ms]
[2026-05-06 13:43:44] MOVE chetan (red): 18→19 [0.1ms]
[2026-05-06 13:43:44] MOVE asha (blue): 104→103 [0.2ms]
[2026-05-06 13:43:44] MOVE chetan (red): 19→31 [0.1ms]
[2026-05-06 13:43:44] MOVE asha (blue): 90→91 [0.1ms]
[2026-05-06 13:43:44] MOVE chetan (red): 31→30 [0.1ms]
[2026-05-06 13:43:44] MOVE asha (blue): 103→102 [0.2ms]
[2026-05-06 13:43:45] MOVE chetan (red): 30→29 [0.1ms]
[2026-05-06 13:43:45] MOVE asha (blue): 91→103 [0.2ms]
[2026-05-06 13:43:45] MOVE chetan (red): 29→28 [0.1ms]
[2026-05-06 13:43:45] MOVE asha (blue): 102→89 [0.1ms]
[2026-05-06 13:43:45] MOVE chetan (red): 28→15 [0.1ms]
[2026-05-06 13:43:45] MOVE asha (blue): 103→102 [0.1ms]
[2026-05-06 13:43:46] MOVE chetan (red): 15→14 [0.1ms]
[2026-05-06 13:43:46] MOVE asha (blue): 89→90 [0.1ms]
[2026-05-06 13:43:46] MOVE chetan (red): 14→13 [0.2ms]
[2026-05-06 13:43:46] MOVE asha (blue): 102→89 [0.1ms]
[2026-05-06 13:43:46] MOVE chetan (red): 13→26 [0.1ms]
[2026-05-06 13:43:46] MOVE asha (blue): 90→91 [0.1ms]
[2026-05-06 13:43:46] MOVE chetan (red): 26→27 [0.1ms]
[2026-05-06 13:43:47] MOVE asha (blue): 89→90 [0.1ms]
[2026-05-06 13:43:47] MOVE chetan (red): 27→14 [0.1ms]
[2026-05-06 13:43:47] MOVE asha (blue): 91→103 [0.1ms]
[2026-05-06 13:43:47] MOVE chetan (red): 14→15 [0.1ms]
[2026-05-06 13:43:47] MOVE asha (blue): 90→91 [0.2ms]
[2026-05-06 13:43:47] MOVE chetan (red): 15→16 [0.1ms]
[2026-05-06 13:43:48] MOVE asha (blue): 103→102 [0.1ms]
[2026-05-06 13:43:48] MOVE chetan (red): 16→17 [0.1ms]
[2026-05-06 13:43:48] MOVE asha (blue): 91→103 [0.1ms]
[2026-05-06 13:43:48] MOVE chetan (red): 17→18 [0.1ms]
[2026-05-06 13:43:48] MOVE asha (blue): 102→104 [0.2ms]
[2026-05-06 13:43:48] MOVE chetan (red): 18→19 [0.1ms]
[2026-05-06 13:43:49] MOVE asha (blue): 103→105 [0.1ms]
[2026-05-06 13:43:49] MOVE chetan (red): 19→31 [0.1ms]
[2026-05-06 13:43:49] MOVE asha (blue): 104→106 [0.1ms]
[2026-05-06 13:43:49] MOVE chetan (red): 31→30 [0.1ms]
[2026-05-06 13:43:49] MOVE asha (blue): 105→104 [0.1ms]
[2026-05-06 13:43:49] MOVE chetan (red): 30→29 [0.1ms]
[2026-05-06 13:43:50] MOVE asha (blue): 106→105 [0.1ms]
[2026-05-06 13:43:50] MOVE chetan (red): 29→28 [0.1ms]
[2026-05-06 13:43:50] MOVE asha (blue): 104→106 [0.1ms]
[2026-05-06 13:43:50] MOVE chetan (red): 28→15 [0.1ms]
[2026-05-06 13:43:50] MOVE asha (blue): 105→107 [0.1ms]
[2026-05-06 13:43:50] MOVE chetan (red): 15→14 [0.1ms]
[2026-05-06 13:43:51] MOVE asha (blue): 106→93 [0.2ms]
[2026-05-06 13:43:51] MOVE chetan (red): 14→13 [0.1ms]
[2026-05-06 13:43:51] MOVE asha (blue): 107→94 [0.1ms]
[2026-05-06 13:43:51] MOVE chetan (red): 13→26 [0.1ms]
[2026-05-06 13:43:51] MOVE asha (blue): 93→92 [0.1ms]
[2026-05-06 13:43:51] MOVE chetan (red): 26→27 [0.2ms]
[2026-05-06 13:43:51] MOVE asha (blue): 94→93 [0.1ms]
[2026-05-06 13:43:52] MOVE chetan (red): 27→14 [0.1ms]
[2026-05-06 13:43:52] MOVE asha (blue): 92→105 [0.1ms]
[2026-05-06 13:43:52] MOVE chetan (red): 14→15 [0.1ms]
[2026-05-06 13:43:52] SCORE chetan (red): Final=1099.0, Time=0.0, Moves(1172)=0.0, Pins(9)=900.0, Dist=199.0
[2026-05-06 13:43:52] SCORE asha (blue): Final=997.0, Time=0.0, Moves(1171)=0.0, Pins(8)=800.0, Dist=197.0
[2026-05-06 13:43:52] GAME TIME LIMIT REACHED.
[2026-05-06 13:43:52] SCORE chetan (red): Final=1099.0, Time=0.0, Moves(1172)=0.0, Pins(9)=900.0, Dist=199.0
[2026-05-06 13:43:52] SCORE asha (blue): Final=997.0, Time=0.0, Moves(1171)=0.0, Pins(8)=800.0, Dist=197.0
[2026-05-06 13:43:52] GAME TIME LIMIT REACHED.
[2026-05-06 13:43:52] SCORE chetan (red): Final=1099.0, Time=0.0, Moves(1172)=0.0, Pins(9)=900.0, Dist=199.0
[2026-05-06 13:43:52] SCORE asha (blue): Final=997.0, Time=0.0, Moves(1171)=0.0, Pins(8)=800.0, Dist=197.0
[2026-05-06 13:43:52] GAME TIME LIMIT REACHED.
