[2026-05-06 14:08:50] GAME CREATED
[2026-05-06 14:08:56] PLAYER JOINED: chetan as red
[2026-05-06 14:09:00] PLAYER JOINED: asha as blue
[2026-05-06 14:09:03] GAME STARTED — turn order: ['red', 'blue']
[2026-05-06 14:09:03] MOVE chetan (red): 115→102 [0.2ms]
[2026-05-06 14:09:04] MOVE asha (blue): 3→14 [0.2ms]
[2026-05-06 14:09:04] MOVE chetan (red): 120→104 [0.2ms]
[2026-05-06 14:09:04] MOVE asha (blue): 0→16 [0.1ms]
[2026-05-06 14:09:04] MOVE chetan (red): 111→89 [0.1ms]
[2026-05-06 14:09:04] MOVE asha (blue): 6→26 [0.1ms]
[2026-05-06 14:09:04] MOVE chetan (red): 116→78 [0.2ms]
[2026-05-06 14:09:05] MOVE asha (blue): 4→38 [0.1ms]
[2026-05-06 14:09:05] MOVE chetan (red): 89→68 [0.1ms]
[2026-05-06 14:09:05] MOVE asha (blue): 26→49 [0.1ms]
[2026-05-06 14:09:05] MOVE chetan (red): 78→59 [0.1ms]
[2026-05-06 14:09:05] MOVE asha (blue): 8→26 [0.2ms]
[2026-05-06 14:09:05] MOVE chetan (red): 68→27 [0.1ms]
[2026-05-06 14:09:05] MOVE asha (blue): 14→58 [0.1ms]
[2026-05-06 14:09:06] MOVE chetan (red): 59→50 [0.1ms]
[2026-05-06 14:09:06] MOVE asha (blue): 49→67 [0.1ms]
[2026-05-06 14:09:06] MOVE chetan (red): 27→14 [0.1ms]
[2026-05-06 14:09:06] MOVE asha (blue): 58→77 [0.1ms]
[2026-05-06 14:09:06] MOVE chetan (red): 14→6 [0.1ms]
[2026-05-06 14:09:06] MOVE asha (blue): 5→60 [0.1ms]
[2026-05-06 14:09:07] MOVE chetan (red): 113→66 [0.1ms]
[2026-05-06 14:09:07] MOVE asha (blue): 26→69 [0.1ms]
[2026-05-06 14:09:07] MOVE chetan (red): 50→39 [0.1ms]
[2026-05-06 14:09:07] MOVE asha (blue): 60→79 [0.1ms]
[2026-05-06 14:09:07] MOVE chetan (red): 66→56 [0.2ms]
[2026-05-06 14:09:07] MOVE asha (blue): 69→90 [0.2ms]
[2026-05-06 14:09:08] MOVE chetan (red): 39→27 [0.1ms]
[2026-05-06 14:09:08] MOVE asha (blue): 77→89 [0.1ms]
[2026-05-06 14:09:08] MOVE chetan (red): 102→58 [0.1ms]
[2026-05-06 14:09:08] MOVE asha (blue): 89→113 [0.1ms]
[2026-05-06 14:09:08] MOVE chetan (red): 27→14 [0.1ms]
[2026-05-06 14:09:08] MOVE asha (blue): 79→102 [0.1ms]
[2026-05-06 14:09:09] MOVE chetan (red): 14→0 [0.1ms]
[2026-05-06 14:09:09] MOVE asha (blue): 102→111 [0.1ms]
[2026-05-06 14:09:09] MOVE chetan (red): 117→79 [0.5ms]
[2026-05-06 14:09:09] MOVE asha (blue): 90→102 [0.1ms]
[2026-05-06 14:09:09] MOVE chetan (red): 56→47 [0.1ms]
[2026-05-06 14:09:09] MOVE asha (blue): 102→120 [0.2ms]
[2026-05-06 14:09:10] MOVE chetan (red): 58→48 [0.1ms]
[2026-05-06 14:09:10] MOVE asha (blue): 38→78 [0.1ms]
[2026-05-06 14:09:10] MOVE chetan (red): 79→37 [0.1ms]
[2026-05-06 14:09:10] MOVE asha (blue): 67→90 [0.1ms]
[2026-05-06 14:09:10] MOVE chetan (red): 47→26 [0.1ms]
[2026-05-06 14:09:10] MOVE asha (blue): 78→116 [0.2ms]
[2026-05-06 14:09:11] MOVE chetan (red): 37→3 [0.1ms]
[2026-05-06 14:09:11] MOVE asha (blue): 90→102 [0.1ms]
[2026-05-06 14:09:11] MOVE chetan (red): 26→14 [0.1ms]
[2026-05-06 14:09:11] MOVE asha (blue): 102→117 [0.2ms]
[2026-05-06 14:09:11] MOVE chetan (red): 48→37 [0.1ms]
[2026-05-06 14:09:11] MOVE asha (blue): 7→29 [0.1ms]
[2026-05-06 14:09:11] MOVE chetan (red): 112→92 [0.1ms]
[2026-05-06 14:09:12] MOVE asha (blue): 16→41 [0.1ms]
[2026-05-06 14:09:12] MOVE chetan (red): 37→26 [0.1ms]
[2026-05-06 14:09:12] MOVE asha (blue): 29→52 [0.1ms]
[2026-05-06 14:09:12] MOVE chetan (red): 104→81 [0.1ms]
[2026-05-06 14:09:12] MOVE asha (blue): 41→62 [0.1ms]
[2026-05-06 14:09:12] MOVE chetan (red): 92→51 [0.1ms]
[2026-05-06 14:09:13] MOVE asha (blue): 52→72 [0.1ms]
[2026-05-06 14:09:13] MOVE chetan (red): 81→70 [0.1ms]
[2026-05-06 14:09:13] MOVE asha (blue): 62→83 [0.1ms]
[2026-05-06 14:09:13] MOVE chetan (red): 51→40 [0.1ms]
[2026-05-06 14:09:13] MOVE asha (blue): 72→95 [0.1ms]
[2026-05-06 14:09:13] MOVE chetan (red): 70→60 [0.1ms]
[2026-05-06 14:09:14] MOVE asha (blue): 83→94 [0.1ms]
[2026-05-06 14:09:14] MOVE chetan (red): 40→28 [0.1ms]
[2026-05-06 14:09:14] MOVE asha (blue): 95→93 [0.1ms]
[2026-05-06 14:09:14] MOVE chetan (red): 60→50 [0.1ms]
[2026-05-06 14:09:14] MOVE asha (blue): 94→106 [0.1ms]
[2026-05-06 14:09:14] MOVE chetan (red): 28→15 [0.1ms]
[2026-05-06 14:09:15] MOVE asha (blue): 93→105 [0.1ms]
[2026-05-06 14:09:15] MOVE chetan (red): 15→7 [0.1ms]
[2026-05-06 14:09:15] MOVE asha (blue): 106→104 [0.2ms]
[2026-05-06 14:09:15] MOVE chetan (red): 119→92 [0.1ms]
[2026-05-06 14:09:15] MOVE asha (blue): 104→112 [0.1ms]
[2026-05-06 14:09:15] MOVE chetan (red): 50→39 [0.1ms]
[2026-05-06 14:09:15] MOVE asha (blue): 105→104 [0.1ms]
[2026-05-06 14:09:16] MOVE chetan (red): 92→80 [0.1ms]
[2026-05-06 14:09:16] MOVE asha (blue): 104→115 [0.1ms]
[2026-05-06 14:09:16] MOVE chetan (red): 39→27 [0.1ms]
[2026-05-06 14:09:16] MOVE asha (blue): 9→17 [0.1ms]
[2026-05-06 14:09:16] MOVE chetan (red): 80→69 [0.2ms]
[2026-05-06 14:09:16] MOVE asha (blue): 1→4 [0.1ms]
[2026-05-06 14:09:17] MOVE chetan (red): 27→15 [0.1ms]
[2026-05-06 14:09:17] MOVE asha (blue): 17→29 [0.1ms]
[2026-05-06 14:09:17] MOVE chetan (red): 69→59 [0.1ms]
[2026-05-06 14:09:17] MOVE asha (blue): 4→8 [0.2ms]
[2026-05-06 14:09:17] MOVE chetan (red): 14→5 [0.4ms]
[2026-05-06 14:09:17] MOVE asha (blue): 29→40 [0.1ms]
[2026-05-06 14:09:18] MOVE chetan (red): 15→4 [0.1ms]
[2026-05-06 14:09:18] MOVE asha (blue): 2→9 [0.1ms]
[2026-05-06 14:09:18] MOVE chetan (red): 26→14 [0.1ms]
[2026-05-06 14:09:18] MOVE asha (blue): 40→50 [0.1ms]
[2026-05-06 14:09:18] MOVE chetan (red): 59→40 [0.1ms]
[2026-05-06 14:09:18] MOVE asha (blue): 8→16 [0.2ms]
[2026-05-06 14:09:19] MOVE chetan (red): 14→15 [0.1ms]
[2026-05-06 14:09:19] MOVE asha (blue): 50→59 [0.1ms]
[2026-05-06 14:09:19] MOVE chetan (red): 40→28 [0.1ms]
[2026-05-06 14:09:19] MOVE asha (blue): 16→39 [0.1ms]
[2026-05-06 14:09:19] MOVE chetan (red): 15→16 [0.2ms]
[2026-05-06 14:09:19] MOVE asha (blue): 59→68 [0.1ms]
[2026-05-06 14:09:20] MOVE chetan (red): 28→1 [0.1ms]
[2026-05-06 14:09:20] MOVE asha (blue): 39→49 [0.2ms]
[2026-05-06 14:09:20] MOVE chetan (red): 16→8 [0.1ms]
[2026-05-06 14:09:20] MOVE asha (blue): 68→78 [0.1ms]
[2026-05-06 14:09:20] MOVE chetan (red): 114→105 [2.0ms]
[2026-05-06 14:09:20] MOVE asha (blue): 49→58 [0.2ms]
[2026-05-06 14:09:21] MOVE chetan (red): 118→119 [0.1ms]
[2026-05-06 14:09:21] MOVE asha (blue): 78→89 [0.5ms]
[2026-05-06 14:09:21] MOVE chetan (red): 105→92 [0.1ms]
[2026-05-06 14:09:21] MOVE asha (blue): 58→67 [0.1ms]
[2026-05-06 14:09:21] MOVE chetan (red): 119→114 [0.1ms]
[2026-05-06 14:09:21] MOVE asha (blue): 89→102 [0.1ms]
[2026-05-06 14:09:22] MOVE chetan (red): 92→80 [0.1ms]
[2026-05-06 14:09:22] MOVE asha (blue): 67→77 [1.4ms]
[2026-05-06 14:09:22] MOVE chetan (red): 114→105 [0.1ms]
[2026-05-06 14:09:22] MOVE asha (blue): 102→103 [0.1ms]
[2026-05-06 14:09:22] MOVE chetan (red): 80→69 [0.1ms]
[2026-05-06 14:09:22] MOVE asha (blue): 77→89 [0.1ms]
[2026-05-06 14:09:22] MOVE chetan (red): 105→92 [0.1ms]
[2026-05-06 14:09:23] MOVE asha (blue): 103→104 [0.1ms]
[2026-05-06 14:09:23] MOVE chetan (red): 69→59 [0.1ms]
[2026-05-06 14:09:23] MOVE asha (blue): 89→102 [0.1ms]
[2026-05-06 14:09:23] MOVE chetan (red): 92→80 [0.1ms]
[2026-05-06 14:09:23] MOVE asha (blue): 104→105 [0.1ms]
[2026-05-06 14:09:23] MOVE chetan (red): 59→49 [0.1ms]
[2026-05-06 14:09:24] MOVE asha (blue): 105→114 [0.1ms]
[2026-05-06 14:09:24] MOVE chetan (red): 80→69 [0.3ms]
[2026-05-06 14:09:24] MOVE asha (blue): 102→103 [0.1ms]
[2026-05-06 14:09:24] MOVE chetan (red): 49→38 [0.1ms]
[2026-05-06 14:09:24] MOVE asha (blue): 9→17 [0.1ms]
[2026-05-06 14:09:24] MOVE chetan (red): 69→59 [0.1ms]
[2026-05-06 14:09:25] MOVE asha (blue): 103→104 [0.1ms]
[2026-05-06 14:09:25] MOVE chetan (red): 38→26 [0.2ms]
[2026-05-06 14:09:25] MOVE asha (blue): 17→29 [0.2ms]
[2026-05-06 14:09:25] MOVE chetan (red): 59→49 [0.1ms]
[2026-05-06 14:09:25] MOVE asha (blue): 104→105 [0.1ms]
[2026-05-06 14:09:25] MOVE chetan (red): 26→14 [0.1ms]
[2026-05-06 14:09:25] MOVE asha (blue): 29→40 [0.1ms]
[2026-05-06 14:09:26] MOVE chetan (red): 49→38 [0.1ms]
[2026-05-06 14:09:26] MOVE asha (blue): 105→106 [0.1ms]
[2026-05-06 14:09:26] MOVE chetan (red): 14→15 [0.2ms]
[2026-05-06 14:09:26] MOVE asha (blue): 40→50 [0.1ms]
[2026-05-06 14:09:26] MOVE chetan (red): 38→26 [0.1ms]
[2026-05-06 14:09:26] MOVE asha (blue): 106→93 [0.2ms]
[2026-05-06 14:09:27] MOVE chetan (red): 15→16 [0.1ms]
[2026-05-06 14:09:27] MOVE asha (blue): 50→59 [0.1ms]
[2026-05-06 14:09:27] MOVE chetan (red): 26→14 [0.1ms]
[2026-05-06 14:09:27] MOVE asha (blue): 93→92 [0.1ms]
[2026-05-06 14:09:27] MOVE chetan (red): 16→17 [0.2ms]
[2026-05-06 14:09:27] MOVE asha (blue): 59→68 [0.1ms]
[2026-05-06 14:09:28] MOVE chetan (red): 17→9 [0.1ms]
[2026-05-06 14:09:28] MOVE asha (blue): 92→104 [0.1ms]
[2026-05-06 14:09:28] MOVE chetan (red): 14→15 [0.2ms]
[2026-05-06 14:09:28] MOVE asha (blue): 68→78 [0.1ms]
[2026-05-06 14:09:28] MOVE chetan (red): 15→16 [0.1ms]
[2026-05-06 14:09:28] MOVE asha (blue): 104→103 [0.2ms]
[2026-05-06 14:09:29] MOVE chetan (red): 16→17 [0.1ms]
[2026-05-06 14:09:29] MOVE asha (blue): 78→89 [0.1ms]
[2026-05-06 14:09:29] MOVE chetan (red): 17→18 [0.1ms]
[2026-05-06 14:09:29] MOVE asha (blue): 103→102 [0.1ms]
[2026-05-06 14:09:29] MOVE chetan (red): 18→19 [0.1ms]
[2026-05-06 14:09:29] MOVE asha (blue): 89→90 [0.1ms]
[2026-05-06 14:09:30] MOVE chetan (red): 19→31 [0.2ms]
[2026-05-06 14:09:30] MOVE asha (blue): 102→89 [0.1ms]
[2026-05-06 14:09:30] MOVE chetan (red): 31→30 [0.1ms]
[2026-05-06 14:09:30] MOVE asha (blue): 90→102 [0.1ms]
[2026-05-06 14:09:30] MOVE chetan (red): 30→29 [0.1ms]
[2026-05-06 14:09:30] MOVE asha (blue): 89→90 [0.2ms]
[2026-05-06 14:09:31] MOVE chetan (red): 29→28 [0.1ms]
[2026-05-06 14:09:31] MOVE asha (blue): 102→103 [0.1ms]
[2026-05-06 14:09:31] MOVE chetan (red): 28→15 [0.1ms]
[2026-05-06 14:09:31] MOVE asha (blue): 90→91 [0.1ms]
[2026-05-06 14:09:31] MOVE chetan (red): 15→14 [0.1ms]
[2026-05-06 14:09:31] MOVE asha (blue): 103→104 [0.1ms]
[2026-05-06 14:09:31] MOVE chetan (red): 14→13 [0.1ms]
[2026-05-06 14:09:31] MOVE asha (blue): 91→103 [0.1ms]
[2026-05-06 14:09:32] MOVE chetan (red): 13→26 [0.1ms]
[2026-05-06 14:09:32] MOVE asha (blue): 104→105 [0.2ms]
[2026-05-06 14:09:32] MOVE chetan (red): 26→27 [0.1ms]
[2026-05-06 14:09:32] MOVE asha (blue): 103→102 [0.2ms]
[2026-05-06 14:09:32] MOVE chetan (red): 27→14 [0.1ms]
[2026-05-06 14:09:32] MOVE asha (blue): 105→106 [0.2ms]
[2026-05-06 14:09:33] MOVE chetan (red): 14→15 [0.2ms]
[2026-05-06 14:09:33] MOVE asha (blue): 102→89 [0.1ms]
[2026-05-06 14:09:33] MOVE chetan (red): 15→16 [0.1ms]
[2026-05-06 14:09:33] MOVE asha (blue): 106→93 [0.1ms]
[2026-05-06 14:09:33] MOVE chetan (red): 16→17 [0.1ms]
[2026-05-06 14:09:33] MOVE asha (blue): 89→90 [0.1ms]
[2026-05-06 14:09:34] MOVE chetan (red): 17→18 [0.1ms]
[2026-05-06 14:09:34] MOVE asha (blue): 93→92 [0.1ms]
[2026-05-06 14:09:34] MOVE chetan (red): 18→19 [0.1ms]
[2026-05-06 14:09:34] MOVE asha (blue): 90→91 [0.1ms]
[2026-05-06 14:09:34] MOVE chetan (red): 19→31 [0.1ms]
[2026-05-06 14:09:34] MOVE asha (blue): 92→104 [0.1ms]
[2026-05-06 14:09:35] MOVE chetan (red): 31→30 [0.1ms]
[2026-05-06 14:09:35] MOVE asha (blue): 91→103 [0.1ms]
[2026-05-06 14:09:35] MOVE chetan (red): 30→29 [0.1ms]
[2026-05-06 14:09:35] MOVE asha (blue): 104→102 [0.1ms]
[2026-05-06 14:09:35] MOVE chetan (red): 29→28 [0.1ms]
[2026-05-06 14:09:35] MOVE asha (blue): 103→104 [0.1ms]
[2026-05-06 14:09:36] MOVE chetan (red): 28→15 [0.6ms]
[2026-05-06 14:09:36] MOVE asha (blue): 102→103 [0.1ms]
[2026-05-06 14:09:36] MOVE chetan (red): 15→14 [0.1ms]
[2026-05-06 14:09:36] MOVE asha (blue): 104→102 [0.1ms]
[2026-05-06 14:09:36] MOVE chetan (red): 14→13 [0.1ms]
[2026-05-06 14:09:36] MOVE asha (blue): 103→101 [0.1ms]
[2026-05-06 14:09:37] MOVE chetan (red): 13→26 [0.1ms]
[2026-05-06 14:09:37] MOVE asha (blue): 102→89 [0.1ms]
[2026-05-06 14:09:37] MOVE chetan (red): 26→27 [0.2ms]
[2026-05-06 14:09:37] MOVE asha (blue): 101→78 [0.2ms]
[2026-05-06 14:09:37] MOVE chetan (red): 27→14 [0.1ms]
[2026-05-06 14:09:37] MOVE asha (blue): 89→90 [0.2ms]
[2026-05-06 14:09:38] MOVE chetan (red): 14→15 [0.1ms]
[2026-05-06 14:09:38] MOVE asha (blue): 78→89 [0.1ms]
[2026-05-06 14:09:38] MOVE chetan (red): 15→16 [0.1ms]
[2026-05-06 14:09:38] MOVE asha (blue): 90→103 [0.2ms]
[2026-05-06 14:09:38] MOVE chetan (red): 16→17 [0.2ms]
[2026-05-06 14:09:38] MOVE asha (blue): 89→102 [0.1ms]
[2026-05-06 14:09:39] MOVE chetan (red): 17→18 [0.1ms]
[2026-05-06 14:09:39] MOVE asha (blue): 103→104 [0.1ms]
[2026-05-06 14:09:39] MOVE chetan (red): 18→19 [0.1ms]
[2026-05-06 14:09:39] MOVE asha (blue): 102→103 [0.1ms]
[2026-05-06 14:09:39] MOVE chetan (red): 19→31 [0.1ms]
[2026-05-06 14:09:39] MOVE asha (blue): 104→102 [0.1ms]
[2026-05-06 14:09:39] MOVE chetan (red): 31→30 [0.1ms]
[2026-05-06 14:09:40] MOVE asha (blue): 103→104 [0.2ms]
[2026-05-06 14:09:40] MOVE chetan (red): 30→29 [0.1ms]
[2026-05-06 14:09:40] MOVE asha (blue): 102→89 [0.1ms]
[2026-05-06 14:09:40] MOVE chetan (red): 29→28 [0.1ms]
[2026-05-06 14:09:40] MOVE asha (blue): 104→105 [0.1ms]
[2026-05-06 14:09:40] MOVE chetan (red): 28→15 [0.1ms]
[2026-05-06 14:09:41] MOVE asha (blue): 89→90 [0.1ms]
[2026-05-06 14:09:41] MOVE chetan (red): 15→14 [0.1ms]
[2026-05-06 14:09:41] MOVE asha (blue): 105→106 [0.1ms]
[2026-05-06 14:09:41] MOVE chetan (red): 14→13 [0.3ms]
[2026-05-06 14:09:41] MOVE asha (blue): 90→103 [0.1ms]
[2026-05-06 14:09:41] MOVE chetan (red): 13→26 [0.1ms]
[2026-05-06 14:09:42] MOVE asha (blue): 106→93 [0.1ms]
[2026-05-06 14:09:42] MOVE chetan (red): 26→27 [0.1ms]
[2026-05-06 14:09:42] MOVE asha (blue): 103→104 [0.2ms]
[2026-05-06 14:09:42] MOVE chetan (red): 27→14 [0.1ms]
[2026-05-06 14:09:42] MOVE asha (blue): 93→92 [0.1ms]
[2026-05-06 14:09:42] MOVE chetan (red): 14→15 [0.2ms]
[2026-05-06 14:09:43] MOVE asha (blue): 104→105 [0.2ms]
[2026-05-06 14:09:43] MOVE chetan (red): 15→16 [0.1ms]
[2026-05-06 14:09:43] MOVE asha (blue): 92→104 [0.1ms]
[2026-05-06 14:09:43] MOVE chetan (red): 16→17 [0.2ms]
[2026-05-06 14:09:43] MOVE asha (blue): 105→106 [0.1ms]
[2026-05-06 14:09:43] MOVE chetan (red): 17→18 [0.1ms]
[2026-05-06 14:09:44] MOVE asha (blue): 104→103 [0.3ms]
[2026-05-06 14:09:44] MOVE chetan (red): 18→19 [0.1ms]
[2026-05-06 14:09:44] MOVE asha (blue): 106→93 [0.4ms]
[2026-05-06 14:09:44] MOVE chetan (red): 19→31 [0.3ms]
[2026-05-06 14:09:44] MOVE asha (blue): 103→102 [0.1ms]
[2026-05-06 14:09:44] MOVE chetan (red): 31→30 [0.1ms]
[2026-05-06 14:09:45] MOVE asha (blue): 93→92 [0.1ms]
[2026-05-06 14:09:45] MOVE chetan (red): 30→29 [0.1ms]
[2026-05-06 14:09:45] MOVE asha (blue): 102→89 [0.1ms]
[2026-05-06 14:09:45] MOVE chetan (red): 29→28 [0.1ms]
[2026-05-06 14:09:45] MOVE asha (blue): 92→104 [0.2ms]
[2026-05-06 14:09:45] MOVE chetan (red): 28→15 [0.1ms]
[2026-05-06 14:09:45] MOVE asha (blue): 89→90 [0.1ms]
[2026-05-06 14:09:46] MOVE chetan (red): 15→14 [0.1ms]
[2026-05-06 14:09:46] MOVE asha (blue): 104→103 [0.1ms]
[2026-05-06 14:09:46] MOVE chetan (red): 14→13 [0.1ms]
[2026-05-06 14:09:46] MOVE asha (blue): 90→91 [0.1ms]
[2026-05-06 14:09:46] MOVE chetan (red): 13→26 [0.1ms]
[2026-05-06 14:09:46] MOVE asha (blue): 103→102 [0.1ms]
[2026-05-06 14:09:47] MOVE chetan (red): 26→27 [0.1ms]
[2026-05-06 14:09:47] MOVE asha (blue): 91→103 [0.2ms]
[2026-05-06 14:09:47] MOVE chetan (red): 27→14 [0.2ms]
[2026-05-06 14:09:47] MOVE asha (blue): 102→89 [0.2ms]
[2026-05-06 14:09:47] MOVE chetan (red): 14→15 [0.1ms]
[2026-05-06 14:09:47] MOVE asha (blue): 103→102 [0.1ms]
[2026-05-06 14:09:48] MOVE chetan (red): 15→16 [0.1ms]
[2026-05-06 14:09:48] MOVE asha (blue): 89→90 [0.1ms]
[2026-05-06 14:09:48] MOVE chetan (red): 16→17 [0.2ms]
[2026-05-06 14:09:48] MOVE asha (blue): 102→89 [0.1ms]
[2026-05-06 14:09:48] MOVE chetan (red): 17→18 [0.1ms]
[2026-05-06 14:09:48] MOVE asha (blue): 90→91 [0.3ms]
[2026-05-06 14:09:49] MOVE chetan (red): 18→19 [0.1ms]
[2026-05-06 14:09:49] MOVE asha (blue): 89→90 [0.1ms]
[2026-05-06 14:09:49] MOVE chetan (red): 19→31 [0.1ms]
[2026-05-06 14:09:49] MOVE asha (blue): 91→103 [0.1ms]
[2026-05-06 14:09:49] MOVE chetan (red): 31→30 [0.1ms]
[2026-05-06 14:09:49] MOVE asha (blue): 90→91 [0.1ms]
[2026-05-06 14:09:49] MOVE chetan (red): 30→29 [0.1ms]
[2026-05-06 14:09:50] MOVE asha (blue): 103→102 [0.1ms]
[2026-05-06 14:09:50] MOVE chetan (red): 29→28 [0.1ms]
[2026-05-06 14:09:50] MOVE asha (blue): 91→103 [0.2ms]
[2026-05-06 14:09:50] MOVE chetan (red): 28→15 [0.1ms]
[2026-05-06 14:09:50] MOVE asha (blue): 102→104 [0.1ms]
[2026-05-06 14:09:50] MOVE chetan (red): 15→14 [0.1ms]
[2026-05-06 14:09:51] MOVE asha (blue): 103→105 [0.1ms]
[2026-05-06 14:09:51] MOVE chetan (red): 14→13 [0.1ms]
[2026-05-06 14:09:51] MOVE asha (blue): 104→106 [0.1ms]
[2026-05-06 14:09:51] MOVE chetan (red): 13→26 [0.1ms]
[2026-05-06 14:09:51] MOVE asha (blue): 105→104 [0.2ms]
[2026-05-06 14:09:51] MOVE chetan (red): 26→27 [0.2ms]
[2026-05-06 14:09:52] MOVE asha (blue): 106→105 [0.1ms]
[2026-05-06 14:09:52] MOVE chetan (red): 27→14 [0.1ms]
[2026-05-06 14:09:52] MOVE asha (blue): 104→106 [0.1ms]
[2026-05-06 14:09:52] MOVE chetan (red): 14→15 [0.1ms]
[2026-05-06 14:09:52] MOVE asha (blue): 105→107 [0.2ms]
[2026-05-06 14:09:52] MOVE chetan (red): 15→16 [0.1ms]
[2026-05-06 14:09:52] MOVE asha (blue): 106→93 [0.1ms]
[2026-05-06 14:09:53] MOVE chetan (red): 16→17 [0.2ms]
[2026-05-06 14:09:53] MOVE asha (blue): 107→94 [0.1ms]
[2026-05-06 14:09:53] MOVE chetan (red): 17→18 [0.1ms]
[2026-05-06 14:09:53] MOVE asha (blue): 93→92 [0.1ms]
[2026-05-06 14:09:53] MOVE chetan (red): 18→19 [0.2ms]
[2026-05-06 14:09:53] MOVE asha (blue): 94→93 [0.2ms]
[2026-05-06 14:09:54] MOVE chetan (red): 19→31 [0.1ms]
[2026-05-06 14:09:54] MOVE asha (blue): 92→105 [1.7ms]
[2026-05-06 14:09:54] MOVE chetan (red): 31→30 [0.5ms]
[2026-05-06 14:09:54] MOVE asha (blue): 93→106 [0.1ms]
[2026-05-06 14:09:54] MOVE chetan (red): 30→29 [0.4ms]
[2026-05-06 14:09:54] MOVE asha (blue): 105→104 [3.3ms]
[2026-05-06 14:09:55] MOVE chetan (red): 29→28 [7.6ms]
[2026-05-06 14:09:55] MOVE asha (blue): 106→105 [13.2ms]
[2026-05-06 14:09:55] MOVE chetan (red): 28→15 [0.4ms]
[2026-05-06 14:09:55] MOVE asha (blue): 104→106 [0.4ms]
[2026-05-06 14:09:55] MOVE chetan (red): 15→14 [0.3ms]
[2026-05-06 14:09:56] MOVE asha (blue): 105→104 [1.5ms]
[2026-05-06 14:09:56] MOVE chetan (red): 14→13 [1.1ms]
[2026-05-06 14:09:56] MOVE asha (blue): 106→93 [0.1ms]
[2026-05-06 14:09:56] MOVE chetan (red): 13→26 [0.6ms]
[2026-05-06 14:09:56] MOVE asha (blue): 104→103 [0.1ms]
[2026-05-06 14:09:56] MOVE chetan (red): 26→27 [0.6ms]
[2026-05-06 14:09:57] MOVE asha (blue): 93→92 [0.1ms]
[2026-05-06 14:09:57] MOVE chetan (red): 27→14 [0.2ms]
[2026-05-06 14:09:57] MOVE asha (blue): 103→102 [0.1ms]
[2026-05-06 14:09:57] MOVE chetan (red): 14→15 [0.1ms]
[2026-05-06 14:09:57] MOVE asha (blue): 92→105 [0.2ms]
[2026-05-06 14:09:57] MOVE chetan (red): 15→16 [0.1ms]
[2026-05-06 14:09:58] MOVE asha (blue): 102→89 [0.1ms]
[2026-05-06 14:09:58] MOVE chetan (red): 16→17 [0.1ms]
[2026-05-06 14:09:58] MOVE asha (blue): 105→104 [0.1ms]
[2026-05-06 14:09:58] MOVE chetan (red): 17→18 [0.1ms]
[2026-05-06 14:09:58] MOVE asha (blue): 89→90 [0.2ms]
[2026-05-06 14:09:58] MOVE chetan (red): 18→19 [0.2ms]
[2026-05-06 14:09:59] MOVE asha (blue): 104→103 [0.1ms]
[2026-05-06 14:09:59] MOVE chetan (red): 19→31 [0.1ms]
[2026-05-06 14:09:59] MOVE asha (blue): 90→91 [0.1ms]
[2026-05-06 14:09:59] MOVE chetan (red): 31→30 [0.1ms]
[2026-05-06 14:09:59] MOVE asha (blue): 103→102 [0.1ms]
[2026-05-06 14:09:59] MOVE chetan (red): 30→29 [0.1ms]
[2026-05-06 14:10:00] MOVE asha (blue): 91→103 [0.4ms]
[2026-05-06 14:10:00] MOVE chetan (red): 29→28 [0.1ms]
[2026-05-06 14:10:00] MOVE asha (blue): 102→89 [0.1ms]
[2026-05-06 14:10:00] MOVE chetan (red): 28→15 [0.1ms]
[2026-05-06 14:10:00] MOVE asha (blue): 103→102 [0.1ms]
[2026-05-06 14:10:00] MOVE chetan (red): 15→14 [0.1ms]
[2026-05-06 14:10:01] MOVE asha (blue): 89→90 [0.2ms]
[2026-05-06 14:10:01] MOVE chetan (red): 14→13 [0.1ms]
[2026-05-06 14:10:01] MOVE asha (blue): 102→89 [0.1ms]
[2026-05-06 14:10:01] MOVE chetan (red): 13→26 [0.2ms]
[2026-05-06 14:10:01] MOVE asha (blue): 90→91 [0.1ms]
[2026-05-06 14:10:01] MOVE chetan (red): 26→27 [0.1ms]
[2026-05-06 14:10:02] MOVE asha (blue): 89→90 [0.5ms]
[2026-05-06 14:10:02] MOVE chetan (red): 27→14 [2.4ms]
[2026-05-06 14:10:02] MOVE asha (blue): 91→103 [0.1ms]
[2026-05-06 14:10:02] MOVE chetan (red): 14→15 [0.5ms]
[2026-05-06 14:10:02] MOVE asha (blue): 90→91 [0.1ms]
[2026-05-06 14:10:03] MOVE chetan (red): 15→16 [0.1ms]
[2026-05-06 14:10:03] MOVE asha (blue): 103→102 [0.1ms]
[2026-05-06 14:10:03] MOVE chetan (red): 16→17 [0.1ms]
[2026-05-06 14:10:03] MOVE asha (blue): 91→103 [0.2ms]
[2026-05-06 14:10:03] MOVE chetan (red): 17→18 [0.1ms]
[2026-05-06 14:10:03] MOVE asha (blue): 102→104 [0.1ms]
[2026-05-06 14:10:04] MOVE chetan (red): 18→19 [0.1ms]
[2026-05-06 14:10:04] MOVE asha (blue): 103→105 [0.1ms]
[2026-05-06 14:10:04] MOVE chetan (red): 19→31 [0.1ms]
[2026-05-06 14:10:04] MOVE asha (blue): 104→106 [0.1ms]
[2026-05-06 14:10:04] MOVE chetan (red): 31→30 [0.1ms]
[2026-05-06 14:10:04] MOVE asha (blue): 105→104 [0.1ms]
[2026-05-06 14:10:05] MOVE chetan (red): 30→29 [0.1ms]
[2026-05-06 14:10:05] MOVE asha (blue): 106→105 [0.1ms]
[2026-05-06 14:10:05] MOVE chetan (red): 29→28 [0.1ms]
[2026-05-06 14:10:05] MOVE asha (blue): 104→106 [0.1ms]
[2026-05-06 14:10:05] MOVE chetan (red): 28→15 [0.1ms]
[2026-05-06 14:10:05] MOVE asha (blue): 105→107 [0.3ms]
[2026-05-06 14:10:06] MOVE chetan (red): 15→14 [0.1ms]
[2026-05-06 14:10:06] MOVE asha (blue): 106→93 [0.1ms]
[2026-05-06 14:10:06] MOVE chetan (red): 14→13 [0.1ms]
[2026-05-06 14:10:06] MOVE asha (blue): 107→94 [0.1ms]
[2026-05-06 14:10:06] MOVE chetan (red): 13→26 [0.1ms]
[2026-05-06 14:10:06] MOVE asha (blue): 93→92 [0.1ms]
[2026-05-06 14:10:07] MOVE chetan (red): 26→27 [0.2ms]
[2026-05-06 14:10:07] MOVE asha (blue): 94→93 [0.1ms]
[2026-05-06 14:10:07] MOVE chetan (red): 27→14 [0.1ms]
[2026-05-06 14:10:07] MOVE asha (blue): 92→105 [0.2ms]
[2026-05-06 14:10:07] MOVE chetan (red): 14→15 [0.1ms]
[2026-05-06 14:10:07] MOVE asha (blue): 93→106 [0.1ms]
[2026-05-06 14:10:08] MOVE chetan (red): 15→16 [0.2ms]
[2026-05-06 14:10:08] MOVE asha (blue): 105→104 [0.1ms]
[2026-05-06 14:10:08] MOVE chetan (red): 16→17 [0.2ms]
[2026-05-06 14:10:08] MOVE asha (blue): 106→105 [0.1ms]
[2026-05-06 14:10:08] MOVE chetan (red): 17→18 [0.1ms]
[2026-05-06 14:10:08] MOVE asha (blue): 104→106 [0.2ms]
[2026-05-06 14:10:09] MOVE chetan (red): 18→19 [0.1ms]
[2026-05-06 14:10:09] MOVE asha (blue): 105→104 [0.2ms]
[2026-05-06 14:10:09] MOVE chetan (red): 19→31 [0.1ms]
[2026-05-06 14:10:09] MOVE asha (blue): 106→93 [0.1ms]
[2026-05-06 14:10:09] MOVE chetan (red): 31→30 [0.1ms]
[2026-05-06 14:10:09] MOVE asha (blue): 104→103 [0.1ms]
[2026-05-06 14:10:09] MOVE chetan (red): 30→29 [0.1ms]
[2026-05-06 14:10:10] MOVE asha (blue): 93→92 [0.1ms]
[2026-05-06 14:10:10] MOVE chetan (red): 29→28 [0.1ms]
[2026-05-06 14:10:10] MOVE asha (blue): 103→102 [0.1ms]
[2026-05-06 14:10:10] MOVE chetan (red): 28→15 [0.1ms]
[2026-05-06 14:10:10] MOVE asha (blue): 92→105 [0.1ms]
[2026-05-06 14:10:10] MOVE chetan (red): 15→14 [0.1ms]
[2026-05-06 14:10:11] MOVE asha (blue): 102→89 [0.2ms]
[2026-05-06 14:10:11] MOVE chetan (red): 14→13 [0.2ms]
[2026-05-06 14:10:11] MOVE asha (blue): 105→104 [0.1ms]
[2026-05-06 14:10:11] MOVE chetan (red): 13→26 [0.1ms]
[2026-05-06 14:10:11] MOVE asha (blue): 89→90 [0.1ms]
[2026-05-06 14:10:11] MOVE chetan (red): 26→27 [0.1ms]
[2026-05-06 14:10:12] MOVE asha (blue): 104→103 [0.2ms]
[2026-05-06 14:10:12] MOVE chetan (red): 27→14 [0.1ms]
[2026-05-06 14:10:12] MOVE asha (blue): 90→91 [0.1ms]
[2026-05-06 14:10:12] MOVE chetan (red): 14→15 [0.1ms]
[2026-05-06 14:10:12] MOVE asha (blue): 103→102 [0.1ms]
[2026-05-06 14:10:12] MOVE chetan (red): 15→16 [0.1ms]
[2026-05-06 14:10:13] MOVE asha (blue): 91→103 [0.1ms]
[2026-05-06 14:10:13] MOVE chetan (red): 16→17 [0.1ms]
[2026-05-06 14:10:13] MOVE asha (blue): 102→89 [0.1ms]
[2026-05-06 14:10:13] MOVE chetan (red): 17→18 [0.3ms]
[2026-05-06 14:10:13] MOVE asha (blue): 103→102 [0.1ms]
[2026-05-06 14:10:13] MOVE chetan (red): 18→19 [0.1ms]
[2026-05-06 14:10:13] MOVE asha (blue): 89→90 [0.2ms]
[2026-05-06 14:10:14] MOVE chetan (red): 19→31 [0.1ms]
[2026-05-06 14:10:14] MOVE asha (blue): 102→89 [0.1ms]
[2026-05-06 14:10:14] MOVE chetan (red): 31→30 [0.2ms]
[2026-05-06 14:10:14] MOVE asha (blue): 90→91 [0.3ms]
[2026-05-06 14:10:14] MOVE chetan (red): 30→29 [0.1ms]
[2026-05-06 14:10:14] MOVE asha (blue): 89→90 [0.1ms]
[2026-05-06 14:10:15] MOVE chetan (red): 29→28 [0.1ms]
[2026-05-06 14:10:15] MOVE asha (blue): 91→103 [0.1ms]
[2026-05-06 14:10:15] MOVE chetan (red): 28→15 [0.1ms]
[2026-05-06 14:10:15] MOVE asha (blue): 90→91 [0.1ms]
[2026-05-06 14:10:15] MOVE chetan (red): 15→14 [0.1ms]
[2026-05-06 14:10:15] MOVE asha (blue): 103→102 [0.1ms]
[2026-05-06 14:10:16] MOVE chetan (red): 14→13 [0.1ms]
[2026-05-06 14:10:16] MOVE asha (blue): 91→103 [0.1ms]
[2026-05-06 14:10:16] MOVE chetan (red): 13→26 [0.1ms]
[2026-05-06 14:10:16] MOVE asha (blue): 102→104 [0.1ms]
[2026-05-06 14:10:16] MOVE chetan (red): 26→27 [0.1ms]
[2026-05-06 14:10:16] MOVE asha (blue): 103→105 [0.1ms]
[2026-05-06 14:10:17] MOVE chetan (red): 27→14 [0.1ms]
[2026-05-06 14:10:17] MOVE asha (blue): 104→106 [0.2ms]
[2026-05-06 14:10:17] MOVE chetan (red): 14→15 [0.1ms]
[2026-05-06 14:10:17] MOVE asha (blue): 105→104 [0.1ms]
[2026-05-06 14:10:17] MOVE chetan (red): 15→16 [0.1ms]
[2026-05-06 14:10:17] MOVE asha (blue): 106→105 [0.1ms]
[2026-05-06 14:10:18] MOVE chetan (red): 16→17 [0.1ms]
[2026-05-06 14:10:18] MOVE asha (blue): 104→106 [0.1ms]
[2026-05-06 14:10:18] MOVE chetan (red): 17→18 [0.1ms]
[2026-05-06 14:10:18] MOVE asha (blue): 105→107 [0.1ms]
[2026-05-06 14:10:18] MOVE chetan (red): 18→19 [0.1ms]
[2026-05-06 14:10:18] MOVE asha (blue): 106→93 [0.2ms]
[2026-05-06 14:10:18] MOVE chetan (red): 19→31 [0.1ms]
[2026-05-06 14:10:19] MOVE asha (blue): 107→94 [0.1ms]
[2026-05-06 14:10:19] MOVE chetan (red): 31→30 [0.1ms]
[2026-05-06 14:10:19] MOVE asha (blue): 93→92 [0.2ms]
[2026-05-06 14:10:19] MOVE chetan (red): 30→29 [0.1ms]
[2026-05-06 14:10:19] MOVE asha (blue): 94→93 [0.1ms]
[2026-05-06 14:10:19] MOVE chetan (red): 29→28 [0.1ms]
[2026-05-06 14:10:20] MOVE asha (blue): 92→105 [0.2ms]
[2026-05-06 14:10:20] MOVE chetan (red): 28→15 [0.1ms]
[2026-05-06 14:10:20] MOVE asha (blue): 93→106 [0.1ms]
[2026-05-06 14:10:20] MOVE chetan (red): 15→14 [0.2ms]
[2026-05-06 14:10:20] MOVE asha (blue): 105→104 [0.1ms]
[2026-05-06 14:10:20] MOVE chetan (red): 14→13 [0.1ms]
[2026-05-06 14:10:21] MOVE asha (blue): 106→105 [0.1ms]
[2026-05-06 14:10:21] MOVE chetan (red): 13→26 [0.1ms]
[2026-05-06 14:10:21] MOVE asha (blue): 104→106 [0.2ms]
[2026-05-06 14:10:21] MOVE chetan (red): 26→27 [0.1ms]
[2026-05-06 14:10:21] MOVE asha (blue): 105→104 [0.1ms]
[2026-05-06 14:10:21] MOVE chetan (red): 27→14 [0.1ms]
[2026-05-06 14:10:22] MOVE asha (blue): 106→93 [0.1ms]
[2026-05-06 14:10:22] MOVE chetan (red): 14→15 [0.1ms]
[2026-05-06 14:10:22] MOVE asha (blue): 104→103 [0.1ms]
[2026-05-06 14:10:22] MOVE chetan (red): 15→16 [0.1ms]
[2026-05-06 14:10:22] MOVE asha (blue): 93→92 [0.1ms]
[2026-05-06 14:10:23] MOVE chetan (red): 16→17 [0.3ms]
[2026-05-06 14:10:23] MOVE asha (blue): 103→102 [0.1ms]
[2026-05-06 14:10:23] MOVE chetan (red): 17→18 [0.1ms]
[2026-05-06 14:10:23] MOVE asha (blue): 92→105 [0.2ms]
[2026-05-06 14:10:24] MOVE chetan (red): 18→19 [0.1ms]
[2026-05-06 14:10:24] MOVE asha (blue): 102→89 [0.1ms]
[2026-05-06 14:10:24] MOVE chetan (red): 19→31 [0.1ms]
[2026-05-06 14:10:24] MOVE asha (blue): 105→104 [0.1ms]
[2026-05-06 14:10:24] MOVE chetan (red): 31→30 [0.1ms]
[2026-05-06 14:10:24] MOVE asha (blue): 89→90 [0.1ms]
[2026-05-06 14:10:25] MOVE chetan (red): 30→29 [0.1ms]
[2026-05-06 14:10:25] MOVE asha (blue): 104→103 [0.1ms]
[2026-05-06 14:10:25] MOVE chetan (red): 29→28 [0.1ms]
[2026-05-06 14:10:25] MOVE asha (blue): 90→91 [0.1ms]
[2026-05-06 14:10:25] MOVE chetan (red): 28→15 [0.1ms]
[2026-05-06 14:10:25] MOVE asha (blue): 103→102 [0.1ms]
[2026-05-06 14:10:26] MOVE chetan (red): 15→14 [0.1ms]
[2026-05-06 14:10:26] MOVE asha (blue): 91→103 [0.1ms]
[2026-05-06 14:10:26] MOVE chetan (red): 14→13 [0.2ms]
[2026-05-06 14:10:26] MOVE asha (blue): 102→89 [0.1ms]
[2026-05-06 14:10:26] MOVE chetan (red): 13→26 [0.1ms]
[2026-05-06 14:10:27] MOVE asha (blue): 103→102 [0.1ms]
[2026-05-06 14:10:27] MOVE chetan (red): 26→27 [0.2ms]
[2026-05-06 14:10:27] MOVE asha (blue): 89→90 [0.1ms]
[2026-05-06 14:10:27] MOVE chetan (red): 27→14 [0.1ms]
[2026-05-06 14:10:27] MOVE asha (blue): 102→89 [0.1ms]
[2026-05-06 14:10:27] MOVE chetan (red): 14→15 [0.1ms]
[2026-05-06 14:10:27] MOVE asha (blue): 90→91 [0.1ms]
[2026-05-06 14:10:27] MOVE chetan (red): 15→16 [0.1ms]
[2026-05-06 14:10:28] MOVE asha (blue): 89→90 [0.1ms]
[2026-05-06 14:10:28] MOVE chetan (red): 16→17 [0.1ms]
[2026-05-06 14:10:28] MOVE asha (blue): 91→103 [0.1ms]
[2026-05-06 14:10:28] MOVE chetan (red): 17→18 [0.1ms]
[2026-05-06 14:10:28] MOVE asha (blue): 90→91 [0.1ms]
[2026-05-06 14:10:29] MOVE chetan (red): 18→19 [0.1ms]
[2026-05-06 14:10:29] MOVE asha (blue): 103→102 [0.1ms]
[2026-05-06 14:10:29] MOVE chetan (red): 19→31 [0.1ms]
[2026-05-06 14:10:29] MOVE asha (blue): 91→103 [0.1ms]
[2026-05-06 14:10:29] MOVE chetan (red): 31→30 [0.1ms]
[2026-05-06 14:10:29] MOVE asha (blue): 102→104 [0.1ms]
[2026-05-06 14:10:30] MOVE chetan (red): 30→29 [0.1ms]
[2026-05-06 14:10:30] MOVE asha (blue): 103→105 [0.1ms]
[2026-05-06 14:10:30] MOVE chetan (red): 29→28 [0.1ms]
[2026-05-06 14:10:30] MOVE asha (blue): 104→106 [0.1ms]
[2026-05-06 14:10:30] MOVE chetan (red): 28→15 [0.1ms]
[2026-05-06 14:10:30] MOVE asha (blue): 105→104 [0.1ms]
[2026-05-06 14:10:31] MOVE chetan (red): 15→14 [0.1ms]
[2026-05-06 14:10:31] MOVE asha (blue): 106→105 [0.1ms]
[2026-05-06 14:10:31] MOVE chetan (red): 14→13 [0.1ms]
[2026-05-06 14:10:31] MOVE asha (blue): 104→106 [0.2ms]
[2026-05-06 14:10:31] MOVE chetan (red): 13→26 [0.2ms]
[2026-05-06 14:10:31] MOVE asha (blue): 105→107 [0.2ms]
[2026-05-06 14:10:32] MOVE chetan (red): 26→27 [0.1ms]
[2026-05-06 14:10:32] MOVE asha (blue): 106→93 [0.2ms]
[2026-05-06 14:10:32] MOVE chetan (red): 27→14 [0.1ms]
[2026-05-06 14:10:32] MOVE asha (blue): 107→94 [0.1ms]
[2026-05-06 14:10:32] MOVE chetan (red): 14→15 [0.1ms]
[2026-05-06 14:10:32] MOVE asha (blue): 93→92 [0.1ms]
[2026-05-06 14:10:33] MOVE chetan (red): 15→16 [0.1ms]
[2026-05-06 14:10:33] MOVE asha (blue): 94→93 [0.1ms]
[2026-05-06 14:10:33] MOVE chetan (red): 16→17 [0.1ms]
[2026-05-06 14:10:33] MOVE asha (blue): 92→105 [0.1ms]
[2026-05-06 14:10:33] MOVE chetan (red): 17→18 [0.3ms]
[2026-05-06 14:10:33] MOVE asha (blue): 93→106 [0.1ms]
[2026-05-06 14:10:34] MOVE chetan (red): 18→19 [0.2ms]
[2026-05-06 14:10:34] MOVE asha (blue): 105→104 [0.1ms]
[2026-05-06 14:10:34] MOVE chetan (red): 19→31 [0.1ms]
[2026-05-06 14:10:34] MOVE asha (blue): 106→105 [0.1ms]
[2026-05-06 14:10:34] MOVE chetan (red): 31→30 [0.1ms]
[2026-05-06 14:10:34] MOVE asha (blue): 104→106 [0.1ms]
[2026-05-06 14:10:35] MOVE chetan (red): 30→29 [0.1ms]
[2026-05-06 14:10:35] MOVE asha (blue): 105→104 [0.1ms]
[2026-05-06 14:10:35] MOVE chetan (red): 29→28 [0.1ms]
[2026-05-06 14:10:35] MOVE asha (blue): 106→93 [0.1ms]
[2026-05-06 14:10:35] MOVE chetan (red): 28→15 [0.1ms]
[2026-05-06 14:10:35] MOVE asha (blue): 104→103 [0.1ms]
[2026-05-06 14:10:36] MOVE chetan (red): 15→14 [0.1ms]
[2026-05-06 14:10:36] MOVE asha (blue): 93→92 [0.1ms]
[2026-05-06 14:10:36] MOVE chetan (red): 14→13 [0.1ms]
[2026-05-06 14:10:36] MOVE asha (blue): 103→102 [0.1ms]
[2026-05-06 14:10:36] MOVE chetan (red): 13→26 [0.1ms]
[2026-05-06 14:10:36] MOVE asha (blue): 92→105 [0.1ms]
[2026-05-06 14:10:37] MOVE chetan (red): 26→27 [0.1ms]
[2026-05-06 14:10:37] MOVE asha (blue): 102→89 [0.1ms]
[2026-05-06 14:10:37] MOVE chetan (red): 27→14 [0.1ms]
[2026-05-06 14:10:37] MOVE asha (blue): 105→104 [0.1ms]
[2026-05-06 14:10:37] MOVE chetan (red): 14→15 [0.1ms]
[2026-05-06 14:10:37] MOVE asha (blue): 89→90 [0.1ms]
[2026-05-06 14:10:37] MOVE chetan (red): 15→16 [0.1ms]
[2026-05-06 14:10:38] MOVE asha (blue): 104→103 [0.1ms]
[2026-05-06 14:10:38] MOVE chetan (red): 16→17 [0.1ms]
[2026-05-06 14:10:38] MOVE asha (blue): 90→91 [0.1ms]
[2026-05-06 14:10:38] MOVE chetan (red): 17→18 [0.1ms]
[2026-05-06 14:10:38] MOVE asha (blue): 103→102 [0.4ms]
[2026-05-06 14:10:38] MOVE chetan (red): 18→19 [0.1ms]
[2026-05-06 14:10:39] MOVE asha (blue): 91→103 [0.1ms]
[2026-05-06 14:10:39] MOVE chetan (red): 19→31 [0.1ms]
[2026-05-06 14:10:39] MOVE asha (blue): 102→89 [0.1ms]
[2026-05-06 14:10:39] MOVE chetan (red): 31→30 [0.1ms]
[2026-05-06 14:10:39] MOVE asha (blue): 103→102 [0.1ms]
[2026-05-06 14:10:39] MOVE chetan (red): 30→29 [0.3ms]
[2026-05-06 14:10:39] MOVE asha (blue): 89→90 [0.1ms]
[2026-05-06 14:10:40] MOVE chetan (red): 29→28 [0.1ms]
[2026-05-06 14:10:40] MOVE asha (blue): 102→89 [0.1ms]
[2026-05-06 14:10:40] MOVE chetan (red): 28→15 [0.1ms]
[2026-05-06 14:10:40] MOVE asha (blue): 90→91 [0.1ms]
[2026-05-06 14:10:40] MOVE chetan (red): 15→14 [0.1ms]
[2026-05-06 14:10:40] MOVE asha (blue): 89→90 [0.1ms]
[2026-05-06 14:10:41] MOVE chetan (red): 14→13 [0.1ms]
[2026-05-06 14:10:41] MOVE asha (blue): 91→103 [0.1ms]
[2026-05-06 14:10:41] MOVE chetan (red): 13→26 [0.1ms]
[2026-05-06 14:10:41] MOVE asha (blue): 90→91 [0.1ms]
[2026-05-06 14:10:41] MOVE chetan (red): 26→27 [0.1ms]
[2026-05-06 14:10:41] MOVE asha (blue): 103→102 [0.1ms]
[2026-05-06 14:10:42] MOVE chetan (red): 27→14 [0.2ms]
[2026-05-06 14:10:42] MOVE asha (blue): 91→103 [0.1ms]
[2026-05-06 14:10:42] MOVE chetan (red): 14→15 [0.1ms]
[2026-05-06 14:10:42] MOVE asha (blue): 102→104 [0.1ms]
[2026-05-06 14:10:42] MOVE chetan (red): 15→16 [0.1ms]
[2026-05-06 14:10:42] MOVE asha (blue): 103→105 [0.1ms]
[2026-05-06 14:10:43] MOVE chetan (red): 16→17 [0.1ms]
[2026-05-06 14:10:43] MOVE asha (blue): 104→106 [0.1ms]
[2026-05-06 14:10:43] MOVE chetan (red): 17→18 [0.2ms]
[2026-05-06 14:10:43] MOVE asha (blue): 105→104 [0.1ms]
[2026-05-06 14:10:43] MOVE chetan (red): 18→19 [0.1ms]
[2026-05-06 14:10:44] MOVE asha (blue): 106→105 [0.1ms]
[2026-05-06 14:10:44] MOVE chetan (red): 19→31 [0.1ms]
[2026-05-06 14:10:44] MOVE asha (blue): 104→106 [0.1ms]
[2026-05-06 14:10:44] MOVE chetan (red): 31→30 [0.1ms]
[2026-05-06 14:10:44] MOVE asha (blue): 105→107 [0.1ms]
[2026-05-06 14:10:45] MOVE chetan (red): 30→29 [0.1ms]
[2026-05-06 14:10:45] MOVE asha (blue): 106→93 [0.1ms]
[2026-05-06 14:10:45] MOVE chetan (red): 29→28 [0.1ms]
[2026-05-06 14:10:45] MOVE asha (blue): 107→94 [0.2ms]
[2026-05-06 14:10:45] MOVE chetan (red): 28→15 [0.1ms]
[2026-05-06 14:10:45] MOVE asha (blue): 93→92 [0.1ms]
[2026-05-06 14:10:46] MOVE chetan (red): 15→14 [0.1ms]
[2026-05-06 14:10:46] MOVE asha (blue): 94→93 [0.2ms]
[2026-05-06 14:10:46] MOVE chetan (red): 14→13 [0.1ms]
[2026-05-06 14:10:46] MOVE asha (blue): 92→105 [0.2ms]
[2026-05-06 14:10:46] MOVE chetan (red): 13→26 [0.1ms]
[2026-05-06 14:10:46] MOVE asha (blue): 93→106 [0.3ms]
[2026-05-06 14:10:47] MOVE chetan (red): 26→27 [0.1ms]
[2026-05-06 14:10:47] MOVE asha (blue): 105→104 [0.1ms]
[2026-05-06 14:10:47] MOVE chetan (red): 27→14 [0.1ms]
[2026-05-06 14:10:47] MOVE asha (blue): 106→105 [0.1ms]
[2026-05-06 14:10:47] MOVE chetan (red): 14→15 [0.1ms]
[2026-05-06 14:10:47] MOVE asha (blue): 104→106 [0.2ms]
[2026-05-06 14:10:47] MOVE chetan (red): 15→16 [0.1ms]
[2026-05-06 14:10:48] MOVE asha (blue): 105→104 [0.1ms]
[2026-05-06 14:10:48] MOVE chetan (red): 16→17 [0.1ms]
[2026-05-06 14:10:48] MOVE asha (blue): 106→93 [0.2ms]
[2026-05-06 14:10:48] MOVE chetan (red): 17→18 [0.2ms]
[2026-05-06 14:10:48] MOVE asha (blue): 104→103 [0.1ms]
[2026-05-06 14:10:48] MOVE chetan (red): 18→19 [0.1ms]
[2026-05-06 14:10:49] MOVE asha (blue): 93→92 [0.1ms]
[2026-05-06 14:10:49] MOVE chetan (red): 19→31 [0.1ms]
[2026-05-06 14:10:49] MOVE asha (blue): 103→102 [0.1ms]
[2026-05-06 14:10:49] MOVE chetan (red): 31→30 [0.1ms]
[2026-05-06 14:10:49] MOVE asha (blue): 92→105 [0.2ms]
[2026-05-06 14:10:49] MOVE chetan (red): 30→29 [0.1ms]
[2026-05-06 14:10:50] MOVE asha (blue): 102→89 [0.1ms]
[2026-05-06 14:10:50] MOVE chetan (red): 29→28 [0.2ms]
[2026-05-06 14:10:50] MOVE asha (blue): 105→104 [0.1ms]
[2026-05-06 14:10:51] MOVE chetan (red): 28→15 [0.1ms]
[2026-05-06 14:10:51] MOVE asha (blue): 89→90 [0.1ms]
[2026-05-06 14:10:51] MOVE chetan (red): 15→14 [0.1ms]
[2026-05-06 14:10:52] MOVE asha (blue): 104→103 [0.1ms]
[2026-05-06 14:10:52] MOVE chetan (red): 14→13 [0.2ms]
[2026-05-06 14:10:52] MOVE asha (blue): 90→91 [0.1ms]
[2026-05-06 14:10:52] MOVE chetan (red): 13→26 [0.1ms]
[2026-05-06 14:10:53] MOVE asha (blue): 103→102 [0.1ms]
[2026-05-06 14:10:53] MOVE chetan (red): 26→27 [0.2ms]
[2026-05-06 14:10:53] MOVE asha (blue): 91→103 [0.1ms]
[2026-05-06 14:10:53] MOVE chetan (red): 27→14 [0.1ms]
[2026-05-06 14:10:53] MOVE asha (blue): 102→89 [0.1ms]
[2026-05-06 14:10:53] MOVE chetan (red): 14→15 [0.1ms]
[2026-05-06 14:10:54] MOVE asha (blue): 103→102 [0.1ms]
[2026-05-06 14:10:54] MOVE chetan (red): 15→16 [0.5ms]
[2026-05-06 14:10:54] MOVE asha (blue): 89→90 [0.1ms]
[2026-05-06 14:10:54] MOVE chetan (red): 16→17 [0.1ms]
[2026-05-06 14:10:54] MOVE asha (blue): 102→89 [0.1ms]
[2026-05-06 14:10:54] MOVE chetan (red): 17→18 [0.2ms]
[2026-05-06 14:10:55] MOVE asha (blue): 90→91 [0.2ms]
[2026-05-06 14:10:55] MOVE chetan (red): 18→19 [0.1ms]
[2026-05-06 14:10:55] MOVE asha (blue): 89→90 [0.2ms]
[2026-05-06 14:10:55] MOVE chetan (red): 19→31 [0.1ms]
[2026-05-06 14:10:55] MOVE asha (blue): 91→103 [0.1ms]
[2026-05-06 14:10:55] MOVE chetan (red): 31→30 [0.2ms]
[2026-05-06 14:10:56] MOVE asha (blue): 90→91 [0.2ms]
[2026-05-06 14:10:56] MOVE chetan (red): 30→29 [0.1ms]
[2026-05-06 14:10:56] MOVE asha (blue): 103→102 [0.2ms]
[2026-05-06 14:10:56] MOVE chetan (red): 29→28 [0.1ms]
[2026-05-06 14:10:56] MOVE asha (blue): 91→103 [0.1ms]
[2026-05-06 14:10:56] MOVE chetan (red): 28→15 [0.1ms]
[2026-05-06 14:10:56] MOVE asha (blue): 102→104 [0.1ms]
[2026-05-06 14:10:57] MOVE chetan (red): 15→14 [0.1ms]
[2026-05-06 14:10:57] MOVE asha (blue): 103→105 [0.1ms]
[2026-05-06 14:10:57] MOVE chetan (red): 14→13 [0.1ms]
[2026-05-06 14:10:57] MOVE asha (blue): 104→106 [0.1ms]
[2026-05-06 14:10:57] MOVE chetan (red): 13→26 [0.1ms]
[2026-05-06 14:10:57] MOVE asha (blue): 105→104 [0.2ms]
[2026-05-06 14:10:57] MOVE chetan (red): 26→27 [0.2ms]
[2026-05-06 14:10:58] MOVE asha (blue): 106→105 [0.1ms]
[2026-05-06 14:10:58] MOVE chetan (red): 27→14 [0.2ms]
[2026-05-06 14:10:58] MOVE asha (blue): 104→106 [0.1ms]
[2026-05-06 14:10:58] MOVE chetan (red): 14→15 [0.1ms]
[2026-05-06 14:10:58] MOVE asha (blue): 105→107 [0.1ms]
[2026-05-06 14:10:58] MOVE chetan (red): 15→16 [0.1ms]
[2026-05-06 14:10:59] MOVE asha (blue): 106→93 [0.3ms]
[2026-05-06 14:10:59] MOVE chetan (red): 16→17 [0.1ms]
[2026-05-06 14:10:59] MOVE asha (blue): 107→94 [0.2ms]
[2026-05-06 14:10:59] MOVE chetan (red): 17→18 [0.1ms]
[2026-05-06 14:10:59] MOVE asha (blue): 93→92 [0.1ms]
[2026-05-06 14:11:00] MOVE chetan (red): 18→19 [0.1ms]
[2026-05-06 14:11:00] MOVE asha (blue): 94→93 [0.1ms]
[2026-05-06 14:11:00] MOVE chetan (red): 19→31 [0.1ms]
[2026-05-06 14:11:00] MOVE asha (blue): 92→105 [0.1ms]
[2026-05-06 14:11:00] MOVE chetan (red): 31→30 [0.2ms]
[2026-05-06 14:11:01] MOVE asha (blue): 93→106 [0.1ms]
[2026-05-06 14:11:01] MOVE chetan (red): 30→29 [0.1ms]
[2026-05-06 14:11:01] MOVE asha (blue): 105→104 [0.1ms]
[2026-05-06 14:11:01] MOVE chetan (red): 29→28 [0.1ms]
[2026-05-06 14:11:01] MOVE asha (blue): 106→105 [0.2ms]
[2026-05-06 14:11:02] MOVE chetan (red): 28→15 [0.2ms]
[2026-05-06 14:11:02] MOVE asha (blue): 104→106 [0.1ms]
[2026-05-06 14:11:02] MOVE chetan (red): 15→14 [0.1ms]
[2026-05-06 14:11:02] MOVE asha (blue): 105→104 [0.2ms]
[2026-05-06 14:11:02] MOVE chetan (red): 14→13 [0.2ms]
[2026-05-06 14:11:03] MOVE asha (blue): 106→93 [0.1ms]
[2026-05-06 14:11:03] MOVE chetan (red): 13→26 [0.1ms]
[2026-05-06 14:11:03] MOVE asha (blue): 104→103 [0.1ms]
[2026-05-06 14:11:03] MOVE chetan (red): 26→27 [0.1ms]
[2026-05-06 14:11:03] MOVE asha (blue): 93→92 [0.1ms]
[2026-05-06 14:11:03] MOVE chetan (red): 27→14 [0.1ms]
[2026-05-06 14:11:03] MOVE asha (blue): 103→102 [0.1ms]
[2026-05-06 14:11:04] MOVE chetan (red): 14→15 [0.1ms]
[2026-05-06 14:11:04] MOVE asha (blue): 92→105 [0.1ms]
[2026-05-06 14:11:04] MOVE chetan (red): 15→16 [0.2ms]
[2026-05-06 14:11:04] MOVE asha (blue): 102→89 [0.1ms]
[2026-05-06 14:11:04] MOVE chetan (red): 16→17 [0.1ms]
[2026-05-06 14:11:05] MOVE asha (blue): 105→104 [0.3ms]
[2026-05-06 14:11:05] MOVE chetan (red): 17→18 [0.1ms]
[2026-05-06 14:11:05] MOVE asha (blue): 89→90 [0.1ms]
[2026-05-06 14:11:05] MOVE chetan (red): 18→19 [0.1ms]
[2026-05-06 14:11:06] MOVE asha (blue): 104→103 [0.2ms]
[2026-05-06 14:11:06] MOVE chetan (red): 19→31 [0.1ms]
[2026-05-06 14:11:06] MOVE asha (blue): 90→91 [0.1ms]
[2026-05-06 14:11:06] MOVE chetan (red): 31→30 [0.1ms]
[2026-05-06 14:11:06] MOVE asha (blue): 103→102 [0.1ms]
[2026-05-06 14:11:06] MOVE chetan (red): 30→29 [0.7ms]
[2026-05-06 14:11:07] MOVE asha (blue): 91→103 [0.2ms]
[2026-05-06 14:11:07] MOVE chetan (red): 29→28 [0.2ms]
[2026-05-06 14:11:07] MOVE asha (blue): 102→89 [0.1ms]
[2026-05-06 14:11:07] MOVE chetan (red): 28→15 [0.1ms]
[2026-05-06 14:11:07] MOVE asha (blue): 103→102 [0.3ms]
[2026-05-06 14:11:07] MOVE chetan (red): 15→14 [0.1ms]
[2026-05-06 14:11:08] MOVE asha (blue): 89→90 [0.1ms]
[2026-05-06 14:11:08] MOVE chetan (red): 14→13 [0.1ms]
[2026-05-06 14:11:08] MOVE asha (blue): 102→89 [0.1ms]
[2026-05-06 14:11:08] MOVE chetan (red): 13→26 [0.2ms]
[2026-05-06 14:11:08] MOVE asha (blue): 90→91 [0.1ms]
[2026-05-06 14:11:08] MOVE chetan (red): 26→27 [0.1ms]
[2026-05-06 14:11:08] MOVE asha (blue): 89→90 [0.4ms]
[2026-05-06 14:11:09] MOVE chetan (red): 27→14 [0.1ms]
[2026-05-06 14:11:09] MOVE asha (blue): 91→103 [0.1ms]
[2026-05-06 14:11:09] MOVE chetan (red): 14→15 [0.1ms]
[2026-05-06 14:11:09] MOVE asha (blue): 90→91 [0.1ms]
[2026-05-06 14:11:09] MOVE chetan (red): 15→16 [0.1ms]
[2026-05-06 14:11:09] MOVE asha (blue): 103→102 [0.1ms]
[2026-05-06 14:11:10] MOVE chetan (red): 16→17 [0.1ms]
[2026-05-06 14:11:10] MOVE asha (blue): 91→103 [0.1ms]
[2026-05-06 14:11:10] MOVE chetan (red): 17→18 [0.1ms]
[2026-05-06 14:11:10] MOVE asha (blue): 102→104 [0.2ms]
[2026-05-06 14:11:10] MOVE chetan (red): 18→19 [0.1ms]
[2026-05-06 14:11:10] MOVE asha (blue): 103→105 [0.1ms]
[2026-05-06 14:11:10] MOVE chetan (red): 19→31 [0.1ms]
[2026-05-06 14:11:11] MOVE asha (blue): 104→106 [0.1ms]
[2026-05-06 14:11:11] MOVE chetan (red): 31→30 [0.2ms]
[2026-05-06 14:11:11] MOVE asha (blue): 105→104 [0.1ms]
[2026-05-06 14:11:11] MOVE chetan (red): 30→29 [0.1ms]
[2026-05-06 14:11:11] MOVE asha (blue): 106→105 [0.1ms]
[2026-05-06 14:11:11] MOVE chetan (red): 29→28 [0.1ms]
[2026-05-06 14:11:12] MOVE asha (blue): 104→106 [0.1ms]
[2026-05-06 14:11:12] MOVE chetan (red): 28→15 [0.1ms]
[2026-05-06 14:11:12] MOVE asha (blue): 105→107 [0.1ms]
[2026-05-06 14:11:12] MOVE chetan (red): 15→14 [0.1ms]
[2026-05-06 14:11:12] MOVE asha (blue): 106→93 [0.1ms]
[2026-05-06 14:11:12] MOVE chetan (red): 14→13 [0.1ms]
[2026-05-06 14:11:13] MOVE asha (blue): 107→94 [0.2ms]
[2026-05-06 14:11:13] MOVE chetan (red): 13→26 [0.2ms]
[2026-05-06 14:11:13] MOVE asha (blue): 93→92 [0.2ms]
[2026-05-06 14:11:13] MOVE chetan (red): 26→27 [0.1ms]
[2026-05-06 14:11:13] MOVE asha (blue): 94→93 [0.1ms]
[2026-05-06 14:11:13] MOVE chetan (red): 27→14 [0.1ms]
[2026-05-06 14:11:14] MOVE asha (blue): 92→105 [0.4ms]
[2026-05-06 14:11:14] MOVE chetan (red): 14→15 [0.1ms]
[2026-05-06 14:11:14] MOVE asha (blue): 93→106 [0.2ms]
[2026-05-06 14:11:14] MOVE chetan (red): 15→16 [0.1ms]
[2026-05-06 14:11:14] MOVE asha (blue): 105→104 [0.1ms]
[2026-05-06 14:11:14] MOVE chetan (red): 16→17 [0.1ms]
[2026-05-06 14:11:15] MOVE asha (blue): 106→105 [0.1ms]
[2026-05-06 14:11:15] MOVE chetan (red): 17→18 [0.1ms]
[2026-05-06 14:11:15] MOVE asha (blue): 104→106 [0.1ms]
[2026-05-06 14:11:15] MOVE chetan (red): 18→19 [0.1ms]
[2026-05-06 14:11:15] MOVE asha (blue): 105→104 [0.1ms]
[2026-05-06 14:11:15] MOVE chetan (red): 19→31 [0.1ms]
[2026-05-06 14:11:16] MOVE asha (blue): 106→93 [0.1ms]
[2026-05-06 14:11:16] MOVE chetan (red): 31→30 [0.1ms]
[2026-05-06 14:11:16] MOVE asha (blue): 104→103 [0.1ms]
[2026-05-06 14:11:16] MOVE chetan (red): 30→29 [0.1ms]
[2026-05-06 14:11:16] MOVE asha (blue): 93→92 [0.1ms]
[2026-05-06 14:11:16] MOVE chetan (red): 29→28 [0.1ms]
[2026-05-06 14:11:17] MOVE asha (blue): 103→102 [0.1ms]
[2026-05-06 14:11:17] MOVE chetan (red): 28→15 [0.1ms]
[2026-05-06 14:11:17] MOVE asha (blue): 92→105 [0.2ms]
[2026-05-06 14:11:17] MOVE chetan (red): 15→14 [0.1ms]
[2026-05-06 14:11:17] MOVE asha (blue): 102→89 [0.7ms]
[2026-05-06 14:11:17] MOVE chetan (red): 14→13 [0.1ms]
[2026-05-06 14:11:18] MOVE asha (blue): 105→104 [0.1ms]
[2026-05-06 14:11:18] MOVE chetan (red): 13→26 [0.1ms]
[2026-05-06 14:11:18] MOVE asha (blue): 89→90 [0.1ms]
[2026-05-06 14:11:18] MOVE chetan (red): 26→27 [0.1ms]
[2026-05-06 14:11:18] MOVE asha (blue): 104→103 [0.1ms]
[2026-05-06 14:11:19] MOVE chetan (red): 27→14 [0.1ms]
[2026-05-06 14:11:19] MOVE asha (blue): 90→91 [0.1ms]
[2026-05-06 14:11:19] MOVE chetan (red): 14→15 [0.2ms]
[2026-05-06 14:11:19] MOVE asha (blue): 103→102 [0.1ms]
[2026-05-06 14:11:19] MOVE chetan (red): 15→16 [0.1ms]
[2026-05-06 14:11:19] MOVE asha (blue): 91→103 [0.1ms]
[2026-05-06 14:11:19] MOVE chetan (red): 16→17 [0.1ms]
[2026-05-06 14:11:20] MOVE asha (blue): 102→89 [0.1ms]
[2026-05-06 14:11:20] MOVE chetan (red): 17→18 [0.1ms]
[2026-05-06 14:11:20] MOVE asha (blue): 103→102 [0.2ms]
[2026-05-06 14:11:20] MOVE chetan (red): 18→19 [0.1ms]
[2026-05-06 14:11:21] MOVE asha (blue): 89→90 [0.1ms]
[2026-05-06 14:11:21] MOVE chetan (red): 19→31 [0.1ms]
[2026-05-06 14:11:21] MOVE asha (blue): 102→89 [0.1ms]
[2026-05-06 14:11:21] MOVE chetan (red): 31→30 [0.1ms]
[2026-05-06 14:11:21] MOVE asha (blue): 90→91 [0.4ms]
[2026-05-06 14:11:22] MOVE chetan (red): 30→29 [0.1ms]
[2026-05-06 14:11:22] MOVE asha (blue): 89→90 [0.2ms]
[2026-05-06 14:11:22] MOVE chetan (red): 29→28 [0.2ms]
[2026-05-06 14:11:23] MOVE asha (blue): 91→103 [0.1ms]
[2026-05-06 14:11:23] MOVE chetan (red): 28→15 [0.4ms]
[2026-05-06 14:11:23] MOVE asha (blue): 90→91 [0.1ms]
[2026-05-06 14:11:23] MOVE chetan (red): 15→14 [0.1ms]
[2026-05-06 14:11:23] MOVE asha (blue): 103→102 [0.1ms]
[2026-05-06 14:11:23] MOVE chetan (red): 14→13 [0.1ms]
[2026-05-06 14:11:24] MOVE asha (blue): 91→103 [0.1ms]
[2026-05-06 14:11:24] MOVE chetan (red): 13→26 [0.1ms]
[2026-05-06 14:11:24] MOVE asha (blue): 102→104 [0.2ms]
[2026-05-06 14:11:24] MOVE chetan (red): 26→27 [0.1ms]
[2026-05-06 14:11:24] MOVE asha (blue): 103→105 [0.2ms]
[2026-05-06 14:11:24] MOVE chetan (red): 27→14 [0.1ms]
[2026-05-06 14:11:25] MOVE asha (blue): 104→106 [0.1ms]
[2026-05-06 14:11:25] MOVE chetan (red): 14→15 [0.1ms]
[2026-05-06 14:11:25] MOVE asha (blue): 105→104 [0.1ms]
[2026-05-06 14:11:25] MOVE chetan (red): 15→16 [0.1ms]
[2026-05-06 14:11:25] MOVE asha (blue): 106→105 [0.2ms]
[2026-05-06 14:11:25] MOVE chetan (red): 16→17 [0.2ms]
[2026-05-06 14:11:25] MOVE asha (blue): 104→106 [0.1ms]
[2026-05-06 14:11:26] MOVE chetan (red): 17→18 [0.1ms]
[2026-05-06 14:11:26] MOVE asha (blue): 105→107 [0.1ms]
[2026-05-06 14:11:26] MOVE chetan (red): 18→19 [0.2ms]
[2026-05-06 14:11:26] MOVE asha (blue): 106→93 [0.3ms]
[2026-05-06 14:11:26] MOVE chetan (red): 19→31 [0.1ms]
[2026-05-06 14:11:27] MOVE asha (blue): 107→94 [0.1ms]
[2026-05-06 14:11:27] MOVE chetan (red): 31→30 [0.1ms]
[2026-05-06 14:11:27] MOVE asha (blue): 93→92 [0.1ms]
[2026-05-06 14:11:27] MOVE chetan (red): 30→29 [0.1ms]
[2026-05-06 14:11:27] MOVE asha (blue): 94→93 [0.1ms]
[2026-05-06 14:11:27] MOVE chetan (red): 29→28 [0.1ms]
[2026-05-06 14:11:27] MOVE asha (blue): 92→105 [0.1ms]
[2026-05-06 14:11:28] MOVE chetan (red): 28→15 [0.1ms]
[2026-05-06 14:11:28] MOVE asha (blue): 93→106 [0.1ms]
[2026-05-06 14:11:28] MOVE chetan (red): 15→14 [0.2ms]
[2026-05-06 14:11:28] MOVE asha (blue): 105→104 [0.1ms]
[2026-05-06 14:11:28] MOVE chetan (red): 14→13 [0.1ms]
[2026-05-06 14:11:28] MOVE asha (blue): 106→105 [0.1ms]
[2026-05-06 14:11:28] MOVE chetan (red): 13→26 [0.4ms]
[2026-05-06 14:11:29] MOVE asha (blue): 104→106 [0.1ms]
[2026-05-06 14:11:29] MOVE chetan (red): 26→27 [0.1ms]
[2026-05-06 14:11:29] MOVE asha (blue): 105→104 [0.1ms]
[2026-05-06 14:11:29] MOVE chetan (red): 27→14 [0.1ms]
[2026-05-06 14:11:29] MOVE asha (blue): 106→93 [0.1ms]
[2026-05-06 14:11:30] MOVE chetan (red): 14→15 [0.2ms]
[2026-05-06 14:11:30] MOVE asha (blue): 104→103 [0.1ms]
[2026-05-06 14:11:30] MOVE chetan (red): 15→16 [0.1ms]
[2026-05-06 14:11:30] MOVE asha (blue): 93→92 [0.1ms]
[2026-05-06 14:11:30] MOVE chetan (red): 16→17 [0.1ms]
[2026-05-06 14:11:31] MOVE asha (blue): 103→102 [0.1ms]
[2026-05-06 14:11:31] MOVE chetan (red): 17→18 [0.1ms]
[2026-05-06 14:11:31] MOVE asha (blue): 92→105 [0.4ms]
[2026-05-06 14:11:31] MOVE chetan (red): 18→19 [0.1ms]
[2026-05-06 14:11:31] MOVE asha (blue): 102→89 [0.1ms]
[2026-05-06 14:11:31] MOVE chetan (red): 19→31 [0.1ms]
[2026-05-06 14:11:32] MOVE asha (blue): 105→104 [0.1ms]
[2026-05-06 14:11:32] MOVE chetan (red): 31→30 [0.1ms]
[2026-05-06 14:11:32] MOVE asha (blue): 89→90 [0.2ms]
[2026-05-06 14:11:32] MOVE chetan (red): 30→29 [0.1ms]
[2026-05-06 14:11:32] MOVE asha (blue): 104→103 [0.1ms]
[2026-05-06 14:11:33] MOVE chetan (red): 29→28 [0.1ms]
[2026-05-06 14:11:33] MOVE asha (blue): 90→91 [0.1ms]
[2026-05-06 14:11:33] MOVE chetan (red): 28→15 [0.1ms]
[2026-05-06 14:11:33] MOVE asha (blue): 103→102 [0.2ms]
[2026-05-06 14:11:33] MOVE chetan (red): 15→14 [0.2ms]
[2026-05-06 14:11:34] MOVE asha (blue): 91→103 [0.2ms]
[2026-05-06 14:11:34] MOVE chetan (red): 14→13 [0.1ms]
[2026-05-06 14:11:34] MOVE asha (blue): 102→89 [0.1ms]
[2026-05-06 14:11:35] MOVE chetan (red): 13→26 [0.2ms]
[2026-05-06 14:11:35] MOVE asha (blue): 103→102 [0.2ms]
[2026-05-06 14:11:35] MOVE chetan (red): 26→27 [0.3ms]
[2026-05-06 14:11:35] MOVE asha (blue): 89→90 [0.1ms]
[2026-05-06 14:11:35] MOVE chetan (red): 27→14 [0.1ms]
[2026-05-06 14:11:35] MOVE asha (blue): 102→89 [0.1ms]
[2026-05-06 14:11:36] MOVE chetan (red): 14→15 [0.1ms]
[2026-05-06 14:11:36] MOVE asha (blue): 90→91 [0.1ms]
[2026-05-06 14:11:36] MOVE chetan (red): 15→16 [0.1ms]
[2026-05-06 14:11:36] MOVE asha (blue): 89→90 [0.1ms]
[2026-05-06 14:11:36] MOVE chetan (red): 16→17 [0.1ms]
[2026-05-06 14:11:37] MOVE asha (blue): 91→103 [0.1ms]
[2026-05-06 14:11:37] MOVE chetan (red): 17→18 [0.1ms]
[2026-05-06 14:11:37] MOVE asha (blue): 90→91 [0.1ms]
[2026-05-06 14:11:37] MOVE chetan (red): 18→19 [0.1ms]
[2026-05-06 14:11:37] MOVE asha (blue): 103→102 [0.2ms]
[2026-05-06 14:11:37] MOVE chetan (red): 19→31 [0.1ms]
[2026-05-06 14:11:38] MOVE asha (blue): 91→103 [0.1ms]
[2026-05-06 14:11:38] MOVE chetan (red): 31→30 [0.1ms]
[2026-05-06 14:11:38] MOVE asha (blue): 102→104 [0.1ms]
[2026-05-06 14:11:38] MOVE chetan (red): 30→29 [0.1ms]
[2026-05-06 14:11:38] MOVE asha (blue): 103→105 [0.1ms]
[2026-05-06 14:11:38] MOVE chetan (red): 29→28 [0.1ms]
[2026-05-06 14:11:39] MOVE asha (blue): 104→106 [0.1ms]
[2026-05-06 14:11:39] MOVE chetan (red): 28→15 [0.1ms]
[2026-05-06 14:11:39] MOVE asha (blue): 105→104 [0.2ms]
[2026-05-06 14:11:39] MOVE chetan (red): 15→14 [0.1ms]
[2026-05-06 14:11:39] MOVE asha (blue): 106→105 [0.1ms]
[2026-05-06 14:11:39] MOVE chetan (red): 14→13 [0.1ms]
[2026-05-06 14:11:40] MOVE asha (blue): 104→106 [0.1ms]
[2026-05-06 14:11:40] MOVE chetan (red): 13→26 [0.1ms]
[2026-05-06 14:11:40] MOVE asha (blue): 105→107 [0.1ms]
[2026-05-06 14:11:40] MOVE chetan (red): 26→27 [0.1ms]
[2026-05-06 14:11:40] MOVE asha (blue): 106→93 [0.1ms]
[2026-05-06 14:11:40] MOVE chetan (red): 27→14 [0.1ms]
[2026-05-06 14:11:41] MOVE asha (blue): 107→94 [0.1ms]
[2026-05-06 14:11:41] MOVE chetan (red): 14→15 [0.1ms]
[2026-05-06 14:11:41] MOVE asha (blue): 93→92 [0.1ms]
[2026-05-06 14:11:41] MOVE chetan (red): 15→16 [0.1ms]
[2026-05-06 14:11:41] MOVE asha (blue): 94→93 [0.1ms]
[2026-05-06 14:11:41] MOVE chetan (red): 16→17 [0.1ms]
[2026-05-06 14:11:41] MOVE asha (blue): 92→105 [0.1ms]
[2026-05-06 14:11:42] MOVE chetan (red): 17→18 [0.1ms]
[2026-05-06 14:11:42] MOVE asha (blue): 93→106 [0.2ms]
[2026-05-06 14:11:42] MOVE chetan (red): 18→19 [0.1ms]
[2026-05-06 14:11:42] MOVE asha (blue): 105→104 [0.1ms]
[2026-05-06 14:11:42] MOVE chetan (red): 19→31 [0.1ms]
[2026-05-06 14:11:42] MOVE asha (blue): 106→105 [0.2ms]
[2026-05-06 14:11:43] MOVE chetan (red): 31→30 [0.1ms]
[2026-05-06 14:11:43] MOVE asha (blue): 104→106 [0.1ms]
[2026-05-06 14:11:43] MOVE chetan (red): 30→29 [0.1ms]
[2026-05-06 14:11:43] MOVE asha (blue): 105→104 [0.7ms]
[2026-05-06 14:11:43] MOVE chetan (red): 29→28 [0.1ms]
[2026-05-06 14:11:43] MOVE asha (blue): 106→93 [0.2ms]
[2026-05-06 14:11:44] MOVE chetan (red): 28→15 [0.1ms]
[2026-05-06 14:11:44] MOVE asha (blue): 104→103 [0.2ms]
[2026-05-06 14:11:44] MOVE chetan (red): 15→14 [0.1ms]
[2026-05-06 14:11:44] MOVE asha (blue): 93→92 [0.1ms]
[2026-05-06 14:11:44] MOVE chetan (red): 14→13 [0.1ms]
[2026-05-06 14:11:44] MOVE asha (blue): 103→102 [0.1ms]
[2026-05-06 14:11:45] MOVE chetan (red): 13→26 [0.1ms]
[2026-05-06 14:11:45] MOVE asha (blue): 92→105 [0.3ms]
[2026-05-06 14:11:45] MOVE chetan (red): 26→27 [0.2ms]
[2026-05-06 14:11:45] MOVE asha (blue): 102→89 [0.1ms]
[2026-05-06 14:11:45] MOVE chetan (red): 27→14 [0.1ms]
[2026-05-06 14:11:45] MOVE asha (blue): 105→104 [0.1ms]
[2026-05-06 14:11:46] MOVE chetan (red): 14→15 [0.1ms]
[2026-05-06 14:11:46] MOVE asha (blue): 89→90 [0.1ms]
[2026-05-06 14:11:46] MOVE chetan (red): 15→16 [0.1ms]
[2026-05-06 14:11:46] MOVE asha (blue): 104→103 [0.1ms]
[2026-05-06 14:11:46] MOVE chetan (red): 16→17 [0.2ms]
[2026-05-06 14:11:46] MOVE asha (blue): 90→91 [0.1ms]
[2026-05-06 14:11:47] MOVE chetan (red): 17→18 [0.1ms]
[2026-05-06 14:11:47] MOVE asha (blue): 103→102 [0.1ms]
[2026-05-06 14:11:47] MOVE chetan (red): 18→19 [0.1ms]
[2026-05-06 14:11:47] MOVE asha (blue): 91→103 [0.2ms]
[2026-05-06 14:11:47] MOVE chetan (red): 19→31 [0.1ms]
[2026-05-06 14:11:47] MOVE asha (blue): 102→89 [0.2ms]
[2026-05-06 14:11:47] MOVE chetan (red): 31→30 [0.2ms]
[2026-05-06 14:11:48] MOVE asha (blue): 103→102 [0.5ms]
[2026-05-06 14:11:48] MOVE chetan (red): 30→29 [0.3ms]
[2026-05-06 14:11:48] MOVE asha (blue): 89→90 [0.2ms]
[2026-05-06 14:11:48] MOVE chetan (red): 29→28 [0.2ms]
[2026-05-06 14:11:48] MOVE asha (blue): 102→89 [0.1ms]
[2026-05-06 14:11:48] MOVE chetan (red): 28→15 [0.1ms]
[2026-05-06 14:11:49] MOVE asha (blue): 90→91 [0.1ms]
[2026-05-06 14:11:49] MOVE chetan (red): 15→14 [0.1ms]
[2026-05-06 14:11:49] MOVE asha (blue): 89→90 [1.5ms]
[2026-05-06 14:11:49] MOVE chetan (red): 14→13 [0.1ms]
[2026-05-06 14:11:49] MOVE asha (blue): 91→103 [0.1ms]
[2026-05-06 14:11:49] MOVE chetan (red): 13→26 [0.1ms]
[2026-05-06 14:11:50] MOVE asha (blue): 90→91 [0.1ms]
[2026-05-06 14:11:50] MOVE chetan (red): 26→27 [0.1ms]
[2026-05-06 14:11:50] MOVE asha (blue): 103→102 [0.2ms]
[2026-05-06 14:11:50] MOVE chetan (red): 27→14 [0.1ms]
[2026-05-06 14:11:50] MOVE asha (blue): 91→103 [0.1ms]
[2026-05-06 14:11:51] MOVE chetan (red): 14→15 [0.1ms]
[2026-05-06 14:11:51] MOVE asha (blue): 102→104 [0.1ms]
[2026-05-06 14:11:51] MOVE chetan (red): 15→16 [0.2ms]
[2026-05-06 14:11:51] MOVE asha (blue): 103→105 [0.1ms]
[2026-05-06 14:11:52] MOVE chetan (red): 16→17 [0.2ms]
[2026-05-06 14:11:52] MOVE asha (blue): 104→106 [0.1ms]
[2026-05-06 14:11:52] MOVE chetan (red): 17→18 [0.1ms]
[2026-05-06 14:11:52] MOVE asha (blue): 105→104 [0.1ms]
[2026-05-06 14:11:52] MOVE chetan (red): 18→19 [0.2ms]
[2026-05-06 14:11:53] MOVE asha (blue): 106→105 [0.2ms]
[2026-05-06 14:11:53] MOVE chetan (red): 19→31 [0.2ms]
[2026-05-06 14:11:53] MOVE asha (blue): 104→106 [0.1ms]
[2026-05-06 14:11:53] MOVE chetan (red): 31→30 [0.1ms]
[2026-05-06 14:11:53] MOVE asha (blue): 105→107 [0.2ms]
[2026-05-06 14:11:53] MOVE chetan (red): 30→29 [0.1ms]
[2026-05-06 14:11:54] MOVE asha (blue): 106→93 [0.2ms]
[2026-05-06 14:11:54] MOVE chetan (red): 29→28 [0.1ms]
[2026-05-06 14:11:54] MOVE asha (blue): 107→94 [0.1ms]
[2026-05-06 14:11:54] MOVE chetan (red): 28→15 [0.1ms]
[2026-05-06 14:11:54] MOVE asha (blue): 93→92 [0.1ms]
[2026-05-06 14:11:54] MOVE chetan (red): 15→14 [0.1ms]
[2026-05-06 14:11:55] MOVE asha (blue): 94→93 [0.2ms]
[2026-05-06 14:11:55] MOVE chetan (red): 14→13 [0.1ms]
[2026-05-06 14:11:55] MOVE asha (blue): 92→105 [0.1ms]
[2026-05-06 14:11:55] MOVE chetan (red): 13→26 [0.1ms]
[2026-05-06 14:11:55] MOVE asha (blue): 93→106 [0.1ms]
[2026-05-06 14:11:55] MOVE chetan (red): 26→27 [0.1ms]
[2026-05-06 14:11:55] MOVE asha (blue): 105→104 [0.1ms]
[2026-05-06 14:11:56] MOVE chetan (red): 27→14 [0.1ms]
[2026-05-06 14:11:56] MOVE asha (blue): 106→105 [0.1ms]
[2026-05-06 14:11:56] MOVE chetan (red): 14→15 [0.1ms]
[2026-05-06 14:11:56] MOVE asha (blue): 104→106 [0.1ms]
[2026-05-06 14:11:56] MOVE chetan (red): 15→16 [0.1ms]
[2026-05-06 14:11:56] MOVE asha (blue): 105→104 [0.1ms]
[2026-05-06 14:11:57] MOVE chetan (red): 16→17 [0.2ms]
[2026-05-06 14:11:57] MOVE asha (blue): 106→93 [0.1ms]
[2026-05-06 14:11:57] MOVE chetan (red): 17→18 [0.1ms]
[2026-05-06 14:11:57] MOVE asha (blue): 104→103 [0.1ms]
[2026-05-06 14:11:57] MOVE chetan (red): 18→19 [0.1ms]
[2026-05-06 14:11:57] MOVE asha (blue): 93→92 [0.1ms]
[2026-05-06 14:11:58] MOVE chetan (red): 19→31 [0.2ms]
[2026-05-06 14:11:58] MOVE asha (blue): 103→102 [0.1ms]
[2026-05-06 14:11:58] MOVE chetan (red): 31→30 [0.1ms]
[2026-05-06 14:11:58] MOVE asha (blue): 92→105 [0.2ms]
[2026-05-06 14:11:58] MOVE chetan (red): 30→29 [0.1ms]
[2026-05-06 14:11:58] MOVE asha (blue): 102→89 [0.1ms]
[2026-05-06 14:11:59] MOVE chetan (red): 29→28 [0.1ms]
[2026-05-06 14:11:59] MOVE asha (blue): 105→104 [0.1ms]
[2026-05-06 14:11:59] MOVE chetan (red): 28→15 [0.2ms]
[2026-05-06 14:11:59] MOVE asha (blue): 89→90 [0.1ms]
[2026-05-06 14:11:59] MOVE chetan (red): 15→14 [0.1ms]
[2026-05-06 14:11:59] MOVE asha (blue): 104→103 [0.1ms]
[2026-05-06 14:12:00] MOVE chetan (red): 14→13 [0.1ms]
[2026-05-06 14:12:00] MOVE asha (blue): 90→91 [0.1ms]
[2026-05-06 14:12:00] MOVE chetan (red): 13→26 [0.2ms]
[2026-05-06 14:12:00] MOVE asha (blue): 103→102 [0.2ms]
[2026-05-06 14:12:00] MOVE chetan (red): 26→27 [0.1ms]
[2026-05-06 14:12:00] MOVE asha (blue): 91→103 [0.1ms]
[2026-05-06 14:12:01] MOVE chetan (red): 27→14 [0.1ms]
[2026-05-06 14:12:01] MOVE asha (blue): 102→89 [0.2ms]
[2026-05-06 14:12:01] MOVE chetan (red): 14→15 [0.1ms]
[2026-05-06 14:12:01] MOVE asha (blue): 103→102 [0.1ms]
[2026-05-06 14:12:01] MOVE chetan (red): 15→16 [0.2ms]
[2026-05-06 14:12:01] MOVE asha (blue): 89→90 [0.2ms]
[2026-05-06 14:12:02] MOVE chetan (red): 16→17 [0.1ms]
[2026-05-06 14:12:02] MOVE asha (blue): 102→89 [0.1ms]
[2026-05-06 14:12:02] MOVE chetan (red): 17→18 [0.1ms]
[2026-05-06 14:12:02] MOVE asha (blue): 90→91 [0.2ms]
[2026-05-06 14:12:02] MOVE chetan (red): 18→19 [0.1ms]
[2026-05-06 14:12:02] MOVE asha (blue): 89→90 [0.1ms]
[2026-05-06 14:12:02] MOVE chetan (red): 19→31 [0.1ms]
[2026-05-06 14:12:03] MOVE asha (blue): 91→103 [0.1ms]
[2026-05-06 14:12:03] MOVE chetan (red): 31→30 [0.1ms]
[2026-05-06 14:12:03] MOVE asha (blue): 90→91 [0.2ms]
[2026-05-06 14:12:03] MOVE chetan (red): 30→29 [0.1ms]
[2026-05-06 14:12:03] MOVE asha (blue): 103→102 [0.1ms]
[2026-05-06 14:12:03] MOVE chetan (red): 29→28 [0.1ms]
[2026-05-06 14:12:03] MOVE asha (blue): 91→103 [0.1ms]
[2026-05-06 14:12:04] MOVE chetan (red): 28→15 [0.1ms]
[2026-05-06 14:12:04] MOVE asha (blue): 102→104 [0.3ms]
[2026-05-06 14:12:04] MOVE chetan (red): 15→14 [0.1ms]
[2026-05-06 14:12:04] MOVE asha (blue): 103→105 [0.2ms]
[2026-05-06 14:12:04] MOVE chetan (red): 14→13 [0.1ms]
[2026-05-06 14:12:05] MOVE asha (blue): 104→106 [0.1ms]
[2026-05-06 14:12:05] MOVE chetan (red): 13→26 [0.1ms]
[2026-05-06 14:12:05] MOVE asha (blue): 105→104 [0.2ms]
[2026-05-06 14:12:05] MOVE chetan (red): 26→27 [0.1ms]
[2026-05-06 14:12:05] MOVE asha (blue): 106→105 [0.1ms]
[2026-05-06 14:12:05] MOVE chetan (red): 27→14 [0.1ms]
[2026-05-06 14:12:06] MOVE asha (blue): 104→106 [0.1ms]
[2026-05-06 14:12:06] MOVE chetan (red): 14→15 [0.1ms]
[2026-05-06 14:12:06] MOVE asha (blue): 105→107 [0.1ms]
[2026-05-06 14:12:06] MOVE chetan (red): 15→16 [0.2ms]
[2026-05-06 14:12:06] MOVE asha (blue): 106→93 [0.2ms]
[2026-05-06 14:12:06] MOVE chetan (red): 16→17 [0.1ms]
[2026-05-06 14:12:06] MOVE asha (blue): 107→94 [0.1ms]
[2026-05-06 14:12:07] MOVE chetan (red): 17→18 [0.2ms]
[2026-05-06 14:12:07] MOVE asha (blue): 93→92 [0.1ms]
[2026-05-06 14:12:07] MOVE chetan (red): 18→19 [0.2ms]
[2026-05-06 14:12:07] MOVE asha (blue): 94→93 [0.1ms]
[2026-05-06 14:12:07] MOVE chetan (red): 19→31 [0.2ms]
[2026-05-06 14:12:07] MOVE asha (blue): 92→105 [0.1ms]
[2026-05-06 14:12:08] MOVE chetan (red): 31→30 [0.1ms]
[2026-05-06 14:12:08] MOVE asha (blue): 93→106 [0.2ms]
[2026-05-06 14:12:08] MOVE chetan (red): 30→29 [0.3ms]
[2026-05-06 14:12:08] MOVE asha (blue): 105→104 [0.2ms]
[2026-05-06 14:12:08] MOVE chetan (red): 29→28 [0.1ms]
[2026-05-06 14:12:08] MOVE asha (blue): 106→105 [0.2ms]
[2026-05-06 14:12:09] MOVE chetan (red): 28→15 [0.1ms]
[2026-05-06 14:12:09] MOVE asha (blue): 104→106 [0.1ms]
[2026-05-06 14:12:09] MOVE chetan (red): 15→14 [0.1ms]
[2026-05-06 14:12:09] MOVE asha (blue): 105→104 [0.6ms]
[2026-05-06 14:12:09] MOVE chetan (red): 14→13 [0.1ms]
[2026-05-06 14:12:09] MOVE asha (blue): 106→93 [0.1ms]
[2026-05-06 14:12:10] MOVE chetan (red): 13→26 [0.3ms]
[2026-05-06 14:12:10] MOVE asha (blue): 104→103 [0.1ms]
[2026-05-06 14:12:10] MOVE chetan (red): 26→27 [0.1ms]
[2026-05-06 14:12:10] MOVE asha (blue): 93→92 [0.1ms]
[2026-05-06 14:12:10] MOVE chetan (red): 27→14 [0.1ms]
[2026-05-06 14:12:10] MOVE asha (blue): 103→102 [0.2ms]
[2026-05-06 14:12:11] MOVE chetan (red): 14→15 [0.1ms]
[2026-05-06 14:12:11] MOVE asha (blue): 92→105 [0.1ms]
[2026-05-06 14:12:11] MOVE chetan (red): 15→16 [0.2ms]
[2026-05-06 14:12:11] MOVE asha (blue): 102→89 [0.1ms]
[2026-05-06 14:12:11] MOVE chetan (red): 16→17 [0.1ms]
[2026-05-06 14:12:11] MOVE asha (blue): 105→104 [0.2ms]
[2026-05-06 14:12:12] MOVE chetan (red): 17→18 [0.1ms]
[2026-05-06 14:12:12] MOVE asha (blue): 89→90 [0.1ms]
[2026-05-06 14:12:12] MOVE chetan (red): 18→19 [0.2ms]
[2026-05-06 14:12:12] MOVE asha (blue): 104→103 [0.1ms]
[2026-05-06 14:12:12] MOVE chetan (red): 19→31 [0.1ms]
[2026-05-06 14:12:12] MOVE asha (blue): 90→91 [0.1ms]
[2026-05-06 14:12:12] MOVE chetan (red): 31→30 [0.1ms]
[2026-05-06 14:12:13] MOVE asha (blue): 103→102 [0.1ms]
[2026-05-06 14:12:13] MOVE chetan (red): 30→29 [0.1ms]
[2026-05-06 14:12:13] MOVE asha (blue): 91→103 [0.1ms]
[2026-05-06 14:12:13] MOVE chetan (red): 29→28 [0.1ms]
[2026-05-06 14:12:13] MOVE asha (blue): 102→89 [0.1ms]
[2026-05-06 14:12:13] MOVE chetan (red): 28→15 [0.1ms]
[2026-05-06 14:12:14] MOVE asha (blue): 103→102 [0.1ms]
[2026-05-06 14:12:14] MOVE chetan (red): 15→14 [0.1ms]
[2026-05-06 14:12:14] MOVE asha (blue): 89→90 [0.1ms]
[2026-05-06 14:12:14] MOVE chetan (red): 14→13 [0.1ms]
[2026-05-06 14:12:14] MOVE asha (blue): 102→89 [0.3ms]
[2026-05-06 14:12:14] MOVE chetan (red): 13→26 [0.1ms]
[2026-05-06 14:12:15] MOVE asha (blue): 90→91 [0.1ms]
[2026-05-06 14:12:15] MOVE chetan (red): 26→27 [0.2ms]
[2026-05-06 14:12:15] MOVE asha (blue): 89→90 [0.1ms]
[2026-05-06 14:12:15] MOVE chetan (red): 27→14 [1.0ms]
[2026-05-06 14:12:15] MOVE asha (blue): 91→103 [0.1ms]
[2026-05-06 14:12:15] MOVE chetan (red): 14→15 [0.1ms]
[2026-05-06 14:12:16] MOVE asha (blue): 90→91 [0.1ms]
[2026-05-06 14:12:16] MOVE chetan (red): 15→16 [0.1ms]
[2026-05-06 14:12:16] MOVE asha (blue): 103→102 [0.1ms]
[2026-05-06 14:12:16] MOVE chetan (red): 16→17 [0.4ms]
[2026-05-06 14:12:16] MOVE asha (blue): 91→103 [0.1ms]
[2026-05-06 14:12:16] MOVE chetan (red): 17→18 [0.1ms]
[2026-05-06 14:12:17] MOVE asha (blue): 102→104 [0.1ms]
[2026-05-06 14:12:17] MOVE chetan (red): 18→19 [0.1ms]
[2026-05-06 14:12:17] MOVE asha (blue): 103→105 [0.1ms]
[2026-05-06 14:12:17] MOVE chetan (red): 19→31 [0.1ms]
[2026-05-06 14:12:17] MOVE asha (blue): 104→106 [0.2ms]
[2026-05-06 14:12:17] MOVE chetan (red): 31→30 [0.1ms]
[2026-05-06 14:12:18] MOVE asha (blue): 105→104 [0.1ms]
[2026-05-06 14:12:18] MOVE chetan (red): 30→29 [0.1ms]
[2026-05-06 14:12:18] MOVE asha (blue): 106→105 [0.2ms]
[2026-05-06 14:12:18] MOVE chetan (red): 29→28 [0.1ms]
[2026-05-06 14:12:18] MOVE asha (blue): 104→106 [0.1ms]
[2026-05-06 14:12:18] MOVE chetan (red): 28→15 [0.1ms]
[2026-05-06 14:12:19] MOVE asha (blue): 105→107 [0.1ms]
[2026-05-06 14:12:19] MOVE chetan (red): 15→14 [0.1ms]
[2026-05-06 14:12:19] MOVE asha (blue): 106→93 [0.1ms]
[2026-05-06 14:12:19] MOVE chetan (red): 14→13 [0.1ms]
[2026-05-06 14:12:19] MOVE asha (blue): 107→94 [0.1ms]
[2026-05-06 14:12:19] MOVE chetan (red): 13→26 [0.3ms]
[2026-05-06 14:12:19] MOVE asha (blue): 93→92 [0.1ms]
[2026-05-06 14:12:20] MOVE chetan (red): 26→27 [0.1ms]
[2026-05-06 14:12:20] MOVE asha (blue): 94→93 [0.1ms]
[2026-05-06 14:12:20] MOVE chetan (red): 27→14 [0.1ms]
[2026-05-06 14:12:20] MOVE asha (blue): 92→105 [0.1ms]
[2026-05-06 14:12:20] MOVE chetan (red): 14→15 [0.1ms]
[2026-05-06 14:12:20] MOVE asha (blue): 93→106 [0.1ms]
[2026-05-06 14:12:21] MOVE chetan (red): 15→16 [0.1ms]
[2026-05-06 14:12:21] MOVE asha (blue): 105→104 [0.1ms]
[2026-05-06 14:12:21] MOVE chetan (red): 16→17 [0.1ms]
[2026-05-06 14:12:21] MOVE asha (blue): 106→105 [0.2ms]
[2026-05-06 14:12:21] MOVE chetan (red): 17→18 [0.1ms]
[2026-05-06 14:12:21] MOVE asha (blue): 104→106 [4.1ms]
[2026-05-06 14:12:22] MOVE chetan (red): 18→19 [0.1ms]
[2026-05-06 14:12:22] MOVE asha (blue): 105→104 [0.1ms]
[2026-05-06 14:12:22] MOVE chetan (red): 19→31 [0.2ms]
[2026-05-06 14:12:22] MOVE asha (blue): 106→93 [0.1ms]
[2026-05-06 14:12:22] MOVE chetan (red): 31→30 [0.1ms]
[2026-05-06 14:12:22] MOVE asha (blue): 104→103 [0.1ms]
[2026-05-06 14:12:23] MOVE chetan (red): 30→29 [0.1ms]
[2026-05-06 14:12:23] MOVE asha (blue): 93→92 [0.1ms]
[2026-05-06 14:12:23] MOVE chetan (red): 29→28 [0.1ms]
[2026-05-06 14:12:23] MOVE asha (blue): 103→102 [0.2ms]
[2026-05-06 14:12:23] MOVE chetan (red): 28→15 [0.1ms]
[2026-05-06 14:12:23] MOVE asha (blue): 92→105 [0.1ms]
[2026-05-06 14:12:23] MOVE chetan (red): 15→14 [0.1ms]
[2026-05-06 14:12:24] MOVE asha (blue): 102→89 [0.3ms]
[2026-05-06 14:12:24] MOVE chetan (red): 14→13 [0.1ms]
[2026-05-06 14:12:24] MOVE asha (blue): 105→104 [0.1ms]
[2026-05-06 14:12:24] MOVE chetan (red): 13→26 [0.1ms]
[2026-05-06 14:12:24] MOVE asha (blue): 89→90 [0.1ms]
[2026-05-06 14:12:24] MOVE chetan (red): 26→27 [0.1ms]
[2026-05-06 14:12:25] MOVE asha (blue): 104→103 [0.1ms]
[2026-05-06 14:12:25] MOVE chetan (red): 27→14 [0.1ms]
[2026-05-06 14:12:25] MOVE asha (blue): 90→91 [0.3ms]
[2026-05-06 14:12:25] MOVE chetan (red): 14→15 [0.1ms]
[2026-05-06 14:12:25] MOVE asha (blue): 103→102 [0.1ms]
[2026-05-06 14:12:25] MOVE chetan (red): 15→16 [0.1ms]
[2026-05-06 14:12:26] MOVE asha (blue): 91→103 [0.2ms]
[2026-05-06 14:12:26] MOVE chetan (red): 16→17 [0.1ms]
[2026-05-06 14:12:26] MOVE asha (blue): 102→89 [0.1ms]
[2026-05-06 14:12:26] MOVE chetan (red): 17→18 [0.1ms]
[2026-05-06 14:12:26] MOVE asha (blue): 103→102 [0.1ms]
[2026-05-06 14:12:26] MOVE chetan (red): 18→19 [0.1ms]
[2026-05-06 14:12:27] MOVE asha (blue): 89→90 [0.1ms]
[2026-05-06 14:12:27] MOVE chetan (red): 19→31 [0.1ms]
[2026-05-06 14:12:27] MOVE asha (blue): 102→89 [0.1ms]
[2026-05-06 14:12:27] MOVE chetan (red): 31→30 [0.2ms]
[2026-05-06 14:12:27] MOVE asha (blue): 90→91 [0.1ms]
[2026-05-06 14:12:27] MOVE chetan (red): 30→29 [0.1ms]
[2026-05-06 14:12:27] MOVE asha (blue): 89→90 [0.1ms]
[2026-05-06 14:12:28] MOVE chetan (red): 29→28 [0.2ms]
[2026-05-06 14:12:28] MOVE asha (blue): 91→103 [0.1ms]
[2026-05-06 14:12:28] MOVE chetan (red): 28→15 [0.1ms]
[2026-05-06 14:12:28] MOVE asha (blue): 90→91 [0.1ms]
[2026-05-06 14:12:28] MOVE chetan (red): 15→14 [0.1ms]
[2026-05-06 14:12:28] MOVE asha (blue): 103→102 [0.1ms]
[2026-05-06 14:12:29] MOVE chetan (red): 14→13 [0.1ms]
[2026-05-06 14:12:29] MOVE asha (blue): 91→103 [0.1ms]
[2026-05-06 14:12:29] MOVE chetan (red): 13→26 [0.1ms]
[2026-05-06 14:12:29] MOVE asha (blue): 102→104 [0.1ms]
[2026-05-06 14:12:29] MOVE chetan (red): 26→27 [0.1ms]
[2026-05-06 14:12:29] MOVE asha (blue): 103→105 [0.1ms]
[2026-05-06 14:12:29] MOVE chetan (red): 27→14 [0.1ms]
[2026-05-06 14:12:30] MOVE asha (blue): 104→106 [0.1ms]
[2026-05-06 14:12:30] MOVE chetan (red): 14→15 [0.1ms]
[2026-05-06 14:12:30] MOVE asha (blue): 105→104 [0.1ms]
[2026-05-06 14:12:30] MOVE chetan (red): 15→16 [0.1ms]
[2026-05-06 14:12:30] MOVE asha (blue): 106→105 [0.1ms]
[2026-05-06 14:12:30] MOVE chetan (red): 16→17 [0.2ms]
[2026-05-06 14:12:31] MOVE asha (blue): 104→106 [0.1ms]
[2026-05-06 14:12:31] MOVE chetan (red): 17→18 [0.1ms]
[2026-05-06 14:12:31] MOVE asha (blue): 105→107 [0.2ms]
[2026-05-06 14:12:31] MOVE chetan (red): 18→19 [0.2ms]
[2026-05-06 14:12:31] MOVE asha (blue): 106→93 [0.1ms]
[2026-05-06 14:12:31] MOVE chetan (red): 19→31 [0.3ms]
[2026-05-06 14:12:32] MOVE asha (blue): 107→94 [0.1ms]
[2026-05-06 14:12:32] MOVE chetan (red): 31→30 [0.1ms]
[2026-05-06 14:12:32] MOVE asha (blue): 93→92 [0.2ms]
[2026-05-06 14:12:32] MOVE chetan (red): 30→29 [0.1ms]
[2026-05-06 14:12:32] MOVE asha (blue): 94→93 [0.1ms]
[2026-05-06 14:12:32] MOVE chetan (red): 29→28 [0.1ms]
[2026-05-06 14:12:33] MOVE asha (blue): 92→105 [0.1ms]
[2026-05-06 14:12:33] MOVE chetan (red): 28→15 [0.1ms]
[2026-05-06 14:12:33] MOVE asha (blue): 93→106 [0.1ms]
[2026-05-06 14:12:33] MOVE chetan (red): 15→14 [0.3ms]
[2026-05-06 14:12:33] MOVE asha (blue): 105→104 [0.1ms]
[2026-05-06 14:12:33] MOVE chetan (red): 14→13 [0.1ms]
[2026-05-06 14:12:33] MOVE asha (blue): 106→105 [0.1ms]
[2026-05-06 14:12:34] MOVE chetan (red): 13→26 [0.1ms]
[2026-05-06 14:12:34] MOVE asha (blue): 104→106 [0.1ms]
[2026-05-06 14:12:34] MOVE chetan (red): 26→27 [0.7ms]
[2026-05-06 14:12:34] MOVE asha (blue): 105→104 [0.1ms]
[2026-05-06 14:12:34] MOVE chetan (red): 27→14 [0.2ms]
[2026-05-06 14:12:34] MOVE asha (blue): 106→93 [0.1ms]
[2026-05-06 14:12:35] MOVE chetan (red): 14→15 [0.1ms]
[2026-05-06 14:12:35] MOVE asha (blue): 104→103 [0.1ms]
[2026-05-06 14:12:35] MOVE chetan (red): 15→16 [0.1ms]
[2026-05-06 14:12:35] MOVE asha (blue): 93→92 [0.1ms]
[2026-05-06 14:12:35] MOVE chetan (red): 16→17 [0.1ms]
[2026-05-06 14:12:35] MOVE asha (blue): 103→102 [0.1ms]
[2026-05-06 14:12:36] MOVE chetan (red): 17→18 [0.1ms]
[2026-05-06 14:12:36] MOVE asha (blue): 92→105 [0.1ms]
[2026-05-06 14:12:36] MOVE chetan (red): 18→19 [0.2ms]
[2026-05-06 14:12:36] MOVE asha (blue): 102→89 [0.9ms]
[2026-05-06 14:12:36] MOVE chetan (red): 19→31 [0.1ms]
[2026-05-06 14:12:36] MOVE asha (blue): 105→104 [0.1ms]
[2026-05-06 14:12:37] MOVE chetan (red): 31→30 [0.1ms]
[2026-05-06 14:12:37] MOVE asha (blue): 89→90 [0.2ms]
[2026-05-06 14:12:37] MOVE chetan (red): 30→29 [0.1ms]
[2026-05-06 14:12:37] MOVE asha (blue): 104→103 [0.1ms]
[2026-05-06 14:12:37] MOVE chetan (red): 29→28 [0.1ms]
[2026-05-06 14:12:37] MOVE asha (blue): 90→91 [0.3ms]
[2026-05-06 14:12:37] MOVE chetan (red): 28→15 [0.1ms]
[2026-05-06 14:12:38] MOVE asha (blue): 103→102 [0.1ms]
[2026-05-06 14:12:38] MOVE chetan (red): 15→14 [0.1ms]
[2026-05-06 14:12:38] MOVE asha (blue): 91→103 [0.1ms]
[2026-05-06 14:12:38] MOVE chetan (red): 14→13 [0.1ms]
[2026-05-06 14:12:38] MOVE asha (blue): 102→89 [0.1ms]
[2026-05-06 14:12:38] MOVE chetan (red): 13→26 [0.1ms]
[2026-05-06 14:12:39] MOVE asha (blue): 103→102 [0.1ms]
[2026-05-06 14:12:39] MOVE chetan (red): 26→27 [0.1ms]
[2026-05-06 14:12:39] MOVE asha (blue): 89→90 [0.2ms]
[2026-05-06 14:12:39] MOVE chetan (red): 27→14 [0.1ms]
[2026-05-06 14:12:39] MOVE asha (blue): 102→89 [0.4ms]
[2026-05-06 14:12:39] MOVE chetan (red): 14→15 [0.2ms]
[2026-05-06 14:12:40] MOVE asha (blue): 90→91 [0.1ms]
[2026-05-06 14:12:40] MOVE chetan (red): 15→16 [0.1ms]
[2026-05-06 14:12:40] MOVE asha (blue): 89→90 [0.1ms]
[2026-05-06 14:12:40] MOVE chetan (red): 16→17 [0.1ms]
[2026-05-06 14:12:40] MOVE asha (blue): 91→103 [0.2ms]
[2026-05-06 14:12:40] MOVE chetan (red): 17→18 [0.1ms]
[2026-05-06 14:12:41] MOVE asha (blue): 90→91 [0.1ms]
[2026-05-06 14:12:41] MOVE chetan (red): 18→19 [0.2ms]
[2026-05-06 14:12:41] MOVE asha (blue): 103→102 [0.1ms]
[2026-05-06 14:12:41] MOVE chetan (red): 19→31 [0.1ms]
[2026-05-06 14:12:41] MOVE asha (blue): 91→103 [0.1ms]
[2026-05-06 14:12:41] MOVE chetan (red): 31→30 [0.1ms]
[2026-05-06 14:12:42] MOVE asha (blue): 102→104 [0.2ms]
[2026-05-06 14:12:42] MOVE chetan (red): 30→29 [0.2ms]
[2026-05-06 14:12:42] MOVE asha (blue): 103→105 [0.2ms]
[2026-05-06 14:12:42] MOVE chetan (red): 29→28 [0.1ms]
[2026-05-06 14:12:42] MOVE asha (blue): 104→106 [0.1ms]
[2026-05-06 14:12:42] MOVE chetan (red): 28→15 [0.1ms]
[2026-05-06 14:12:43] MOVE asha (blue): 105→104 [0.2ms]
[2026-05-06 14:12:43] MOVE chetan (red): 15→14 [0.1ms]
[2026-05-06 14:12:43] MOVE asha (blue): 106→105 [0.1ms]
[2026-05-06 14:12:43] MOVE chetan (red): 14→13 [0.1ms]
[2026-05-06 14:12:43] MOVE asha (blue): 104→106 [0.1ms]
[2026-05-06 14:12:43] MOVE chetan (red): 13→26 [0.2ms]
[2026-05-06 14:12:43] MOVE asha (blue): 105→107 [0.2ms]
[2026-05-06 14:12:44] MOVE chetan (red): 26→27 [0.1ms]
[2026-05-06 14:12:44] MOVE asha (blue): 106→93 [0.1ms]
[2026-05-06 14:12:44] MOVE chetan (red): 27→14 [0.1ms]
[2026-05-06 14:12:44] MOVE asha (blue): 107→94 [0.2ms]
[2026-05-06 14:12:44] MOVE chetan (red): 14→15 [0.2ms]
[2026-05-06 14:12:44] MOVE asha (blue): 93→92 [0.1ms]
[2026-05-06 14:12:45] MOVE chetan (red): 15→16 [0.1ms]
[2026-05-06 14:12:45] MOVE asha (blue): 94→93 [0.1ms]
[2026-05-06 14:12:45] MOVE chetan (red): 16→17 [0.1ms]
[2026-05-06 14:12:45] MOVE asha (blue): 92→105 [0.4ms]
[2026-05-06 14:12:45] MOVE chetan (red): 17→18 [0.1ms]
[2026-05-06 14:12:45] MOVE asha (blue): 93→106 [0.2ms]
[2026-05-06 14:12:46] MOVE chetan (red): 18→19 [0.2ms]
[2026-05-06 14:12:46] MOVE asha (blue): 105→104 [0.1ms]
[2026-05-06 14:12:46] MOVE chetan (red): 19→31 [0.2ms]
[2026-05-06 14:12:46] MOVE asha (blue): 106→105 [0.1ms]
[2026-05-06 14:12:46] MOVE chetan (red): 31→30 [0.3ms]
[2026-05-06 14:12:46] MOVE asha (blue): 104→106 [0.1ms]
[2026-05-06 14:12:47] MOVE chetan (red): 30→29 [0.1ms]
[2026-05-06 14:12:47] MOVE asha (blue): 105→104 [0.2ms]
[2026-05-06 14:12:47] MOVE chetan (red): 29→28 [0.3ms]
[2026-05-06 14:12:47] MOVE asha (blue): 106→93 [0.1ms]
[2026-05-06 14:12:47] MOVE chetan (red): 28→15 [0.2ms]
[2026-05-06 14:12:47] MOVE asha (blue): 104→103 [0.1ms]
[2026-05-06 14:12:48] MOVE chetan (red): 15→14 [0.1ms]
[2026-05-06 14:12:48] MOVE asha (blue): 93→92 [0.1ms]
[2026-05-06 14:12:48] MOVE chetan (red): 14→13 [0.2ms]
[2026-05-06 14:12:48] MOVE asha (blue): 103→102 [0.2ms]
[2026-05-06 14:12:48] MOVE chetan (red): 13→26 [0.2ms]
[2026-05-06 14:12:48] MOVE asha (blue): 92→105 [0.1ms]
[2026-05-06 14:12:49] MOVE chetan (red): 26→27 [0.1ms]
[2026-05-06 14:12:49] MOVE asha (blue): 102→89 [0.2ms]
[2026-05-06 14:12:49] MOVE chetan (red): 27→14 [0.3ms]
[2026-05-06 14:12:49] MOVE asha (blue): 105→104 [0.1ms]
[2026-05-06 14:12:49] MOVE chetan (red): 14→15 [0.2ms]
[2026-05-06 14:12:49] MOVE asha (blue): 89→90 [0.2ms]
[2026-05-06 14:12:50] MOVE chetan (red): 15→16 [0.1ms]
[2026-05-06 14:12:50] MOVE asha (blue): 104→103 [0.1ms]
[2026-05-06 14:12:50] MOVE chetan (red): 16→17 [0.1ms]
[2026-05-06 14:12:50] MOVE asha (blue): 90→91 [0.1ms]
[2026-05-06 14:12:50] MOVE chetan (red): 17→18 [0.1ms]
[2026-05-06 14:12:50] MOVE asha (blue): 103→102 [0.1ms]
[2026-05-06 14:12:51] MOVE chetan (red): 18→19 [0.1ms]
[2026-05-06 14:12:51] MOVE asha (blue): 91→103 [0.1ms]
[2026-05-06 14:12:51] MOVE chetan (red): 19→31 [0.2ms]
[2026-05-06 14:12:51] MOVE asha (blue): 102→89 [0.1ms]
[2026-05-06 14:12:51] MOVE chetan (red): 31→30 [0.1ms]
[2026-05-06 14:12:51] MOVE asha (blue): 103→102 [0.1ms]
[2026-05-06 14:12:52] MOVE chetan (red): 30→29 [0.1ms]
[2026-05-06 14:12:52] MOVE asha (blue): 89→90 [0.2ms]
[2026-05-06 14:12:52] MOVE chetan (red): 29→28 [0.1ms]
[2026-05-06 14:12:52] MOVE asha (blue): 102→89 [0.2ms]
[2026-05-06 14:12:52] MOVE chetan (red): 28→15 [0.1ms]
[2026-05-06 14:12:53] MOVE asha (blue): 90→91 [0.2ms]
[2026-05-06 14:12:53] MOVE chetan (red): 15→14 [0.2ms]
[2026-05-06 14:12:53] MOVE asha (blue): 89→90 [0.1ms]
[2026-05-06 14:12:53] MOVE chetan (red): 14→13 [0.1ms]
[2026-05-06 14:12:53] MOVE asha (blue): 91→103 [0.1ms]
[2026-05-06 14:12:53] MOVE chetan (red): 13→26 [0.1ms]
[2026-05-06 14:12:53] MOVE asha (blue): 90→91 [0.1ms]
[2026-05-06 14:12:54] MOVE chetan (red): 26→27 [0.1ms]
[2026-05-06 14:12:54] MOVE asha (blue): 103→102 [0.1ms]
[2026-05-06 14:12:54] MOVE chetan (red): 27→14 [0.1ms]
[2026-05-06 14:12:54] MOVE asha (blue): 91→103 [0.1ms]
[2026-05-06 14:12:54] MOVE chetan (red): 14→15 [0.1ms]
[2026-05-06 14:12:54] MOVE asha (blue): 102→104 [0.1ms]
[2026-05-06 14:12:55] MOVE chetan (red): 15→16 [0.1ms]
[2026-05-06 14:12:55] MOVE asha (blue): 103→105 [0.1ms]
[2026-05-06 14:12:55] MOVE chetan (red): 16→17 [0.1ms]
[2026-05-06 14:12:55] MOVE asha (blue): 104→106 [0.1ms]
[2026-05-06 14:12:55] MOVE chetan (red): 17→18 [0.1ms]
[2026-05-06 14:12:55] MOVE asha (blue): 105→104 [0.1ms]
[2026-05-06 14:12:56] MOVE chetan (red): 18→19 [0.1ms]
[2026-05-06 14:12:56] MOVE asha (blue): 106→105 [0.2ms]
[2026-05-06 14:12:56] MOVE chetan (red): 19→31 [0.1ms]
[2026-05-06 14:12:56] MOVE asha (blue): 104→106 [0.1ms]
[2026-05-06 14:12:56] MOVE chetan (red): 31→30 [0.1ms]
[2026-05-06 14:12:56] MOVE asha (blue): 105→107 [0.1ms]
[2026-05-06 14:12:57] MOVE chetan (red): 30→29 [0.1ms]
[2026-05-06 14:12:57] MOVE asha (blue): 106→93 [0.1ms]
[2026-05-06 14:12:57] MOVE chetan (red): 29→28 [0.2ms]
[2026-05-06 14:12:57] MOVE asha (blue): 107→94 [0.1ms]
[2026-05-06 14:12:57] MOVE chetan (red): 28→15 [0.1ms]
[2026-05-06 14:12:57] MOVE asha (blue): 93→92 [0.1ms]
[2026-05-06 14:12:58] MOVE chetan (red): 15→14 [0.1ms]
[2026-05-06 14:12:58] MOVE asha (blue): 94→93 [0.1ms]
[2026-05-06 14:12:58] MOVE chetan (red): 14→13 [0.1ms]
[2026-05-06 14:12:58] MOVE asha (blue): 92→105 [0.1ms]
[2026-05-06 14:12:58] MOVE chetan (red): 13→26 [0.1ms]
[2026-05-06 14:12:58] MOVE asha (blue): 93→106 [0.1ms]
[2026-05-06 14:12:59] MOVE chetan (red): 26→27 [0.1ms]
[2026-05-06 14:12:59] MOVE asha (blue): 105→104 [0.1ms]
[2026-05-06 14:12:59] MOVE chetan (red): 27→14 [0.1ms]
[2026-05-06 14:12:59] MOVE asha (blue): 106→105 [0.2ms]
[2026-05-06 14:12:59] MOVE chetan (red): 14→15 [0.1ms]
[2026-05-06 14:12:59] MOVE asha (blue): 104→106 [0.1ms]
[2026-05-06 14:12:59] MOVE chetan (red): 15→16 [0.1ms]
[2026-05-06 14:13:00] MOVE asha (blue): 105→104 [0.2ms]
[2026-05-06 14:13:00] MOVE chetan (red): 16→17 [0.1ms]
[2026-05-06 14:13:00] MOVE asha (blue): 106→93 [0.1ms]
[2026-05-06 14:13:00] MOVE chetan (red): 17→18 [0.1ms]
[2026-05-06 14:13:00] MOVE asha (blue): 104→103 [0.2ms]
[2026-05-06 14:13:00] MOVE chetan (red): 18→19 [0.1ms]
[2026-05-06 14:13:01] MOVE asha (blue): 93→92 [0.2ms]
[2026-05-06 14:13:01] MOVE chetan (red): 19→31 [0.1ms]
[2026-05-06 14:13:01] MOVE asha (blue): 103→102 [0.1ms]
[2026-05-06 14:13:01] MOVE chetan (red): 31→30 [0.1ms]
[2026-05-06 14:13:01] MOVE asha (blue): 92→105 [0.1ms]
[2026-05-06 14:13:01] MOVE chetan (red): 30→29 [0.2ms]
[2026-05-06 14:13:02] MOVE asha (blue): 102→89 [0.1ms]
[2026-05-06 14:13:02] MOVE chetan (red): 29→28 [0.5ms]
[2026-05-06 14:13:02] MOVE asha (blue): 105→104 [0.1ms]
[2026-05-06 14:13:02] MOVE chetan (red): 28→15 [0.2ms]
[2026-05-06 14:13:02] MOVE asha (blue): 89→90 [0.2ms]
[2026-05-06 14:13:02] MOVE chetan (red): 15→14 [0.2ms]
[2026-05-06 14:13:03] MOVE asha (blue): 104→103 [0.1ms]
[2026-05-06 14:13:03] MOVE chetan (red): 14→13 [0.2ms]
[2026-05-06 14:13:03] MOVE asha (blue): 90→91 [0.1ms]
[2026-05-06 14:13:03] MOVE chetan (red): 13→26 [0.1ms]
[2026-05-06 14:13:03] MOVE asha (blue): 103→102 [0.1ms]
[2026-05-06 14:13:03] MOVE chetan (red): 26→27 [0.2ms]
[2026-05-06 14:13:04] MOVE asha (blue): 91→103 [0.1ms]
[2026-05-06 14:13:04] MOVE chetan (red): 27→14 [0.1ms]
[2026-05-06 14:13:04] MOVE asha (blue): 102→89 [0.1ms]
[2026-05-06 14:13:04] MOVE chetan (red): 14→15 [0.2ms]
[2026-05-06 14:13:04] MOVE asha (blue): 103→102 [0.1ms]
[2026-05-06 14:13:04] MOVE chetan (red): 15→16 [0.3ms]
[2026-05-06 14:13:04] MOVE asha (blue): 89→90 [0.1ms]
[2026-05-06 14:13:05] MOVE chetan (red): 16→17 [0.1ms]
[2026-05-06 14:13:05] MOVE asha (blue): 102→89 [0.1ms]
[2026-05-06 14:13:05] MOVE chetan (red): 17→18 [0.1ms]
[2026-05-06 14:13:05] MOVE asha (blue): 90→91 [0.1ms]
[2026-05-06 14:13:05] MOVE chetan (red): 18→19 [0.2ms]
[2026-05-06 14:13:05] MOVE asha (blue): 89→90 [0.3ms]
[2026-05-06 14:13:06] MOVE chetan (red): 19→31 [0.1ms]
[2026-05-06 14:13:06] MOVE asha (blue): 91→103 [0.1ms]
[2026-05-06 14:13:06] MOVE chetan (red): 31→30 [0.1ms]
[2026-05-06 14:13:06] MOVE asha (blue): 90→91 [0.1ms]
[2026-05-06 14:13:06] MOVE chetan (red): 30→29 [0.1ms]
[2026-05-06 14:13:06] MOVE asha (blue): 103→102 [0.1ms]
[2026-05-06 14:13:07] MOVE chetan (red): 29→28 [0.1ms]
[2026-05-06 14:13:07] MOVE asha (blue): 91→103 [0.1ms]
[2026-05-06 14:13:07] MOVE chetan (red): 28→15 [0.1ms]
[2026-05-06 14:13:07] MOVE asha (blue): 102→104 [0.1ms]
[2026-05-06 14:13:07] MOVE chetan (red): 15→14 [0.2ms]
[2026-05-06 14:13:07] MOVE asha (blue): 103→105 [0.1ms]
[2026-05-06 14:13:08] MOVE chetan (red): 14→13 [0.2ms]
[2026-05-06 14:13:08] MOVE asha (blue): 104→106 [0.1ms]
[2026-05-06 14:13:08] MOVE chetan (red): 13→26 [0.1ms]
[2026-05-06 14:13:08] MOVE asha (blue): 105→104 [0.1ms]
[2026-05-06 14:13:08] MOVE chetan (red): 26→27 [0.1ms]
[2026-05-06 14:13:08] MOVE asha (blue): 106→105 [0.2ms]
[2026-05-06 14:13:09] MOVE chetan (red): 27→14 [0.1ms]
[2026-05-06 14:13:09] MOVE asha (blue): 104→106 [0.1ms]
[2026-05-06 14:13:09] MOVE chetan (red): 14→15 [0.1ms]
[2026-05-06 14:13:09] MOVE asha (blue): 105→107 [0.1ms]
[2026-05-06 14:13:09] MOVE chetan (red): 15→16 [0.1ms]
[2026-05-06 14:13:09] MOVE asha (blue): 106→93 [0.3ms]
[2026-05-06 14:13:09] MOVE chetan (red): 16→17 [0.1ms]
[2026-05-06 14:13:10] MOVE asha (blue): 107→94 [0.1ms]
[2026-05-06 14:13:10] MOVE chetan (red): 17→18 [0.1ms]
[2026-05-06 14:13:10] MOVE asha (blue): 93→92 [0.1ms]
[2026-05-06 14:13:10] MOVE chetan (red): 18→19 [0.2ms]
[2026-05-06 14:13:10] MOVE asha (blue): 94→93 [0.1ms]
[2026-05-06 14:13:10] MOVE chetan (red): 19→31 [0.2ms]
[2026-05-06 14:13:11] MOVE asha (blue): 92→105 [0.2ms]
[2026-05-06 14:13:11] MOVE chetan (red): 31→30 [0.1ms]
[2026-05-06 14:13:11] MOVE asha (blue): 93→106 [0.1ms]
[2026-05-06 14:13:11] MOVE chetan (red): 30→29 [0.1ms]
[2026-05-06 14:13:11] MOVE asha (blue): 105→104 [0.1ms]
[2026-05-06 14:13:11] MOVE chetan (red): 29→28 [0.1ms]
[2026-05-06 14:13:12] MOVE asha (blue): 106→105 [0.1ms]
[2026-05-06 14:13:12] MOVE chetan (red): 28→15 [0.1ms]
[2026-05-06 14:13:12] MOVE asha (blue): 104→106 [0.3ms]
[2026-05-06 14:13:12] MOVE chetan (red): 15→14 [0.1ms]
[2026-05-06 14:13:12] MOVE asha (blue): 105→104 [0.1ms]
[2026-05-06 14:13:12] MOVE chetan (red): 14→13 [0.1ms]
[2026-05-06 14:13:13] MOVE asha (blue): 106→93 [0.2ms]
[2026-05-06 14:13:13] MOVE chetan (red): 13→26 [0.2ms]
[2026-05-06 14:13:13] MOVE asha (blue): 104→103 [0.1ms]
[2026-05-06 14:13:13] MOVE chetan (red): 26→27 [0.1ms]
[2026-05-06 14:13:13] MOVE asha (blue): 93→92 [0.3ms]
[2026-05-06 14:13:13] MOVE chetan (red): 27→14 [0.1ms]
[2026-05-06 14:13:14] MOVE asha (blue): 103→102 [0.1ms]
[2026-05-06 14:13:14] MOVE chetan (red): 14→15 [0.1ms]
[2026-05-06 14:13:14] MOVE asha (blue): 92→105 [0.1ms]
[2026-05-06 14:13:14] MOVE chetan (red): 15→16 [0.1ms]
[2026-05-06 14:13:14] MOVE asha (blue): 102→89 [0.1ms]
[2026-05-06 14:13:14] MOVE chetan (red): 16→17 [0.2ms]
[2026-05-06 14:13:15] MOVE asha (blue): 105→104 [0.1ms]
[2026-05-06 14:13:15] MOVE chetan (red): 17→18 [0.1ms]
[2026-05-06 14:13:15] MOVE asha (blue): 89→90 [0.1ms]
[2026-05-06 14:13:15] MOVE chetan (red): 18→19 [0.1ms]
[2026-05-06 14:13:15] MOVE asha (blue): 104→103 [0.1ms]
[2026-05-06 14:13:15] MOVE chetan (red): 19→31 [0.2ms]
[2026-05-06 14:13:15] MOVE asha (blue): 90→91 [0.1ms]
[2026-05-06 14:13:16] MOVE chetan (red): 31→30 [0.1ms]
[2026-05-06 14:13:16] MOVE asha (blue): 103→102 [0.1ms]
[2026-05-06 14:13:16] MOVE chetan (red): 30→29 [0.1ms]
[2026-05-06 14:13:16] MOVE asha (blue): 91→103 [0.1ms]
[2026-05-06 14:13:16] MOVE chetan (red): 29→28 [0.1ms]
[2026-05-06 14:13:16] MOVE asha (blue): 102→89 [0.1ms]
[2026-05-06 14:13:17] MOVE chetan (red): 28→15 [0.1ms]
[2026-05-06 14:13:17] MOVE asha (blue): 103→102 [0.1ms]
[2026-05-06 14:13:17] MOVE chetan (red): 15→14 [0.1ms]
[2026-05-06 14:13:17] MOVE asha (blue): 89→90 [0.1ms]
[2026-05-06 14:13:17] MOVE chetan (red): 14→13 [0.1ms]
[2026-05-06 14:13:17] MOVE asha (blue): 102→89 [0.1ms]
[2026-05-06 14:13:18] MOVE chetan (red): 13→26 [0.1ms]
[2026-05-06 14:13:18] MOVE asha (blue): 90→91 [0.1ms]
[2026-05-06 14:13:18] MOVE chetan (red): 26→27 [0.1ms]
[2026-05-06 14:13:18] MOVE asha (blue): 89→90 [0.1ms]
[2026-05-06 14:13:18] MOVE chetan (red): 27→14 [0.1ms]
[2026-05-06 14:13:18] MOVE asha (blue): 91→103 [0.2ms]
[2026-05-06 14:13:19] MOVE chetan (red): 14→15 [0.1ms]
[2026-05-06 14:13:19] MOVE asha (blue): 90→91 [0.2ms]
[2026-05-06 14:13:19] MOVE chetan (red): 15→16 [0.1ms]
[2026-05-06 14:13:19] MOVE asha (blue): 103→102 [0.1ms]
[2026-05-06 14:13:19] MOVE chetan (red): 16→17 [0.1ms]
[2026-05-06 14:13:19] MOVE asha (blue): 91→103 [0.1ms]
[2026-05-06 14:13:19] MOVE chetan (red): 17→18 [0.1ms]
[2026-05-06 14:13:20] MOVE asha (blue): 102→104 [0.1ms]
[2026-05-06 14:13:20] MOVE chetan (red): 18→19 [0.1ms]
[2026-05-06 14:13:20] MOVE asha (blue): 103→105 [0.1ms]
[2026-05-06 14:13:20] MOVE chetan (red): 19→31 [0.2ms]
[2026-05-06 14:13:20] MOVE asha (blue): 104→106 [0.1ms]
[2026-05-06 14:13:20] MOVE chetan (red): 31→30 [0.1ms]
[2026-05-06 14:13:21] MOVE asha (blue): 105→104 [0.1ms]
[2026-05-06 14:13:21] MOVE chetan (red): 30→29 [0.1ms]
[2026-05-06 14:13:21] MOVE asha (blue): 106→105 [0.3ms]
[2026-05-06 14:13:21] MOVE chetan (red): 29→28 [0.1ms]
[2026-05-06 14:13:21] MOVE asha (blue): 104→106 [0.3ms]
[2026-05-06 14:13:21] MOVE chetan (red): 28→15 [0.3ms]
[2026-05-06 14:13:22] MOVE asha (blue): 105→107 [0.1ms]
[2026-05-06 14:13:22] MOVE chetan (red): 15→14 [0.1ms]
[2026-05-06 14:13:22] MOVE asha (blue): 106→93 [0.2ms]
[2026-05-06 14:13:22] MOVE chetan (red): 14→13 [0.1ms]
[2026-05-06 14:13:22] MOVE asha (blue): 107→94 [0.2ms]
[2026-05-06 14:13:22] MOVE chetan (red): 13→26 [0.2ms]
[2026-05-06 14:13:23] MOVE asha (blue): 93→92 [0.1ms]
[2026-05-06 14:13:23] MOVE chetan (red): 26→27 [0.1ms]
[2026-05-06 14:13:23] MOVE asha (blue): 94→93 [0.3ms]
[2026-05-06 14:13:23] MOVE chetan (red): 27→14 [0.1ms]
[2026-05-06 14:13:23] MOVE asha (blue): 92→105 [0.1ms]
[2026-05-06 14:13:23] MOVE chetan (red): 14→15 [0.1ms]
[2026-05-06 14:13:24] MOVE asha (blue): 93→106 [0.3ms]
[2026-05-06 14:13:24] MOVE chetan (red): 15→16 [0.1ms]
[2026-05-06 14:13:24] MOVE asha (blue): 105→104 [0.1ms]
[2026-05-06 14:13:24] MOVE chetan (red): 16→17 [0.1ms]
[2026-05-06 14:13:24] MOVE asha (blue): 106→105 [0.1ms]
[2026-05-06 14:13:24] MOVE chetan (red): 17→18 [0.1ms]
[2026-05-06 14:13:25] MOVE asha (blue): 104→106 [0.3ms]
[2026-05-06 14:13:25] MOVE chetan (red): 18→19 [0.1ms]
[2026-05-06 14:13:25] MOVE asha (blue): 105→104 [0.1ms]
[2026-05-06 14:13:25] MOVE chetan (red): 19→31 [0.1ms]
[2026-05-06 14:13:25] MOVE asha (blue): 106→93 [0.2ms]
[2026-05-06 14:13:25] MOVE chetan (red): 31→30 [0.1ms]
[2026-05-06 14:13:25] MOVE asha (blue): 104→103 [0.2ms]
[2026-05-06 14:13:26] MOVE chetan (red): 30→29 [0.2ms]
[2026-05-06 14:13:26] MOVE asha (blue): 93→92 [0.1ms]
[2026-05-06 14:13:26] MOVE chetan (red): 29→28 [0.1ms]
[2026-05-06 14:13:26] MOVE asha (blue): 103→102 [0.1ms]
[2026-05-06 14:13:26] MOVE chetan (red): 28→15 [0.4ms]
[2026-05-06 14:13:26] MOVE asha (blue): 92→105 [0.1ms]
[2026-05-06 14:13:27] MOVE chetan (red): 15→14 [0.1ms]
[2026-05-06 14:13:27] MOVE asha (blue): 102→89 [0.1ms]
[2026-05-06 14:13:27] MOVE chetan (red): 14→13 [0.2ms]
[2026-05-06 14:13:27] MOVE asha (blue): 105→104 [0.2ms]
[2026-05-06 14:13:27] MOVE chetan (red): 13→26 [0.1ms]
[2026-05-06 14:13:28] MOVE asha (blue): 89→90 [0.4ms]
[2026-05-06 14:13:28] MOVE chetan (red): 26→27 [0.1ms]
[2026-05-06 14:13:28] MOVE asha (blue): 104→103 [0.2ms]
[2026-05-06 14:13:28] MOVE chetan (red): 27→14 [0.1ms]
[2026-05-06 14:13:28] MOVE asha (blue): 90→91 [0.2ms]
[2026-05-06 14:13:29] MOVE chetan (red): 14→15 [0.2ms]
[2026-05-06 14:13:29] MOVE asha (blue): 103→102 [0.1ms]
[2026-05-06 14:13:29] MOVE chetan (red): 15→16 [0.1ms]
[2026-05-06 14:13:29] MOVE asha (blue): 91→103 [0.1ms]
[2026-05-06 14:13:29] MOVE chetan (red): 16→17 [0.3ms]
[2026-05-06 14:13:29] MOVE asha (blue): 102→89 [0.1ms]
[2026-05-06 14:13:30] MOVE chetan (red): 17→18 [0.1ms]
[2026-05-06 14:13:30] MOVE asha (blue): 103→102 [0.3ms]
[2026-05-06 14:13:30] MOVE chetan (red): 18→19 [0.5ms]
[2026-05-06 14:13:30] MOVE asha (blue): 89→90 [0.1ms]
[2026-05-06 14:13:30] MOVE chetan (red): 19→31 [0.2ms]
[2026-05-06 14:13:31] MOVE asha (blue): 102→89 [0.2ms]
[2026-05-06 14:13:31] MOVE chetan (red): 31→30 [0.3ms]
[2026-05-06 14:13:31] MOVE asha (blue): 90→91 [0.1ms]
[2026-05-06 14:13:31] MOVE chetan (red): 30→29 [0.1ms]
[2026-05-06 14:13:31] MOVE asha (blue): 89→90 [0.1ms]
[2026-05-06 14:13:31] MOVE chetan (red): 29→28 [0.3ms]
[2026-05-06 14:13:32] MOVE asha (blue): 91→103 [0.1ms]
[2026-05-06 14:13:32] MOVE chetan (red): 28→15 [0.1ms]
[2026-05-06 14:13:32] MOVE asha (blue): 90→91 [0.1ms]
[2026-05-06 14:13:32] MOVE chetan (red): 15→14 [0.2ms]
[2026-05-06 14:13:32] MOVE asha (blue): 103→102 [0.2ms]
[2026-05-06 14:13:32] MOVE chetan (red): 14→13 [0.1ms]
[2026-05-06 14:13:33] MOVE asha (blue): 91→103 [0.2ms]
[2026-05-06 14:13:33] MOVE chetan (red): 13→26 [0.1ms]
[2026-05-06 14:13:33] MOVE asha (blue): 102→104 [0.1ms]
[2026-05-06 14:13:33] MOVE chetan (red): 26→27 [0.1ms]
[2026-05-06 14:13:33] MOVE asha (blue): 103→105 [0.1ms]
[2026-05-06 14:13:33] MOVE chetan (red): 27→14 [0.2ms]
[2026-05-06 14:13:34] MOVE asha (blue): 104→106 [0.1ms]
[2026-05-06 14:13:34] MOVE chetan (red): 14→15 [0.1ms]
[2026-05-06 14:13:34] MOVE asha (blue): 105→104 [0.1ms]
[2026-05-06 14:13:34] MOVE chetan (red): 15→16 [0.1ms]
[2026-05-06 14:13:34] MOVE asha (blue): 106→105 [0.1ms]
[2026-05-06 14:13:34] MOVE chetan (red): 16→17 [0.1ms]
[2026-05-06 14:13:35] MOVE asha (blue): 104→106 [0.2ms]
[2026-05-06 14:13:35] MOVE chetan (red): 17→18 [0.1ms]
[2026-05-06 14:13:35] MOVE asha (blue): 105→107 [0.2ms]
[2026-05-06 14:13:35] MOVE chetan (red): 18→19 [0.3ms]
[2026-05-06 14:13:35] MOVE asha (blue): 106→93 [0.1ms]
[2026-05-06 14:13:35] MOVE chetan (red): 19→31 [0.1ms]
[2026-05-06 14:13:36] MOVE asha (blue): 107→94 [0.1ms]
[2026-05-06 14:13:36] MOVE chetan (red): 31→30 [0.1ms]
[2026-05-06 14:13:36] MOVE asha (blue): 93→92 [0.1ms]
[2026-05-06 14:13:36] MOVE chetan (red): 30→29 [0.1ms]
[2026-05-06 14:13:36] MOVE asha (blue): 94→93 [0.1ms]
[2026-05-06 14:13:36] MOVE chetan (red): 29→28 [0.1ms]
[2026-05-06 14:13:37] MOVE asha (blue): 92→105 [0.1ms]
[2026-05-06 14:13:37] MOVE chetan (red): 28→15 [0.3ms]
[2026-05-06 14:13:37] MOVE asha (blue): 93→106 [0.1ms]
[2026-05-06 14:13:37] MOVE chetan (red): 15→14 [0.1ms]
[2026-05-06 14:13:37] MOVE asha (blue): 105→104 [0.3ms]
[2026-05-06 14:13:37] MOVE chetan (red): 14→13 [0.3ms]
[2026-05-06 14:13:37] MOVE asha (blue): 106→105 [0.2ms]
[2026-05-06 14:13:38] MOVE chetan (red): 13→26 [0.1ms]
[2026-05-06 14:13:38] MOVE asha (blue): 104→106 [0.1ms]
[2026-05-06 14:13:38] MOVE chetan (red): 26→27 [0.2ms]
[2026-05-06 14:13:38] MOVE asha (blue): 105→104 [0.1ms]
[2026-05-06 14:13:38] MOVE chetan (red): 27→14 [0.1ms]
[2026-05-06 14:13:38] MOVE asha (blue): 106→93 [0.1ms]
[2026-05-06 14:13:38] MOVE chetan (red): 14→15 [0.2ms]
[2026-05-06 14:13:39] MOVE asha (blue): 104→103 [0.1ms]
[2026-05-06 14:13:39] MOVE chetan (red): 15→16 [0.1ms]
[2026-05-06 14:13:39] MOVE asha (blue): 93→92 [0.1ms]
[2026-05-06 14:13:39] MOVE chetan (red): 16→17 [0.1ms]
[2026-05-06 14:13:39] MOVE asha (blue): 103→102 [0.3ms]
[2026-05-06 14:13:39] MOVE chetan (red): 17→18 [0.2ms]
[2026-05-06 14:13:40] MOVE asha (blue): 92→105 [0.3ms]
[2026-05-06 14:13:40] MOVE chetan (red): 18→19 [0.1ms]
[2026-05-06 14:13:40] MOVE asha (blue): 102→89 [0.4ms]
[2026-05-06 14:13:40] MOVE chetan (red): 19→31 [0.1ms]
[2026-05-06 14:13:40] MOVE asha (blue): 105→104 [0.1ms]
[2026-05-06 14:13:40] MOVE chetan (red): 31→30 [0.1ms]
[2026-05-06 14:13:41] MOVE asha (blue): 89→90 [0.1ms]
[2026-05-06 14:13:41] MOVE chetan (red): 30→29 [0.1ms]
[2026-05-06 14:13:41] MOVE asha (blue): 104→103 [0.1ms]
[2026-05-06 14:13:42] MOVE chetan (red): 29→28 [0.1ms]
[2026-05-06 14:13:42] MOVE asha (blue): 90→91 [0.2ms]
[2026-05-06 14:13:42] MOVE chetan (red): 28→15 [0.1ms]
[2026-05-06 14:13:42] MOVE asha (blue): 103→102 [0.1ms]
[2026-05-06 14:13:42] MOVE chetan (red): 15→14 [0.1ms]
[2026-05-06 14:13:43] MOVE asha (blue): 91→103 [0.1ms]
[2026-05-06 14:13:43] MOVE chetan (red): 14→13 [0.1ms]
[2026-05-06 14:13:43] MOVE asha (blue): 102→89 [0.1ms]
[2026-05-06 14:13:43] MOVE chetan (red): 13→26 [0.1ms]
[2026-05-06 14:13:44] MOVE asha (blue): 103→102 [0.1ms]
[2026-05-06 14:13:44] MOVE chetan (red): 26→27 [0.5ms]
[2026-05-06 14:13:44] MOVE asha (blue): 89→90 [0.1ms]
[2026-05-06 14:13:44] MOVE chetan (red): 27→14 [0.1ms]
[2026-05-06 14:13:44] MOVE asha (blue): 102→89 [0.1ms]
[2026-05-06 14:13:44] MOVE chetan (red): 14→15 [0.1ms]
[2026-05-06 14:13:45] MOVE asha (blue): 90→91 [0.1ms]
[2026-05-06 14:13:45] MOVE chetan (red): 15→16 [0.3ms]
[2026-05-06 14:13:45] MOVE asha (blue): 89→90 [0.1ms]
[2026-05-06 14:13:45] MOVE chetan (red): 16→17 [0.1ms]
[2026-05-06 14:13:45] MOVE asha (blue): 91→103 [0.2ms]
[2026-05-06 14:13:45] MOVE chetan (red): 17→18 [0.1ms]
[2026-05-06 14:13:45] MOVE asha (blue): 90→91 [0.1ms]
[2026-05-06 14:13:46] MOVE chetan (red): 18→19 [0.2ms]
[2026-05-06 14:13:46] MOVE asha (blue): 103→102 [0.2ms]
[2026-05-06 14:13:46] MOVE chetan (red): 19→31 [0.1ms]
[2026-05-06 14:13:46] MOVE asha (blue): 91→103 [0.1ms]
[2026-05-06 14:13:46] MOVE chetan (red): 31→30 [0.1ms]
[2026-05-06 14:13:47] MOVE asha (blue): 102→104 [0.2ms]
[2026-05-06 14:13:47] MOVE chetan (red): 30→29 [0.1ms]
[2026-05-06 14:13:47] MOVE asha (blue): 103→105 [0.1ms]
[2026-05-06 14:13:47] MOVE chetan (red): 29→28 [0.1ms]
[2026-05-06 14:13:48] MOVE asha (blue): 104→106 [0.4ms]
[2026-05-06 14:13:48] MOVE chetan (red): 28→15 [0.1ms]
[2026-05-06 14:13:48] MOVE asha (blue): 105→104 [0.1ms]
[2026-05-06 14:13:48] MOVE chetan (red): 15→14 [0.1ms]
[2026-05-06 14:13:48] MOVE asha (blue): 106→105 [0.1ms]
[2026-05-06 14:13:48] MOVE chetan (red): 14→13 [0.1ms]
[2026-05-06 14:13:49] MOVE asha (blue): 104→106 [0.1ms]
[2026-05-06 14:13:49] MOVE chetan (red): 13→26 [0.1ms]
[2026-05-06 14:13:49] MOVE asha (blue): 105→107 [0.2ms]
[2026-05-06 14:13:49] MOVE chetan (red): 26→27 [0.1ms]
[2026-05-06 14:13:49] MOVE asha (blue): 106→93 [0.2ms]
[2026-05-06 14:13:50] MOVE chetan (red): 27→14 [0.2ms]
[2026-05-06 14:13:50] MOVE asha (blue): 107→94 [0.1ms]
[2026-05-06 14:13:50] MOVE chetan (red): 14→15 [0.1ms]
[2026-05-06 14:13:50] MOVE asha (blue): 93→92 [0.1ms]
[2026-05-06 14:13:51] MOVE chetan (red): 15→16 [0.1ms]
[2026-05-06 14:13:51] MOVE asha (blue): 94→93 [0.2ms]
[2026-05-06 14:13:51] MOVE chetan (red): 16→17 [0.1ms]
[2026-05-06 14:13:51] MOVE asha (blue): 92→105 [0.2ms]
[2026-05-06 14:13:52] MOVE chetan (red): 17→18 [0.1ms]
[2026-05-06 14:13:52] MOVE asha (blue): 93→106 [0.1ms]
[2026-05-06 14:13:52] MOVE chetan (red): 18→19 [0.1ms]
[2026-05-06 14:13:52] MOVE asha (blue): 105→104 [0.2ms]
[2026-05-06 14:13:52] MOVE chetan (red): 19→31 [0.2ms]
[2026-05-06 14:13:52] MOVE asha (blue): 106→105 [0.1ms]
[2026-05-06 14:13:52] MOVE chetan (red): 31→30 [0.1ms]
[2026-05-06 14:13:53] MOVE asha (blue): 104→106 [0.1ms]
[2026-05-06 14:13:53] MOVE chetan (red): 30→29 [0.1ms]
[2026-05-06 14:13:53] MOVE asha (blue): 105→104 [0.2ms]
[2026-05-06 14:13:53] MOVE chetan (red): 29→28 [0.2ms]
[2026-05-06 14:13:53] MOVE asha (blue): 106→93 [0.1ms]
[2026-05-06 14:13:53] MOVE chetan (red): 28→15 [0.1ms]
[2026-05-06 14:13:53] MOVE asha (blue): 104→103 [0.1ms]
[2026-05-06 14:13:54] MOVE chetan (red): 15→14 [0.2ms]
[2026-05-06 14:13:54] MOVE asha (blue): 93→92 [0.1ms]
[2026-05-06 14:13:54] MOVE chetan (red): 14→13 [0.1ms]
[2026-05-06 14:13:54] MOVE asha (blue): 103→102 [0.3ms]
[2026-05-06 14:13:54] MOVE chetan (red): 13→26 [0.1ms]
[2026-05-06 14:13:54] MOVE asha (blue): 92→105 [0.2ms]
[2026-05-06 14:13:55] MOVE chetan (red): 26→27 [0.1ms]
[2026-05-06 14:13:55] MOVE asha (blue): 102→89 [0.1ms]
[2026-05-06 14:13:55] MOVE chetan (red): 27→14 [0.2ms]
[2026-05-06 14:13:55] MOVE asha (blue): 105→104 [0.1ms]
[2026-05-06 14:13:55] MOVE chetan (red): 14→15 [0.1ms]
[2026-05-06 14:13:56] MOVE asha (blue): 89→90 [0.2ms]
[2026-05-06 14:13:56] MOVE chetan (red): 15→16 [0.1ms]
[2026-05-06 14:13:56] MOVE asha (blue): 104→103 [0.1ms]
[2026-05-06 14:13:56] MOVE chetan (red): 16→17 [0.1ms]
[2026-05-06 14:13:56] MOVE asha (blue): 90→91 [0.1ms]
[2026-05-06 14:13:56] MOVE chetan (red): 17→18 [0.1ms]
[2026-05-06 14:13:57] MOVE asha (blue): 103→102 [0.1ms]
[2026-05-06 14:13:57] MOVE chetan (red): 18→19 [0.3ms]
[2026-05-06 14:13:57] MOVE asha (blue): 91→103 [0.1ms]
[2026-05-06 14:13:57] MOVE chetan (red): 19→31 [0.1ms]
[2026-05-06 14:13:58] MOVE asha (blue): 102→89 [0.1ms]
[2026-05-06 14:13:58] MOVE chetan (red): 31→30 [0.2ms]
[2026-05-06 14:13:58] MOVE asha (blue): 103→102 [0.2ms]
[2026-05-06 14:13:58] MOVE chetan (red): 30→29 [0.2ms]
[2026-05-06 14:13:58] MOVE asha (blue): 89→90 [0.1ms]
[2026-05-06 14:13:58] MOVE chetan (red): 29→28 [0.1ms]
[2026-05-06 14:13:59] MOVE asha (blue): 102→89 [0.1ms]
[2026-05-06 14:13:59] MOVE chetan (red): 28→15 [0.2ms]
[2026-05-06 14:13:59] MOVE asha (blue): 90→91 [0.1ms]
[2026-05-06 14:13:59] MOVE chetan (red): 15→14 [0.1ms]
[2026-05-06 14:13:59] MOVE asha (blue): 89→90 [0.1ms]
[2026-05-06 14:13:59] MOVE chetan (red): 14→13 [0.1ms]
[2026-05-06 14:14:00] MOVE asha (blue): 91→103 [0.1ms]
[2026-05-06 14:14:00] MOVE chetan (red): 13→26 [0.1ms]
[2026-05-06 14:14:00] MOVE asha (blue): 90→91 [0.1ms]
[2026-05-06 14:14:00] MOVE chetan (red): 26→27 [0.3ms]
[2026-05-06 14:14:00] MOVE asha (blue): 103→102 [0.2ms]
[2026-05-06 14:14:00] MOVE chetan (red): 27→14 [0.1ms]
[2026-05-06 14:14:01] MOVE asha (blue): 91→103 [0.1ms]
[2026-05-06 14:14:01] MOVE chetan (red): 14→15 [0.1ms]
[2026-05-06 14:14:01] MOVE asha (blue): 102→104 [0.1ms]
[2026-05-06 14:14:01] MOVE chetan (red): 15→16 [0.1ms]
[2026-05-06 14:14:01] MOVE asha (blue): 103→105 [0.1ms]
[2026-05-06 14:14:01] MOVE chetan (red): 16→17 [0.3ms]
[2026-05-06 14:14:02] MOVE asha (blue): 104→106 [0.3ms]
[2026-05-06 14:14:02] MOVE chetan (red): 17→18 [0.1ms]
[2026-05-06 14:14:02] MOVE asha (blue): 105→104 [0.2ms]
[2026-05-06 14:14:02] MOVE chetan (red): 18→19 [0.1ms]
[2026-05-06 14:14:02] MOVE asha (blue): 106→105 [0.1ms]
[2026-05-06 14:14:02] MOVE chetan (red): 19→31 [0.3ms]
[2026-05-06 14:14:03] MOVE asha (blue): 104→106 [0.1ms]
[2026-05-06 14:14:03] MOVE chetan (red): 31→30 [0.2ms]
[2026-05-06 14:14:03] MOVE asha (blue): 105→107 [0.1ms]
[2026-05-06 14:14:03] MOVE chetan (red): 30→29 [0.1ms]
[2026-05-06 14:14:03] MOVE asha (blue): 106→93 [0.3ms]
[2026-05-06 14:14:03] MOVE chetan (red): 29→28 [0.1ms]
[2026-05-06 14:14:04] MOVE asha (blue): 107→94 [0.1ms]
[2026-05-06 14:14:04] MOVE chetan (red): 28→15 [0.2ms]
[2026-05-06 14:14:04] MOVE asha (blue): 93→92 [0.1ms]
[2026-05-06 14:14:04] MOVE chetan (red): 15→14 [0.1ms]
[2026-05-06 14:14:04] MOVE asha (blue): 94→93 [0.1ms]
[2026-05-06 14:14:04] MOVE chetan (red): 14→13 [0.1ms]
[2026-05-06 14:14:04] MOVE asha (blue): 92→105 [0.2ms]
[2026-05-06 14:14:05] MOVE chetan (red): 13→26 [0.2ms]
[2026-05-06 14:14:05] MOVE asha (blue): 93→106 [0.1ms]
[2026-05-06 14:14:05] MOVE chetan (red): 26→27 [0.1ms]
[2026-05-06 14:14:05] MOVE asha (blue): 105→104 [0.1ms]
[2026-05-06 14:14:05] MOVE chetan (red): 27→14 [0.1ms]
[2026-05-06 14:14:05] MOVE asha (blue): 106→105 [0.1ms]
[2026-05-06 14:14:06] MOVE chetan (red): 14→15 [0.1ms]
[2026-05-06 14:14:06] MOVE asha (blue): 104→106 [0.2ms]
[2026-05-06 14:14:06] MOVE chetan (red): 15→16 [0.2ms]
[2026-05-06 14:14:06] MOVE asha (blue): 105→104 [0.1ms]
[2026-05-06 14:14:06] MOVE chetan (red): 16→17 [0.4ms]
[2026-05-06 14:14:06] MOVE asha (blue): 106→93 [0.3ms]
[2026-05-06 14:14:07] MOVE chetan (red): 17→18 [0.1ms]
[2026-05-06 14:14:07] MOVE asha (blue): 104→103 [0.1ms]
[2026-05-06 14:14:07] MOVE chetan (red): 18→19 [0.1ms]
[2026-05-06 14:14:07] MOVE asha (blue): 93→92 [0.1ms]
[2026-05-06 14:14:07] MOVE chetan (red): 19→31 [0.1ms]
[2026-05-06 14:14:07] MOVE asha (blue): 103→102 [0.2ms]
[2026-05-06 14:14:08] MOVE chetan (red): 31→30 [0.1ms]
[2026-05-06 14:14:08] MOVE asha (blue): 92→105 [0.1ms]
[2026-05-06 14:14:08] MOVE chetan (red): 30→29 [0.1ms]
[2026-05-06 14:14:08] MOVE asha (blue): 102→89 [0.1ms]
[2026-05-06 14:14:08] MOVE chetan (red): 29→28 [0.1ms]
[2026-05-06 14:14:08] MOVE asha (blue): 105→104 [0.1ms]
[2026-05-06 14:14:08] MOVE chetan (red): 28→15 [0.1ms]
[2026-05-06 14:14:09] MOVE asha (blue): 89→90 [0.1ms]
[2026-05-06 14:14:09] MOVE chetan (red): 15→14 [0.2ms]
[2026-05-06 14:14:09] MOVE asha (blue): 104→103 [0.1ms]
[2026-05-06 14:14:09] MOVE chetan (red): 14→13 [0.2ms]
[2026-05-06 14:14:09] MOVE asha (blue): 90→91 [0.1ms]
[2026-05-06 14:14:09] MOVE chetan (red): 13→26 [0.2ms]
[2026-05-06 14:14:10] MOVE asha (blue): 103→102 [0.5ms]
[2026-05-06 14:14:10] MOVE chetan (red): 26→27 [0.1ms]
[2026-05-06 14:14:10] MOVE asha (blue): 91→103 [0.1ms]
[2026-05-06 14:14:10] MOVE chetan (red): 27→14 [0.1ms]
[2026-05-06 14:14:10] MOVE asha (blue): 102→89 [0.2ms]
[2026-05-06 14:14:10] MOVE chetan (red): 14→15 [0.2ms]
[2026-05-06 14:14:11] MOVE asha (blue): 103→102 [0.1ms]
[2026-05-06 14:14:11] MOVE chetan (red): 15→16 [0.1ms]
[2026-05-06 14:14:11] MOVE asha (blue): 89→90 [0.1ms]
[2026-05-06 14:14:11] MOVE chetan (red): 16→17 [0.1ms]
[2026-05-06 14:14:11] MOVE asha (blue): 102→89 [0.2ms]
[2026-05-06 14:14:11] MOVE chetan (red): 17→18 [0.1ms]
[2026-05-06 14:14:12] MOVE asha (blue): 90→91 [0.2ms]
[2026-05-06 14:14:12] MOVE chetan (red): 18→19 [0.1ms]
[2026-05-06 14:14:12] MOVE asha (blue): 89→90 [0.1ms]
[2026-05-06 14:14:12] MOVE chetan (red): 19→31 [0.1ms]
[2026-05-06 14:14:12] MOVE asha (blue): 91→103 [0.1ms]
[2026-05-06 14:14:12] MOVE chetan (red): 31→30 [0.1ms]
[2026-05-06 14:14:13] MOVE asha (blue): 90→91 [0.2ms]
[2026-05-06 14:14:13] MOVE chetan (red): 30→29 [0.1ms]
[2026-05-06 14:14:13] MOVE asha (blue): 103→102 [0.1ms]
[2026-05-06 14:14:13] MOVE chetan (red): 29→28 [0.2ms]
[2026-05-06 14:14:14] MOVE asha (blue): 91→103 [0.1ms]
[2026-05-06 14:14:14] MOVE chetan (red): 28→15 [0.1ms]
[2026-05-06 14:14:14] MOVE asha (blue): 102→104 [0.1ms]
[2026-05-06 14:14:14] MOVE chetan (red): 15→14 [0.1ms]
[2026-05-06 14:14:14] MOVE asha (blue): 103→105 [0.1ms]
[2026-05-06 14:14:14] MOVE chetan (red): 14→13 [0.1ms]
[2026-05-06 14:14:15] MOVE asha (blue): 104→106 [0.1ms]
[2026-05-06 14:14:15] MOVE chetan (red): 13→26 [0.1ms]
[2026-05-06 14:14:15] MOVE asha (blue): 105→104 [0.1ms]
[2026-05-06 14:14:15] MOVE chetan (red): 26→27 [0.1ms]
[2026-05-06 14:14:15] MOVE asha (blue): 106→105 [0.1ms]
[2026-05-06 14:14:15] MOVE chetan (red): 27→14 [0.2ms]
[2026-05-06 14:14:16] MOVE asha (blue): 104→106 [0.4ms]
[2026-05-06 14:14:16] MOVE chetan (red): 14→15 [0.4ms]
[2026-05-06 14:14:16] MOVE asha (blue): 105→107 [0.1ms]
[2026-05-06 14:14:16] MOVE chetan (red): 15→16 [0.1ms]
[2026-05-06 14:14:16] MOVE asha (blue): 106→93 [0.1ms]
[2026-05-06 14:14:16] MOVE chetan (red): 16→17 [0.1ms]
[2026-05-06 14:14:17] MOVE asha (blue): 107→94 [0.2ms]
[2026-05-06 14:14:17] MOVE chetan (red): 17→18 [0.1ms]
[2026-05-06 14:14:17] MOVE asha (blue): 93→92 [0.1ms]
[2026-05-06 14:14:18] MOVE chetan (red): 18→19 [0.1ms]
[2026-05-06 14:14:18] MOVE asha (blue): 94→93 [0.1ms]
[2026-05-06 14:14:18] MOVE chetan (red): 19→31 [0.1ms]
[2026-05-06 14:14:18] MOVE asha (blue): 92→105 [0.1ms]
[2026-05-06 14:14:18] MOVE chetan (red): 31→30 [0.1ms]
[2026-05-06 14:14:19] MOVE asha (blue): 93→106 [0.1ms]
[2026-05-06 14:14:19] MOVE chetan (red): 30→29 [0.1ms]
[2026-05-06 14:14:19] MOVE asha (blue): 105→104 [0.1ms]
[2026-05-06 14:14:19] MOVE chetan (red): 29→28 [0.2ms]
[2026-05-06 14:14:19] MOVE asha (blue): 106→105 [0.1ms]
[2026-05-06 14:14:19] MOVE chetan (red): 28→15 [0.1ms]
[2026-05-06 14:14:20] MOVE asha (blue): 104→106 [0.3ms]
[2026-05-06 14:14:20] MOVE chetan (red): 15→14 [0.1ms]
[2026-05-06 14:14:20] MOVE asha (blue): 105→104 [0.1ms]
[2026-05-06 14:14:20] MOVE chetan (red): 14→13 [0.1ms]
[2026-05-06 14:14:20] MOVE asha (blue): 106→93 [0.1ms]
[2026-05-06 14:14:20] MOVE chetan (red): 13→26 [0.1ms]
[2026-05-06 14:14:20] MOVE asha (blue): 104→103 [0.1ms]
[2026-05-06 14:14:21] MOVE chetan (red): 26→27 [0.1ms]
[2026-05-06 14:14:21] MOVE asha (blue): 93→92 [0.2ms]
[2026-05-06 14:14:21] MOVE chetan (red): 27→14 [0.2ms]
[2026-05-06 14:14:21] MOVE asha (blue): 103→102 [0.1ms]
[2026-05-06 14:14:21] MOVE chetan (red): 14→15 [0.1ms]
[2026-05-06 14:14:22] MOVE asha (blue): 92→105 [0.2ms]
[2026-05-06 14:14:22] MOVE chetan (red): 15→16 [0.1ms]
[2026-05-06 14:14:22] MOVE asha (blue): 102→89 [0.1ms]
[2026-05-06 14:14:22] MOVE chetan (red): 16→17 [0.1ms]
[2026-05-06 14:14:22] MOVE asha (blue): 105→104 [0.1ms]
[2026-05-06 14:14:22] MOVE chetan (red): 17→18 [0.1ms]
[2026-05-06 14:14:22] MOVE asha (blue): 89→90 [0.1ms]
[2026-05-06 14:14:23] MOVE chetan (red): 18→19 [0.1ms]
[2026-05-06 14:14:23] MOVE asha (blue): 104→103 [0.1ms]
[2026-05-06 14:14:23] MOVE chetan (red): 19→31 [0.1ms]
[2026-05-06 14:14:23] MOVE asha (blue): 90→91 [0.1ms]
[2026-05-06 14:14:23] MOVE chetan (red): 31→30 [0.1ms]
[2026-05-06 14:14:23] MOVE asha (blue): 103→102 [0.1ms]
[2026-05-06 14:14:24] MOVE chetan (red): 30→29 [0.1ms]
[2026-05-06 14:14:24] MOVE asha (blue): 91→103 [0.4ms]
[2026-05-06 14:14:24] MOVE chetan (red): 29→28 [0.1ms]
[2026-05-06 14:14:24] MOVE asha (blue): 102→89 [0.1ms]
[2026-05-06 14:14:24] MOVE chetan (red): 28→15 [0.1ms]
[2026-05-06 14:14:24] MOVE asha (blue): 103→102 [0.1ms]
[2026-05-06 14:14:24] MOVE chetan (red): 15→14 [0.1ms]
[2026-05-06 14:14:25] MOVE asha (blue): 89→90 [0.1ms]
[2026-05-06 14:14:25] MOVE chetan (red): 14→13 [0.2ms]
[2026-05-06 14:14:25] MOVE asha (blue): 102→89 [0.1ms]
[2026-05-06 14:14:25] MOVE chetan (red): 13→26 [0.1ms]
[2026-05-06 14:14:25] MOVE asha (blue): 90→91 [0.1ms]
[2026-05-06 14:14:25] MOVE chetan (red): 26→27 [0.2ms]
[2026-05-06 14:14:26] MOVE asha (blue): 89→90 [0.1ms]
[2026-05-06 14:14:26] MOVE chetan (red): 27→14 [0.1ms]
[2026-05-06 14:14:26] MOVE asha (blue): 91→103 [0.1ms]
[2026-05-06 14:14:26] MOVE chetan (red): 14→15 [0.1ms]
[2026-05-06 14:14:26] MOVE asha (blue): 90→91 [0.1ms]
[2026-05-06 14:14:26] MOVE chetan (red): 15→16 [0.2ms]
[2026-05-06 14:14:27] MOVE asha (blue): 103→102 [0.1ms]
[2026-05-06 14:14:27] MOVE chetan (red): 16→17 [0.1ms]
[2026-05-06 14:14:27] MOVE asha (blue): 91→103 [0.2ms]
[2026-05-06 14:14:27] MOVE chetan (red): 17→18 [0.2ms]
[2026-05-06 14:14:27] MOVE asha (blue): 102→104 [0.1ms]
[2026-05-06 14:14:27] MOVE chetan (red): 18→19 [0.1ms]
[2026-05-06 14:14:28] MOVE asha (blue): 103→105 [0.1ms]
[2026-05-06 14:14:28] MOVE chetan (red): 19→31 [0.1ms]
[2026-05-06 14:14:28] MOVE asha (blue): 104→106 [0.1ms]
[2026-05-06 14:14:28] MOVE chetan (red): 31→30 [0.1ms]
[2026-05-06 14:14:28] MOVE asha (blue): 105→104 [0.1ms]
[2026-05-06 14:14:28] MOVE chetan (red): 30→29 [0.2ms]
[2026-05-06 14:14:29] MOVE asha (blue): 106→105 [0.3ms]
[2026-05-06 14:14:29] MOVE chetan (red): 29→28 [0.2ms]
[2026-05-06 14:14:29] MOVE asha (blue): 104→106 [0.1ms]
[2026-05-06 14:14:29] MOVE chetan (red): 28→15 [0.1ms]
[2026-05-06 14:14:29] MOVE asha (blue): 105→107 [8.5ms]
[2026-05-06 14:14:29] MOVE chetan (red): 15→14 [0.1ms]
[2026-05-06 14:14:30] MOVE asha (blue): 106→93 [0.1ms]
[2026-05-06 14:14:30] MOVE chetan (red): 14→13 [0.1ms]
[2026-05-06 14:14:30] MOVE asha (blue): 107→94 [0.1ms]
[2026-05-06 14:14:30] MOVE chetan (red): 13→26 [0.1ms]
[2026-05-06 14:14:30] MOVE asha (blue): 93→92 [0.1ms]
[2026-05-06 14:14:30] MOVE chetan (red): 26→27 [0.1ms]
[2026-05-06 14:14:31] MOVE asha (blue): 94→93 [0.2ms]
[2026-05-06 14:14:31] MOVE chetan (red): 27→14 [0.1ms]
[2026-05-06 14:14:31] MOVE asha (blue): 92→105 [0.1ms]
[2026-05-06 14:14:31] MOVE chetan (red): 14→15 [0.1ms]
[2026-05-06 14:14:31] MOVE asha (blue): 93→106 [0.1ms]
[2026-05-06 14:14:32] MOVE chetan (red): 15→16 [0.2ms]
[2026-05-06 14:14:32] MOVE asha (blue): 105→104 [0.1ms]
[2026-05-06 14:14:32] MOVE chetan (red): 16→17 [0.1ms]
[2026-05-06 14:14:32] MOVE asha (blue): 106→105 [0.2ms]
[2026-05-06 14:14:33] MOVE chetan (red): 17→18 [0.1ms]
[2026-05-06 14:14:33] MOVE asha (blue): 104→106 [0.1ms]
[2026-05-06 14:14:33] MOVE chetan (red): 18→19 [0.1ms]
[2026-05-06 14:14:33] MOVE asha (blue): 105→104 [0.1ms]
[2026-05-06 14:14:33] MOVE chetan (red): 19→31 [0.3ms]
[2026-05-06 14:14:33] MOVE asha (blue): 106→93 [0.1ms]
[2026-05-06 14:14:33] MOVE chetan (red): 31→30 [0.1ms]
[2026-05-06 14:14:33] MOVE asha (blue): 104→103 [0.1ms]
[2026-05-06 14:14:34] MOVE chetan (red): 30→29 [0.1ms]
[2026-05-06 14:14:34] MOVE asha (blue): 93→92 [0.1ms]
[2026-05-06 14:14:34] MOVE chetan (red): 29→28 [0.1ms]
[2026-05-06 14:14:34] MOVE asha (blue): 103→102 [0.3ms]
[2026-05-06 14:14:34] MOVE chetan (red): 28→15 [0.1ms]
[2026-05-06 14:14:35] MOVE asha (blue): 92→105 [0.1ms]
[2026-05-06 14:14:35] MOVE chetan (red): 15→14 [0.1ms]
[2026-05-06 14:14:35] MOVE asha (blue): 102→89 [0.2ms]
[2026-05-06 14:14:35] MOVE chetan (red): 14→13 [0.3ms]
[2026-05-06 14:14:35] MOVE asha (blue): 105→104 [0.1ms]
[2026-05-06 14:14:35] MOVE chetan (red): 13→26 [0.1ms]
[2026-05-06 14:14:36] MOVE asha (blue): 89→90 [0.1ms]
[2026-05-06 14:14:36] MOVE chetan (red): 26→27 [0.1ms]
[2026-05-06 14:14:36] MOVE asha (blue): 104→103 [0.1ms]
[2026-05-06 14:14:36] MOVE chetan (red): 27→14 [0.2ms]
[2026-05-06 14:14:36] MOVE asha (blue): 90→91 [0.1ms]
[2026-05-06 14:14:36] MOVE chetan (red): 14→15 [0.1ms]
[2026-05-06 14:14:37] MOVE asha (blue): 103→102 [0.2ms]
[2026-05-06 14:14:37] MOVE chetan (red): 15→16 [0.1ms]
[2026-05-06 14:14:37] MOVE asha (blue): 91→103 [0.3ms]
[2026-05-06 14:14:38] MOVE chetan (red): 16→17 [0.2ms]
[2026-05-06 14:14:38] MOVE asha (blue): 102→89 [0.1ms]
[2026-05-06 14:14:38] MOVE chetan (red): 17→18 [0.1ms]
[2026-05-06 14:14:38] MOVE asha (blue): 103→102 [0.1ms]
[2026-05-06 14:14:38] MOVE chetan (red): 18→19 [0.1ms]
[2026-05-06 14:14:38] MOVE asha (blue): 89→90 [0.7ms]
[2026-05-06 14:14:39] MOVE chetan (red): 19→31 [0.2ms]
[2026-05-06 14:14:39] MOVE asha (blue): 102→89 [0.1ms]
[2026-05-06 14:14:39] MOVE chetan (red): 31→30 [0.1ms]
[2026-05-06 14:14:39] MOVE asha (blue): 90→91 [0.1ms]
[2026-05-06 14:14:39] MOVE chetan (red): 30→29 [0.3ms]
[2026-05-06 14:14:39] MOVE asha (blue): 89→90 [0.1ms]
[2026-05-06 14:14:40] MOVE chetan (red): 29→28 [0.1ms]
[2026-05-06 14:14:40] MOVE asha (blue): 91→103 [0.1ms]
[2026-05-06 14:14:40] MOVE chetan (red): 28→15 [0.2ms]
[2026-05-06 14:14:40] MOVE asha (blue): 90→91 [0.1ms]
[2026-05-06 14:14:40] MOVE chetan (red): 15→14 [0.1ms]
[2026-05-06 14:14:40] MOVE asha (blue): 103→102 [0.1ms]
[2026-05-06 14:14:41] MOVE chetan (red): 14→13 [0.1ms]
[2026-05-06 14:14:41] MOVE asha (blue): 91→103 [0.1ms]
[2026-05-06 14:14:41] MOVE chetan (red): 13→26 [0.2ms]
[2026-05-06 14:14:41] MOVE asha (blue): 102→104 [0.2ms]
[2026-05-06 14:14:41] MOVE chetan (red): 26→27 [0.1ms]
[2026-05-06 14:14:41] MOVE asha (blue): 103→105 [0.1ms]
[2026-05-06 14:14:42] MOVE chetan (red): 27→14 [0.3ms]
[2026-05-06 14:14:42] MOVE asha (blue): 104→106 [0.1ms]
[2026-05-06 14:14:42] MOVE chetan (red): 14→15 [0.2ms]
[2026-05-06 14:14:42] MOVE asha (blue): 105→104 [0.1ms]
[2026-05-06 14:14:42] MOVE chetan (red): 15→16 [0.1ms]
[2026-05-06 14:14:43] MOVE asha (blue): 106→105 [0.2ms]
[2026-05-06 14:14:43] MOVE chetan (red): 16→17 [0.1ms]
[2026-05-06 14:14:43] MOVE asha (blue): 104→106 [0.1ms]
[2026-05-06 14:14:43] MOVE chetan (red): 17→18 [0.1ms]
[2026-05-06 14:14:43] MOVE asha (blue): 105→107 [0.1ms]
[2026-05-06 14:14:44] MOVE chetan (red): 18→19 [0.1ms]
[2026-05-06 14:14:44] MOVE asha (blue): 106→93 [0.3ms]
[2026-05-06 14:14:44] MOVE chetan (red): 19→31 [0.1ms]
[2026-05-06 14:14:44] MOVE asha (blue): 107→94 [0.1ms]
[2026-05-06 14:14:44] MOVE chetan (red): 31→30 [0.2ms]
[2026-05-06 14:14:45] MOVE asha (blue): 93→92 [0.2ms]
[2026-05-06 14:14:45] MOVE chetan (red): 30→29 [0.1ms]
[2026-05-06 14:14:45] MOVE asha (blue): 94→93 [0.2ms]
[2026-05-06 14:14:45] MOVE chetan (red): 29→28 [0.1ms]
[2026-05-06 14:14:45] MOVE asha (blue): 92→105 [0.1ms]
[2026-05-06 14:14:45] MOVE chetan (red): 28→15 [0.1ms]
[2026-05-06 14:14:46] MOVE asha (blue): 93→106 [0.1ms]
[2026-05-06 14:14:46] MOVE chetan (red): 15→14 [0.1ms]
[2026-05-06 14:14:46] MOVE asha (blue): 105→104 [0.1ms]
[2026-05-06 14:14:46] MOVE chetan (red): 14→13 [0.1ms]
[2026-05-06 14:14:46] MOVE asha (blue): 106→105 [0.1ms]
[2026-05-06 14:14:46] MOVE chetan (red): 13→26 [0.1ms]
[2026-05-06 14:14:47] MOVE asha (blue): 104→106 [0.1ms]
[2026-05-06 14:14:47] MOVE chetan (red): 26→27 [0.1ms]
[2026-05-06 14:14:47] MOVE asha (blue): 105→104 [0.2ms]
[2026-05-06 14:14:47] MOVE chetan (red): 27→14 [0.1ms]
[2026-05-06 14:14:47] MOVE asha (blue): 106→93 [0.2ms]
[2026-05-06 14:14:47] MOVE chetan (red): 14→15 [0.2ms]
[2026-05-06 14:14:48] MOVE asha (blue): 104→103 [0.2ms]
[2026-05-06 14:14:48] MOVE chetan (red): 15→16 [0.2ms]
[2026-05-06 14:14:48] MOVE asha (blue): 93→92 [0.2ms]
[2026-05-06 14:14:48] MOVE chetan (red): 16→17 [0.2ms]
[2026-05-06 14:14:48] MOVE asha (blue): 103→102 [0.1ms]
