[2026-05-06 11:33:39] GAME CREATED
[2026-05-06 11:33:50] PLAYER JOINED: chetan as lawn green
[2026-05-06 11:34:01] PLAYER JOINED: asha as gray0
[2026-05-06 11:34:04] GAME STARTED — turn order: ['lawn green', 'gray0']
[2026-05-06 11:34:04] MOVE chetan (lawn green): 20→18 [0.2ms]
[2026-05-06 11:34:05] MOVE asha (gray0): 75→56 [0.1ms]
[2026-05-06 11:34:05] MOVE chetan (lawn green): 22→43 [0.2ms]
[2026-05-06 11:34:05] MOVE asha (gray0): 98→77 [0.1ms]
[2026-05-06 11:34:05] MOVE chetan (lawn green): 19→17 [0.1ms]
[2026-05-06 11:34:05] MOVE asha (gray0): 65→47 [0.2ms]
[2026-05-06 11:34:05] MOVE chetan (lawn green): 33→29 [0.1ms]
[2026-05-06 11:34:06] MOVE asha (gray0): 87→48 [0.1ms]
[2026-05-06 11:34:06] MOVE chetan (lawn green): 17→40 [0.1ms]
[2026-05-06 11:34:06] MOVE asha (gray0): 47→49 [0.1ms]
[2026-05-06 11:34:06] MOVE chetan (lawn green): 29→50 [0.1ms]
[2026-05-06 11:34:06] MOVE asha (gray0): 88→47 [0.2ms]
[2026-05-06 11:34:07] MOVE chetan (lawn green): 40→57 [0.1ms]
[2026-05-06 11:34:07] MOVE asha (gray0): 56→39 [0.1ms]
[2026-05-06 11:34:07] MOVE chetan (lawn green): 50→59 [0.1ms]
[2026-05-06 11:34:08] MOVE asha (gray0): 49→28 [0.1ms]
[2026-05-06 11:34:08] MOVE chetan (lawn green): 57→56 [0.1ms]
[2026-05-06 11:34:08] MOVE asha (gray0): 39→16 [0.1ms]
[2026-05-06 11:34:08] MOVE chetan (lawn green): 56→65 [0.1ms]
[2026-05-06 11:34:08] MOVE asha (gray0): 100→60 [0.2ms]
[2026-05-06 11:34:09] MOVE chetan (lawn green): 44→15 [0.1ms]
[2026-05-06 11:34:09] MOVE asha (gray0): 47→51 [0.1ms]
[2026-05-06 11:34:09] MOVE chetan (lawn green): 59→58 [0.2ms]
[2026-05-06 11:34:09] MOVE asha (gray0): 60→41 [0.2ms]
[2026-05-06 11:34:09] MOVE chetan (lawn green): 15→14 [0.1ms]
[2026-05-06 11:34:09] MOVE asha (gray0): 51→30 [0.1ms]
[2026-05-06 11:34:10] MOVE chetan (lawn green): 58→57 [0.1ms]
[2026-05-06 11:34:10] MOVE asha (gray0): 16→17 [0.1ms]
[2026-05-06 11:34:10] MOVE chetan (lawn green): 18→39 [0.1ms]
[2026-05-06 11:34:10] MOVE asha (gray0): 17→44 [0.1ms]
[2026-05-06 11:34:10] MOVE chetan (lawn green): 57→56 [0.1ms]
[2026-05-06 11:34:10] MOVE asha (gray0): 41→18 [0.2ms]
[2026-05-06 11:34:10] MOVE chetan (lawn green): 56→98 [0.1ms]
[2026-05-06 11:34:11] MOVE asha (gray0): 18→19 [0.2ms]
[2026-05-06 11:34:11] MOVE chetan (lawn green): 45→41 [0.1ms]
[2026-05-06 11:34:11] MOVE asha (gray0): 30→18 [0.2ms]
[2026-05-06 11:34:11] MOVE chetan (lawn green): 39→38 [0.1ms]
[2026-05-06 11:34:11] MOVE asha (gray0): 18→22 [0.1ms]
[2026-05-06 11:34:11] MOVE chetan (lawn green): 14→26 [0.1ms]
[2026-05-06 11:34:12] MOVE asha (gray0): 48→29 [0.1ms]
[2026-05-06 11:34:12] MOVE chetan (lawn green): 41→37 [0.1ms]
[2026-05-06 11:34:12] MOVE asha (gray0): 28→30 [0.1ms]
[2026-05-06 11:34:12] MOVE chetan (lawn green): 26→47 [0.1ms]
[2026-05-06 11:34:12] MOVE asha (gray0): 29→33 [0.1ms]
[2026-05-06 11:34:12] MOVE chetan (lawn green): 37→75 [0.1ms]
[2026-05-06 11:34:13] MOVE asha (gray0): 30→18 [0.1ms]
[2026-05-06 11:34:13] MOVE chetan (lawn green): 47→56 [0.2ms]
[2026-05-06 11:34:13] MOVE asha (gray0): 18→45 [0.1ms]
[2026-05-06 11:34:13] MOVE chetan (lawn green): 38→37 [0.1ms]
[2026-05-06 11:34:13] MOVE asha (gray0): 76→78 [0.2ms]
[2026-05-06 11:34:13] MOVE chetan (lawn green): 32→53 [0.1ms]
[2026-05-06 11:34:13] MOVE asha (gray0): 77→79 [0.1ms]
[2026-05-06 11:34:14] MOVE chetan (lawn green): 37→47 [0.1ms]
[2026-05-06 11:34:14] MOVE asha (gray0): 78→80 [0.2ms]
[2026-05-06 11:34:14] MOVE chetan (lawn green): 43→62 [0.1ms]
[2026-05-06 11:34:14] MOVE asha (gray0): 79→81 [0.1ms]
[2026-05-06 11:34:14] MOVE chetan (lawn green): 53→69 [0.2ms]
[2026-05-06 11:34:14] MOVE asha (gray0): 80→82 [0.1ms]
[2026-05-06 11:34:15] MOVE chetan (lawn green): 62→61 [0.1ms]
[2026-05-06 11:34:15] MOVE asha (gray0): 81→83 [0.1ms]
[2026-05-06 11:34:15] MOVE chetan (lawn green): 69→68 [0.1ms]
[2026-05-06 11:34:15] MOVE asha (gray0): 82→84 [0.1ms]
[2026-05-06 11:34:15] MOVE chetan (lawn green): 61→60 [0.1ms]
[2026-05-06 11:34:15] MOVE asha (gray0): 83→73 [0.3ms]
[2026-05-06 11:34:16] MOVE chetan (lawn green): 68→67 [0.2ms]
[2026-05-06 11:34:16] MOVE asha (gray0): 84→63 [0.1ms]
[2026-05-06 11:34:16] MOVE chetan (lawn green): 60→59 [0.1ms]
[2026-05-06 11:34:16] MOVE asha (gray0): 73→64 [0.1ms]
[2026-05-06 11:34:16] MOVE chetan (lawn green): 67→66 [0.1ms]
[2026-05-06 11:34:16] MOVE asha (gray0): 63→54 [0.1ms]
[2026-05-06 11:34:17] MOVE chetan (lawn green): 66→76 [0.1ms]
[2026-05-06 11:34:17] MOVE asha (gray0): 64→43 [0.1ms]
[2026-05-06 11:34:17] MOVE chetan (lawn green): 34→53 [0.1ms]
[2026-05-06 11:34:17] MOVE asha (gray0): 43→32 [0.1ms]
[2026-05-06 11:34:17] MOVE chetan (lawn green): 59→58 [0.1ms]
[2026-05-06 11:34:17] MOVE asha (gray0): 54→43 [0.1ms]
[2026-05-06 11:34:18] MOVE chetan (lawn green): 53→52 [0.1ms]
[2026-05-06 11:34:18] MOVE asha (gray0): 43→20 [0.1ms]
[2026-05-06 11:34:18] MOVE chetan (lawn green): 58→57 [0.1ms]
[2026-05-06 11:34:18] MOVE asha (gray0): 101→89 [0.1ms]
[2026-05-06 11:34:18] MOVE chetan (lawn green): 52→51 [0.2ms]
[2026-05-06 11:34:18] MOVE asha (gray0): 86→87 [0.2ms]
[2026-05-06 11:34:18] MOVE chetan (lawn green): 57→66 [0.1ms]
[2026-05-06 11:34:19] MOVE asha (gray0): 89→78 [0.1ms]
[2026-05-06 11:34:19] MOVE chetan (lawn green): 51→50 [0.2ms]
[2026-05-06 11:34:19] MOVE asha (gray0): 87→88 [0.1ms]
[2026-05-06 11:34:19] MOVE chetan (lawn green): 56→100 [0.1ms]
[2026-05-06 11:34:19] MOVE asha (gray0): 78→68 [0.1ms]
[2026-05-06 11:34:19] MOVE chetan (lawn green): 66→87 [0.1ms]
[2026-05-06 11:34:20] MOVE asha (gray0): 99→101 [0.1ms]
[2026-05-06 11:34:20] MOVE chetan (lawn green): 47→56 [0.1ms]
[2026-05-06 11:34:20] MOVE asha (gray0): 68→59 [0.2ms]
[2026-05-06 11:34:20] MOVE chetan (lawn green): 50→68 [0.1ms]
[2026-05-06 11:34:20] MOVE asha (gray0): 88→77 [0.1ms]
[2026-05-06 11:34:20] MOVE chetan (lawn green): 56→66 [0.1ms]
[2026-05-06 11:34:21] MOVE asha (gray0): 59→50 [0.1ms]
[2026-05-06 11:34:21] MOVE chetan (lawn green): 68→67 [0.2ms]
[2026-05-06 11:34:21] MOVE asha (gray0): 77→58 [0.1ms]
[2026-05-06 11:34:21] MOVE chetan (lawn green): 66→77 [0.1ms]
[2026-05-06 11:34:21] MOVE asha (gray0): 50→40 [0.1ms]
[2026-05-06 11:34:21] MOVE chetan (lawn green): 67→86 [0.2ms]
[2026-05-06 11:34:22] MOVE asha (gray0): 58→49 [0.1ms]
[2026-05-06 11:34:22] MOVE chetan (lawn green): 77→88 [0.1ms]
[2026-05-06 11:34:22] MOVE asha (gray0): 40→29 [0.1ms]
[2026-05-06 11:34:22] MOVE chetan (lawn green): 55→54 [0.1ms]
[2026-05-06 11:34:22] MOVE asha (gray0): 49→39 [0.1ms]
[2026-05-06 11:34:22] MOVE chetan (lawn green): 21→34 [0.1ms]
[2026-05-06 11:34:22] MOVE asha (gray0): 29→17 [0.1ms]
[2026-05-06 11:34:23] MOVE chetan (lawn green): 54→53 [0.1ms]
[2026-05-06 11:34:23] MOVE asha (gray0): 39→28 [0.1ms]
[2026-05-06 11:34:23] MOVE chetan (lawn green): 34→55 [0.1ms]
[2026-05-06 11:34:23] MOVE asha (gray0): 17→18 [0.1ms]
[2026-05-06 11:34:23] MOVE chetan (lawn green): 53→52 [0.1ms]
[2026-05-06 11:34:23] MOVE asha (gray0): 28→16 [0.2ms]
[2026-05-06 11:34:24] MOVE chetan (lawn green): 55→54 [0.1ms]
[2026-05-06 11:34:24] MOVE asha (gray0): 18→31 [0.1ms]
[2026-05-06 11:34:24] MOVE chetan (lawn green): 52→51 [0.1ms]
[2026-05-06 11:34:24] MOVE asha (gray0): 16→17 [0.1ms]
[2026-05-06 11:34:24] MOVE chetan (lawn green): 54→53 [0.1ms]
[2026-05-06 11:34:24] MOVE asha (gray0): 31→43 [0.2ms]
[2026-05-06 11:34:24] MOVE chetan (lawn green): 51→50 [0.1ms]
[2026-05-06 11:34:25] MOVE asha (gray0): 17→18 [0.2ms]
[2026-05-06 11:34:25] MOVE chetan (lawn green): 53→52 [0.2ms]
[2026-05-06 11:34:25] MOVE asha (gray0): 43→54 [0.1ms]
[2026-05-06 11:34:25] MOVE chetan (lawn green): 50→49 [0.1ms]
[2026-05-06 11:34:25] MOVE asha (gray0): 54→55 [0.1ms]
[2026-05-06 11:34:25] MOVE chetan (lawn green): 52→51 [0.1ms]
[2026-05-06 11:34:26] MOVE asha (gray0): 18→31 [0.1ms]
[2026-05-06 11:34:26] MOVE chetan (lawn green): 49→48 [0.2ms]
[2026-05-06 11:34:26] MOVE asha (gray0): 101→89 [0.1ms]
[2026-05-06 11:34:26] MOVE chetan (lawn green): 51→50 [0.1ms]
[2026-05-06 11:34:26] MOVE asha (gray0): 31→43 [0.1ms]
[2026-05-06 11:34:26] MOVE chetan (lawn green): 48→47 [0.1ms]
[2026-05-06 11:34:27] MOVE asha (gray0): 89→78 [0.1ms]
[2026-05-06 11:34:27] MOVE chetan (lawn green): 50→49 [0.2ms]
[2026-05-06 11:34:27] MOVE asha (gray0): 43→54 [0.5ms]
[2026-05-06 11:34:27] MOVE chetan (lawn green): 47→56 [0.1ms]
[2026-05-06 11:34:27] MOVE asha (gray0): 78→68 [0.4ms]
[2026-05-06 11:34:27] MOVE chetan (lawn green): 49→48 [0.1ms]
[2026-05-06 11:34:28] MOVE asha (gray0): 54→64 [0.1ms]
[2026-05-06 11:34:28] MOVE chetan (lawn green): 56→66 [0.1ms]
[2026-05-06 11:34:28] MOVE asha (gray0): 68→59 [0.1ms]
[2026-05-06 11:34:28] MOVE chetan (lawn green): 48→47 [0.1ms]
[2026-05-06 11:34:29] MOVE asha (gray0): 64→63 [0.1ms]
[2026-05-06 11:34:29] MOVE chetan (lawn green): 66→77 [0.1ms]
[2026-05-06 11:34:29] MOVE asha (gray0): 59→50 [0.1ms]
[2026-05-06 11:34:29] MOVE chetan (lawn green): 47→56 [0.1ms]
[2026-05-06 11:34:29] MOVE asha (gray0): 63→53 [0.2ms]
[2026-05-06 11:34:29] MOVE chetan (lawn green): 77→89 [0.2ms]
[2026-05-06 11:34:30] MOVE asha (gray0): 50→40 [0.1ms]
[2026-05-06 11:34:30] MOVE chetan (lawn green): 89→101 [0.1ms]
[2026-05-06 11:34:30] MOVE asha (gray0): 53→43 [0.1ms]
[2026-05-06 11:34:30] MOVE chetan (lawn green): 56→66 [0.1ms]
[2026-05-06 11:34:30] MOVE asha (gray0): 40→29 [0.2ms]
[2026-05-06 11:34:30] MOVE chetan (lawn green): 66→77 [0.1ms]
[2026-05-06 11:34:31] MOVE asha (gray0): 43→31 [0.1ms]
[2026-05-06 11:34:31] MOVE chetan (lawn green): 77→89 [0.1ms]
[2026-05-06 11:34:31] MOVE asha (gray0): 29→17 [0.1ms]
[2026-05-06 11:34:31] MOVE chetan (lawn green): 89→102 [0.1ms]
[2026-05-06 11:34:31] MOVE asha (gray0): 31→18 [0.1ms]
[2026-05-06 11:34:31] MOVE chetan (lawn green): 102→90 [0.1ms]
[2026-05-06 11:34:31] MOVE asha (gray0): 17→9 [0.1ms]
[2026-05-06 11:34:32] MOVE chetan (lawn green): 90→78 [0.3ms]
[2026-05-06 11:34:32] MOVE asha (gray0): 18→17 [0.1ms]
[2026-05-06 11:34:32] MOVE chetan (lawn green): 78→67 [0.1ms]
[2026-05-06 11:34:32] MOVE asha (gray0): 9→18 [0.3ms]
[2026-05-06 11:34:32] MOVE chetan (lawn green): 67→57 [0.1ms]
[2026-05-06 11:34:32] MOVE asha (gray0): 17→9 [0.1ms]
[2026-05-06 11:34:33] MOVE chetan (lawn green): 57→56 [0.1ms]
[2026-05-06 11:34:33] MOVE asha (gray0): 18→31 [0.1ms]
[2026-05-06 11:34:33] MOVE chetan (lawn green): 56→66 [0.1ms]
[2026-05-06 11:34:33] MOVE asha (gray0): 9→18 [0.1ms]
[2026-05-06 11:34:33] MOVE chetan (lawn green): 66→77 [0.1ms]
[2026-05-06 11:34:33] MOVE asha (gray0): 31→43 [0.1ms]
[2026-05-06 11:34:34] MOVE chetan (lawn green): 77→89 [0.2ms]
[2026-05-06 11:34:34] MOVE asha (gray0): 18→31 [0.3ms]
[2026-05-06 11:34:34] MOVE chetan (lawn green): 89→102 [0.1ms]
[2026-05-06 11:34:34] MOVE asha (gray0): 43→54 [0.2ms]
[2026-05-06 11:34:34] MOVE chetan (lawn green): 102→90 [0.2ms]
[2026-05-06 11:34:34] MOVE asha (gray0): 31→43 [0.1ms]
[2026-05-06 11:34:34] MOVE chetan (lawn green): 90→78 [0.1ms]
[2026-05-06 11:34:35] MOVE asha (gray0): 54→64 [0.2ms]
[2026-05-06 11:34:35] MOVE chetan (lawn green): 78→67 [0.1ms]
[2026-05-06 11:34:35] MOVE asha (gray0): 43→54 [0.2ms]
[2026-05-06 11:34:35] MOVE chetan (lawn green): 67→57 [0.1ms]
[2026-05-06 11:34:35] MOVE asha (gray0): 64→63 [0.3ms]
[2026-05-06 11:34:36] MOVE chetan (lawn green): 57→56 [0.1ms]
[2026-05-06 11:34:36] MOVE asha (gray0): 54→64 [0.1ms]
[2026-05-06 11:34:36] MOVE chetan (lawn green): 56→66 [0.1ms]
[2026-05-06 11:34:36] MOVE asha (gray0): 63→53 [0.2ms]
[2026-05-06 11:34:37] MOVE chetan (lawn green): 66→77 [0.5ms]
[2026-05-06 11:34:37] MOVE asha (gray0): 64→63 [0.1ms]
[2026-05-06 11:34:37] MOVE chetan (lawn green): 77→89 [0.1ms]
[2026-05-06 11:34:37] MOVE asha (gray0): 53→43 [0.4ms]
[2026-05-06 11:34:37] MOVE chetan (lawn green): 89→102 [0.1ms]
[2026-05-06 11:34:37] MOVE asha (gray0): 63→53 [0.1ms]
[2026-05-06 11:34:38] MOVE chetan (lawn green): 102→90 [0.4ms]
[2026-05-06 11:34:38] MOVE asha (gray0): 43→31 [0.2ms]
[2026-05-06 11:34:38] MOVE chetan (lawn green): 90→78 [0.1ms]
[2026-05-06 11:34:38] MOVE asha (gray0): 53→43 [0.1ms]
[2026-05-06 11:34:38] MOVE chetan (lawn green): 78→67 [0.1ms]
[2026-05-06 11:34:39] MOVE asha (gray0): 31→54 [0.1ms]
[2026-05-06 11:34:39] MOVE chetan (lawn green): 67→57 [0.3ms]
[2026-05-06 11:34:39] MOVE asha (gray0): 43→31 [0.3ms]
[2026-05-06 11:34:39] MOVE chetan (lawn green): 57→56 [0.1ms]
[2026-05-06 11:34:39] MOVE asha (gray0): 54→64 [0.1ms]
[2026-05-06 11:34:40] MOVE chetan (lawn green): 56→66 [0.3ms]
[2026-05-06 11:34:40] MOVE asha (gray0): 31→18 [0.2ms]
[2026-05-06 11:34:40] MOVE chetan (lawn green): 66→77 [0.1ms]
[2026-05-06 11:34:40] MOVE asha (gray0): 64→63 [0.3ms]
[2026-05-06 11:34:40] MOVE chetan (lawn green): 77→89 [0.1ms]
[2026-05-06 11:34:40] MOVE asha (gray0): 18→9 [0.1ms]
[2026-05-06 11:34:41] MOVE chetan (lawn green): 89→102 [0.1ms]
[2026-05-06 11:34:41] MOVE asha (gray0): 63→53 [0.2ms]
[2026-05-06 11:34:41] MOVE chetan (lawn green): 102→90 [0.2ms]
[2026-05-06 11:34:41] MOVE asha (gray0): 9→17 [0.2ms]
[2026-05-06 11:34:41] MOVE chetan (lawn green): 90→78 [0.1ms]
[2026-05-06 11:34:41] MOVE asha (gray0): 53→43 [0.1ms]
[2026-05-06 11:34:42] MOVE chetan (lawn green): 78→67 [0.2ms]
[2026-05-06 11:34:42] MOVE asha (gray0): 17→30 [0.2ms]
[2026-05-06 11:34:42] MOVE chetan (lawn green): 67→57 [0.1ms]
[2026-05-06 11:34:42] MOVE asha (gray0): 43→31 [0.1ms]
[2026-05-06 11:34:42] MOVE chetan (lawn green): 57→56 [0.1ms]
[2026-05-06 11:34:42] MOVE asha (gray0): 30→42 [0.1ms]
[2026-05-06 11:34:43] MOVE chetan (lawn green): 56→66 [0.1ms]
[2026-05-06 11:34:43] MOVE asha (gray0): 31→18 [0.1ms]
[2026-05-06 11:34:43] MOVE chetan (lawn green): 66→77 [0.5ms]
[2026-05-06 11:34:43] MOVE asha (gray0): 42→31 [0.1ms]
[2026-05-06 11:34:43] MOVE chetan (lawn green): 77→89 [0.1ms]
[2026-05-06 11:34:43] MOVE asha (gray0): 18→9 [0.1ms]
[2026-05-06 11:34:44] MOVE chetan (lawn green): 89→102 [0.1ms]
[2026-05-06 11:34:44] MOVE asha (gray0): 31→18 [0.1ms]
[2026-05-06 11:34:44] MOVE chetan (lawn green): 102→90 [0.1ms]
[2026-05-06 11:34:44] MOVE asha (gray0): 9→31 [0.1ms]
[2026-05-06 11:34:44] MOVE chetan (lawn green): 90→78 [0.1ms]
[2026-05-06 11:34:44] MOVE asha (gray0): 18→43 [0.1ms]
[2026-05-06 11:34:44] MOVE chetan (lawn green): 78→67 [0.1ms]
[2026-05-06 11:34:45] MOVE asha (gray0): 31→54 [0.1ms]
[2026-05-06 11:34:45] MOVE chetan (lawn green): 67→57 [0.1ms]
[2026-05-06 11:34:45] MOVE asha (gray0): 43→64 [0.1ms]
[2026-05-06 11:34:45] MOVE chetan (lawn green): 57→56 [0.1ms]
[2026-05-06 11:34:45] MOVE asha (gray0): 54→43 [0.1ms]
[2026-05-06 11:34:45] MOVE chetan (lawn green): 56→66 [0.1ms]
[2026-05-06 11:34:46] MOVE asha (gray0): 64→54 [0.1ms]
[2026-05-06 11:34:46] MOVE chetan (lawn green): 66→77 [0.1ms]
[2026-05-06 11:34:46] MOVE asha (gray0): 43→64 [0.2ms]
[2026-05-06 11:34:46] MOVE chetan (lawn green): 77→89 [0.1ms]
[2026-05-06 11:34:46] MOVE asha (gray0): 54→74 [0.2ms]
[2026-05-06 11:34:46] MOVE chetan (lawn green): 89→102 [0.1ms]
[2026-05-06 11:34:47] MOVE asha (gray0): 64→63 [0.1ms]
[2026-05-06 11:34:47] MOVE chetan (lawn green): 102→90 [0.4ms]
[2026-05-06 11:34:47] MOVE asha (gray0): 74→73 [0.1ms]
[2026-05-06 11:34:47] MOVE chetan (lawn green): 90→78 [0.2ms]
[2026-05-06 11:34:47] MOVE asha (gray0): 63→53 [0.2ms]
[2026-05-06 11:34:47] MOVE chetan (lawn green): 78→67 [0.1ms]
[2026-05-06 11:34:48] MOVE asha (gray0): 73→63 [0.2ms]
[2026-05-06 11:34:48] MOVE chetan (lawn green): 67→57 [0.1ms]
[2026-05-06 11:34:48] MOVE asha (gray0): 53→54 [0.2ms]
[2026-05-06 11:34:48] MOVE chetan (lawn green): 57→56 [0.1ms]
[2026-05-06 11:34:48] MOVE asha (gray0): 63→64 [0.2ms]
[2026-05-06 11:34:48] MOVE chetan (lawn green): 56→66 [0.1ms]
[2026-05-06 11:34:49] MOVE asha (gray0): 54→43 [0.1ms]
[2026-05-06 11:34:49] MOVE chetan (lawn green): 66→77 [0.3ms]
[2026-05-06 11:34:49] MOVE asha (gray0): 64→54 [0.2ms]
[2026-05-06 11:34:49] MOVE chetan (lawn green): 77→89 [0.1ms]
[2026-05-06 11:34:49] MOVE asha (gray0): 43→64 [0.1ms]
[2026-05-06 11:34:49] MOVE chetan (lawn green): 89→102 [0.1ms]
[2026-05-06 11:34:49] MOVE asha (gray0): 54→43 [0.1ms]
[2026-05-06 11:34:50] MOVE chetan (lawn green): 102→90 [0.2ms]
[2026-05-06 11:34:50] MOVE asha (gray0): 64→63 [0.1ms]
[2026-05-06 11:34:50] MOVE chetan (lawn green): 90→78 [0.4ms]
[2026-05-06 11:34:50] MOVE asha (gray0): 43→31 [0.1ms]
[2026-05-06 11:34:50] MOVE chetan (lawn green): 78→67 [0.1ms]
[2026-05-06 11:34:50] MOVE asha (gray0): 63→53 [0.2ms]
[2026-05-06 11:34:51] MOVE chetan (lawn green): 67→57 [0.1ms]
[2026-05-06 11:34:51] MOVE asha (gray0): 31→18 [0.1ms]
[2026-05-06 11:34:51] MOVE chetan (lawn green): 57→56 [0.1ms]
[2026-05-06 11:34:51] MOVE asha (gray0): 53→54 [0.1ms]
[2026-05-06 11:34:51] MOVE chetan (lawn green): 56→66 [0.1ms]
[2026-05-06 11:34:51] MOVE asha (gray0): 18→9 [0.2ms]
[2026-05-06 11:34:52] MOVE chetan (lawn green): 66→77 [0.2ms]
[2026-05-06 11:34:52] MOVE asha (gray0): 54→43 [0.1ms]
[2026-05-06 11:34:52] MOVE chetan (lawn green): 77→89 [0.2ms]
[2026-05-06 11:34:52] MOVE asha (gray0): 9→17 [0.1ms]
[2026-05-06 11:34:52] MOVE chetan (lawn green): 89→102 [0.1ms]
[2026-05-06 11:34:52] MOVE asha (gray0): 43→31 [0.1ms]
[2026-05-06 11:34:53] MOVE chetan (lawn green): 102→90 [0.2ms]
[2026-05-06 11:34:53] MOVE asha (gray0): 17→30 [0.1ms]
[2026-05-06 11:34:53] MOVE chetan (lawn green): 90→78 [0.1ms]
[2026-05-06 11:34:53] MOVE asha (gray0): 31→18 [0.1ms]
[2026-05-06 11:34:53] MOVE chetan (lawn green): 78→67 [0.1ms]
[2026-05-06 11:34:53] MOVE asha (gray0): 30→31 [0.2ms]
[2026-05-06 11:34:54] MOVE chetan (lawn green): 67→57 [0.1ms]
[2026-05-06 11:34:54] MOVE asha (gray0): 18→9 [0.2ms]
[2026-05-06 11:34:54] MOVE chetan (lawn green): 57→56 [0.1ms]
[2026-05-06 11:34:54] MOVE asha (gray0): 31→18 [0.1ms]
[2026-05-06 11:34:54] MOVE chetan (lawn green): 56→66 [0.1ms]
[2026-05-06 11:34:54] MOVE asha (gray0): 9→31 [1.8ms]
[2026-05-06 11:34:55] MOVE chetan (lawn green): 66→77 [0.2ms]
[2026-05-06 11:34:55] MOVE asha (gray0): 18→43 [0.1ms]
[2026-05-06 11:34:55] MOVE chetan (lawn green): 77→89 [0.1ms]
[2026-05-06 11:34:55] MOVE asha (gray0): 31→54 [0.2ms]
[2026-05-06 11:34:55] MOVE chetan (lawn green): 89→102 [0.1ms]
[2026-05-06 11:34:55] MOVE asha (gray0): 43→64 [0.1ms]
[2026-05-06 11:34:55] MOVE chetan (lawn green): 102→90 [0.1ms]
[2026-05-06 11:34:56] MOVE asha (gray0): 54→43 [0.1ms]
[2026-05-06 11:34:56] MOVE chetan (lawn green): 90→78 [0.1ms]
[2026-05-06 11:34:56] MOVE asha (gray0): 64→54 [0.2ms]
[2026-05-06 11:34:56] MOVE chetan (lawn green): 78→67 [0.1ms]
[2026-05-06 11:34:56] MOVE asha (gray0): 43→64 [0.1ms]
[2026-05-06 11:34:56] MOVE chetan (lawn green): 67→57 [0.1ms]
[2026-05-06 11:34:57] MOVE asha (gray0): 54→74 [0.1ms]
[2026-05-06 11:34:57] MOVE chetan (lawn green): 57→56 [0.1ms]
[2026-05-06 11:34:57] MOVE asha (gray0): 64→63 [0.1ms]
[2026-05-06 11:34:57] MOVE chetan (lawn green): 56→66 [0.1ms]
[2026-05-06 11:34:57] MOVE asha (gray0): 74→73 [0.5ms]
[2026-05-06 11:34:57] MOVE chetan (lawn green): 66→77 [0.1ms]
[2026-05-06 11:34:58] MOVE asha (gray0): 63→53 [0.2ms]
[2026-05-06 11:34:58] MOVE chetan (lawn green): 77→89 [0.1ms]
[2026-05-06 11:34:58] MOVE asha (gray0): 73→63 [0.1ms]
[2026-05-06 11:34:58] MOVE chetan (lawn green): 89→102 [0.1ms]
[2026-05-06 11:34:58] MOVE asha (gray0): 53→54 [0.1ms]
[2026-05-06 11:34:58] MOVE chetan (lawn green): 102→90 [0.1ms]
[2026-05-06 11:34:59] MOVE asha (gray0): 63→64 [0.1ms]
[2026-05-06 11:34:59] MOVE chetan (lawn green): 90→78 [0.1ms]
[2026-05-06 11:34:59] MOVE asha (gray0): 54→43 [0.1ms]
[2026-05-06 11:34:59] MOVE chetan (lawn green): 78→67 [0.1ms]
[2026-05-06 11:34:59] MOVE asha (gray0): 64→54 [0.3ms]
[2026-05-06 11:34:59] MOVE chetan (lawn green): 67→57 [0.2ms]
[2026-05-06 11:35:00] MOVE asha (gray0): 43→64 [0.2ms]
[2026-05-06 11:35:00] MOVE chetan (lawn green): 57→56 [0.2ms]
[2026-05-06 11:35:00] MOVE asha (gray0): 54→43 [0.1ms]
[2026-05-06 11:35:00] MOVE chetan (lawn green): 56→66 [0.1ms]
[2026-05-06 11:35:00] MOVE asha (gray0): 64→63 [0.1ms]
[2026-05-06 11:35:00] MOVE chetan (lawn green): 66→77 [0.1ms]
[2026-05-06 11:35:01] MOVE asha (gray0): 43→31 [0.1ms]
[2026-05-06 11:35:01] MOVE chetan (lawn green): 77→89 [0.1ms]
[2026-05-06 11:35:01] MOVE asha (gray0): 63→53 [0.2ms]
[2026-05-06 11:35:01] MOVE chetan (lawn green): 89→102 [0.1ms]
[2026-05-06 11:35:01] MOVE asha (gray0): 31→18 [0.1ms]
[2026-05-06 11:35:01] MOVE chetan (lawn green): 102→90 [0.1ms]
[2026-05-06 11:35:02] MOVE asha (gray0): 53→54 [0.1ms]
[2026-05-06 11:35:02] MOVE chetan (lawn green): 90→78 [0.1ms]
[2026-05-06 11:35:02] MOVE asha (gray0): 18→9 [0.1ms]
[2026-05-06 11:35:02] MOVE chetan (lawn green): 78→67 [0.1ms]
[2026-05-06 11:35:02] MOVE asha (gray0): 54→43 [0.1ms]
[2026-05-06 11:35:02] MOVE chetan (lawn green): 67→57 [0.1ms]
[2026-05-06 11:35:02] MOVE asha (gray0): 9→17 [0.1ms]
[2026-05-06 11:35:03] MOVE chetan (lawn green): 57→56 [0.1ms]
[2026-05-06 11:35:03] MOVE asha (gray0): 43→31 [0.1ms]
[2026-05-06 11:35:03] MOVE chetan (lawn green): 56→66 [0.1ms]
[2026-05-06 11:35:03] MOVE asha (gray0): 17→30 [0.1ms]
[2026-05-06 11:35:03] MOVE chetan (lawn green): 66→77 [0.1ms]
[2026-05-06 11:35:03] MOVE asha (gray0): 31→18 [0.1ms]
[2026-05-06 11:35:04] MOVE chetan (lawn green): 77→89 [0.1ms]
[2026-05-06 11:35:04] MOVE asha (gray0): 30→31 [0.1ms]
[2026-05-06 11:35:04] MOVE chetan (lawn green): 89→102 [0.1ms]
[2026-05-06 11:35:04] MOVE asha (gray0): 18→9 [0.1ms]
[2026-05-06 11:35:04] MOVE chetan (lawn green): 102→90 [0.2ms]
[2026-05-06 11:35:04] MOVE asha (gray0): 31→18 [0.1ms]
[2026-05-06 11:35:05] MOVE chetan (lawn green): 90→78 [0.1ms]
[2026-05-06 11:35:05] MOVE asha (gray0): 9→31 [0.2ms]
[2026-05-06 11:35:05] MOVE chetan (lawn green): 78→67 [0.1ms]
[2026-05-06 11:35:05] MOVE asha (gray0): 18→43 [0.1ms]
[2026-05-06 11:35:05] MOVE chetan (lawn green): 67→57 [0.1ms]
[2026-05-06 11:35:05] MOVE asha (gray0): 31→54 [0.1ms]
[2026-05-06 11:35:05] MOVE chetan (lawn green): 57→56 [0.1ms]
[2026-05-06 11:35:06] MOVE asha (gray0): 43→64 [0.1ms]
[2026-05-06 11:35:06] MOVE chetan (lawn green): 56→66 [0.4ms]
[2026-05-06 11:35:06] MOVE asha (gray0): 54→43 [0.1ms]
[2026-05-06 11:35:06] MOVE chetan (lawn green): 66→77 [0.1ms]
[2026-05-06 11:35:06] MOVE asha (gray0): 64→54 [0.1ms]
[2026-05-06 11:35:06] MOVE chetan (lawn green): 77→89 [0.1ms]
[2026-05-06 11:35:07] MOVE asha (gray0): 43→64 [0.1ms]
[2026-05-06 11:35:07] MOVE chetan (lawn green): 89→102 [0.9ms]
[2026-05-06 11:35:07] MOVE asha (gray0): 54→74 [0.1ms]
[2026-05-06 11:35:07] MOVE chetan (lawn green): 102→90 [0.1ms]
[2026-05-06 11:35:07] MOVE asha (gray0): 64→63 [0.2ms]
[2026-05-06 11:35:07] MOVE chetan (lawn green): 90→78 [0.1ms]
[2026-05-06 11:35:08] MOVE asha (gray0): 74→73 [0.2ms]
[2026-05-06 11:35:08] MOVE chetan (lawn green): 78→67 [0.1ms]
[2026-05-06 11:35:08] MOVE asha (gray0): 63→53 [0.1ms]
[2026-05-06 11:35:08] MOVE chetan (lawn green): 67→57 [0.1ms]
[2026-05-06 11:35:08] MOVE asha (gray0): 73→63 [0.1ms]
[2026-05-06 11:35:08] MOVE chetan (lawn green): 57→56 [0.1ms]
[2026-05-06 11:35:09] MOVE asha (gray0): 53→54 [0.1ms]
[2026-05-06 11:35:09] MOVE chetan (lawn green): 56→66 [0.1ms]
[2026-05-06 11:35:09] MOVE asha (gray0): 63→64 [0.2ms]
[2026-05-06 11:35:09] MOVE chetan (lawn green): 66→77 [0.1ms]
[2026-05-06 11:35:09] MOVE asha (gray0): 54→43 [0.1ms]
[2026-05-06 11:35:09] MOVE chetan (lawn green): 77→89 [0.1ms]
[2026-05-06 11:35:10] MOVE asha (gray0): 64→54 [0.2ms]
[2026-05-06 11:35:10] MOVE chetan (lawn green): 89→102 [0.1ms]
[2026-05-06 11:35:10] MOVE asha (gray0): 43→64 [0.1ms]
[2026-05-06 11:35:10] MOVE chetan (lawn green): 102→90 [0.1ms]
[2026-05-06 11:35:10] MOVE asha (gray0): 54→43 [0.1ms]
[2026-05-06 11:35:10] MOVE chetan (lawn green): 90→78 [0.1ms]
[2026-05-06 11:35:10] MOVE asha (gray0): 64→63 [0.1ms]
[2026-05-06 11:35:11] MOVE chetan (lawn green): 78→67 [0.2ms]
[2026-05-06 11:35:11] MOVE asha (gray0): 43→31 [0.1ms]
[2026-05-06 11:35:11] MOVE chetan (lawn green): 67→57 [0.1ms]
[2026-05-06 11:35:11] MOVE asha (gray0): 63→53 [0.1ms]
[2026-05-06 11:35:11] MOVE chetan (lawn green): 57→56 [0.1ms]
[2026-05-06 11:35:11] MOVE asha (gray0): 31→18 [0.1ms]
[2026-05-06 11:35:12] MOVE chetan (lawn green): 56→66 [0.2ms]
[2026-05-06 11:35:12] MOVE asha (gray0): 53→54 [0.1ms]
[2026-05-06 11:35:12] MOVE chetan (lawn green): 66→77 [0.1ms]
[2026-05-06 11:35:12] MOVE asha (gray0): 18→9 [0.1ms]
[2026-05-06 11:35:12] MOVE chetan (lawn green): 77→89 [0.1ms]
[2026-05-06 11:35:12] MOVE asha (gray0): 54→43 [0.1ms]
[2026-05-06 11:35:13] MOVE chetan (lawn green): 89→102 [0.1ms]
[2026-05-06 11:35:13] MOVE asha (gray0): 9→17 [0.2ms]
[2026-05-06 11:35:13] MOVE chetan (lawn green): 102→90 [0.1ms]
[2026-05-06 11:35:13] MOVE asha (gray0): 43→31 [0.1ms]
[2026-05-06 11:35:13] MOVE chetan (lawn green): 90→78 [0.1ms]
[2026-05-06 11:35:13] MOVE asha (gray0): 17→30 [0.1ms]
[2026-05-06 11:35:14] MOVE chetan (lawn green): 78→67 [0.2ms]
[2026-05-06 11:35:14] MOVE asha (gray0): 31→18 [0.1ms]
[2026-05-06 11:35:14] MOVE chetan (lawn green): 67→57 [0.1ms]
[2026-05-06 11:35:14] MOVE asha (gray0): 30→31 [0.1ms]
[2026-05-06 11:35:14] MOVE chetan (lawn green): 57→56 [0.1ms]
[2026-05-06 11:35:14] MOVE asha (gray0): 18→9 [0.1ms]
[2026-05-06 11:35:14] MOVE chetan (lawn green): 56→66 [0.1ms]
[2026-05-06 11:35:15] MOVE asha (gray0): 31→18 [0.1ms]
[2026-05-06 11:35:15] MOVE chetan (lawn green): 66→77 [0.1ms]
[2026-05-06 11:35:15] MOVE asha (gray0): 9→31 [0.1ms]
[2026-05-06 11:35:15] MOVE chetan (lawn green): 77→89 [0.1ms]
[2026-05-06 11:35:15] MOVE asha (gray0): 18→43 [0.1ms]
[2026-05-06 11:35:15] MOVE chetan (lawn green): 89→102 [0.1ms]
[2026-05-06 11:35:16] MOVE asha (gray0): 31→54 [0.2ms]
[2026-05-06 11:35:16] MOVE chetan (lawn green): 102→90 [0.1ms]
[2026-05-06 11:35:16] MOVE asha (gray0): 43→64 [0.1ms]
[2026-05-06 11:35:16] MOVE chetan (lawn green): 90→78 [0.1ms]
[2026-05-06 11:35:16] MOVE asha (gray0): 54→43 [0.1ms]
[2026-05-06 11:35:16] MOVE chetan (lawn green): 78→67 [0.1ms]
[2026-05-06 11:35:17] MOVE asha (gray0): 64→54 [0.2ms]
[2026-05-06 11:35:17] MOVE chetan (lawn green): 67→57 [0.1ms]
[2026-05-06 11:35:17] MOVE asha (gray0): 43→64 [0.1ms]
[2026-05-06 11:35:17] MOVE chetan (lawn green): 57→56 [0.1ms]
[2026-05-06 11:35:17] MOVE asha (gray0): 54→74 [0.1ms]
[2026-05-06 11:35:17] MOVE chetan (lawn green): 56→66 [0.1ms]
[2026-05-06 11:35:18] MOVE asha (gray0): 64→63 [0.1ms]
[2026-05-06 11:35:18] MOVE chetan (lawn green): 66→77 [0.1ms]
[2026-05-06 11:35:18] MOVE asha (gray0): 74→73 [0.1ms]
[2026-05-06 11:35:18] MOVE chetan (lawn green): 77→89 [0.1ms]
[2026-05-06 11:35:18] MOVE asha (gray0): 63→53 [0.1ms]
[2026-05-06 11:35:18] MOVE chetan (lawn green): 89→102 [0.1ms]
[2026-05-06 11:35:19] MOVE asha (gray0): 73→63 [0.1ms]
[2026-05-06 11:35:19] MOVE chetan (lawn green): 102→90 [0.1ms]
[2026-05-06 11:35:19] MOVE asha (gray0): 53→54 [0.1ms]
[2026-05-06 11:35:19] MOVE chetan (lawn green): 90→78 [0.2ms]
[2026-05-06 11:35:19] MOVE asha (gray0): 63→64 [0.1ms]
[2026-05-06 11:35:19] MOVE chetan (lawn green): 78→67 [0.1ms]
[2026-05-06 11:35:20] MOVE asha (gray0): 54→43 [0.1ms]
[2026-05-06 11:35:20] MOVE chetan (lawn green): 67→57 [0.1ms]
[2026-05-06 11:35:20] MOVE asha (gray0): 64→54 [0.1ms]
[2026-05-06 11:35:20] MOVE chetan (lawn green): 57→56 [0.1ms]
[2026-05-06 11:35:20] MOVE asha (gray0): 43→64 [0.1ms]
[2026-05-06 11:35:20] MOVE chetan (lawn green): 56→66 [0.1ms]
[2026-05-06 11:35:21] MOVE asha (gray0): 54→43 [0.3ms]
[2026-05-06 11:35:21] MOVE chetan (lawn green): 66→77 [0.1ms]
[2026-05-06 11:35:21] MOVE asha (gray0): 64→63 [0.1ms]
[2026-05-06 11:35:21] MOVE chetan (lawn green): 77→89 [0.1ms]
[2026-05-06 11:35:21] MOVE asha (gray0): 43→31 [0.1ms]
[2026-05-06 11:35:21] MOVE chetan (lawn green): 89→102 [0.1ms]
[2026-05-06 11:35:22] MOVE asha (gray0): 63→53 [0.1ms]
[2026-05-06 11:35:22] MOVE chetan (lawn green): 102→90 [0.1ms]
[2026-05-06 11:35:22] MOVE asha (gray0): 31→18 [0.1ms]
[2026-05-06 11:35:22] MOVE chetan (lawn green): 90→78 [0.1ms]
[2026-05-06 11:35:22] MOVE asha (gray0): 53→54 [0.2ms]
[2026-05-06 11:35:22] MOVE chetan (lawn green): 78→67 [0.1ms]
[2026-05-06 11:35:23] MOVE asha (gray0): 18→9 [0.1ms]
[2026-05-06 11:35:23] MOVE chetan (lawn green): 67→57 [0.1ms]
[2026-05-06 11:35:23] MOVE asha (gray0): 54→43 [0.1ms]
[2026-05-06 11:35:23] MOVE chetan (lawn green): 57→56 [0.1ms]
[2026-05-06 11:35:23] MOVE asha (gray0): 9→17 [0.1ms]
[2026-05-06 11:35:23] MOVE chetan (lawn green): 56→66 [0.1ms]
[2026-05-06 11:35:24] MOVE asha (gray0): 43→31 [0.1ms]
[2026-05-06 11:35:24] MOVE chetan (lawn green): 66→77 [0.1ms]
[2026-05-06 11:35:24] MOVE asha (gray0): 17→30 [0.1ms]
[2026-05-06 11:35:25] MOVE chetan (lawn green): 77→89 [0.1ms]
[2026-05-06 11:35:25] MOVE asha (gray0): 31→18 [0.3ms]
[2026-05-06 11:35:25] MOVE chetan (lawn green): 89→102 [0.1ms]
[2026-05-06 11:35:25] MOVE asha (gray0): 30→31 [0.1ms]
[2026-05-06 11:35:25] MOVE chetan (lawn green): 102→90 [0.1ms]
[2026-05-06 11:35:25] MOVE asha (gray0): 18→9 [0.3ms]
[2026-05-06 11:35:26] MOVE chetan (lawn green): 90→78 [0.1ms]
[2026-05-06 11:35:26] MOVE asha (gray0): 31→18 [0.2ms]
[2026-05-06 11:35:26] MOVE chetan (lawn green): 78→67 [0.1ms]
[2026-05-06 11:35:26] MOVE asha (gray0): 9→31 [0.1ms]
[2026-05-06 11:35:26] MOVE chetan (lawn green): 67→57 [0.4ms]
[2026-05-06 11:35:26] MOVE asha (gray0): 18→43 [0.3ms]
[2026-05-06 11:35:27] MOVE chetan (lawn green): 57→56 [0.1ms]
[2026-05-06 11:35:27] MOVE asha (gray0): 31→54 [0.2ms]
[2026-05-06 11:35:27] MOVE chetan (lawn green): 56→66 [0.1ms]
[2026-05-06 11:35:27] MOVE asha (gray0): 43→64 [0.2ms]
[2026-05-06 11:35:27] MOVE chetan (lawn green): 66→77 [0.1ms]
[2026-05-06 11:35:27] MOVE asha (gray0): 54→43 [0.1ms]
[2026-05-06 11:35:28] MOVE chetan (lawn green): 77→89 [0.1ms]
[2026-05-06 11:35:28] MOVE asha (gray0): 64→54 [0.4ms]
[2026-05-06 11:35:28] MOVE chetan (lawn green): 89→102 [0.1ms]
[2026-05-06 11:35:28] MOVE asha (gray0): 43→64 [0.1ms]
[2026-05-06 11:35:28] MOVE chetan (lawn green): 102→90 [0.1ms]
[2026-05-06 11:35:28] MOVE asha (gray0): 54→74 [0.1ms]
[2026-05-06 11:35:29] MOVE chetan (lawn green): 90→78 [0.1ms]
[2026-05-06 11:35:29] MOVE asha (gray0): 64→63 [0.1ms]
[2026-05-06 11:35:29] MOVE chetan (lawn green): 78→67 [0.3ms]
[2026-05-06 11:35:29] MOVE asha (gray0): 74→73 [0.1ms]
[2026-05-06 11:35:29] MOVE chetan (lawn green): 67→57 [0.2ms]
[2026-05-06 11:35:29] MOVE asha (gray0): 63→53 [0.1ms]
[2026-05-06 11:35:30] MOVE chetan (lawn green): 57→56 [0.1ms]
[2026-05-06 11:35:30] MOVE asha (gray0): 73→63 [0.1ms]
[2026-05-06 11:35:30] MOVE chetan (lawn green): 56→66 [0.1ms]
[2026-05-06 11:35:30] MOVE asha (gray0): 53→54 [0.1ms]
[2026-05-06 11:35:30] MOVE chetan (lawn green): 66→77 [0.1ms]
[2026-05-06 11:35:30] MOVE asha (gray0): 63→64 [0.1ms]
[2026-05-06 11:35:31] MOVE chetan (lawn green): 77→89 [0.1ms]
[2026-05-06 11:35:31] MOVE asha (gray0): 54→43 [0.1ms]
[2026-05-06 11:35:31] MOVE chetan (lawn green): 89→102 [0.1ms]
[2026-05-06 11:35:31] MOVE asha (gray0): 64→54 [0.1ms]
[2026-05-06 11:35:31] MOVE chetan (lawn green): 102→90 [0.1ms]
[2026-05-06 11:35:31] MOVE asha (gray0): 43→64 [0.1ms]
[2026-05-06 11:35:32] MOVE chetan (lawn green): 90→78 [0.2ms]
[2026-05-06 11:35:32] MOVE asha (gray0): 54→43 [0.1ms]
[2026-05-06 11:35:32] MOVE chetan (lawn green): 78→67 [0.4ms]
[2026-05-06 11:35:32] MOVE asha (gray0): 64→63 [0.2ms]
[2026-05-06 11:35:32] MOVE chetan (lawn green): 67→57 [0.1ms]
[2026-05-06 11:35:32] MOVE asha (gray0): 43→31 [0.1ms]
[2026-05-06 11:35:33] MOVE chetan (lawn green): 57→56 [0.1ms]
[2026-05-06 11:35:33] MOVE asha (gray0): 63→53 [0.1ms]
[2026-05-06 11:35:33] MOVE chetan (lawn green): 56→66 [0.1ms]
[2026-05-06 11:35:33] MOVE asha (gray0): 31→18 [0.2ms]
[2026-05-06 11:35:33] MOVE chetan (lawn green): 66→77 [0.1ms]
[2026-05-06 11:35:34] MOVE asha (gray0): 53→54 [0.1ms]
[2026-05-06 11:35:34] MOVE chetan (lawn green): 77→89 [0.1ms]
[2026-05-06 11:35:34] MOVE asha (gray0): 18→9 [0.1ms]
[2026-05-06 11:35:34] MOVE chetan (lawn green): 89→102 [0.1ms]
[2026-05-06 11:35:34] MOVE asha (gray0): 54→43 [0.1ms]
[2026-05-06 11:35:34] MOVE chetan (lawn green): 102→90 [0.1ms]
[2026-05-06 11:35:34] MOVE asha (gray0): 9→17 [0.1ms]
[2026-05-06 11:35:34] MOVE chetan (lawn green): 90→78 [0.1ms]
[2026-05-06 11:35:35] MOVE asha (gray0): 43→31 [0.1ms]
[2026-05-06 11:35:35] MOVE chetan (lawn green): 78→67 [0.1ms]
[2026-05-06 11:35:35] MOVE asha (gray0): 17→30 [0.1ms]
[2026-05-06 11:35:35] MOVE chetan (lawn green): 67→57 [0.1ms]
[2026-05-06 11:35:35] MOVE asha (gray0): 31→18 [0.2ms]
[2026-05-06 11:35:35] MOVE chetan (lawn green): 57→56 [0.1ms]
[2026-05-06 11:35:36] MOVE asha (gray0): 30→31 [0.2ms]
[2026-05-06 11:35:36] MOVE chetan (lawn green): 56→66 [0.1ms]
[2026-05-06 11:35:36] MOVE asha (gray0): 18→9 [0.1ms]
[2026-05-06 11:35:36] MOVE chetan (lawn green): 66→77 [0.1ms]
[2026-05-06 11:35:36] MOVE asha (gray0): 31→18 [0.1ms]
[2026-05-06 11:35:36] MOVE chetan (lawn green): 77→89 [0.1ms]
[2026-05-06 11:35:37] MOVE asha (gray0): 9→31 [0.1ms]
[2026-05-06 11:35:37] MOVE chetan (lawn green): 89→102 [0.1ms]
[2026-05-06 11:35:37] MOVE asha (gray0): 18→43 [0.1ms]
[2026-05-06 11:35:37] MOVE chetan (lawn green): 102→90 [0.1ms]
[2026-05-06 11:35:37] MOVE asha (gray0): 31→54 [0.1ms]
[2026-05-06 11:35:38] MOVE chetan (lawn green): 90→78 [0.1ms]
[2026-05-06 11:35:38] MOVE asha (gray0): 43→64 [0.1ms]
[2026-05-06 11:35:38] MOVE chetan (lawn green): 78→67 [0.1ms]
[2026-05-06 11:35:38] MOVE asha (gray0): 54→43 [0.1ms]
[2026-05-06 11:35:38] MOVE chetan (lawn green): 67→57 [0.1ms]
[2026-05-06 11:35:38] MOVE asha (gray0): 64→54 [0.2ms]
[2026-05-06 11:35:39] MOVE chetan (lawn green): 57→56 [0.1ms]
[2026-05-06 11:35:39] MOVE asha (gray0): 43→64 [0.1ms]
[2026-05-06 11:35:39] MOVE chetan (lawn green): 56→66 [0.1ms]
[2026-05-06 11:35:39] MOVE asha (gray0): 54→74 [0.1ms]
[2026-05-06 11:35:39] MOVE chetan (lawn green): 66→77 [0.1ms]
[2026-05-06 11:35:39] MOVE asha (gray0): 64→63 [0.1ms]
[2026-05-06 11:35:40] MOVE chetan (lawn green): 77→89 [0.1ms]
[2026-05-06 11:35:40] MOVE asha (gray0): 74→73 [0.1ms]
[2026-05-06 11:35:40] MOVE chetan (lawn green): 89→102 [0.1ms]
[2026-05-06 11:35:40] MOVE asha (gray0): 63→53 [0.1ms]
[2026-05-06 11:35:40] MOVE chetan (lawn green): 102→90 [0.3ms]
[2026-05-06 11:35:40] MOVE asha (gray0): 73→63 [0.1ms]
[2026-05-06 11:35:40] MOVE chetan (lawn green): 90→78 [0.1ms]
[2026-05-06 11:35:41] MOVE asha (gray0): 53→54 [0.1ms]
[2026-05-06 11:35:41] MOVE chetan (lawn green): 78→67 [0.2ms]
[2026-05-06 11:35:41] MOVE asha (gray0): 63→64 [0.2ms]
[2026-05-06 11:35:41] MOVE chetan (lawn green): 67→57 [0.1ms]
[2026-05-06 11:35:41] MOVE asha (gray0): 54→43 [0.1ms]
[2026-05-06 11:35:41] MOVE chetan (lawn green): 57→56 [0.2ms]
[2026-05-06 11:35:42] MOVE asha (gray0): 64→54 [0.2ms]
[2026-05-06 11:35:42] MOVE chetan (lawn green): 56→66 [0.2ms]
[2026-05-06 11:35:42] MOVE asha (gray0): 43→64 [0.1ms]
[2026-05-06 11:35:42] MOVE chetan (lawn green): 66→77 [0.1ms]
[2026-05-06 11:35:42] MOVE asha (gray0): 54→43 [0.1ms]
[2026-05-06 11:35:42] MOVE chetan (lawn green): 77→89 [0.1ms]
[2026-05-06 11:35:43] MOVE asha (gray0): 64→63 [0.1ms]
[2026-05-06 11:35:43] MOVE chetan (lawn green): 89→102 [0.1ms]
[2026-05-06 11:35:43] MOVE asha (gray0): 43→31 [0.3ms]
[2026-05-06 11:35:43] MOVE chetan (lawn green): 102→90 [0.1ms]
[2026-05-06 11:35:43] MOVE asha (gray0): 63→53 [0.1ms]
[2026-05-06 11:35:43] MOVE chetan (lawn green): 90→78 [0.4ms]
[2026-05-06 11:35:44] MOVE asha (gray0): 31→18 [0.1ms]
[2026-05-06 11:35:44] MOVE chetan (lawn green): 78→67 [0.3ms]
[2026-05-06 11:35:44] MOVE asha (gray0): 53→54 [0.2ms]
[2026-05-06 11:35:44] MOVE chetan (lawn green): 67→57 [0.2ms]
[2026-05-06 11:35:44] MOVE asha (gray0): 18→9 [0.1ms]
[2026-05-06 11:35:44] MOVE chetan (lawn green): 57→56 [0.1ms]
[2026-05-06 11:35:44] MOVE asha (gray0): 54→43 [0.2ms]
[2026-05-06 11:35:45] MOVE chetan (lawn green): 56→66 [0.1ms]
[2026-05-06 11:35:45] MOVE asha (gray0): 9→17 [0.1ms]
[2026-05-06 11:35:45] MOVE chetan (lawn green): 66→77 [0.1ms]
[2026-05-06 11:35:45] MOVE asha (gray0): 43→31 [0.1ms]
[2026-05-06 11:35:45] MOVE chetan (lawn green): 77→89 [0.1ms]
[2026-05-06 11:35:45] MOVE asha (gray0): 17→30 [0.1ms]
[2026-05-06 11:35:46] MOVE chetan (lawn green): 89→102 [0.1ms]
[2026-05-06 11:35:46] MOVE asha (gray0): 31→18 [0.1ms]
[2026-05-06 11:35:46] MOVE chetan (lawn green): 102→90 [0.1ms]
[2026-05-06 11:35:46] MOVE asha (gray0): 30→31 [0.2ms]
[2026-05-06 11:35:46] MOVE chetan (lawn green): 90→78 [0.1ms]
[2026-05-06 11:35:46] MOVE asha (gray0): 18→9 [0.1ms]
[2026-05-06 11:35:47] MOVE chetan (lawn green): 78→67 [0.1ms]
[2026-05-06 11:35:47] MOVE asha (gray0): 31→18 [0.2ms]
[2026-05-06 11:35:47] MOVE chetan (lawn green): 67→57 [0.1ms]
[2026-05-06 11:35:47] MOVE asha (gray0): 9→31 [0.2ms]
[2026-05-06 11:35:47] MOVE chetan (lawn green): 57→56 [0.1ms]
[2026-05-06 11:35:47] MOVE asha (gray0): 18→43 [0.1ms]
[2026-05-06 11:35:48] MOVE chetan (lawn green): 56→66 [0.1ms]
[2026-05-06 11:35:48] MOVE asha (gray0): 31→54 [0.1ms]
[2026-05-06 11:35:48] MOVE chetan (lawn green): 66→77 [0.1ms]
[2026-05-06 11:35:48] MOVE asha (gray0): 43→64 [0.1ms]
[2026-05-06 11:35:48] MOVE chetan (lawn green): 77→89 [0.1ms]
[2026-05-06 11:35:48] MOVE asha (gray0): 54→43 [0.1ms]
[2026-05-06 11:35:49] MOVE chetan (lawn green): 89→102 [0.1ms]
[2026-05-06 11:35:49] MOVE asha (gray0): 64→54 [0.1ms]
[2026-05-06 11:35:49] MOVE chetan (lawn green): 102→90 [0.3ms]
[2026-05-06 11:35:49] MOVE asha (gray0): 43→64 [0.1ms]
[2026-05-06 11:35:49] MOVE chetan (lawn green): 90→78 [0.1ms]
[2026-05-06 11:35:49] MOVE asha (gray0): 54→74 [0.1ms]
[2026-05-06 11:35:50] MOVE chetan (lawn green): 78→67 [0.1ms]
[2026-05-06 11:35:50] MOVE asha (gray0): 64→63 [0.1ms]
[2026-05-06 11:35:50] MOVE chetan (lawn green): 67→57 [0.1ms]
[2026-05-06 11:35:50] MOVE asha (gray0): 74→73 [0.1ms]
[2026-05-06 11:35:50] MOVE chetan (lawn green): 57→56 [0.1ms]
[2026-05-06 11:35:50] MOVE asha (gray0): 63→53 [0.1ms]
[2026-05-06 11:35:50] MOVE chetan (lawn green): 56→66 [0.1ms]
[2026-05-06 11:35:51] MOVE asha (gray0): 73→63 [0.1ms]
[2026-05-06 11:35:51] MOVE chetan (lawn green): 66→77 [0.1ms]
[2026-05-06 11:35:51] MOVE asha (gray0): 53→54 [0.1ms]
[2026-05-06 11:35:51] MOVE chetan (lawn green): 77→89 [0.3ms]
[2026-05-06 11:35:51] MOVE asha (gray0): 63→64 [0.1ms]
[2026-05-06 11:35:51] MOVE chetan (lawn green): 89→102 [0.1ms]
[2026-05-06 11:35:52] MOVE asha (gray0): 54→43 [0.1ms]
[2026-05-06 11:35:52] MOVE chetan (lawn green): 102→90 [0.2ms]
[2026-05-06 11:35:52] MOVE asha (gray0): 64→54 [0.1ms]
[2026-05-06 11:35:52] MOVE chetan (lawn green): 90→78 [0.1ms]
[2026-05-06 11:35:52] MOVE asha (gray0): 43→64 [0.1ms]
[2026-05-06 11:35:52] MOVE chetan (lawn green): 78→67 [0.1ms]
[2026-05-06 11:35:52] MOVE asha (gray0): 54→43 [0.1ms]
[2026-05-06 11:35:53] MOVE chetan (lawn green): 67→57 [0.2ms]
[2026-05-06 11:35:53] MOVE asha (gray0): 64→63 [0.1ms]
[2026-05-06 11:35:53] MOVE chetan (lawn green): 57→56 [0.1ms]
[2026-05-06 11:35:53] MOVE asha (gray0): 43→31 [0.4ms]
[2026-05-06 11:35:53] MOVE chetan (lawn green): 56→66 [0.1ms]
[2026-05-06 11:35:53] MOVE asha (gray0): 63→53 [0.1ms]
[2026-05-06 11:35:54] MOVE chetan (lawn green): 66→77 [0.2ms]
[2026-05-06 11:35:54] MOVE asha (gray0): 31→18 [0.1ms]
[2026-05-06 11:35:54] MOVE chetan (lawn green): 77→89 [0.1ms]
[2026-05-06 11:35:54] MOVE asha (gray0): 53→54 [0.1ms]
[2026-05-06 11:35:54] MOVE chetan (lawn green): 89→102 [0.3ms]
[2026-05-06 11:35:54] MOVE asha (gray0): 18→9 [0.1ms]
[2026-05-06 11:35:55] MOVE chetan (lawn green): 102→90 [0.3ms]
[2026-05-06 11:35:55] MOVE asha (gray0): 54→43 [0.1ms]
[2026-05-06 11:35:55] MOVE chetan (lawn green): 90→78 [0.1ms]
[2026-05-06 11:35:55] MOVE asha (gray0): 9→17 [0.3ms]
[2026-05-06 11:35:55] MOVE chetan (lawn green): 78→67 [0.1ms]
[2026-05-06 11:35:55] MOVE asha (gray0): 43→31 [0.1ms]
[2026-05-06 11:35:56] MOVE chetan (lawn green): 67→57 [0.1ms]
[2026-05-06 11:35:56] MOVE asha (gray0): 17→30 [0.1ms]
[2026-05-06 11:35:56] MOVE chetan (lawn green): 57→56 [0.1ms]
[2026-05-06 11:35:56] MOVE asha (gray0): 31→18 [0.1ms]
[2026-05-06 11:35:56] MOVE chetan (lawn green): 56→66 [0.1ms]
[2026-05-06 11:35:56] MOVE asha (gray0): 30→31 [0.1ms]
[2026-05-06 11:35:57] MOVE chetan (lawn green): 66→77 [0.1ms]
[2026-05-06 11:35:57] MOVE asha (gray0): 18→9 [0.1ms]
[2026-05-06 11:35:57] MOVE chetan (lawn green): 77→89 [0.1ms]
[2026-05-06 11:35:57] MOVE asha (gray0): 31→18 [0.1ms]
[2026-05-06 11:35:57] MOVE chetan (lawn green): 89→102 [0.2ms]
[2026-05-06 11:35:57] MOVE asha (gray0): 9→31 [0.1ms]
[2026-05-06 11:35:58] MOVE chetan (lawn green): 102→90 [0.1ms]
[2026-05-06 11:35:58] MOVE asha (gray0): 18→43 [0.1ms]
[2026-05-06 11:35:58] MOVE chetan (lawn green): 90→78 [0.1ms]
[2026-05-06 11:35:58] MOVE asha (gray0): 31→54 [0.2ms]
[2026-05-06 11:35:58] MOVE chetan (lawn green): 78→67 [0.1ms]
[2026-05-06 11:35:58] MOVE asha (gray0): 43→64 [0.1ms]
[2026-05-06 11:35:59] MOVE chetan (lawn green): 67→57 [0.1ms]
[2026-05-06 11:35:59] MOVE asha (gray0): 54→43 [0.1ms]
[2026-05-06 11:35:59] MOVE chetan (lawn green): 57→56 [0.1ms]
[2026-05-06 11:35:59] MOVE asha (gray0): 64→54 [0.1ms]
[2026-05-06 11:35:59] MOVE chetan (lawn green): 56→66 [0.1ms]
[2026-05-06 11:35:59] MOVE asha (gray0): 43→64 [0.1ms]
[2026-05-06 11:35:59] MOVE chetan (lawn green): 66→77 [0.2ms]
[2026-05-06 11:36:00] MOVE asha (gray0): 54→74 [0.2ms]
[2026-05-06 11:36:00] MOVE chetan (lawn green): 77→89 [0.2ms]
[2026-05-06 11:36:00] MOVE asha (gray0): 64→63 [0.1ms]
[2026-05-06 11:36:00] MOVE chetan (lawn green): 89→102 [0.1ms]
[2026-05-06 11:36:00] MOVE asha (gray0): 74→73 [0.2ms]
[2026-05-06 11:36:00] MOVE chetan (lawn green): 102→90 [0.1ms]
[2026-05-06 11:36:01] MOVE asha (gray0): 63→53 [0.2ms]
[2026-05-06 11:36:01] MOVE chetan (lawn green): 90→78 [0.1ms]
[2026-05-06 11:36:01] MOVE asha (gray0): 73→63 [0.3ms]
[2026-05-06 11:36:01] MOVE chetan (lawn green): 78→67 [0.2ms]
[2026-05-06 11:36:01] MOVE asha (gray0): 53→54 [0.2ms]
[2026-05-06 11:36:01] MOVE chetan (lawn green): 67→57 [0.1ms]
[2026-05-06 11:36:02] MOVE asha (gray0): 63→64 [0.1ms]
[2026-05-06 11:36:02] MOVE chetan (lawn green): 57→56 [0.1ms]
[2026-05-06 11:36:02] MOVE asha (gray0): 54→43 [0.1ms]
[2026-05-06 11:36:02] MOVE chetan (lawn green): 56→66 [0.1ms]
[2026-05-06 11:36:02] MOVE asha (gray0): 64→54 [0.2ms]
[2026-05-06 11:36:02] MOVE chetan (lawn green): 66→77 [0.1ms]
[2026-05-06 11:36:03] MOVE asha (gray0): 43→64 [0.1ms]
[2026-05-06 11:36:03] MOVE chetan (lawn green): 77→89 [0.1ms]
[2026-05-06 11:36:03] MOVE asha (gray0): 54→43 [0.1ms]
[2026-05-06 11:36:03] MOVE chetan (lawn green): 89→102 [0.1ms]
[2026-05-06 11:36:03] MOVE asha (gray0): 64→63 [0.2ms]
[2026-05-06 11:36:03] MOVE chetan (lawn green): 102→90 [0.2ms]
[2026-05-06 11:36:04] MOVE asha (gray0): 43→31 [0.1ms]
[2026-05-06 11:36:04] MOVE chetan (lawn green): 90→78 [0.1ms]
[2026-05-06 11:36:04] MOVE asha (gray0): 63→53 [0.1ms]
[2026-05-06 11:36:04] MOVE chetan (lawn green): 78→67 [0.1ms]
[2026-05-06 11:36:04] MOVE asha (gray0): 31→18 [0.1ms]
[2026-05-06 11:36:04] MOVE chetan (lawn green): 67→57 [0.1ms]
[2026-05-06 11:36:05] MOVE asha (gray0): 53→54 [0.4ms]
[2026-05-06 11:36:05] MOVE chetan (lawn green): 57→56 [0.1ms]
[2026-05-06 11:36:05] MOVE asha (gray0): 18→9 [0.1ms]
[2026-05-06 11:36:05] MOVE chetan (lawn green): 56→66 [0.1ms]
[2026-05-06 11:36:05] MOVE asha (gray0): 54→43 [0.1ms]
[2026-05-06 11:36:05] MOVE chetan (lawn green): 66→77 [0.1ms]
[2026-05-06 11:36:06] MOVE asha (gray0): 9→17 [0.1ms]
[2026-05-06 11:36:06] MOVE chetan (lawn green): 77→89 [0.2ms]
[2026-05-06 11:36:06] MOVE asha (gray0): 43→31 [0.1ms]
[2026-05-06 11:36:06] MOVE chetan (lawn green): 89→102 [0.2ms]
[2026-05-06 11:36:06] MOVE asha (gray0): 17→30 [0.1ms]
[2026-05-06 11:36:06] MOVE chetan (lawn green): 102→90 [0.1ms]
[2026-05-06 11:36:06] MOVE asha (gray0): 31→18 [0.2ms]
[2026-05-06 11:36:07] MOVE chetan (lawn green): 90→78 [0.1ms]
[2026-05-06 11:36:07] MOVE asha (gray0): 30→31 [0.1ms]
[2026-05-06 11:36:07] MOVE chetan (lawn green): 78→67 [0.1ms]
[2026-05-06 11:36:07] MOVE asha (gray0): 18→9 [0.1ms]
[2026-05-06 11:36:07] MOVE chetan (lawn green): 67→57 [0.1ms]
[2026-05-06 11:36:07] MOVE asha (gray0): 31→18 [0.1ms]
[2026-05-06 11:36:08] MOVE chetan (lawn green): 57→56 [0.2ms]
[2026-05-06 11:36:08] MOVE asha (gray0): 9→31 [0.1ms]
[2026-05-06 11:36:08] MOVE chetan (lawn green): 56→66 [0.1ms]
[2026-05-06 11:36:08] MOVE asha (gray0): 18→43 [0.4ms]
[2026-05-06 11:36:08] MOVE chetan (lawn green): 66→77 [0.1ms]
[2026-05-06 11:36:08] MOVE asha (gray0): 31→54 [0.1ms]
[2026-05-06 11:36:09] MOVE chetan (lawn green): 77→89 [0.1ms]
[2026-05-06 11:36:09] MOVE asha (gray0): 43→64 [0.1ms]
[2026-05-06 11:36:09] MOVE chetan (lawn green): 89→102 [0.1ms]
[2026-05-06 11:36:09] MOVE asha (gray0): 54→43 [0.1ms]
[2026-05-06 11:36:09] MOVE chetan (lawn green): 102→90 [0.1ms]
[2026-05-06 11:36:09] MOVE asha (gray0): 64→54 [0.1ms]
[2026-05-06 11:36:10] MOVE chetan (lawn green): 90→78 [0.1ms]
[2026-05-06 11:36:10] MOVE asha (gray0): 43→64 [0.1ms]
[2026-05-06 11:36:10] MOVE chetan (lawn green): 78→67 [0.1ms]
[2026-05-06 11:36:10] MOVE asha (gray0): 54→74 [0.1ms]
[2026-05-06 11:36:10] MOVE chetan (lawn green): 67→57 [0.1ms]
[2026-05-06 11:36:10] MOVE asha (gray0): 64→63 [0.1ms]
[2026-05-06 11:36:11] MOVE chetan (lawn green): 57→56 [0.1ms]
[2026-05-06 11:36:11] MOVE asha (gray0): 74→73 [0.1ms]
[2026-05-06 11:36:11] MOVE chetan (lawn green): 56→66 [0.1ms]
[2026-05-06 11:36:11] MOVE asha (gray0): 63→53 [0.1ms]
[2026-05-06 11:36:11] MOVE chetan (lawn green): 66→77 [0.1ms]
[2026-05-06 11:36:11] MOVE asha (gray0): 73→63 [0.1ms]
[2026-05-06 11:36:11] MOVE chetan (lawn green): 77→89 [0.1ms]
[2026-05-06 11:36:12] MOVE asha (gray0): 53→54 [0.1ms]
[2026-05-06 11:36:12] MOVE chetan (lawn green): 89→102 [0.1ms]
[2026-05-06 11:36:12] MOVE asha (gray0): 63→64 [0.1ms]
[2026-05-06 11:36:12] MOVE chetan (lawn green): 102→90 [0.2ms]
[2026-05-06 11:36:12] MOVE asha (gray0): 54→43 [0.1ms]
[2026-05-06 11:36:12] MOVE chetan (lawn green): 90→78 [0.1ms]
[2026-05-06 11:36:13] MOVE asha (gray0): 64→54 [0.2ms]
[2026-05-06 11:36:13] MOVE chetan (lawn green): 78→67 [0.1ms]
[2026-05-06 11:36:13] MOVE asha (gray0): 43→64 [0.1ms]
[2026-05-06 11:36:13] MOVE chetan (lawn green): 67→57 [0.1ms]
[2026-05-06 11:36:13] MOVE asha (gray0): 54→43 [0.1ms]
[2026-05-06 11:36:13] MOVE chetan (lawn green): 57→56 [0.1ms]
[2026-05-06 11:36:14] MOVE asha (gray0): 64→63 [0.1ms]
[2026-05-06 11:36:14] MOVE chetan (lawn green): 56→66 [0.1ms]
[2026-05-06 11:36:14] MOVE asha (gray0): 43→31 [0.1ms]
[2026-05-06 11:36:14] MOVE chetan (lawn green): 66→77 [0.1ms]
[2026-05-06 11:36:14] MOVE asha (gray0): 63→53 [0.1ms]
[2026-05-06 11:36:14] MOVE chetan (lawn green): 77→89 [0.1ms]
[2026-05-06 11:36:15] MOVE asha (gray0): 31→18 [0.1ms]
[2026-05-06 11:36:15] MOVE chetan (lawn green): 89→102 [0.1ms]
[2026-05-06 11:36:15] MOVE asha (gray0): 53→54 [0.1ms]
[2026-05-06 11:36:15] MOVE chetan (lawn green): 102→90 [0.3ms]
[2026-05-06 11:36:15] MOVE asha (gray0): 18→9 [0.4ms]
[2026-05-06 11:36:15] MOVE chetan (lawn green): 90→78 [0.3ms]
[2026-05-06 11:36:15] MOVE asha (gray0): 54→43 [0.4ms]
[2026-05-06 11:36:16] MOVE chetan (lawn green): 78→67 [0.1ms]
[2026-05-06 11:36:16] MOVE asha (gray0): 9→17 [0.1ms]
[2026-05-06 11:36:16] MOVE chetan (lawn green): 67→57 [0.1ms]
[2026-05-06 11:36:16] MOVE asha (gray0): 43→31 [0.1ms]
[2026-05-06 11:36:16] MOVE chetan (lawn green): 57→56 [0.1ms]
[2026-05-06 11:36:16] MOVE asha (gray0): 17→30 [0.1ms]
[2026-05-06 11:36:17] MOVE chetan (lawn green): 56→66 [0.1ms]
[2026-05-06 11:36:17] MOVE asha (gray0): 31→18 [0.2ms]
[2026-05-06 11:36:17] MOVE chetan (lawn green): 66→77 [0.1ms]
[2026-05-06 11:36:17] MOVE asha (gray0): 30→31 [0.1ms]
[2026-05-06 11:36:17] MOVE chetan (lawn green): 77→89 [0.2ms]
[2026-05-06 11:36:17] MOVE asha (gray0): 18→9 [0.1ms]
[2026-05-06 11:36:18] MOVE chetan (lawn green): 89→102 [0.1ms]
[2026-05-06 11:36:18] MOVE asha (gray0): 31→18 [0.1ms]
[2026-05-06 11:36:18] MOVE chetan (lawn green): 102→90 [0.2ms]
[2026-05-06 11:36:18] MOVE asha (gray0): 9→31 [0.1ms]
[2026-05-06 11:36:18] MOVE chetan (lawn green): 90→78 [0.1ms]
[2026-05-06 11:36:18] MOVE asha (gray0): 18→43 [0.1ms]
[2026-05-06 11:36:19] MOVE chetan (lawn green): 78→67 [0.1ms]
[2026-05-06 11:36:19] MOVE asha (gray0): 31→54 [0.1ms]
[2026-05-06 11:36:19] MOVE chetan (lawn green): 67→57 [0.1ms]
[2026-05-06 11:36:19] MOVE asha (gray0): 43→64 [0.3ms]
[2026-05-06 11:36:19] MOVE chetan (lawn green): 57→56 [0.1ms]
[2026-05-06 11:36:19] MOVE asha (gray0): 54→43 [0.1ms]
[2026-05-06 11:36:20] MOVE chetan (lawn green): 56→66 [0.1ms]
[2026-05-06 11:36:20] MOVE asha (gray0): 64→54 [0.1ms]
[2026-05-06 11:36:20] MOVE chetan (lawn green): 66→77 [0.1ms]
[2026-05-06 11:36:20] MOVE asha (gray0): 43→64 [0.1ms]
[2026-05-06 11:36:20] MOVE chetan (lawn green): 77→89 [0.1ms]
[2026-05-06 11:36:20] MOVE asha (gray0): 54→74 [0.1ms]
[2026-05-06 11:36:20] MOVE chetan (lawn green): 89→102 [0.1ms]
[2026-05-06 11:36:21] MOVE asha (gray0): 64→63 [0.1ms]
[2026-05-06 11:36:21] MOVE chetan (lawn green): 102→90 [0.1ms]
[2026-05-06 11:36:21] MOVE asha (gray0): 74→73 [0.1ms]
[2026-05-06 11:36:21] MOVE chetan (lawn green): 90→78 [0.3ms]
[2026-05-06 11:36:21] MOVE asha (gray0): 63→53 [0.1ms]
[2026-05-06 11:36:21] MOVE chetan (lawn green): 78→67 [0.1ms]
[2026-05-06 11:36:22] MOVE asha (gray0): 73→63 [0.1ms]
[2026-05-06 11:36:22] MOVE chetan (lawn green): 67→57 [0.1ms]
[2026-05-06 11:36:22] MOVE asha (gray0): 53→54 [0.1ms]
[2026-05-06 11:36:22] MOVE chetan (lawn green): 57→56 [0.1ms]
[2026-05-06 11:36:22] MOVE asha (gray0): 63→64 [0.2ms]
[2026-05-06 11:36:22] MOVE chetan (lawn green): 56→66 [0.1ms]
[2026-05-06 11:36:23] MOVE asha (gray0): 54→43 [0.1ms]
[2026-05-06 11:36:23] MOVE chetan (lawn green): 66→77 [0.1ms]
[2026-05-06 11:36:23] MOVE asha (gray0): 64→54 [0.1ms]
[2026-05-06 11:36:23] MOVE chetan (lawn green): 77→89 [0.1ms]
[2026-05-06 11:36:23] MOVE asha (gray0): 43→64 [0.1ms]
[2026-05-06 11:36:23] MOVE chetan (lawn green): 89→102 [0.1ms]
[2026-05-06 11:36:23] MOVE asha (gray0): 54→43 [0.1ms]
[2026-05-06 11:36:24] MOVE chetan (lawn green): 102→90 [0.2ms]
[2026-05-06 11:36:24] MOVE asha (gray0): 64→63 [0.1ms]
[2026-05-06 11:36:24] MOVE chetan (lawn green): 90→78 [0.1ms]
[2026-05-06 11:36:24] MOVE asha (gray0): 43→31 [0.1ms]
[2026-05-06 11:36:24] MOVE chetan (lawn green): 78→67 [0.1ms]
[2026-05-06 11:36:24] MOVE asha (gray0): 63→53 [0.1ms]
[2026-05-06 11:36:25] MOVE chetan (lawn green): 67→57 [0.1ms]
[2026-05-06 11:36:25] MOVE asha (gray0): 31→18 [0.1ms]
[2026-05-06 11:36:25] MOVE chetan (lawn green): 57→56 [0.1ms]
[2026-05-06 11:36:25] MOVE asha (gray0): 53→54 [0.1ms]
[2026-05-06 11:36:25] MOVE chetan (lawn green): 56→66 [0.1ms]
[2026-05-06 11:36:25] MOVE asha (gray0): 18→9 [0.2ms]
[2026-05-06 11:36:26] MOVE chetan (lawn green): 66→77 [0.1ms]
[2026-05-06 11:36:26] MOVE asha (gray0): 54→43 [0.1ms]
[2026-05-06 11:36:26] MOVE chetan (lawn green): 77→89 [0.1ms]
[2026-05-06 11:36:26] MOVE asha (gray0): 9→17 [0.2ms]
[2026-05-06 11:36:26] MOVE chetan (lawn green): 89→102 [0.2ms]
[2026-05-06 11:36:26] MOVE asha (gray0): 43→31 [0.2ms]
[2026-05-06 11:36:26] MOVE chetan (lawn green): 102→90 [0.1ms]
[2026-05-06 11:36:27] MOVE asha (gray0): 17→30 [0.2ms]
[2026-05-06 11:36:27] MOVE chetan (lawn green): 90→78 [0.1ms]
[2026-05-06 11:36:27] MOVE asha (gray0): 31→18 [0.3ms]
[2026-05-06 11:36:27] MOVE chetan (lawn green): 78→67 [0.1ms]
[2026-05-06 11:36:27] MOVE asha (gray0): 30→31 [0.1ms]
[2026-05-06 11:36:27] MOVE chetan (lawn green): 67→57 [0.1ms]
[2026-05-06 11:36:28] MOVE asha (gray0): 18→9 [0.1ms]
[2026-05-06 11:36:28] MOVE chetan (lawn green): 57→56 [0.3ms]
[2026-05-06 11:36:28] MOVE asha (gray0): 31→18 [0.1ms]
[2026-05-06 11:36:28] MOVE chetan (lawn green): 56→66 [0.1ms]
[2026-05-06 11:36:28] MOVE asha (gray0): 9→31 [0.1ms]
[2026-05-06 11:36:28] MOVE chetan (lawn green): 66→77 [0.1ms]
[2026-05-06 11:36:29] MOVE asha (gray0): 18→43 [0.1ms]
[2026-05-06 11:36:29] MOVE chetan (lawn green): 77→89 [0.1ms]
[2026-05-06 11:36:29] MOVE asha (gray0): 31→54 [0.2ms]
[2026-05-06 11:36:29] MOVE chetan (lawn green): 89→102 [0.1ms]
[2026-05-06 11:36:29] MOVE asha (gray0): 43→64 [0.1ms]
[2026-05-06 11:36:29] MOVE chetan (lawn green): 102→90 [0.1ms]
[2026-05-06 11:36:30] MOVE asha (gray0): 54→43 [0.1ms]
[2026-05-06 11:36:30] MOVE chetan (lawn green): 90→78 [0.1ms]
[2026-05-06 11:36:30] MOVE asha (gray0): 64→54 [0.1ms]
[2026-05-06 11:36:30] MOVE chetan (lawn green): 78→67 [0.1ms]
[2026-05-06 11:36:30] MOVE asha (gray0): 43→64 [0.1ms]
[2026-05-06 11:36:30] MOVE chetan (lawn green): 67→57 [0.1ms]
[2026-05-06 11:36:31] MOVE asha (gray0): 54→74 [0.1ms]
[2026-05-06 11:36:31] MOVE chetan (lawn green): 57→56 [0.1ms]
[2026-05-06 11:36:31] MOVE asha (gray0): 64→63 [0.1ms]
[2026-05-06 11:36:31] MOVE chetan (lawn green): 56→66 [0.1ms]
[2026-05-06 11:36:31] MOVE asha (gray0): 74→73 [0.1ms]
[2026-05-06 11:36:31] MOVE chetan (lawn green): 66→77 [0.1ms]
[2026-05-06 11:36:32] MOVE asha (gray0): 63→53 [0.1ms]
[2026-05-06 11:36:32] MOVE chetan (lawn green): 77→89 [0.1ms]
[2026-05-06 11:36:32] MOVE asha (gray0): 73→63 [0.1ms]
[2026-05-06 11:36:32] MOVE chetan (lawn green): 89→102 [0.1ms]
[2026-05-06 11:36:32] MOVE asha (gray0): 53→54 [0.1ms]
[2026-05-06 11:36:32] MOVE chetan (lawn green): 102→90 [0.1ms]
[2026-05-06 11:36:32] MOVE asha (gray0): 63→64 [0.1ms]
[2026-05-06 11:36:33] MOVE chetan (lawn green): 90→78 [0.1ms]
[2026-05-06 11:36:33] MOVE asha (gray0): 54→43 [0.2ms]
[2026-05-06 11:36:33] MOVE chetan (lawn green): 78→67 [0.1ms]
[2026-05-06 11:36:33] MOVE asha (gray0): 64→54 [0.1ms]
[2026-05-06 11:36:33] MOVE chetan (lawn green): 67→57 [0.2ms]
[2026-05-06 11:36:33] MOVE asha (gray0): 43→64 [0.2ms]
[2026-05-06 11:36:34] MOVE chetan (lawn green): 57→56 [0.2ms]
[2026-05-06 11:36:34] MOVE asha (gray0): 54→43 [0.2ms]
[2026-05-06 11:36:34] MOVE chetan (lawn green): 56→66 [0.1ms]
[2026-05-06 11:36:34] MOVE asha (gray0): 64→63 [0.1ms]
[2026-05-06 11:36:34] MOVE chetan (lawn green): 66→77 [0.2ms]
[2026-05-06 11:36:34] MOVE asha (gray0): 43→31 [0.2ms]
[2026-05-06 11:36:35] MOVE chetan (lawn green): 77→89 [0.1ms]
[2026-05-06 11:36:35] MOVE asha (gray0): 63→53 [0.1ms]
[2026-05-06 11:36:35] MOVE chetan (lawn green): 89→102 [0.2ms]
[2026-05-06 11:36:35] MOVE asha (gray0): 31→18 [0.1ms]
[2026-05-06 11:36:35] MOVE chetan (lawn green): 102→90 [0.1ms]
[2026-05-06 11:36:35] MOVE asha (gray0): 53→54 [0.1ms]
[2026-05-06 11:36:36] MOVE chetan (lawn green): 90→78 [0.2ms]
[2026-05-06 11:36:36] MOVE asha (gray0): 18→9 [0.2ms]
[2026-05-06 11:36:36] MOVE chetan (lawn green): 78→67 [0.1ms]
[2026-05-06 11:36:36] MOVE asha (gray0): 54→43 [0.2ms]
[2026-05-06 11:36:36] MOVE chetan (lawn green): 67→57 [4.7ms]
[2026-05-06 11:36:36] MOVE asha (gray0): 9→17 [0.1ms]
[2026-05-06 11:36:36] MOVE chetan (lawn green): 57→56 [0.1ms]
[2026-05-06 11:36:37] MOVE asha (gray0): 43→31 [0.1ms]
[2026-05-06 11:36:37] MOVE chetan (lawn green): 56→66 [0.1ms]
[2026-05-06 11:36:37] MOVE asha (gray0): 17→30 [0.3ms]
[2026-05-06 11:36:37] MOVE chetan (lawn green): 66→77 [3.0ms]
[2026-05-06 11:36:37] MOVE asha (gray0): 31→18 [0.3ms]
[2026-05-06 11:36:37] MOVE chetan (lawn green): 77→89 [0.1ms]
[2026-05-06 11:36:38] MOVE asha (gray0): 30→31 [0.1ms]
[2026-05-06 11:36:38] MOVE chetan (lawn green): 89→102 [0.1ms]
[2026-05-06 11:36:38] MOVE asha (gray0): 18→9 [0.1ms]
[2026-05-06 11:36:38] MOVE chetan (lawn green): 102→90 [0.1ms]
[2026-05-06 11:36:38] MOVE asha (gray0): 31→18 [0.1ms]
[2026-05-06 11:36:38] MOVE chetan (lawn green): 90→78 [0.1ms]
[2026-05-06 11:36:39] MOVE asha (gray0): 9→31 [0.1ms]
[2026-05-06 11:36:39] MOVE chetan (lawn green): 78→67 [0.4ms]
[2026-05-06 11:36:39] MOVE asha (gray0): 18→43 [0.2ms]
[2026-05-06 11:36:39] MOVE chetan (lawn green): 67→57 [0.1ms]
[2026-05-06 11:36:39] MOVE asha (gray0): 31→54 [0.1ms]
[2026-05-06 11:36:39] MOVE chetan (lawn green): 57→56 [0.1ms]
[2026-05-06 11:36:40] MOVE asha (gray0): 43→64 [0.1ms]
[2026-05-06 11:36:40] MOVE chetan (lawn green): 56→66 [0.1ms]
[2026-05-06 11:36:40] MOVE asha (gray0): 54→43 [0.1ms]
[2026-05-06 11:36:40] MOVE chetan (lawn green): 66→77 [0.2ms]
[2026-05-06 11:36:40] MOVE asha (gray0): 64→54 [0.1ms]
[2026-05-06 11:36:40] MOVE chetan (lawn green): 77→89 [0.1ms]
[2026-05-06 11:36:41] MOVE asha (gray0): 43→64 [0.1ms]
[2026-05-06 11:36:41] MOVE chetan (lawn green): 89→102 [0.1ms]
[2026-05-06 11:36:41] MOVE asha (gray0): 54→74 [0.3ms]
[2026-05-06 11:36:41] MOVE chetan (lawn green): 102→90 [0.1ms]
[2026-05-06 11:36:41] MOVE asha (gray0): 64→63 [0.1ms]
[2026-05-06 11:36:41] MOVE chetan (lawn green): 90→78 [0.1ms]
[2026-05-06 11:36:42] MOVE asha (gray0): 74→73 [0.1ms]
[2026-05-06 11:36:42] MOVE chetan (lawn green): 78→67 [0.1ms]
[2026-05-06 11:36:42] MOVE asha (gray0): 63→53 [0.1ms]
[2026-05-06 11:36:42] MOVE chetan (lawn green): 67→57 [0.1ms]
[2026-05-06 11:36:42] MOVE asha (gray0): 73→63 [0.1ms]
[2026-05-06 11:36:42] MOVE chetan (lawn green): 57→56 [0.1ms]
[2026-05-06 11:36:43] MOVE asha (gray0): 53→54 [0.1ms]
[2026-05-06 11:36:43] MOVE chetan (lawn green): 56→66 [0.1ms]
[2026-05-06 11:36:43] MOVE asha (gray0): 63→64 [0.2ms]
[2026-05-06 11:36:43] MOVE chetan (lawn green): 66→77 [0.1ms]
[2026-05-06 11:36:43] MOVE asha (gray0): 54→43 [0.2ms]
[2026-05-06 11:36:43] MOVE chetan (lawn green): 77→89 [0.2ms]
[2026-05-06 11:36:44] MOVE asha (gray0): 64→54 [0.1ms]
[2026-05-06 11:36:44] MOVE chetan (lawn green): 89→102 [0.3ms]
[2026-05-06 11:36:44] MOVE asha (gray0): 43→64 [0.1ms]
[2026-05-06 11:36:44] MOVE chetan (lawn green): 102→90 [0.1ms]
[2026-05-06 11:36:44] MOVE asha (gray0): 54→43 [0.1ms]
[2026-05-06 11:36:44] MOVE chetan (lawn green): 90→78 [0.1ms]
[2026-05-06 11:36:45] MOVE asha (gray0): 64→63 [0.1ms]
[2026-05-06 11:36:45] MOVE chetan (lawn green): 78→67 [0.2ms]
[2026-05-06 11:36:45] MOVE asha (gray0): 43→31 [0.1ms]
[2026-05-06 11:36:45] MOVE chetan (lawn green): 67→57 [0.1ms]
[2026-05-06 11:36:45] MOVE asha (gray0): 63→53 [0.1ms]
[2026-05-06 11:36:45] MOVE chetan (lawn green): 57→56 [0.1ms]
[2026-05-06 11:36:45] MOVE asha (gray0): 31→18 [0.1ms]
[2026-05-06 11:36:46] MOVE chetan (lawn green): 56→66 [0.1ms]
[2026-05-06 11:36:46] MOVE asha (gray0): 53→54 [0.1ms]
[2026-05-06 11:36:46] MOVE chetan (lawn green): 66→77 [0.1ms]
[2026-05-06 11:36:46] MOVE asha (gray0): 18→9 [0.1ms]
[2026-05-06 11:36:46] MOVE chetan (lawn green): 77→89 [0.1ms]
[2026-05-06 11:36:46] MOVE asha (gray0): 54→43 [0.1ms]
[2026-05-06 11:36:47] MOVE chetan (lawn green): 89→102 [0.2ms]
[2026-05-06 11:36:47] MOVE asha (gray0): 9→17 [0.3ms]
[2026-05-06 11:36:47] MOVE chetan (lawn green): 102→90 [0.1ms]
[2026-05-06 11:36:47] MOVE asha (gray0): 43→31 [0.1ms]
[2026-05-06 11:36:47] MOVE chetan (lawn green): 90→78 [0.1ms]
[2026-05-06 11:36:47] MOVE asha (gray0): 17→30 [0.1ms]
[2026-05-06 11:36:48] MOVE chetan (lawn green): 78→67 [0.1ms]
[2026-05-06 11:36:48] MOVE asha (gray0): 31→18 [0.1ms]
[2026-05-06 11:36:48] MOVE chetan (lawn green): 67→57 [0.1ms]
[2026-05-06 11:36:48] MOVE asha (gray0): 30→31 [0.1ms]
[2026-05-06 11:36:49] MOVE chetan (lawn green): 57→56 [0.1ms]
[2026-05-06 11:36:49] MOVE asha (gray0): 18→9 [0.2ms]
[2026-05-06 11:36:49] MOVE chetan (lawn green): 56→66 [0.1ms]
[2026-05-06 11:36:49] MOVE asha (gray0): 31→18 [0.1ms]
[2026-05-06 11:36:49] MOVE chetan (lawn green): 66→77 [0.1ms]
[2026-05-06 11:36:49] MOVE asha (gray0): 9→31 [0.2ms]
[2026-05-06 11:36:50] MOVE chetan (lawn green): 77→89 [0.1ms]
[2026-05-06 11:36:50] MOVE asha (gray0): 18→43 [0.1ms]
[2026-05-06 11:36:50] MOVE chetan (lawn green): 89→102 [0.1ms]
[2026-05-06 11:36:50] MOVE asha (gray0): 31→54 [0.2ms]
[2026-05-06 11:36:50] MOVE chetan (lawn green): 102→90 [0.2ms]
[2026-05-06 11:36:50] MOVE asha (gray0): 43→64 [0.1ms]
[2026-05-06 11:36:51] MOVE chetan (lawn green): 90→78 [0.2ms]
[2026-05-06 11:36:51] MOVE asha (gray0): 54→43 [0.1ms]
[2026-05-06 11:36:51] MOVE chetan (lawn green): 78→67 [0.2ms]
[2026-05-06 11:36:51] MOVE asha (gray0): 64→54 [0.1ms]
[2026-05-06 11:36:51] MOVE chetan (lawn green): 67→57 [0.1ms]
[2026-05-06 11:36:51] MOVE asha (gray0): 43→64 [0.1ms]
[2026-05-06 11:36:52] MOVE chetan (lawn green): 57→56 [0.2ms]
[2026-05-06 11:36:52] MOVE asha (gray0): 54→74 [0.1ms]
[2026-05-06 11:36:52] MOVE chetan (lawn green): 56→66 [0.3ms]
[2026-05-06 11:36:52] MOVE asha (gray0): 64→63 [0.2ms]
[2026-05-06 11:36:52] MOVE chetan (lawn green): 66→77 [0.1ms]
[2026-05-06 11:36:52] MOVE asha (gray0): 74→73 [0.1ms]
[2026-05-06 11:36:52] MOVE chetan (lawn green): 77→89 [0.1ms]
[2026-05-06 11:36:53] MOVE asha (gray0): 63→53 [0.1ms]
[2026-05-06 11:36:53] MOVE chetan (lawn green): 89→102 [0.1ms]
[2026-05-06 11:36:53] MOVE asha (gray0): 73→63 [0.1ms]
[2026-05-06 11:36:53] MOVE chetan (lawn green): 102→90 [0.1ms]
[2026-05-06 11:36:53] MOVE asha (gray0): 53→54 [0.1ms]
[2026-05-06 11:36:53] MOVE chetan (lawn green): 90→78 [0.2ms]
[2026-05-06 11:36:54] MOVE asha (gray0): 63→64 [0.1ms]
[2026-05-06 11:36:54] MOVE chetan (lawn green): 78→67 [0.2ms]
[2026-05-06 11:36:54] MOVE asha (gray0): 54→43 [0.1ms]
[2026-05-06 11:36:54] MOVE chetan (lawn green): 67→57 [0.1ms]
[2026-05-06 11:36:54] MOVE asha (gray0): 64→54 [0.1ms]
[2026-05-06 11:36:54] MOVE chetan (lawn green): 57→56 [0.1ms]
[2026-05-06 11:36:55] MOVE asha (gray0): 43→64 [0.1ms]
[2026-05-06 11:36:55] MOVE chetan (lawn green): 56→66 [0.4ms]
[2026-05-06 11:36:55] MOVE asha (gray0): 54→43 [0.1ms]
[2026-05-06 11:36:55] MOVE chetan (lawn green): 66→77 [0.1ms]
[2026-05-06 11:36:55] MOVE asha (gray0): 64→63 [0.1ms]
[2026-05-06 11:36:55] MOVE chetan (lawn green): 77→89 [0.1ms]
[2026-05-06 11:36:55] MOVE asha (gray0): 43→31 [0.1ms]
[2026-05-06 11:36:56] MOVE chetan (lawn green): 89→102 [0.2ms]
[2026-05-06 11:36:56] MOVE asha (gray0): 63→53 [0.1ms]
[2026-05-06 11:36:56] MOVE chetan (lawn green): 102→90 [0.1ms]
[2026-05-06 11:36:56] MOVE asha (gray0): 31→18 [0.1ms]
[2026-05-06 11:36:56] MOVE chetan (lawn green): 90→78 [0.1ms]
[2026-05-06 11:36:56] MOVE asha (gray0): 53→54 [0.1ms]
[2026-05-06 11:36:57] MOVE chetan (lawn green): 78→67 [0.2ms]
[2026-05-06 11:36:57] MOVE asha (gray0): 18→9 [0.1ms]
[2026-05-06 11:36:57] MOVE chetan (lawn green): 67→57 [0.1ms]
[2026-05-06 11:36:57] MOVE asha (gray0): 54→43 [0.2ms]
[2026-05-06 11:36:57] MOVE chetan (lawn green): 57→56 [0.2ms]
[2026-05-06 11:36:58] MOVE asha (gray0): 9→17 [0.1ms]
[2026-05-06 11:36:58] MOVE chetan (lawn green): 56→66 [0.1ms]
[2026-05-06 11:36:58] MOVE asha (gray0): 43→31 [0.1ms]
[2026-05-06 11:36:58] MOVE chetan (lawn green): 66→77 [0.1ms]
[2026-05-06 11:36:59] MOVE asha (gray0): 17→30 [0.1ms]
[2026-05-06 11:36:59] MOVE chetan (lawn green): 77→89 [0.1ms]
[2026-05-06 11:36:59] MOVE asha (gray0): 31→18 [0.1ms]
[2026-05-06 11:37:00] MOVE chetan (lawn green): 89→102 [0.1ms]
[2026-05-06 11:37:00] MOVE asha (gray0): 30→31 [0.1ms]
[2026-05-06 11:37:00] MOVE chetan (lawn green): 102→90 [0.2ms]
[2026-05-06 11:37:01] MOVE asha (gray0): 18→9 [0.3ms]
[2026-05-06 11:37:01] MOVE chetan (lawn green): 90→78 [0.2ms]
[2026-05-06 11:37:01] MOVE asha (gray0): 31→18 [0.3ms]
[2026-05-06 11:37:01] MOVE chetan (lawn green): 78→67 [0.1ms]
[2026-05-06 11:37:01] MOVE asha (gray0): 9→31 [0.1ms]
[2026-05-06 11:37:01] MOVE chetan (lawn green): 67→57 [0.1ms]
[2026-05-06 11:37:02] MOVE asha (gray0): 18→43 [0.2ms]
[2026-05-06 11:37:02] MOVE chetan (lawn green): 57→56 [0.2ms]
[2026-05-06 11:37:02] MOVE asha (gray0): 31→54 [0.1ms]
[2026-05-06 11:37:02] MOVE chetan (lawn green): 56→66 [0.1ms]
[2026-05-06 11:37:02] MOVE asha (gray0): 43→64 [0.1ms]
[2026-05-06 11:37:02] MOVE chetan (lawn green): 66→77 [0.2ms]
[2026-05-06 11:37:02] MOVE asha (gray0): 54→43 [0.1ms]
[2026-05-06 11:37:03] MOVE chetan (lawn green): 77→89 [0.1ms]
[2026-05-06 11:37:03] MOVE asha (gray0): 64→54 [0.1ms]
[2026-05-06 11:37:03] MOVE chetan (lawn green): 89→102 [0.1ms]
[2026-05-06 11:37:03] MOVE asha (gray0): 43→64 [0.3ms]
[2026-05-06 11:37:03] MOVE chetan (lawn green): 102→90 [0.1ms]
[2026-05-06 11:37:03] MOVE asha (gray0): 54→74 [0.2ms]
[2026-05-06 11:37:03] MOVE chetan (lawn green): 90→78 [0.1ms]
[2026-05-06 11:37:04] MOVE asha (gray0): 64→63 [0.2ms]
[2026-05-06 11:37:04] MOVE chetan (lawn green): 78→67 [0.1ms]
[2026-05-06 11:37:04] MOVE asha (gray0): 74→73 [0.1ms]
[2026-05-06 11:37:04] MOVE chetan (lawn green): 67→57 [0.3ms]
[2026-05-06 11:37:05] MOVE asha (gray0): 63→53 [0.1ms]
[2026-05-06 11:37:05] MOVE chetan (lawn green): 57→56 [0.1ms]
[2026-05-06 11:37:05] MOVE asha (gray0): 73→63 [0.4ms]
[2026-05-06 11:37:05] MOVE chetan (lawn green): 56→66 [0.1ms]
[2026-05-06 11:37:05] MOVE asha (gray0): 53→54 [0.1ms]
[2026-05-06 11:37:06] MOVE chetan (lawn green): 66→77 [0.1ms]
[2026-05-06 11:37:06] MOVE asha (gray0): 63→64 [0.1ms]
[2026-05-06 11:37:06] MOVE chetan (lawn green): 77→89 [0.5ms]
[2026-05-06 11:37:06] MOVE asha (gray0): 54→43 [0.1ms]
[2026-05-06 11:37:06] MOVE chetan (lawn green): 89→102 [0.1ms]
[2026-05-06 11:37:07] MOVE asha (gray0): 64→54 [0.1ms]
[2026-05-06 11:37:07] MOVE chetan (lawn green): 102→90 [0.1ms]
[2026-05-06 11:37:07] MOVE asha (gray0): 43→64 [0.1ms]
[2026-05-06 11:37:07] MOVE chetan (lawn green): 90→78 [0.5ms]
[2026-05-06 11:37:07] MOVE asha (gray0): 54→43 [0.2ms]
[2026-05-06 11:37:08] MOVE chetan (lawn green): 78→67 [0.2ms]
[2026-05-06 11:37:08] MOVE asha (gray0): 64→63 [0.1ms]
[2026-05-06 11:37:08] MOVE chetan (lawn green): 67→57 [0.7ms]
[2026-05-06 11:37:08] MOVE asha (gray0): 43→31 [0.1ms]
[2026-05-06 11:37:08] MOVE chetan (lawn green): 57→56 [0.1ms]
[2026-05-06 11:37:08] MOVE asha (gray0): 63→53 [0.2ms]
[2026-05-06 11:37:09] MOVE chetan (lawn green): 56→66 [0.1ms]
[2026-05-06 11:37:09] MOVE asha (gray0): 31→18 [0.3ms]
[2026-05-06 11:37:09] MOVE chetan (lawn green): 66→77 [0.1ms]
[2026-05-06 11:37:09] MOVE asha (gray0): 53→54 [0.1ms]
[2026-05-06 11:37:09] MOVE chetan (lawn green): 77→89 [0.1ms]
[2026-05-06 11:37:09] MOVE asha (gray0): 18→9 [0.1ms]
[2026-05-06 11:37:10] MOVE chetan (lawn green): 89→102 [0.1ms]
[2026-05-06 11:37:10] MOVE asha (gray0): 54→43 [0.1ms]
[2026-05-06 11:37:10] MOVE chetan (lawn green): 102→90 [1.5ms]
[2026-05-06 11:37:10] MOVE asha (gray0): 9→17 [0.1ms]
[2026-05-06 11:37:10] MOVE chetan (lawn green): 90→78 [0.1ms]
[2026-05-06 11:37:10] MOVE asha (gray0): 43→31 [0.2ms]
[2026-05-06 11:37:11] MOVE chetan (lawn green): 78→67 [0.2ms]
[2026-05-06 11:37:11] MOVE asha (gray0): 17→30 [0.1ms]
[2026-05-06 11:37:11] MOVE chetan (lawn green): 67→57 [0.2ms]
[2026-05-06 11:37:11] MOVE asha (gray0): 31→18 [0.1ms]
[2026-05-06 11:37:11] MOVE chetan (lawn green): 57→56 [0.1ms]
[2026-05-06 11:37:11] MOVE asha (gray0): 30→31 [0.1ms]
[2026-05-06 11:37:12] MOVE chetan (lawn green): 56→66 [0.1ms]
[2026-05-06 11:37:12] MOVE asha (gray0): 18→9 [0.2ms]
[2026-05-06 11:37:12] MOVE chetan (lawn green): 66→77 [0.1ms]
[2026-05-06 11:37:12] MOVE asha (gray0): 31→18 [0.1ms]
[2026-05-06 11:37:12] MOVE chetan (lawn green): 77→89 [1.1ms]
[2026-05-06 11:37:12] MOVE asha (gray0): 9→31 [0.5ms]
[2026-05-06 11:37:13] MOVE chetan (lawn green): 89→102 [0.1ms]
[2026-05-06 11:37:13] MOVE asha (gray0): 18→43 [0.1ms]
[2026-05-06 11:37:13] MOVE chetan (lawn green): 102→90 [0.2ms]
[2026-05-06 11:37:13] MOVE asha (gray0): 31→54 [0.1ms]
[2026-05-06 11:37:13] MOVE chetan (lawn green): 90→78 [0.1ms]
[2026-05-06 11:37:13] MOVE asha (gray0): 43→64 [0.2ms]
[2026-05-06 11:37:13] MOVE chetan (lawn green): 78→67 [0.2ms]
[2026-05-06 11:37:14] MOVE asha (gray0): 54→43 [0.1ms]
[2026-05-06 11:37:14] MOVE chetan (lawn green): 67→57 [0.4ms]
[2026-05-06 11:37:14] MOVE asha (gray0): 64→54 [0.1ms]
[2026-05-06 11:37:14] MOVE chetan (lawn green): 57→56 [0.1ms]
[2026-05-06 11:37:14] MOVE asha (gray0): 43→64 [0.1ms]
[2026-05-06 11:37:14] MOVE chetan (lawn green): 56→66 [0.1ms]
[2026-05-06 11:37:15] MOVE asha (gray0): 54→74 [0.1ms]
[2026-05-06 11:37:15] MOVE chetan (lawn green): 66→77 [0.1ms]
[2026-05-06 11:37:15] MOVE asha (gray0): 64→63 [0.1ms]
[2026-05-06 11:37:15] MOVE chetan (lawn green): 77→89 [0.1ms]
[2026-05-06 11:37:15] MOVE asha (gray0): 74→73 [0.1ms]
[2026-05-06 11:37:15] MOVE chetan (lawn green): 89→102 [0.1ms]
[2026-05-06 11:37:16] MOVE asha (gray0): 63→53 [0.1ms]
[2026-05-06 11:37:16] MOVE chetan (lawn green): 102→90 [0.1ms]
[2026-05-06 11:37:16] MOVE asha (gray0): 73→63 [0.1ms]
[2026-05-06 11:37:16] MOVE chetan (lawn green): 90→78 [0.1ms]
[2026-05-06 11:37:16] MOVE asha (gray0): 53→54 [0.1ms]
[2026-05-06 11:37:16] MOVE chetan (lawn green): 78→67 [0.2ms]
[2026-05-06 11:37:17] MOVE asha (gray0): 63→64 [0.2ms]
[2026-05-06 11:37:17] MOVE chetan (lawn green): 67→57 [0.1ms]
[2026-05-06 11:37:17] MOVE asha (gray0): 54→43 [0.1ms]
[2026-05-06 11:37:17] MOVE chetan (lawn green): 57→56 [0.1ms]
[2026-05-06 11:37:17] MOVE asha (gray0): 64→54 [0.1ms]
[2026-05-06 11:37:17] MOVE chetan (lawn green): 56→66 [0.2ms]
[2026-05-06 11:37:18] MOVE asha (gray0): 43→64 [0.1ms]
[2026-05-06 11:37:18] MOVE chetan (lawn green): 66→77 [0.1ms]
[2026-05-06 11:37:18] MOVE asha (gray0): 54→43 [0.2ms]
[2026-05-06 11:37:18] MOVE chetan (lawn green): 77→89 [0.3ms]
[2026-05-06 11:37:18] MOVE asha (gray0): 64→63 [0.1ms]
[2026-05-06 11:37:18] MOVE chetan (lawn green): 89→102 [0.1ms]
[2026-05-06 11:37:19] MOVE asha (gray0): 43→31 [0.1ms]
[2026-05-06 11:37:19] MOVE chetan (lawn green): 102→90 [0.2ms]
[2026-05-06 11:37:19] MOVE asha (gray0): 63→53 [0.1ms]
[2026-05-06 11:37:19] MOVE chetan (lawn green): 90→78 [0.1ms]
[2026-05-06 11:37:19] MOVE asha (gray0): 31→18 [0.1ms]
[2026-05-06 11:37:19] MOVE chetan (lawn green): 78→67 [0.1ms]
[2026-05-06 11:37:20] MOVE asha (gray0): 53→54 [0.1ms]
[2026-05-06 11:37:20] MOVE chetan (lawn green): 67→57 [0.1ms]
[2026-05-06 11:37:20] MOVE asha (gray0): 18→9 [0.1ms]
[2026-05-06 11:37:20] MOVE chetan (lawn green): 57→56 [0.1ms]
[2026-05-06 11:37:20] MOVE asha (gray0): 54→43 [0.1ms]
[2026-05-06 11:37:20] MOVE chetan (lawn green): 56→66 [0.1ms]
[2026-05-06 11:37:20] MOVE asha (gray0): 9→17 [0.4ms]
[2026-05-06 11:37:21] MOVE chetan (lawn green): 66→77 [0.1ms]
[2026-05-06 11:37:21] MOVE asha (gray0): 43→31 [0.1ms]
[2026-05-06 11:37:21] MOVE chetan (lawn green): 77→89 [0.2ms]
[2026-05-06 11:37:21] MOVE asha (gray0): 17→30 [0.2ms]
[2026-05-06 11:37:21] MOVE chetan (lawn green): 89→102 [0.1ms]
[2026-05-06 11:37:21] MOVE asha (gray0): 31→18 [0.1ms]
[2026-05-06 11:37:22] MOVE chetan (lawn green): 102→90 [0.1ms]
[2026-05-06 11:37:22] MOVE asha (gray0): 30→31 [0.1ms]
[2026-05-06 11:37:22] MOVE chetan (lawn green): 90→78 [0.2ms]
[2026-05-06 11:37:22] MOVE asha (gray0): 18→9 [0.1ms]
[2026-05-06 11:37:22] MOVE chetan (lawn green): 78→67 [0.1ms]
[2026-05-06 11:37:22] MOVE asha (gray0): 31→18 [0.3ms]
[2026-05-06 11:37:23] MOVE chetan (lawn green): 67→57 [0.1ms]
[2026-05-06 11:37:23] MOVE asha (gray0): 9→31 [0.2ms]
[2026-05-06 11:37:23] MOVE chetan (lawn green): 57→56 [0.1ms]
[2026-05-06 11:37:23] MOVE asha (gray0): 18→43 [0.1ms]
[2026-05-06 11:37:23] MOVE chetan (lawn green): 56→66 [0.2ms]
[2026-05-06 11:37:23] MOVE asha (gray0): 31→54 [0.1ms]
[2026-05-06 11:37:23] MOVE chetan (lawn green): 66→77 [0.1ms]
[2026-05-06 11:37:24] MOVE asha (gray0): 43→64 [0.1ms]
[2026-05-06 11:37:24] MOVE chetan (lawn green): 77→89 [0.1ms]
[2026-05-06 11:37:24] MOVE asha (gray0): 54→43 [0.2ms]
[2026-05-06 11:37:24] MOVE chetan (lawn green): 89→102 [0.1ms]
[2026-05-06 11:37:24] MOVE asha (gray0): 64→54 [0.3ms]
[2026-05-06 11:37:24] MOVE chetan (lawn green): 102→90 [0.1ms]
[2026-05-06 11:37:25] MOVE asha (gray0): 43→64 [0.1ms]
[2026-05-06 11:37:25] MOVE chetan (lawn green): 90→78 [0.1ms]
[2026-05-06 11:37:25] MOVE asha (gray0): 54→74 [0.1ms]
[2026-05-06 11:37:25] MOVE chetan (lawn green): 78→67 [0.1ms]
[2026-05-06 11:37:25] MOVE asha (gray0): 64→63 [0.3ms]
[2026-05-06 11:37:25] MOVE chetan (lawn green): 67→57 [0.1ms]
[2026-05-06 11:37:26] MOVE asha (gray0): 74→73 [0.1ms]
[2026-05-06 11:37:26] MOVE chetan (lawn green): 57→56 [0.1ms]
[2026-05-06 11:37:26] MOVE asha (gray0): 63→53 [0.1ms]
[2026-05-06 11:37:26] MOVE chetan (lawn green): 56→66 [0.1ms]
[2026-05-06 11:37:26] MOVE asha (gray0): 73→63 [0.1ms]
[2026-05-06 11:37:26] MOVE chetan (lawn green): 66→77 [0.1ms]
[2026-05-06 11:37:27] MOVE asha (gray0): 53→54 [0.1ms]
[2026-05-06 11:37:27] MOVE chetan (lawn green): 77→89 [0.1ms]
[2026-05-06 11:37:27] MOVE asha (gray0): 63→64 [0.3ms]
[2026-05-06 11:37:27] MOVE chetan (lawn green): 89→102 [0.2ms]
[2026-05-06 11:37:27] MOVE asha (gray0): 54→43 [0.2ms]
[2026-05-06 11:37:27] MOVE chetan (lawn green): 102→90 [0.1ms]
[2026-05-06 11:37:28] MOVE asha (gray0): 64→54 [0.2ms]
[2026-05-06 11:37:28] MOVE chetan (lawn green): 90→78 [0.1ms]
[2026-05-06 11:37:28] MOVE asha (gray0): 43→64 [0.1ms]
[2026-05-06 11:37:28] MOVE chetan (lawn green): 78→67 [0.2ms]
[2026-05-06 11:37:28] MOVE asha (gray0): 54→43 [0.1ms]
[2026-05-06 11:37:28] MOVE chetan (lawn green): 67→57 [0.1ms]
[2026-05-06 11:37:29] MOVE asha (gray0): 64→63 [0.1ms]
[2026-05-06 11:37:29] MOVE chetan (lawn green): 57→56 [0.1ms]
[2026-05-06 11:37:29] MOVE asha (gray0): 43→31 [0.1ms]
[2026-05-06 11:37:29] MOVE chetan (lawn green): 56→66 [0.1ms]
[2026-05-06 11:37:29] MOVE asha (gray0): 63→53 [0.1ms]
[2026-05-06 11:37:29] MOVE chetan (lawn green): 66→77 [0.2ms]
[2026-05-06 11:37:30] MOVE asha (gray0): 31→18 [0.3ms]
[2026-05-06 11:37:30] MOVE chetan (lawn green): 77→89 [0.1ms]
[2026-05-06 11:37:30] MOVE asha (gray0): 53→54 [0.4ms]
[2026-05-06 11:37:30] MOVE chetan (lawn green): 89→102 [0.1ms]
[2026-05-06 11:37:30] MOVE asha (gray0): 18→9 [0.1ms]
[2026-05-06 11:37:31] MOVE chetan (lawn green): 102→90 [0.1ms]
[2026-05-06 11:37:31] MOVE asha (gray0): 54→43 [0.1ms]
[2026-05-06 11:37:31] MOVE chetan (lawn green): 90→78 [0.1ms]
[2026-05-06 11:37:31] MOVE asha (gray0): 9→17 [0.1ms]
[2026-05-06 11:37:31] MOVE chetan (lawn green): 78→67 [0.1ms]
[2026-05-06 11:37:32] MOVE asha (gray0): 43→31 [0.1ms]
[2026-05-06 11:37:32] MOVE chetan (lawn green): 67→57 [0.1ms]
[2026-05-06 11:37:32] MOVE asha (gray0): 17→30 [0.1ms]
[2026-05-06 11:37:32] MOVE chetan (lawn green): 57→56 [0.1ms]
[2026-05-06 11:37:32] MOVE asha (gray0): 31→18 [0.1ms]
[2026-05-06 11:37:32] MOVE chetan (lawn green): 56→66 [0.1ms]
[2026-05-06 11:37:33] MOVE asha (gray0): 30→31 [0.1ms]
[2026-05-06 11:37:33] MOVE chetan (lawn green): 66→77 [0.1ms]
[2026-05-06 11:37:33] MOVE asha (gray0): 18→9 [0.1ms]
[2026-05-06 11:37:33] MOVE chetan (lawn green): 77→89 [0.1ms]
[2026-05-06 11:37:33] MOVE asha (gray0): 31→18 [0.1ms]
[2026-05-06 11:37:33] MOVE chetan (lawn green): 89→102 [0.1ms]
[2026-05-06 11:37:34] MOVE asha (gray0): 9→31 [0.1ms]
[2026-05-06 11:37:34] MOVE chetan (lawn green): 102→90 [0.2ms]
[2026-05-06 11:37:34] MOVE asha (gray0): 18→43 [0.3ms]
[2026-05-06 11:37:34] MOVE chetan (lawn green): 90→78 [0.1ms]
[2026-05-06 11:37:34] MOVE asha (gray0): 31→54 [0.1ms]
[2026-05-06 11:37:34] MOVE chetan (lawn green): 78→67 [0.2ms]
[2026-05-06 11:37:35] MOVE asha (gray0): 43→64 [0.1ms]
[2026-05-06 11:37:35] MOVE chetan (lawn green): 67→57 [0.1ms]
[2026-05-06 11:37:35] MOVE asha (gray0): 54→43 [0.1ms]
[2026-05-06 11:37:35] MOVE chetan (lawn green): 57→56 [0.1ms]
[2026-05-06 11:37:35] MOVE asha (gray0): 64→54 [0.1ms]
[2026-05-06 11:37:35] MOVE chetan (lawn green): 56→66 [0.1ms]
[2026-05-06 11:37:36] MOVE asha (gray0): 43→64 [0.2ms]
[2026-05-06 11:37:36] MOVE chetan (lawn green): 66→77 [0.2ms]
[2026-05-06 11:37:36] MOVE asha (gray0): 54→74 [0.1ms]
[2026-05-06 11:37:36] MOVE chetan (lawn green): 77→89 [0.1ms]
[2026-05-06 11:37:36] MOVE asha (gray0): 64→63 [0.1ms]
[2026-05-06 11:37:36] MOVE chetan (lawn green): 89→102 [0.1ms]
[2026-05-06 11:37:37] MOVE asha (gray0): 74→73 [0.1ms]
[2026-05-06 11:37:37] MOVE chetan (lawn green): 102→90 [0.1ms]
[2026-05-06 11:37:37] MOVE asha (gray0): 63→53 [0.1ms]
[2026-05-06 11:37:37] MOVE chetan (lawn green): 90→78 [0.1ms]
[2026-05-06 11:37:37] MOVE asha (gray0): 73→63 [0.1ms]
[2026-05-06 11:37:37] MOVE chetan (lawn green): 78→67 [0.1ms]
[2026-05-06 11:37:38] MOVE asha (gray0): 53→54 [5.7ms]
[2026-05-06 11:37:38] MOVE chetan (lawn green): 67→57 [0.7ms]
[2026-05-06 11:37:38] MOVE asha (gray0): 63→64 [4.6ms]
[2026-05-06 11:37:38] MOVE chetan (lawn green): 57→56 [0.2ms]
[2026-05-06 11:37:38] MOVE asha (gray0): 54→43 [0.6ms]
[2026-05-06 11:37:39] MOVE chetan (lawn green): 56→66 [2.6ms]
[2026-05-06 11:37:39] MOVE asha (gray0): 64→54 [3.4ms]
[2026-05-06 11:37:39] MOVE chetan (lawn green): 66→77 [1.1ms]
[2026-05-06 11:37:39] MOVE asha (gray0): 43→64 [0.1ms]
[2026-05-06 11:37:39] MOVE chetan (lawn green): 77→89 [0.2ms]
[2026-05-06 11:37:40] MOVE asha (gray0): 54→43 [0.3ms]
[2026-05-06 11:37:40] MOVE chetan (lawn green): 89→102 [0.1ms]
[2026-05-06 11:37:40] MOVE asha (gray0): 64→63 [0.3ms]
[2026-05-06 11:37:40] MOVE chetan (lawn green): 102→90 [0.1ms]
[2026-05-06 11:37:40] MOVE asha (gray0): 43→31 [0.2ms]
[2026-05-06 11:37:40] MOVE chetan (lawn green): 90→78 [0.4ms]
[2026-05-06 11:37:41] MOVE asha (gray0): 63→53 [0.1ms]
[2026-05-06 11:37:41] MOVE chetan (lawn green): 78→67 [0.3ms]
[2026-05-06 11:37:41] MOVE asha (gray0): 31→18 [0.1ms]
[2026-05-06 11:37:41] MOVE chetan (lawn green): 67→57 [0.1ms]
[2026-05-06 11:37:41] MOVE asha (gray0): 53→54 [0.1ms]
[2026-05-06 11:37:41] MOVE chetan (lawn green): 57→56 [0.6ms]
[2026-05-06 11:37:42] MOVE asha (gray0): 18→9 [0.5ms]
[2026-05-06 11:37:42] MOVE chetan (lawn green): 56→66 [0.1ms]
[2026-05-06 11:37:42] MOVE asha (gray0): 54→43 [0.3ms]
[2026-05-06 11:37:42] MOVE chetan (lawn green): 66→77 [0.1ms]
[2026-05-06 11:37:42] MOVE asha (gray0): 9→17 [0.2ms]
[2026-05-06 11:37:42] MOVE chetan (lawn green): 77→89 [0.1ms]
[2026-05-06 11:37:42] MOVE asha (gray0): 43→31 [0.1ms]
[2026-05-06 11:37:43] MOVE chetan (lawn green): 89→102 [0.1ms]
[2026-05-06 11:37:43] MOVE asha (gray0): 17→30 [0.1ms]
[2026-05-06 11:37:43] MOVE chetan (lawn green): 102→90 [0.1ms]
[2026-05-06 11:37:43] MOVE asha (gray0): 31→18 [0.1ms]
[2026-05-06 11:37:43] MOVE chetan (lawn green): 90→78 [0.1ms]
[2026-05-06 11:37:43] MOVE asha (gray0): 30→31 [0.1ms]
[2026-05-06 11:37:44] MOVE chetan (lawn green): 78→67 [0.1ms]
[2026-05-06 11:37:44] MOVE asha (gray0): 18→9 [0.1ms]
[2026-05-06 11:37:44] MOVE chetan (lawn green): 67→57 [0.1ms]
[2026-05-06 11:37:44] MOVE asha (gray0): 31→18 [0.1ms]
[2026-05-06 11:37:44] MOVE chetan (lawn green): 57→56 [0.1ms]
[2026-05-06 11:37:44] MOVE asha (gray0): 9→31 [0.1ms]
[2026-05-06 11:37:44] MOVE chetan (lawn green): 56→66 [0.1ms]
[2026-05-06 11:37:45] MOVE asha (gray0): 18→43 [0.2ms]
[2026-05-06 11:37:45] MOVE chetan (lawn green): 66→77 [0.1ms]
[2026-05-06 11:37:45] MOVE asha (gray0): 31→54 [0.1ms]
[2026-05-06 11:37:45] MOVE chetan (lawn green): 77→89 [0.1ms]
[2026-05-06 11:37:45] MOVE asha (gray0): 43→64 [0.1ms]
[2026-05-06 11:37:45] MOVE chetan (lawn green): 89→102 [0.1ms]
[2026-05-06 11:37:46] MOVE asha (gray0): 54→43 [0.1ms]
[2026-05-06 11:37:46] MOVE chetan (lawn green): 102→90 [0.2ms]
[2026-05-06 11:37:46] MOVE asha (gray0): 64→54 [0.1ms]
[2026-05-06 11:37:46] MOVE chetan (lawn green): 90→78 [0.1ms]
[2026-05-06 11:37:46] MOVE asha (gray0): 43→64 [0.1ms]
[2026-05-06 11:37:46] MOVE chetan (lawn green): 78→67 [0.1ms]
[2026-05-06 11:37:47] MOVE asha (gray0): 54→74 [0.2ms]
[2026-05-06 11:37:47] MOVE chetan (lawn green): 67→57 [0.1ms]
[2026-05-06 11:37:47] MOVE asha (gray0): 64→63 [0.1ms]
[2026-05-06 11:37:47] MOVE chetan (lawn green): 57→56 [0.1ms]
[2026-05-06 11:37:47] MOVE asha (gray0): 74→73 [0.1ms]
[2026-05-06 11:37:48] MOVE chetan (lawn green): 56→66 [0.1ms]
[2026-05-06 11:37:48] MOVE asha (gray0): 63→53 [1.4ms]
[2026-05-06 11:37:48] MOVE chetan (lawn green): 66→77 [0.1ms]
[2026-05-06 11:37:48] MOVE asha (gray0): 73→63 [0.1ms]
[2026-05-06 11:37:48] MOVE chetan (lawn green): 77→89 [0.1ms]
[2026-05-06 11:37:48] MOVE asha (gray0): 53→54 [0.3ms]
[2026-05-06 11:37:48] MOVE chetan (lawn green): 89→102 [0.1ms]
[2026-05-06 11:37:49] MOVE asha (gray0): 63→64 [0.3ms]
[2026-05-06 11:37:49] MOVE chetan (lawn green): 102→90 [0.3ms]
[2026-05-06 11:37:49] MOVE asha (gray0): 54→43 [0.1ms]
[2026-05-06 11:37:49] MOVE chetan (lawn green): 90→78 [0.1ms]
[2026-05-06 11:37:49] MOVE asha (gray0): 64→54 [0.1ms]
[2026-05-06 11:37:49] MOVE chetan (lawn green): 78→67 [0.1ms]
[2026-05-06 11:37:50] MOVE asha (gray0): 43→64 [0.1ms]
[2026-05-06 11:37:50] MOVE chetan (lawn green): 67→57 [0.1ms]
[2026-05-06 11:37:50] MOVE asha (gray0): 54→43 [0.1ms]
[2026-05-06 11:37:50] MOVE chetan (lawn green): 57→56 [0.1ms]
[2026-05-06 11:37:50] MOVE asha (gray0): 64→63 [0.4ms]
[2026-05-06 11:37:50] MOVE chetan (lawn green): 56→66 [0.1ms]
[2026-05-06 11:37:51] MOVE asha (gray0): 43→31 [0.1ms]
[2026-05-06 11:37:51] MOVE chetan (lawn green): 66→77 [0.1ms]
[2026-05-06 11:37:51] MOVE asha (gray0): 63→53 [0.1ms]
[2026-05-06 11:37:51] MOVE chetan (lawn green): 77→89 [0.1ms]
[2026-05-06 11:37:51] MOVE asha (gray0): 31→18 [0.1ms]
[2026-05-06 11:37:51] MOVE chetan (lawn green): 89→102 [0.1ms]
[2026-05-06 11:37:52] MOVE asha (gray0): 53→54 [0.1ms]
[2026-05-06 11:37:52] MOVE chetan (lawn green): 102→90 [0.1ms]
[2026-05-06 11:37:52] MOVE asha (gray0): 18→9 [0.1ms]
[2026-05-06 11:37:52] MOVE chetan (lawn green): 90→78 [0.1ms]
[2026-05-06 11:37:52] MOVE asha (gray0): 54→43 [0.1ms]
[2026-05-06 11:37:52] MOVE chetan (lawn green): 78→67 [0.1ms]
[2026-05-06 11:37:53] MOVE asha (gray0): 9→17 [0.4ms]
[2026-05-06 11:37:53] MOVE chetan (lawn green): 67→57 [0.1ms]
[2026-05-06 11:37:53] MOVE asha (gray0): 43→31 [0.1ms]
[2026-05-06 11:37:53] MOVE chetan (lawn green): 57→56 [0.1ms]
[2026-05-06 11:37:53] MOVE asha (gray0): 17→30 [0.6ms]
[2026-05-06 11:37:53] MOVE chetan (lawn green): 56→66 [0.1ms]
[2026-05-06 11:37:53] MOVE asha (gray0): 31→18 [0.1ms]
[2026-05-06 11:37:53] MOVE chetan (lawn green): 66→77 [0.1ms]
[2026-05-06 11:37:54] MOVE asha (gray0): 30→31 [0.1ms]
[2026-05-06 11:37:54] MOVE chetan (lawn green): 77→89 [0.1ms]
[2026-05-06 11:37:54] MOVE asha (gray0): 18→9 [0.1ms]
[2026-05-06 11:37:54] MOVE chetan (lawn green): 89→102 [0.1ms]
[2026-05-06 11:37:54] MOVE asha (gray0): 31→18 [0.1ms]
[2026-05-06 11:37:54] MOVE chetan (lawn green): 102→90 [0.1ms]
[2026-05-06 11:37:55] MOVE asha (gray0): 9→31 [0.1ms]
[2026-05-06 11:37:55] MOVE chetan (lawn green): 90→78 [0.1ms]
[2026-05-06 11:37:55] MOVE asha (gray0): 18→43 [0.1ms]
[2026-05-06 11:37:55] MOVE chetan (lawn green): 78→67 [0.1ms]
[2026-05-06 11:37:55] MOVE asha (gray0): 31→54 [0.1ms]
[2026-05-06 11:37:55] MOVE chetan (lawn green): 67→57 [0.1ms]
[2026-05-06 11:37:56] MOVE asha (gray0): 43→64 [0.1ms]
[2026-05-06 11:37:56] MOVE chetan (lawn green): 57→56 [0.7ms]
[2026-05-06 11:37:56] MOVE asha (gray0): 54→43 [0.1ms]
[2026-05-06 11:37:56] MOVE chetan (lawn green): 56→66 [0.1ms]
[2026-05-06 11:37:56] MOVE asha (gray0): 64→54 [0.2ms]
[2026-05-06 11:37:56] MOVE chetan (lawn green): 66→77 [0.1ms]
[2026-05-06 11:37:57] MOVE asha (gray0): 43→64 [0.1ms]
[2026-05-06 11:37:57] MOVE chetan (lawn green): 77→89 [0.1ms]
[2026-05-06 11:37:57] MOVE asha (gray0): 54→74 [0.1ms]
[2026-05-06 11:37:57] MOVE chetan (lawn green): 89→102 [0.1ms]
[2026-05-06 11:37:57] MOVE asha (gray0): 64→63 [0.1ms]
[2026-05-06 11:37:57] MOVE chetan (lawn green): 102→90 [0.1ms]
[2026-05-06 11:37:57] MOVE asha (gray0): 74→73 [0.1ms]
[2026-05-06 11:37:58] MOVE chetan (lawn green): 90→78 [0.1ms]
[2026-05-06 11:37:58] MOVE asha (gray0): 63→53 [0.1ms]
[2026-05-06 11:37:58] MOVE chetan (lawn green): 78→67 [0.1ms]
[2026-05-06 11:37:58] MOVE asha (gray0): 73→63 [0.9ms]
[2026-05-06 11:37:58] MOVE chetan (lawn green): 67→57 [0.1ms]
[2026-05-06 11:37:58] MOVE asha (gray0): 53→54 [0.1ms]
[2026-05-06 11:37:59] MOVE chetan (lawn green): 57→56 [0.1ms]
[2026-05-06 11:37:59] MOVE asha (gray0): 63→64 [0.3ms]
[2026-05-06 11:37:59] MOVE chetan (lawn green): 56→66 [0.1ms]
[2026-05-06 11:37:59] MOVE asha (gray0): 54→43 [0.1ms]
[2026-05-06 11:37:59] MOVE chetan (lawn green): 66→77 [0.1ms]
[2026-05-06 11:37:59] MOVE asha (gray0): 64→54 [0.1ms]
[2026-05-06 11:37:59] MOVE chetan (lawn green): 77→89 [0.1ms]
[2026-05-06 11:38:00] MOVE asha (gray0): 43→64 [0.1ms]
[2026-05-06 11:38:00] MOVE chetan (lawn green): 89→102 [0.2ms]
[2026-05-06 11:38:00] MOVE asha (gray0): 54→43 [0.1ms]
[2026-05-06 11:38:00] MOVE chetan (lawn green): 102→90 [0.1ms]
[2026-05-06 11:38:00] MOVE asha (gray0): 64→63 [0.1ms]
[2026-05-06 11:38:00] MOVE chetan (lawn green): 90→78 [0.1ms]
[2026-05-06 11:38:01] MOVE asha (gray0): 43→31 [0.1ms]
[2026-05-06 11:38:01] MOVE chetan (lawn green): 78→67 [0.1ms]
[2026-05-06 11:38:01] MOVE asha (gray0): 63→53 [0.1ms]
[2026-05-06 11:38:01] MOVE chetan (lawn green): 67→57 [0.1ms]
[2026-05-06 11:38:01] MOVE asha (gray0): 31→18 [0.1ms]
[2026-05-06 11:38:01] MOVE chetan (lawn green): 57→56 [0.1ms]
[2026-05-06 11:38:02] MOVE asha (gray0): 53→54 [0.1ms]
[2026-05-06 11:38:02] MOVE chetan (lawn green): 56→66 [0.1ms]
[2026-05-06 11:38:02] MOVE asha (gray0): 18→9 [0.1ms]
[2026-05-06 11:38:02] MOVE chetan (lawn green): 66→77 [0.3ms]
[2026-05-06 11:38:02] MOVE asha (gray0): 54→43 [0.1ms]
[2026-05-06 11:38:02] MOVE chetan (lawn green): 77→89 [0.1ms]
[2026-05-06 11:38:02] MOVE asha (gray0): 9→17 [0.1ms]
[2026-05-06 11:38:03] MOVE chetan (lawn green): 89→102 [0.1ms]
[2026-05-06 11:38:03] MOVE asha (gray0): 43→31 [0.3ms]
[2026-05-06 11:38:03] MOVE chetan (lawn green): 102→90 [0.1ms]
[2026-05-06 11:38:03] MOVE asha (gray0): 17→30 [0.1ms]
[2026-05-06 11:38:03] MOVE chetan (lawn green): 90→78 [0.1ms]
[2026-05-06 11:38:03] MOVE asha (gray0): 31→18 [0.1ms]
[2026-05-06 11:38:04] MOVE chetan (lawn green): 78→67 [0.1ms]
[2026-05-06 11:38:04] MOVE asha (gray0): 30→31 [0.1ms]
[2026-05-06 11:38:04] MOVE chetan (lawn green): 67→57 [0.2ms]
[2026-05-06 11:38:04] MOVE asha (gray0): 18→9 [0.1ms]
[2026-05-06 11:38:04] MOVE chetan (lawn green): 57→56 [0.1ms]
[2026-05-06 11:38:04] MOVE asha (gray0): 31→18 [0.1ms]
[2026-05-06 11:38:05] MOVE chetan (lawn green): 56→66 [0.6ms]
[2026-05-06 11:38:05] MOVE asha (gray0): 9→31 [0.2ms]
[2026-05-06 11:38:05] MOVE chetan (lawn green): 66→77 [0.1ms]
[2026-05-06 11:38:05] MOVE asha (gray0): 18→43 [0.1ms]
[2026-05-06 11:38:05] MOVE chetan (lawn green): 77→89 [0.1ms]
[2026-05-06 11:38:05] MOVE asha (gray0): 31→54 [0.1ms]
[2026-05-06 11:38:05] MOVE chetan (lawn green): 89→102 [0.1ms]
[2026-05-06 11:38:06] MOVE asha (gray0): 43→64 [0.1ms]
[2026-05-06 11:38:06] MOVE chetan (lawn green): 102→90 [0.1ms]
[2026-05-06 11:38:06] MOVE asha (gray0): 54→43 [0.1ms]
[2026-05-06 11:38:06] MOVE chetan (lawn green): 90→78 [0.1ms]
[2026-05-06 11:38:06] MOVE asha (gray0): 64→54 [0.1ms]
[2026-05-06 11:38:06] MOVE chetan (lawn green): 78→67 [0.1ms]
[2026-05-06 11:38:07] MOVE asha (gray0): 43→64 [0.1ms]
[2026-05-06 11:38:07] MOVE chetan (lawn green): 67→57 [0.1ms]
[2026-05-06 11:38:07] MOVE asha (gray0): 54→74 [0.1ms]
[2026-05-06 11:38:07] MOVE chetan (lawn green): 57→56 [0.1ms]
[2026-05-06 11:38:07] MOVE asha (gray0): 64→63 [0.7ms]
[2026-05-06 11:38:07] MOVE chetan (lawn green): 56→66 [0.2ms]
[2026-05-06 11:38:08] MOVE asha (gray0): 74→73 [0.1ms]
[2026-05-06 11:38:08] MOVE chetan (lawn green): 66→77 [0.1ms]
[2026-05-06 11:38:08] MOVE asha (gray0): 63→53 [0.1ms]
[2026-05-06 11:38:08] MOVE chetan (lawn green): 77→89 [0.1ms]
[2026-05-06 11:38:08] MOVE asha (gray0): 73→63 [0.1ms]
[2026-05-06 11:38:08] MOVE chetan (lawn green): 89→102 [0.3ms]
[2026-05-06 11:38:08] MOVE asha (gray0): 53→54 [0.1ms]
[2026-05-06 11:38:09] MOVE chetan (lawn green): 102→90 [0.2ms]
[2026-05-06 11:38:09] MOVE asha (gray0): 63→64 [0.1ms]
[2026-05-06 11:38:09] MOVE chetan (lawn green): 90→78 [0.1ms]
[2026-05-06 11:38:09] MOVE asha (gray0): 54→43 [0.1ms]
[2026-05-06 11:38:09] MOVE chetan (lawn green): 78→67 [0.1ms]
[2026-05-06 11:38:09] MOVE asha (gray0): 64→54 [0.1ms]
[2026-05-06 11:38:10] MOVE chetan (lawn green): 67→57 [0.5ms]
[2026-05-06 11:38:10] MOVE asha (gray0): 43→64 [0.1ms]
[2026-05-06 11:38:10] MOVE chetan (lawn green): 57→56 [0.4ms]
[2026-05-06 11:38:10] MOVE asha (gray0): 54→43 [0.1ms]
[2026-05-06 11:38:10] MOVE chetan (lawn green): 56→66 [0.1ms]
[2026-05-06 11:38:10] MOVE asha (gray0): 64→63 [0.1ms]
[2026-05-06 11:38:10] MOVE chetan (lawn green): 66→77 [0.1ms]
[2026-05-06 11:38:11] MOVE asha (gray0): 43→31 [0.1ms]
[2026-05-06 11:38:11] MOVE chetan (lawn green): 77→89 [0.1ms]
[2026-05-06 11:38:11] MOVE asha (gray0): 63→53 [0.1ms]
[2026-05-06 11:38:11] MOVE chetan (lawn green): 89→102 [0.2ms]
[2026-05-06 11:38:11] MOVE asha (gray0): 31→18 [0.1ms]
[2026-05-06 11:38:11] MOVE chetan (lawn green): 102→90 [0.1ms]
[2026-05-06 11:38:12] MOVE asha (gray0): 53→54 [0.1ms]
[2026-05-06 11:38:12] MOVE chetan (lawn green): 90→78 [0.1ms]
[2026-05-06 11:38:12] MOVE asha (gray0): 18→9 [0.1ms]
[2026-05-06 11:38:12] MOVE chetan (lawn green): 78→67 [0.1ms]
[2026-05-06 11:38:12] MOVE asha (gray0): 54→43 [0.1ms]
[2026-05-06 11:38:12] MOVE chetan (lawn green): 67→57 [0.1ms]
[2026-05-06 11:38:12] MOVE asha (gray0): 9→17 [0.1ms]
[2026-05-06 11:38:13] MOVE chetan (lawn green): 57→56 [0.1ms]
[2026-05-06 11:38:13] MOVE asha (gray0): 43→31 [0.1ms]
[2026-05-06 11:38:13] MOVE chetan (lawn green): 56→66 [0.1ms]
[2026-05-06 11:38:13] MOVE asha (gray0): 17→30 [0.1ms]
[2026-05-06 11:38:13] MOVE chetan (lawn green): 66→77 [0.4ms]
[2026-05-06 11:38:13] MOVE asha (gray0): 31→18 [0.1ms]
[2026-05-06 11:38:14] MOVE chetan (lawn green): 77→89 [0.1ms]
[2026-05-06 11:38:14] MOVE asha (gray0): 30→31 [0.3ms]
[2026-05-06 11:38:14] MOVE chetan (lawn green): 89→102 [0.3ms]
[2026-05-06 11:38:14] MOVE asha (gray0): 18→9 [0.1ms]
[2026-05-06 11:38:14] MOVE chetan (lawn green): 102→90 [0.1ms]
[2026-05-06 11:38:14] MOVE asha (gray0): 31→18 [0.1ms]
[2026-05-06 11:38:15] MOVE chetan (lawn green): 90→78 [0.1ms]
[2026-05-06 11:38:15] MOVE asha (gray0): 9→31 [0.1ms]
[2026-05-06 11:38:15] MOVE chetan (lawn green): 78→67 [0.1ms]
[2026-05-06 11:38:15] MOVE asha (gray0): 18→43 [2.6ms]
[2026-05-06 11:38:15] MOVE chetan (lawn green): 67→57 [0.1ms]
[2026-05-06 11:38:15] MOVE asha (gray0): 31→54 [0.1ms]
[2026-05-06 11:38:15] MOVE chetan (lawn green): 57→56 [0.1ms]
[2026-05-06 11:38:16] MOVE asha (gray0): 43→64 [0.1ms]
[2026-05-06 11:38:16] MOVE chetan (lawn green): 56→66 [0.0ms]
[2026-05-06 11:38:16] MOVE asha (gray0): 54→43 [0.1ms]
[2026-05-06 11:38:16] MOVE chetan (lawn green): 66→77 [0.1ms]
[2026-05-06 11:38:16] MOVE asha (gray0): 64→54 [0.1ms]
[2026-05-06 11:38:16] MOVE chetan (lawn green): 77→89 [0.1ms]
[2026-05-06 11:38:17] MOVE asha (gray0): 43→64 [0.3ms]
[2026-05-06 11:38:17] MOVE chetan (lawn green): 89→102 [0.1ms]
[2026-05-06 11:38:17] MOVE asha (gray0): 54→74 [0.1ms]
[2026-05-06 11:38:17] MOVE chetan (lawn green): 102→90 [0.1ms]
[2026-05-06 11:38:17] MOVE asha (gray0): 64→63 [0.1ms]
[2026-05-06 11:38:17] MOVE chetan (lawn green): 90→78 [0.1ms]
[2026-05-06 11:38:18] MOVE asha (gray0): 74→73 [0.1ms]
[2026-05-06 11:38:18] MOVE chetan (lawn green): 78→67 [0.1ms]
[2026-05-06 11:38:18] MOVE asha (gray0): 63→53 [0.1ms]
[2026-05-06 11:38:18] MOVE chetan (lawn green): 67→57 [0.1ms]
[2026-05-06 11:38:18] MOVE asha (gray0): 73→63 [0.1ms]
[2026-05-06 11:38:18] MOVE chetan (lawn green): 57→56 [0.5ms]
[2026-05-06 11:38:18] MOVE asha (gray0): 53→54 [0.1ms]
[2026-05-06 11:38:19] MOVE chetan (lawn green): 56→66 [0.1ms]
[2026-05-06 11:38:19] MOVE asha (gray0): 63→64 [0.3ms]
[2026-05-06 11:38:19] MOVE chetan (lawn green): 66→77 [0.1ms]
[2026-05-06 11:38:19] MOVE asha (gray0): 54→43 [0.1ms]
[2026-05-06 11:38:19] MOVE chetan (lawn green): 77→89 [0.1ms]
[2026-05-06 11:38:19] MOVE asha (gray0): 64→54 [0.1ms]
[2026-05-06 11:38:20] MOVE chetan (lawn green): 89→102 [0.1ms]
[2026-05-06 11:38:20] MOVE asha (gray0): 43→64 [0.1ms]
[2026-05-06 11:38:20] MOVE chetan (lawn green): 102→90 [0.1ms]
[2026-05-06 11:38:20] MOVE asha (gray0): 54→43 [0.1ms]
[2026-05-06 11:38:20] MOVE chetan (lawn green): 90→78 [0.1ms]
[2026-05-06 11:38:20] MOVE asha (gray0): 64→63 [0.1ms]
[2026-05-06 11:38:20] MOVE chetan (lawn green): 78→67 [0.1ms]
[2026-05-06 11:38:21] MOVE asha (gray0): 43→31 [0.1ms]
[2026-05-06 11:38:21] MOVE chetan (lawn green): 67→57 [0.1ms]
[2026-05-06 11:38:21] MOVE asha (gray0): 63→53 [0.1ms]
[2026-05-06 11:38:21] MOVE chetan (lawn green): 57→56 [0.1ms]
[2026-05-06 11:38:21] MOVE asha (gray0): 31→18 [0.1ms]
[2026-05-06 11:38:21] MOVE chetan (lawn green): 56→66 [0.1ms]
[2026-05-06 11:38:22] MOVE asha (gray0): 53→54 [0.1ms]
[2026-05-06 11:38:22] MOVE chetan (lawn green): 66→77 [0.2ms]
[2026-05-06 11:38:22] MOVE asha (gray0): 18→9 [0.1ms]
[2026-05-06 11:38:22] MOVE chetan (lawn green): 77→89 [0.1ms]
[2026-05-06 11:38:22] MOVE asha (gray0): 54→43 [0.1ms]
[2026-05-06 11:38:22] MOVE chetan (lawn green): 89→102 [0.6ms]
[2026-05-06 11:38:23] MOVE asha (gray0): 9→17 [0.1ms]
[2026-05-06 11:38:23] MOVE chetan (lawn green): 102→90 [0.1ms]
[2026-05-06 11:38:23] MOVE asha (gray0): 43→31 [0.5ms]
[2026-05-06 11:38:23] MOVE chetan (lawn green): 90→78 [0.3ms]
[2026-05-06 11:38:23] MOVE asha (gray0): 17→30 [0.2ms]
[2026-05-06 11:38:23] MOVE chetan (lawn green): 78→67 [0.1ms]
[2026-05-06 11:38:23] MOVE asha (gray0): 31→18 [0.1ms]
[2026-05-06 11:38:24] MOVE chetan (lawn green): 67→57 [0.1ms]
[2026-05-06 11:38:24] MOVE asha (gray0): 30→31 [0.1ms]
[2026-05-06 11:38:24] MOVE chetan (lawn green): 57→56 [0.1ms]
[2026-05-06 11:38:24] MOVE asha (gray0): 18→9 [0.1ms]
[2026-05-06 11:38:24] MOVE chetan (lawn green): 56→66 [0.1ms]
[2026-05-06 11:38:24] MOVE asha (gray0): 31→18 [0.1ms]
[2026-05-06 11:38:24] MOVE chetan (lawn green): 66→77 [0.1ms]
[2026-05-06 11:38:25] MOVE asha (gray0): 9→31 [0.1ms]
[2026-05-06 11:38:25] MOVE chetan (lawn green): 77→89 [0.1ms]
[2026-05-06 11:38:25] MOVE asha (gray0): 18→43 [0.2ms]
[2026-05-06 11:38:25] MOVE chetan (lawn green): 89→102 [0.1ms]
[2026-05-06 11:38:25] MOVE asha (gray0): 31→54 [0.1ms]
[2026-05-06 11:38:25] MOVE chetan (lawn green): 102→90 [0.1ms]
[2026-05-06 11:38:26] MOVE asha (gray0): 43→64 [0.1ms]
[2026-05-06 11:38:26] MOVE chetan (lawn green): 90→78 [0.1ms]
[2026-05-06 11:38:26] MOVE asha (gray0): 54→43 [0.2ms]
[2026-05-06 11:38:26] MOVE chetan (lawn green): 78→67 [0.1ms]
[2026-05-06 11:38:26] MOVE asha (gray0): 64→54 [0.1ms]
[2026-05-06 11:38:26] MOVE chetan (lawn green): 67→57 [0.1ms]
[2026-05-06 11:38:27] MOVE asha (gray0): 43→64 [0.1ms]
[2026-05-06 11:38:27] MOVE chetan (lawn green): 57→56 [0.1ms]
[2026-05-06 11:38:27] MOVE asha (gray0): 54→74 [0.1ms]
[2026-05-06 11:38:27] MOVE chetan (lawn green): 56→66 [0.1ms]
[2026-05-06 11:38:27] MOVE asha (gray0): 64→63 [0.1ms]
[2026-05-06 11:38:27] MOVE chetan (lawn green): 66→77 [0.1ms]
[2026-05-06 11:38:28] MOVE asha (gray0): 74→73 [0.2ms]
[2026-05-06 11:38:28] MOVE chetan (lawn green): 77→89 [0.1ms]
[2026-05-06 11:38:28] MOVE asha (gray0): 63→53 [0.1ms]
[2026-05-06 11:38:28] MOVE chetan (lawn green): 89→102 [0.1ms]
[2026-05-06 11:38:28] MOVE asha (gray0): 73→63 [0.1ms]
[2026-05-06 11:38:28] MOVE chetan (lawn green): 102→90 [0.1ms]
[2026-05-06 11:38:28] MOVE asha (gray0): 53→54 [0.1ms]
[2026-05-06 11:38:29] MOVE chetan (lawn green): 90→78 [0.1ms]
[2026-05-06 11:38:29] MOVE asha (gray0): 63→64 [0.1ms]
[2026-05-06 11:38:29] MOVE chetan (lawn green): 78→67 [0.1ms]
[2026-05-06 11:38:29] MOVE asha (gray0): 54→43 [0.1ms]
[2026-05-06 11:38:29] MOVE chetan (lawn green): 67→57 [0.2ms]
[2026-05-06 11:38:29] MOVE asha (gray0): 64→54 [0.1ms]
[2026-05-06 11:38:29] MOVE chetan (lawn green): 57→56 [0.1ms]
[2026-05-06 11:38:30] MOVE asha (gray0): 43→64 [2.3ms]
[2026-05-06 11:38:30] MOVE chetan (lawn green): 56→66 [0.1ms]
[2026-05-06 11:38:30] MOVE asha (gray0): 54→43 [0.1ms]
[2026-05-06 11:38:30] MOVE chetan (lawn green): 66→77 [0.1ms]
[2026-05-06 11:38:30] MOVE asha (gray0): 64→63 [0.1ms]
[2026-05-06 11:38:30] MOVE chetan (lawn green): 77→89 [0.1ms]
[2026-05-06 11:38:31] MOVE asha (gray0): 43→31 [0.8ms]
[2026-05-06 11:38:31] MOVE chetan (lawn green): 89→102 [0.1ms]
[2026-05-06 11:38:31] MOVE asha (gray0): 63→53 [0.1ms]
[2026-05-06 11:38:31] MOVE chetan (lawn green): 102→90 [0.1ms]
[2026-05-06 11:38:31] MOVE asha (gray0): 31→18 [0.2ms]
[2026-05-06 11:38:31] MOVE chetan (lawn green): 90→78 [0.1ms]
[2026-05-06 11:38:32] MOVE asha (gray0): 53→54 [0.1ms]
[2026-05-06 11:38:32] MOVE chetan (lawn green): 78→67 [0.1ms]
[2026-05-06 11:38:32] MOVE asha (gray0): 18→9 [0.1ms]
[2026-05-06 11:38:32] MOVE chetan (lawn green): 67→57 [0.1ms]
[2026-05-06 11:38:32] MOVE asha (gray0): 54→43 [0.1ms]
[2026-05-06 11:38:32] MOVE chetan (lawn green): 57→56 [0.1ms]
[2026-05-06 11:38:33] MOVE asha (gray0): 9→17 [0.2ms]
[2026-05-06 11:38:33] MOVE chetan (lawn green): 56→66 [0.1ms]
[2026-05-06 11:38:33] MOVE asha (gray0): 43→31 [0.1ms]
[2026-05-06 11:38:33] MOVE chetan (lawn green): 66→77 [0.2ms]
[2026-05-06 11:38:33] MOVE asha (gray0): 17→30 [0.1ms]
[2026-05-06 11:38:33] MOVE chetan (lawn green): 77→89 [0.1ms]
[2026-05-06 11:38:34] MOVE asha (gray0): 31→18 [0.1ms]
[2026-05-06 11:38:34] MOVE chetan (lawn green): 89→102 [0.1ms]
[2026-05-06 11:38:34] MOVE asha (gray0): 30→31 [0.1ms]
[2026-05-06 11:38:34] MOVE chetan (lawn green): 102→90 [0.1ms]
[2026-05-06 11:38:34] MOVE asha (gray0): 18→9 [0.1ms]
[2026-05-06 11:38:34] MOVE chetan (lawn green): 90→78 [0.1ms]
[2026-05-06 11:38:34] MOVE asha (gray0): 31→18 [0.2ms]
[2026-05-06 11:38:35] MOVE chetan (lawn green): 78→67 [0.1ms]
[2026-05-06 11:38:35] MOVE asha (gray0): 9→31 [0.1ms]
[2026-05-06 11:38:35] MOVE chetan (lawn green): 67→57 [0.1ms]
[2026-05-06 11:38:35] MOVE asha (gray0): 18→43 [0.1ms]
[2026-05-06 11:38:35] MOVE chetan (lawn green): 57→56 [0.4ms]
[2026-05-06 11:38:35] MOVE asha (gray0): 31→54 [0.1ms]
[2026-05-06 11:38:36] MOVE chetan (lawn green): 56→66 [0.1ms]
[2026-05-06 11:38:36] MOVE asha (gray0): 43→64 [0.1ms]
[2026-05-06 11:38:36] MOVE chetan (lawn green): 66→77 [0.1ms]
[2026-05-06 11:38:36] MOVE asha (gray0): 54→43 [0.1ms]
[2026-05-06 11:38:36] MOVE chetan (lawn green): 77→89 [0.1ms]
[2026-05-06 11:38:37] MOVE asha (gray0): 64→54 [0.1ms]
[2026-05-06 11:38:37] MOVE chetan (lawn green): 89→102 [0.2ms]
[2026-05-06 11:38:37] MOVE asha (gray0): 43→64 [0.1ms]
[2026-05-06 11:38:37] MOVE chetan (lawn green): 102→90 [0.2ms]
[2026-05-06 11:38:37] MOVE asha (gray0): 54→74 [0.1ms]
[2026-05-06 11:38:37] MOVE chetan (lawn green): 90→78 [0.1ms]
[2026-05-06 11:38:38] MOVE asha (gray0): 64→63 [0.1ms]
[2026-05-06 11:38:38] MOVE chetan (lawn green): 78→67 [0.1ms]
[2026-05-06 11:38:38] MOVE asha (gray0): 74→73 [0.1ms]
[2026-05-06 11:38:38] MOVE chetan (lawn green): 67→57 [0.1ms]
[2026-05-06 11:38:38] MOVE asha (gray0): 63→53 [0.1ms]
[2026-05-06 11:38:38] MOVE chetan (lawn green): 57→56 [0.1ms]
[2026-05-06 11:38:39] MOVE asha (gray0): 73→63 [0.1ms]
[2026-05-06 11:38:39] MOVE chetan (lawn green): 56→66 [0.1ms]
[2026-05-06 11:38:39] MOVE asha (gray0): 53→54 [0.1ms]
[2026-05-06 11:38:39] MOVE chetan (lawn green): 66→77 [0.1ms]
[2026-05-06 11:38:39] MOVE asha (gray0): 63→64 [0.1ms]
[2026-05-06 11:38:39] MOVE chetan (lawn green): 77→89 [0.1ms]
[2026-05-06 11:38:40] MOVE asha (gray0): 54→43 [0.1ms]
[2026-05-06 11:38:40] MOVE chetan (lawn green): 89→102 [0.1ms]
[2026-05-06 11:38:40] MOVE asha (gray0): 64→54 [0.1ms]
[2026-05-06 11:38:40] MOVE chetan (lawn green): 102→90 [0.1ms]
[2026-05-06 11:38:40] MOVE asha (gray0): 43→64 [0.1ms]
[2026-05-06 11:38:40] MOVE chetan (lawn green): 90→78 [0.1ms]
[2026-05-06 11:38:40] MOVE asha (gray0): 54→43 [0.1ms]
[2026-05-06 11:38:41] MOVE chetan (lawn green): 78→67 [0.1ms]
[2026-05-06 11:38:41] MOVE asha (gray0): 64→63 [0.1ms]
[2026-05-06 11:38:41] MOVE chetan (lawn green): 67→57 [0.1ms]
[2026-05-06 11:38:41] MOVE asha (gray0): 43→31 [0.1ms]
[2026-05-06 11:38:41] MOVE chetan (lawn green): 57→56 [0.4ms]
[2026-05-06 11:38:41] MOVE asha (gray0): 63→53 [0.1ms]
[2026-05-06 11:38:42] MOVE chetan (lawn green): 56→66 [0.1ms]
[2026-05-06 11:38:42] MOVE asha (gray0): 31→18 [0.1ms]
[2026-05-06 11:38:42] MOVE chetan (lawn green): 66→77 [0.1ms]
[2026-05-06 11:38:42] MOVE asha (gray0): 53→54 [0.1ms]
[2026-05-06 11:38:42] MOVE chetan (lawn green): 77→89 [0.1ms]
[2026-05-06 11:38:42] MOVE asha (gray0): 18→9 [0.1ms]
[2026-05-06 11:38:42] MOVE chetan (lawn green): 89→102 [0.1ms]
[2026-05-06 11:38:43] MOVE asha (gray0): 54→43 [0.6ms]
[2026-05-06 11:38:43] MOVE chetan (lawn green): 102→90 [0.1ms]
[2026-05-06 11:38:43] MOVE asha (gray0): 9→17 [0.1ms]
[2026-05-06 11:38:43] MOVE chetan (lawn green): 90→78 [0.1ms]
[2026-05-06 11:38:43] MOVE asha (gray0): 43→31 [0.2ms]
[2026-05-06 11:38:43] MOVE chetan (lawn green): 78→67 [0.3ms]
[2026-05-06 11:38:44] MOVE asha (gray0): 17→30 [0.1ms]
[2026-05-06 11:38:44] MOVE chetan (lawn green): 67→57 [0.1ms]
[2026-05-06 11:38:44] MOVE asha (gray0): 31→18 [0.1ms]
[2026-05-06 11:38:44] MOVE chetan (lawn green): 57→56 [0.1ms]
[2026-05-06 11:38:44] MOVE asha (gray0): 30→31 [0.2ms]
[2026-05-06 11:38:44] MOVE chetan (lawn green): 56→66 [0.1ms]
[2026-05-06 11:38:45] MOVE asha (gray0): 18→9 [0.1ms]
[2026-05-06 11:38:45] MOVE chetan (lawn green): 66→77 [0.1ms]
[2026-05-06 11:38:45] MOVE asha (gray0): 31→18 [0.1ms]
[2026-05-06 11:38:45] MOVE chetan (lawn green): 77→89 [0.1ms]
[2026-05-06 11:38:45] MOVE asha (gray0): 9→31 [0.1ms]
[2026-05-06 11:38:45] MOVE chetan (lawn green): 89→102 [0.1ms]
[2026-05-06 11:38:45] MOVE asha (gray0): 18→43 [0.1ms]
[2026-05-06 11:38:46] MOVE chetan (lawn green): 102→90 [0.1ms]
[2026-05-06 11:38:46] MOVE asha (gray0): 31→54 [0.4ms]
[2026-05-06 11:38:46] MOVE chetan (lawn green): 90→78 [0.1ms]
[2026-05-06 11:38:46] MOVE asha (gray0): 43→64 [0.1ms]
[2026-05-06 11:38:46] MOVE chetan (lawn green): 78→67 [0.1ms]
[2026-05-06 11:38:46] MOVE asha (gray0): 54→43 [0.1ms]
[2026-05-06 11:38:46] MOVE chetan (lawn green): 67→57 [0.1ms]
[2026-05-06 11:38:47] MOVE asha (gray0): 64→54 [0.1ms]
[2026-05-06 11:38:47] MOVE chetan (lawn green): 57→56 [0.1ms]
[2026-05-06 11:38:47] MOVE asha (gray0): 43→64 [0.1ms]
[2026-05-06 11:38:47] MOVE chetan (lawn green): 56→66 [0.1ms]
[2026-05-06 11:38:47] MOVE asha (gray0): 54→74 [0.1ms]
[2026-05-06 11:38:47] MOVE chetan (lawn green): 66→77 [0.1ms]
[2026-05-06 11:38:48] MOVE asha (gray0): 64→63 [0.1ms]
[2026-05-06 11:38:48] MOVE chetan (lawn green): 77→89 [0.1ms]
[2026-05-06 11:38:48] MOVE asha (gray0): 74→73 [0.3ms]
[2026-05-06 11:38:48] MOVE chetan (lawn green): 89→102 [0.1ms]
[2026-05-06 11:38:48] MOVE asha (gray0): 63→53 [0.1ms]
[2026-05-06 11:38:48] MOVE chetan (lawn green): 102→90 [0.2ms]
[2026-05-06 11:38:49] MOVE asha (gray0): 73→63 [0.1ms]
[2026-05-06 11:38:49] MOVE chetan (lawn green): 90→78 [0.1ms]
[2026-05-06 11:38:49] MOVE asha (gray0): 53→54 [0.1ms]
[2026-05-06 11:38:49] MOVE chetan (lawn green): 78→67 [0.1ms]
[2026-05-06 11:38:49] MOVE asha (gray0): 63→64 [0.2ms]
[2026-05-06 11:38:49] MOVE chetan (lawn green): 67→57 [0.1ms]
[2026-05-06 11:38:50] MOVE asha (gray0): 54→43 [0.1ms]
[2026-05-06 11:38:50] MOVE chetan (lawn green): 57→56 [0.1ms]
[2026-05-06 11:38:50] MOVE asha (gray0): 64→54 [0.1ms]
[2026-05-06 11:38:50] MOVE chetan (lawn green): 56→66 [0.1ms]
[2026-05-06 11:38:50] MOVE asha (gray0): 43→64 [0.1ms]
[2026-05-06 11:38:50] MOVE chetan (lawn green): 66→77 [0.1ms]
[2026-05-06 11:38:51] MOVE asha (gray0): 54→43 [0.2ms]
[2026-05-06 11:38:51] MOVE chetan (lawn green): 77→89 [0.1ms]
[2026-05-06 11:38:51] MOVE asha (gray0): 64→63 [0.1ms]
[2026-05-06 11:38:51] MOVE chetan (lawn green): 89→102 [0.1ms]
[2026-05-06 11:38:51] MOVE asha (gray0): 43→31 [0.1ms]
[2026-05-06 11:38:51] MOVE chetan (lawn green): 102→90 [0.1ms]
[2026-05-06 11:38:51] MOVE asha (gray0): 63→53 [0.1ms]
[2026-05-06 11:38:51] MOVE chetan (lawn green): 90→78 [0.1ms]
[2026-05-06 11:38:52] MOVE asha (gray0): 31→18 [0.1ms]
[2026-05-06 11:38:52] MOVE chetan (lawn green): 78→67 [0.1ms]
[2026-05-06 11:38:52] MOVE asha (gray0): 53→54 [0.1ms]
[2026-05-06 11:38:52] MOVE chetan (lawn green): 67→57 [0.2ms]
[2026-05-06 11:38:52] MOVE asha (gray0): 18→9 [0.1ms]
[2026-05-06 11:38:52] MOVE chetan (lawn green): 57→56 [0.1ms]
[2026-05-06 11:38:53] MOVE asha (gray0): 54→43 [0.1ms]
[2026-05-06 11:38:53] MOVE chetan (lawn green): 56→66 [0.1ms]
[2026-05-06 11:38:53] MOVE asha (gray0): 9→17 [0.1ms]
[2026-05-06 11:38:53] MOVE chetan (lawn green): 66→77 [0.1ms]
[2026-05-06 11:38:53] MOVE asha (gray0): 43→31 [0.1ms]
[2026-05-06 11:38:53] MOVE chetan (lawn green): 77→89 [0.1ms]
[2026-05-06 11:38:54] MOVE asha (gray0): 17→30 [0.1ms]
[2026-05-06 11:38:54] MOVE chetan (lawn green): 89→102 [0.1ms]
[2026-05-06 11:38:54] MOVE asha (gray0): 31→18 [0.1ms]
[2026-05-06 11:38:54] MOVE chetan (lawn green): 102→90 [0.1ms]
[2026-05-06 11:38:54] MOVE asha (gray0): 30→31 [0.1ms]
[2026-05-06 11:38:54] MOVE chetan (lawn green): 90→78 [0.9ms]
[2026-05-06 11:38:55] MOVE asha (gray0): 18→9 [0.1ms]
[2026-05-06 11:38:55] MOVE chetan (lawn green): 78→67 [0.1ms]
[2026-05-06 11:38:55] MOVE asha (gray0): 31→18 [0.1ms]
[2026-05-06 11:38:55] MOVE chetan (lawn green): 67→57 [0.1ms]
[2026-05-06 11:38:55] MOVE asha (gray0): 9→31 [0.1ms]
[2026-05-06 11:38:55] MOVE chetan (lawn green): 57→56 [0.1ms]
[2026-05-06 11:38:56] MOVE asha (gray0): 18→43 [0.1ms]
[2026-05-06 11:38:56] MOVE chetan (lawn green): 56→66 [0.1ms]
[2026-05-06 11:38:56] MOVE asha (gray0): 31→54 [0.1ms]
[2026-05-06 11:38:56] MOVE chetan (lawn green): 66→77 [0.1ms]
[2026-05-06 11:38:56] MOVE asha (gray0): 43→64 [0.1ms]
[2026-05-06 11:38:56] MOVE chetan (lawn green): 77→89 [0.1ms]
[2026-05-06 11:38:56] MOVE asha (gray0): 54→43 [0.1ms]
[2026-05-06 11:38:57] MOVE chetan (lawn green): 89→102 [0.2ms]
[2026-05-06 11:38:57] MOVE asha (gray0): 64→54 [0.1ms]
[2026-05-06 11:38:57] MOVE chetan (lawn green): 102→90 [0.1ms]
[2026-05-06 11:38:57] MOVE asha (gray0): 43→64 [0.1ms]
[2026-05-06 11:38:57] MOVE chetan (lawn green): 90→78 [0.1ms]
[2026-05-06 11:38:57] MOVE asha (gray0): 54→74 [0.1ms]
[2026-05-06 11:38:57] MOVE chetan (lawn green): 78→67 [0.1ms]
[2026-05-06 11:38:58] MOVE asha (gray0): 64→63 [0.1ms]
[2026-05-06 11:38:58] MOVE chetan (lawn green): 67→57 [0.1ms]
[2026-05-06 11:38:58] MOVE asha (gray0): 74→73 [0.1ms]
[2026-05-06 11:38:58] MOVE chetan (lawn green): 57→56 [0.1ms]
[2026-05-06 11:38:58] MOVE asha (gray0): 63→53 [0.1ms]
[2026-05-06 11:38:58] MOVE chetan (lawn green): 56→66 [0.1ms]
[2026-05-06 11:38:59] MOVE asha (gray0): 73→63 [0.1ms]
[2026-05-06 11:38:59] MOVE chetan (lawn green): 66→77 [0.1ms]
[2026-05-06 11:38:59] MOVE asha (gray0): 53→54 [0.1ms]
[2026-05-06 11:38:59] MOVE chetan (lawn green): 77→89 [0.1ms]
[2026-05-06 11:38:59] MOVE asha (gray0): 63→64 [0.1ms]
[2026-05-06 11:38:59] MOVE chetan (lawn green): 89→102 [0.1ms]
[2026-05-06 11:39:00] MOVE asha (gray0): 54→43 [0.1ms]
[2026-05-06 11:39:00] MOVE chetan (lawn green): 102→90 [0.1ms]
[2026-05-06 11:39:00] MOVE asha (gray0): 64→54 [0.1ms]
[2026-05-06 11:39:00] MOVE chetan (lawn green): 90→78 [0.1ms]
[2026-05-06 11:39:00] MOVE asha (gray0): 43→64 [0.1ms]
[2026-05-06 11:39:00] MOVE chetan (lawn green): 78→67 [0.1ms]
[2026-05-06 11:39:01] MOVE asha (gray0): 54→43 [0.1ms]
[2026-05-06 11:39:01] MOVE chetan (lawn green): 67→57 [0.1ms]
[2026-05-06 11:39:01] MOVE asha (gray0): 64→63 [0.1ms]
[2026-05-06 11:39:01] MOVE chetan (lawn green): 57→56 [0.1ms]
[2026-05-06 11:39:01] MOVE asha (gray0): 43→31 [0.8ms]
[2026-05-06 11:39:01] MOVE chetan (lawn green): 56→66 [0.2ms]
[2026-05-06 11:39:01] MOVE asha (gray0): 63→53 [0.1ms]
[2026-05-06 11:39:01] MOVE chetan (lawn green): 66→77 [0.1ms]
[2026-05-06 11:39:02] MOVE asha (gray0): 31→18 [0.8ms]
[2026-05-06 11:39:02] MOVE chetan (lawn green): 77→89 [0.1ms]
[2026-05-06 11:39:02] MOVE asha (gray0): 53→54 [0.1ms]
[2026-05-06 11:39:02] MOVE chetan (lawn green): 89→102 [0.1ms]
[2026-05-06 11:39:02] MOVE asha (gray0): 18→9 [0.1ms]
[2026-05-06 11:39:02] MOVE chetan (lawn green): 102→90 [0.1ms]
[2026-05-06 11:39:03] MOVE asha (gray0): 54→43 [0.1ms]
[2026-05-06 11:39:03] MOVE chetan (lawn green): 90→78 [0.1ms]
[2026-05-06 11:39:03] MOVE asha (gray0): 9→17 [0.1ms]
[2026-05-06 11:39:03] MOVE chetan (lawn green): 78→67 [0.1ms]
[2026-05-06 11:39:03] MOVE asha (gray0): 43→31 [0.1ms]
[2026-05-06 11:39:03] MOVE chetan (lawn green): 67→57 [0.1ms]
[2026-05-06 11:39:04] MOVE asha (gray0): 17→30 [0.4ms]
[2026-05-06 11:39:04] MOVE chetan (lawn green): 57→56 [0.1ms]
[2026-05-06 11:39:04] MOVE asha (gray0): 31→18 [0.1ms]
[2026-05-06 11:39:04] MOVE chetan (lawn green): 56→66 [0.1ms]
[2026-05-06 11:39:04] MOVE asha (gray0): 30→31 [0.1ms]
[2026-05-06 11:39:04] MOVE chetan (lawn green): 66→77 [0.1ms]
[2026-05-06 11:39:05] MOVE asha (gray0): 18→9 [0.1ms]
[2026-05-06 11:39:05] MOVE chetan (lawn green): 77→89 [0.2ms]
[2026-05-06 11:39:05] MOVE asha (gray0): 31→18 [0.1ms]
[2026-05-06 11:39:05] MOVE chetan (lawn green): 89→102 [0.1ms]
[2026-05-06 11:39:05] MOVE asha (gray0): 9→31 [0.2ms]
[2026-05-06 11:39:06] MOVE chetan (lawn green): 102→90 [0.1ms]
[2026-05-06 11:39:06] MOVE asha (gray0): 18→43 [0.1ms]
[2026-05-06 11:39:06] MOVE chetan (lawn green): 90→78 [0.1ms]
[2026-05-06 11:39:06] MOVE asha (gray0): 31→54 [0.1ms]
[2026-05-06 11:39:06] MOVE chetan (lawn green): 78→67 [0.1ms]
[2026-05-06 11:39:06] MOVE asha (gray0): 43→64 [0.1ms]
[2026-05-06 11:39:06] MOVE chetan (lawn green): 67→57 [0.1ms]
[2026-05-06 11:39:06] MOVE asha (gray0): 54→43 [0.1ms]
[2026-05-06 11:39:07] MOVE chetan (lawn green): 57→56 [0.1ms]
[2026-05-06 11:39:07] MOVE asha (gray0): 64→54 [0.1ms]
[2026-05-06 11:39:07] MOVE chetan (lawn green): 56→66 [0.1ms]
[2026-05-06 11:39:07] MOVE asha (gray0): 43→64 [0.4ms]
[2026-05-06 11:39:07] MOVE chetan (lawn green): 66→77 [0.1ms]
[2026-05-06 11:39:07] MOVE asha (gray0): 54→74 [0.1ms]
[2026-05-06 11:39:08] MOVE chetan (lawn green): 77→89 [0.1ms]
[2026-05-06 11:39:08] MOVE asha (gray0): 64→63 [0.1ms]
[2026-05-06 11:39:08] MOVE chetan (lawn green): 89→102 [0.1ms]
[2026-05-06 11:39:08] MOVE asha (gray0): 74→73 [0.1ms]
[2026-05-06 11:39:08] MOVE chetan (lawn green): 102→90 [0.1ms]
[2026-05-06 11:39:08] MOVE asha (gray0): 63→53 [0.1ms]
[2026-05-06 11:39:09] MOVE chetan (lawn green): 90→78 [0.1ms]
[2026-05-06 11:39:09] MOVE asha (gray0): 73→63 [0.1ms]
[2026-05-06 11:39:09] MOVE chetan (lawn green): 78→67 [0.1ms]
[2026-05-06 11:39:09] MOVE asha (gray0): 53→54 [0.1ms]
[2026-05-06 11:39:09] MOVE chetan (lawn green): 67→57 [0.1ms]
[2026-05-06 11:39:09] MOVE asha (gray0): 63→64 [0.1ms]
[2026-05-06 11:39:10] MOVE chetan (lawn green): 57→56 [0.1ms]
[2026-05-06 11:39:10] MOVE asha (gray0): 54→43 [0.1ms]
[2026-05-06 11:39:10] MOVE chetan (lawn green): 56→66 [0.5ms]
[2026-05-06 11:39:10] MOVE asha (gray0): 64→54 [0.1ms]
[2026-05-06 11:39:10] MOVE chetan (lawn green): 66→77 [0.1ms]
[2026-05-06 11:39:11] MOVE asha (gray0): 43→64 [0.1ms]
[2026-05-06 11:39:11] MOVE chetan (lawn green): 77→89 [0.1ms]
[2026-05-06 11:39:11] MOVE asha (gray0): 54→43 [0.1ms]
[2026-05-06 11:39:11] MOVE chetan (lawn green): 89→102 [1.5ms]
[2026-05-06 11:39:11] MOVE asha (gray0): 64→63 [0.1ms]
[2026-05-06 11:39:11] MOVE chetan (lawn green): 102→90 [0.1ms]
[2026-05-06 11:39:11] MOVE asha (gray0): 43→31 [0.1ms]
[2026-05-06 11:39:12] MOVE chetan (lawn green): 90→78 [0.1ms]
[2026-05-06 11:39:12] MOVE asha (gray0): 63→53 [0.1ms]
[2026-05-06 11:39:12] MOVE chetan (lawn green): 78→67 [0.4ms]
[2026-05-06 11:39:12] MOVE asha (gray0): 31→18 [0.1ms]
[2026-05-06 11:39:12] MOVE chetan (lawn green): 67→57 [0.1ms]
[2026-05-06 11:39:12] MOVE asha (gray0): 53→54 [0.1ms]
[2026-05-06 11:39:12] MOVE chetan (lawn green): 57→56 [0.1ms]
[2026-05-06 11:39:13] MOVE asha (gray0): 18→9 [0.3ms]
[2026-05-06 11:39:13] MOVE chetan (lawn green): 56→66 [0.1ms]
[2026-05-06 11:39:13] MOVE asha (gray0): 54→43 [0.1ms]
[2026-05-06 11:39:13] MOVE chetan (lawn green): 66→77 [0.1ms]
[2026-05-06 11:39:13] MOVE asha (gray0): 9→17 [0.1ms]
[2026-05-06 11:39:13] MOVE chetan (lawn green): 77→89 [0.1ms]
[2026-05-06 11:39:14] MOVE asha (gray0): 43→31 [0.1ms]
[2026-05-06 11:39:14] MOVE chetan (lawn green): 89→102 [0.2ms]
[2026-05-06 11:39:14] MOVE asha (gray0): 17→30 [0.1ms]
[2026-05-06 11:39:14] MOVE chetan (lawn green): 102→90 [0.2ms]
[2026-05-06 11:39:14] MOVE asha (gray0): 31→18 [0.1ms]
[2026-05-06 11:39:14] MOVE chetan (lawn green): 90→78 [0.1ms]
[2026-05-06 11:39:15] MOVE asha (gray0): 30→31 [0.1ms]
[2026-05-06 11:39:15] MOVE chetan (lawn green): 78→67 [0.1ms]
[2026-05-06 11:39:15] MOVE asha (gray0): 18→9 [0.1ms]
[2026-05-06 11:39:15] MOVE chetan (lawn green): 67→57 [0.1ms]
[2026-05-06 11:39:15] MOVE asha (gray0): 31→18 [0.1ms]
[2026-05-06 11:39:15] MOVE chetan (lawn green): 57→56 [0.1ms]
[2026-05-06 11:39:16] MOVE asha (gray0): 9→31 [0.1ms]
[2026-05-06 11:39:16] MOVE chetan (lawn green): 56→66 [0.5ms]
[2026-05-06 11:39:16] MOVE asha (gray0): 18→43 [0.1ms]
[2026-05-06 11:39:16] MOVE chetan (lawn green): 66→77 [0.1ms]
[2026-05-06 11:39:16] MOVE asha (gray0): 31→54 [0.3ms]
[2026-05-06 11:39:16] MOVE chetan (lawn green): 77→89 [0.1ms]
[2026-05-06 11:39:17] MOVE asha (gray0): 43→64 [0.2ms]
[2026-05-06 11:39:17] MOVE chetan (lawn green): 89→102 [0.2ms]
[2026-05-06 11:39:17] MOVE asha (gray0): 54→43 [0.1ms]
[2026-05-06 11:39:17] MOVE chetan (lawn green): 102→90 [0.1ms]
[2026-05-06 11:39:17] MOVE asha (gray0): 64→54 [0.1ms]
[2026-05-06 11:39:17] MOVE chetan (lawn green): 90→78 [0.1ms]
[2026-05-06 11:39:18] MOVE asha (gray0): 43→64 [0.4ms]
[2026-05-06 11:39:18] MOVE chetan (lawn green): 78→67 [0.3ms]
[2026-05-06 11:39:18] MOVE asha (gray0): 54→74 [0.1ms]
[2026-05-06 11:39:18] MOVE chetan (lawn green): 67→57 [0.1ms]
[2026-05-06 11:39:18] MOVE asha (gray0): 64→63 [0.1ms]
[2026-05-06 11:39:18] MOVE chetan (lawn green): 57→56 [0.1ms]
[2026-05-06 11:39:18] MOVE asha (gray0): 74→73 [0.1ms]
[2026-05-06 11:39:19] MOVE chetan (lawn green): 56→66 [0.6ms]
[2026-05-06 11:39:19] MOVE asha (gray0): 63→53 [0.1ms]
[2026-05-06 11:39:19] MOVE chetan (lawn green): 66→77 [0.1ms]
[2026-05-06 11:39:19] MOVE asha (gray0): 73→63 [0.1ms]
[2026-05-06 11:39:19] MOVE chetan (lawn green): 77→89 [0.2ms]
[2026-05-06 11:39:19] MOVE asha (gray0): 53→54 [0.1ms]
[2026-05-06 11:39:19] MOVE chetan (lawn green): 89→102 [0.1ms]
[2026-05-06 11:39:20] MOVE asha (gray0): 63→64 [0.1ms]
[2026-05-06 11:39:20] MOVE chetan (lawn green): 102→90 [0.1ms]
[2026-05-06 11:39:20] MOVE asha (gray0): 54→43 [0.1ms]
[2026-05-06 11:39:20] MOVE chetan (lawn green): 90→78 [0.6ms]
[2026-05-06 11:39:20] MOVE asha (gray0): 64→54 [0.1ms]
[2026-05-06 11:39:20] MOVE chetan (lawn green): 78→67 [0.4ms]
[2026-05-06 11:39:21] MOVE asha (gray0): 43→64 [0.1ms]
[2026-05-06 11:39:21] MOVE chetan (lawn green): 67→57 [0.1ms]
[2026-05-06 11:39:21] MOVE asha (gray0): 54→43 [0.1ms]
[2026-05-06 11:39:21] MOVE chetan (lawn green): 57→56 [0.1ms]
[2026-05-06 11:39:21] MOVE asha (gray0): 64→63 [0.1ms]
[2026-05-06 11:39:21] MOVE chetan (lawn green): 56→66 [0.1ms]
[2026-05-06 11:39:22] MOVE asha (gray0): 43→31 [0.1ms]
[2026-05-06 11:39:22] MOVE chetan (lawn green): 66→77 [0.1ms]
[2026-05-06 11:39:22] MOVE asha (gray0): 63→53 [0.1ms]
[2026-05-06 11:39:22] MOVE chetan (lawn green): 77→89 [0.1ms]
[2026-05-06 11:39:22] MOVE asha (gray0): 31→18 [0.1ms]
[2026-05-06 11:39:22] MOVE chetan (lawn green): 89→102 [0.1ms]
[2026-05-06 11:39:23] MOVE asha (gray0): 53→54 [0.1ms]
[2026-05-06 11:39:23] MOVE chetan (lawn green): 102→90 [0.1ms]
[2026-05-06 11:39:23] MOVE asha (gray0): 18→9 [0.1ms]
[2026-05-06 11:39:23] MOVE chetan (lawn green): 90→78 [0.8ms]
[2026-05-06 11:39:23] MOVE asha (gray0): 54→43 [0.1ms]
[2026-05-06 11:39:23] MOVE chetan (lawn green): 78→67 [0.1ms]
[2026-05-06 11:39:23] MOVE asha (gray0): 9→17 [0.1ms]
[2026-05-06 11:39:24] MOVE chetan (lawn green): 67→57 [0.1ms]
[2026-05-06 11:39:24] MOVE asha (gray0): 43→31 [0.1ms]
[2026-05-06 11:39:24] MOVE chetan (lawn green): 57→56 [0.1ms]
[2026-05-06 11:39:24] MOVE asha (gray0): 17→30 [0.2ms]
[2026-05-06 11:39:24] MOVE chetan (lawn green): 56→66 [0.1ms]
[2026-05-06 11:39:24] MOVE asha (gray0): 31→18 [0.1ms]
[2026-05-06 11:39:25] MOVE chetan (lawn green): 66→77 [0.1ms]
[2026-05-06 11:39:25] MOVE asha (gray0): 30→31 [0.2ms]
[2026-05-06 11:39:25] MOVE chetan (lawn green): 77→89 [0.1ms]
[2026-05-06 11:39:25] MOVE asha (gray0): 18→9 [0.1ms]
[2026-05-06 11:39:25] MOVE chetan (lawn green): 89→102 [0.1ms]
[2026-05-06 11:39:25] MOVE asha (gray0): 31→18 [0.1ms]
[2026-05-06 11:39:25] MOVE chetan (lawn green): 102→90 [0.7ms]
[2026-05-06 11:39:26] MOVE asha (gray0): 9→31 [0.1ms]
[2026-05-06 11:39:26] MOVE chetan (lawn green): 90→78 [0.1ms]
[2026-05-06 11:39:26] MOVE asha (gray0): 18→43 [0.1ms]
[2026-05-06 11:39:26] MOVE chetan (lawn green): 78→67 [0.1ms]
[2026-05-06 11:39:26] MOVE asha (gray0): 31→54 [0.1ms]
[2026-05-06 11:39:26] MOVE chetan (lawn green): 67→57 [0.1ms]
[2026-05-06 11:39:27] MOVE asha (gray0): 43→64 [0.1ms]
[2026-05-06 11:39:27] MOVE chetan (lawn green): 57→56 [0.1ms]
[2026-05-06 11:39:27] MOVE asha (gray0): 54→43 [0.1ms]
[2026-05-06 11:39:27] MOVE chetan (lawn green): 56→66 [0.1ms]
[2026-05-06 11:39:27] MOVE asha (gray0): 64→54 [0.1ms]
[2026-05-06 11:39:27] MOVE chetan (lawn green): 66→77 [0.1ms]
[2026-05-06 11:39:28] MOVE asha (gray0): 43→64 [0.1ms]
[2026-05-06 11:39:28] MOVE chetan (lawn green): 77→89 [0.1ms]
[2026-05-06 11:39:28] MOVE asha (gray0): 54→74 [0.1ms]
[2026-05-06 11:39:28] MOVE chetan (lawn green): 89→102 [0.1ms]
[2026-05-06 11:39:28] MOVE asha (gray0): 64→63 [0.1ms]
[2026-05-06 11:39:28] MOVE chetan (lawn green): 102→90 [0.1ms]
[2026-05-06 11:39:29] MOVE asha (gray0): 74→73 [0.1ms]
[2026-05-06 11:39:29] MOVE chetan (lawn green): 90→78 [0.1ms]
[2026-05-06 11:39:29] MOVE asha (gray0): 63→53 [0.1ms]
[2026-05-06 11:39:29] MOVE chetan (lawn green): 78→67 [0.1ms]
[2026-05-06 11:39:29] MOVE asha (gray0): 73→63 [0.1ms]
[2026-05-06 11:39:29] MOVE chetan (lawn green): 67→57 [0.1ms]
[2026-05-06 11:39:29] MOVE asha (gray0): 53→54 [0.1ms]
[2026-05-06 11:39:30] MOVE chetan (lawn green): 57→56 [0.1ms]
[2026-05-06 11:39:30] MOVE asha (gray0): 63→64 [0.1ms]
[2026-05-06 11:39:30] MOVE chetan (lawn green): 56→66 [0.1ms]
[2026-05-06 11:39:30] MOVE asha (gray0): 54→43 [0.1ms]
[2026-05-06 11:39:30] MOVE chetan (lawn green): 66→77 [0.3ms]
[2026-05-06 11:39:30] MOVE asha (gray0): 64→54 [0.2ms]
[2026-05-06 11:39:31] MOVE chetan (lawn green): 77→89 [0.1ms]
[2026-05-06 11:39:31] MOVE asha (gray0): 43→64 [0.2ms]
[2026-05-06 11:39:31] MOVE chetan (lawn green): 89→102 [0.1ms]
[2026-05-06 11:39:31] MOVE asha (gray0): 54→43 [0.2ms]
[2026-05-06 11:39:31] MOVE chetan (lawn green): 102→90 [0.1ms]
[2026-05-06 11:39:31] MOVE asha (gray0): 64→63 [0.1ms]
[2026-05-06 11:39:31] MOVE chetan (lawn green): 90→78 [0.1ms]
[2026-05-06 11:39:32] MOVE asha (gray0): 43→31 [0.1ms]
[2026-05-06 11:39:32] MOVE chetan (lawn green): 78→67 [0.1ms]
[2026-05-06 11:39:32] MOVE asha (gray0): 63→53 [0.1ms]
[2026-05-06 11:39:32] MOVE chetan (lawn green): 67→57 [0.1ms]
[2026-05-06 11:39:32] MOVE asha (gray0): 31→18 [0.1ms]
[2026-05-06 11:39:32] MOVE chetan (lawn green): 57→56 [0.1ms]
[2026-05-06 11:39:33] MOVE asha (gray0): 53→54 [0.1ms]
[2026-05-06 11:39:33] MOVE chetan (lawn green): 56→66 [0.1ms]
[2026-05-06 11:39:33] MOVE asha (gray0): 18→9 [0.2ms]
[2026-05-06 11:39:33] MOVE chetan (lawn green): 66→77 [0.1ms]
[2026-05-06 11:39:33] MOVE asha (gray0): 54→43 [0.1ms]
[2026-05-06 11:39:33] MOVE chetan (lawn green): 77→89 [0.1ms]
[2026-05-06 11:39:34] MOVE asha (gray0): 9→17 [0.1ms]
[2026-05-06 11:39:34] MOVE chetan (lawn green): 89→102 [0.1ms]
[2026-05-06 11:39:34] MOVE asha (gray0): 43→31 [0.1ms]
[2026-05-06 11:39:34] MOVE chetan (lawn green): 102→90 [0.1ms]
[2026-05-06 11:39:34] MOVE asha (gray0): 17→30 [0.1ms]
[2026-05-06 11:39:34] MOVE chetan (lawn green): 90→78 [0.1ms]
[2026-05-06 11:39:34] MOVE asha (gray0): 31→18 [0.1ms]
[2026-05-06 11:39:35] MOVE chetan (lawn green): 78→67 [0.1ms]
[2026-05-06 11:39:35] MOVE asha (gray0): 30→31 [0.1ms]
[2026-05-06 11:39:35] MOVE chetan (lawn green): 67→57 [0.2ms]
[2026-05-06 11:39:35] MOVE asha (gray0): 18→9 [0.1ms]
[2026-05-06 11:39:35] MOVE chetan (lawn green): 57→56 [0.1ms]
[2026-05-06 11:39:35] MOVE asha (gray0): 31→18 [0.1ms]
[2026-05-06 11:39:35] MOVE chetan (lawn green): 56→66 [0.1ms]
[2026-05-06 11:39:36] MOVE asha (gray0): 9→31 [0.1ms]
[2026-05-06 11:39:36] MOVE chetan (lawn green): 66→77 [0.1ms]
[2026-05-06 11:39:36] MOVE asha (gray0): 18→43 [0.1ms]
[2026-05-06 11:39:36] MOVE chetan (lawn green): 77→89 [0.1ms]
[2026-05-06 11:39:36] MOVE asha (gray0): 31→54 [0.1ms]
[2026-05-06 11:39:36] MOVE chetan (lawn green): 89→102 [0.1ms]
[2026-05-06 11:39:37] MOVE asha (gray0): 43→64 [0.1ms]
[2026-05-06 11:39:37] MOVE chetan (lawn green): 102→90 [0.1ms]
[2026-05-06 11:39:37] MOVE asha (gray0): 54→43 [0.1ms]
[2026-05-06 11:39:37] MOVE chetan (lawn green): 90→78 [0.1ms]
[2026-05-06 11:39:37] MOVE asha (gray0): 64→54 [0.1ms]
[2026-05-06 11:39:37] MOVE chetan (lawn green): 78→67 [0.1ms]
[2026-05-06 11:39:38] MOVE asha (gray0): 43→64 [0.1ms]
[2026-05-06 11:39:38] MOVE chetan (lawn green): 67→57 [0.3ms]
[2026-05-06 11:39:38] MOVE asha (gray0): 54→74 [0.1ms]
[2026-05-06 11:39:38] MOVE chetan (lawn green): 57→56 [0.1ms]
[2026-05-06 11:39:38] MOVE asha (gray0): 64→63 [0.1ms]
[2026-05-06 11:39:38] MOVE chetan (lawn green): 56→66 [0.6ms]
[2026-05-06 11:39:39] MOVE asha (gray0): 74→73 [0.1ms]
[2026-05-06 11:39:39] MOVE chetan (lawn green): 66→77 [0.2ms]
[2026-05-06 11:39:39] MOVE asha (gray0): 63→53 [0.1ms]
[2026-05-06 11:39:39] MOVE chetan (lawn green): 77→89 [0.1ms]
[2026-05-06 11:39:39] MOVE asha (gray0): 73→63 [0.1ms]
[2026-05-06 11:39:39] MOVE chetan (lawn green): 89→102 [0.1ms]
[2026-05-06 11:39:40] MOVE asha (gray0): 53→54 [0.1ms]
[2026-05-06 11:39:40] MOVE chetan (lawn green): 102→90 [0.1ms]
[2026-05-06 11:39:40] MOVE asha (gray0): 63→64 [0.2ms]
[2026-05-06 11:39:40] MOVE chetan (lawn green): 90→78 [0.1ms]
[2026-05-06 11:39:40] MOVE asha (gray0): 54→43 [0.1ms]
[2026-05-06 11:39:40] MOVE chetan (lawn green): 78→67 [0.3ms]
[2026-05-06 11:39:40] MOVE asha (gray0): 64→54 [0.1ms]
[2026-05-06 11:39:41] MOVE chetan (lawn green): 67→57 [0.1ms]
[2026-05-06 11:39:41] MOVE asha (gray0): 43→64 [0.1ms]
[2026-05-06 11:39:41] MOVE chetan (lawn green): 57→56 [0.1ms]
[2026-05-06 11:39:41] MOVE asha (gray0): 54→43 [0.1ms]
[2026-05-06 11:39:41] MOVE chetan (lawn green): 56→66 [0.1ms]
[2026-05-06 11:39:41] MOVE asha (gray0): 64→63 [0.1ms]
[2026-05-06 11:39:41] MOVE chetan (lawn green): 66→77 [0.3ms]
[2026-05-06 11:39:42] MOVE asha (gray0): 43→31 [0.1ms]
[2026-05-06 11:39:42] MOVE chetan (lawn green): 77→89 [0.1ms]
[2026-05-06 11:39:42] MOVE asha (gray0): 63→53 [0.1ms]
[2026-05-06 11:39:42] MOVE chetan (lawn green): 89→102 [0.1ms]
[2026-05-06 11:39:42] MOVE asha (gray0): 31→18 [0.1ms]
[2026-05-06 11:39:42] MOVE chetan (lawn green): 102→90 [0.1ms]
[2026-05-06 11:39:43] MOVE asha (gray0): 53→54 [0.1ms]
[2026-05-06 11:39:43] MOVE chetan (lawn green): 90→78 [0.1ms]
[2026-05-06 11:39:43] MOVE asha (gray0): 18→9 [0.2ms]
[2026-05-06 11:39:43] MOVE chetan (lawn green): 78→67 [0.1ms]
[2026-05-06 11:39:43] MOVE asha (gray0): 54→43 [0.1ms]
[2026-05-06 11:39:43] MOVE chetan (lawn green): 67→57 [0.2ms]
[2026-05-06 11:39:44] MOVE asha (gray0): 9→17 [0.1ms]
[2026-05-06 11:39:44] MOVE chetan (lawn green): 57→56 [0.1ms]
[2026-05-06 11:39:44] MOVE asha (gray0): 43→31 [0.1ms]
[2026-05-06 11:39:44] MOVE chetan (lawn green): 56→66 [0.1ms]
[2026-05-06 11:39:44] MOVE asha (gray0): 17→30 [0.1ms]
[2026-05-06 11:39:44] MOVE chetan (lawn green): 66→77 [0.1ms]
[2026-05-06 11:39:45] MOVE asha (gray0): 31→18 [0.1ms]
[2026-05-06 11:39:45] MOVE chetan (lawn green): 77→89 [0.1ms]
[2026-05-06 11:39:45] MOVE asha (gray0): 30→31 [0.1ms]
[2026-05-06 11:39:45] MOVE chetan (lawn green): 89→102 [0.1ms]
[2026-05-06 11:39:45] MOVE asha (gray0): 18→9 [0.1ms]
[2026-05-06 11:39:45] MOVE chetan (lawn green): 102→90 [0.1ms]
[2026-05-06 11:39:45] MOVE asha (gray0): 31→18 [0.1ms]
[2026-05-06 11:39:46] MOVE chetan (lawn green): 90→78 [0.1ms]
[2026-05-06 11:39:46] MOVE asha (gray0): 9→31 [0.1ms]
[2026-05-06 11:39:46] MOVE chetan (lawn green): 78→67 [0.1ms]
[2026-05-06 11:39:46] MOVE asha (gray0): 18→43 [0.1ms]
[2026-05-06 11:39:46] MOVE chetan (lawn green): 67→57 [0.1ms]
[2026-05-06 11:39:46] MOVE asha (gray0): 31→54 [0.1ms]
[2026-05-06 11:39:46] MOVE chetan (lawn green): 57→56 [0.1ms]
[2026-05-06 11:39:47] MOVE asha (gray0): 43→64 [0.1ms]
[2026-05-06 11:39:47] MOVE chetan (lawn green): 56→66 [0.1ms]
[2026-05-06 11:39:47] MOVE asha (gray0): 54→43 [0.1ms]
[2026-05-06 11:39:47] MOVE chetan (lawn green): 66→77 [0.1ms]
[2026-05-06 11:39:47] MOVE asha (gray0): 64→54 [0.1ms]
[2026-05-06 11:39:47] MOVE chetan (lawn green): 77→89 [0.3ms]
[2026-05-06 11:39:48] MOVE asha (gray0): 43→64 [0.3ms]
[2026-05-06 11:39:48] MOVE chetan (lawn green): 89→102 [0.1ms]
[2026-05-06 11:39:48] MOVE asha (gray0): 54→74 [0.1ms]
[2026-05-06 11:39:48] MOVE chetan (lawn green): 102→90 [0.1ms]
[2026-05-06 11:39:48] MOVE asha (gray0): 64→63 [0.1ms]
[2026-05-06 11:39:48] MOVE chetan (lawn green): 90→78 [0.1ms]
[2026-05-06 11:39:49] MOVE asha (gray0): 74→73 [0.2ms]
[2026-05-06 11:39:49] MOVE chetan (lawn green): 78→67 [0.1ms]
[2026-05-06 11:39:49] MOVE asha (gray0): 63→53 [0.1ms]
[2026-05-06 11:39:49] MOVE chetan (lawn green): 67→57 [0.1ms]
[2026-05-06 11:39:49] MOVE asha (gray0): 73→63 [0.1ms]
[2026-05-06 11:39:49] MOVE chetan (lawn green): 57→56 [0.2ms]
[2026-05-06 11:39:50] MOVE asha (gray0): 53→54 [0.5ms]
[2026-05-06 11:39:50] MOVE chetan (lawn green): 56→66 [0.1ms]
[2026-05-06 11:39:50] MOVE asha (gray0): 63→64 [0.4ms]
[2026-05-06 11:39:50] MOVE chetan (lawn green): 66→77 [0.1ms]
[2026-05-06 11:39:50] MOVE asha (gray0): 54→43 [0.1ms]
[2026-05-06 11:39:50] MOVE chetan (lawn green): 77→89 [0.1ms]
[2026-05-06 11:39:50] MOVE asha (gray0): 64→54 [0.2ms]
[2026-05-06 11:39:51] MOVE chetan (lawn green): 89→102 [0.1ms]
[2026-05-06 11:39:51] MOVE asha (gray0): 43→64 [0.1ms]
[2026-05-06 11:39:51] MOVE chetan (lawn green): 102→90 [0.2ms]
[2026-05-06 11:39:51] MOVE asha (gray0): 54→43 [20.5ms]
[2026-05-06 11:39:51] MOVE chetan (lawn green): 90→78 [0.1ms]
[2026-05-06 11:39:51] MOVE asha (gray0): 64→63 [0.1ms]
[2026-05-06 11:39:52] MOVE chetan (lawn green): 78→67 [0.3ms]
[2026-05-06 11:39:52] MOVE asha (gray0): 43→31 [0.3ms]
[2026-05-06 11:39:52] MOVE chetan (lawn green): 67→57 [0.1ms]
[2026-05-06 11:39:52] MOVE asha (gray0): 63→53 [0.1ms]
[2026-05-06 11:39:52] MOVE chetan (lawn green): 57→56 [0.1ms]
[2026-05-06 11:39:52] MOVE asha (gray0): 31→18 [0.2ms]
[2026-05-06 11:39:53] MOVE chetan (lawn green): 56→66 [0.1ms]
[2026-05-06 11:39:53] MOVE asha (gray0): 53→54 [0.1ms]
[2026-05-06 11:39:53] MOVE chetan (lawn green): 66→77 [0.1ms]
[2026-05-06 11:39:53] MOVE asha (gray0): 18→9 [0.1ms]
[2026-05-06 11:39:53] MOVE chetan (lawn green): 77→89 [0.1ms]
[2026-05-06 11:39:53] MOVE asha (gray0): 54→43 [0.1ms]
[2026-05-06 11:39:54] MOVE chetan (lawn green): 89→102 [0.1ms]
[2026-05-06 11:39:54] MOVE asha (gray0): 9→17 [0.1ms]
[2026-05-06 11:39:54] MOVE chetan (lawn green): 102→90 [0.1ms]
[2026-05-06 11:39:54] MOVE asha (gray0): 43→31 [0.1ms]
[2026-05-06 11:39:54] MOVE chetan (lawn green): 90→78 [0.1ms]
[2026-05-06 11:39:54] MOVE asha (gray0): 17→30 [0.1ms]
[2026-05-06 11:39:54] MOVE chetan (lawn green): 78→67 [0.1ms]
[2026-05-06 11:39:55] MOVE asha (gray0): 31→18 [0.1ms]
[2026-05-06 11:39:55] MOVE chetan (lawn green): 67→57 [0.1ms]
[2026-05-06 11:39:55] MOVE asha (gray0): 30→31 [0.1ms]
[2026-05-06 11:39:55] MOVE chetan (lawn green): 57→56 [0.1ms]
[2026-05-06 11:39:55] MOVE asha (gray0): 18→9 [0.1ms]
[2026-05-06 11:39:56] MOVE chetan (lawn green): 56→66 [0.8ms]
[2026-05-06 11:39:56] MOVE asha (gray0): 31→18 [0.1ms]
[2026-05-06 11:39:56] MOVE chetan (lawn green): 66→77 [0.3ms]
[2026-05-06 11:39:56] MOVE asha (gray0): 9→31 [0.1ms]
[2026-05-06 11:39:56] MOVE chetan (lawn green): 77→89 [0.1ms]
[2026-05-06 11:39:56] MOVE asha (gray0): 18→43 [0.1ms]
[2026-05-06 11:39:56] MOVE chetan (lawn green): 89→102 [0.1ms]
[2026-05-06 11:39:57] MOVE asha (gray0): 31→54 [0.1ms]
[2026-05-06 11:39:57] MOVE chetan (lawn green): 102→90 [0.1ms]
[2026-05-06 11:39:57] MOVE asha (gray0): 43→64 [0.2ms]
[2026-05-06 11:39:57] MOVE chetan (lawn green): 90→78 [0.5ms]
[2026-05-06 11:39:57] MOVE asha (gray0): 54→43 [0.1ms]
[2026-05-06 11:39:57] MOVE chetan (lawn green): 78→67 [0.1ms]
[2026-05-06 11:39:58] MOVE asha (gray0): 64→54 [0.1ms]
[2026-05-06 11:39:58] MOVE chetan (lawn green): 67→57 [0.1ms]
[2026-05-06 11:39:58] MOVE asha (gray0): 43→64 [0.1ms]
[2026-05-06 11:39:58] MOVE chetan (lawn green): 57→56 [0.1ms]
[2026-05-06 11:39:58] MOVE asha (gray0): 54→74 [0.1ms]
[2026-05-06 11:39:58] MOVE chetan (lawn green): 56→66 [0.1ms]
[2026-05-06 11:39:58] MOVE asha (gray0): 64→63 [0.1ms]
[2026-05-06 11:39:59] MOVE chetan (lawn green): 66→77 [0.1ms]
[2026-05-06 11:39:59] MOVE asha (gray0): 74→73 [0.1ms]
[2026-05-06 11:39:59] MOVE chetan (lawn green): 77→89 [0.1ms]
[2026-05-06 11:39:59] MOVE asha (gray0): 63→53 [0.1ms]
[2026-05-06 11:39:59] MOVE chetan (lawn green): 89→102 [0.1ms]
[2026-05-06 11:39:59] MOVE asha (gray0): 73→63 [0.1ms]
[2026-05-06 11:40:00] MOVE chetan (lawn green): 102→90 [0.2ms]
[2026-05-06 11:40:00] MOVE asha (gray0): 53→54 [0.2ms]
[2026-05-06 11:40:00] MOVE chetan (lawn green): 90→78 [0.2ms]
[2026-05-06 11:40:00] MOVE asha (gray0): 63→64 [0.1ms]
[2026-05-06 11:40:00] MOVE chetan (lawn green): 78→67 [0.1ms]
[2026-05-06 11:40:00] MOVE asha (gray0): 54→43 [0.1ms]
[2026-05-06 11:40:00] MOVE chetan (lawn green): 67→57 [0.1ms]
[2026-05-06 11:40:01] MOVE asha (gray0): 64→54 [0.2ms]
[2026-05-06 11:40:01] MOVE chetan (lawn green): 57→56 [0.1ms]
[2026-05-06 11:40:01] MOVE asha (gray0): 43→64 [0.1ms]
[2026-05-06 11:40:01] MOVE chetan (lawn green): 56→66 [0.1ms]
[2026-05-06 11:40:01] MOVE asha (gray0): 54→43 [0.1ms]
[2026-05-06 11:40:01] MOVE chetan (lawn green): 66→77 [0.1ms]
[2026-05-06 11:40:02] MOVE asha (gray0): 64→63 [0.1ms]
[2026-05-06 11:40:02] MOVE chetan (lawn green): 77→89 [0.1ms]
[2026-05-06 11:40:02] MOVE asha (gray0): 43→31 [0.1ms]
[2026-05-06 11:40:02] MOVE chetan (lawn green): 89→102 [0.1ms]
[2026-05-06 11:40:02] MOVE asha (gray0): 63→53 [0.1ms]
[2026-05-06 11:40:02] MOVE chetan (lawn green): 102→90 [0.1ms]
[2026-05-06 11:40:03] MOVE asha (gray0): 31→18 [0.1ms]
[2026-05-06 11:40:03] MOVE chetan (lawn green): 90→78 [0.1ms]
[2026-05-06 11:40:03] MOVE asha (gray0): 53→54 [0.1ms]
[2026-05-06 11:40:03] MOVE chetan (lawn green): 78→67 [0.2ms]
[2026-05-06 11:40:03] MOVE asha (gray0): 18→9 [0.1ms]
[2026-05-06 11:40:03] MOVE chetan (lawn green): 67→57 [0.3ms]
[2026-05-06 11:40:04] MOVE asha (gray0): 54→43 [0.1ms]
[2026-05-06 11:40:04] MOVE chetan (lawn green): 57→56 [0.6ms]
[2026-05-06 11:40:04] MOVE asha (gray0): 9→17 [0.1ms]
[2026-05-06 11:40:04] MOVE chetan (lawn green): 56→66 [0.2ms]
[2026-05-06 11:40:04] MOVE asha (gray0): 43→31 [0.1ms]
[2026-05-06 11:40:04] MOVE chetan (lawn green): 66→77 [0.1ms]
[2026-05-06 11:40:04] MOVE asha (gray0): 17→30 [0.1ms]
[2026-05-06 11:40:05] MOVE chetan (lawn green): 77→89 [0.1ms]
[2026-05-06 11:40:05] MOVE asha (gray0): 31→18 [0.1ms]
[2026-05-06 11:40:05] MOVE chetan (lawn green): 89→102 [0.1ms]
[2026-05-06 11:40:05] MOVE asha (gray0): 30→31 [0.1ms]
[2026-05-06 11:40:05] MOVE chetan (lawn green): 102→90 [0.1ms]
[2026-05-06 11:40:05] MOVE asha (gray0): 18→9 [0.1ms]
[2026-05-06 11:40:06] MOVE chetan (lawn green): 90→78 [0.1ms]
[2026-05-06 11:40:06] MOVE asha (gray0): 31→18 [0.1ms]
[2026-05-06 11:40:06] MOVE chetan (lawn green): 78→67 [0.2ms]
[2026-05-06 11:40:06] MOVE asha (gray0): 9→31 [0.1ms]
[2026-05-06 11:40:06] MOVE chetan (lawn green): 67→57 [0.1ms]
[2026-05-06 11:40:06] MOVE asha (gray0): 18→43 [0.1ms]
[2026-05-06 11:40:06] MOVE chetan (lawn green): 57→56 [0.1ms]
[2026-05-06 11:40:07] MOVE asha (gray0): 31→54 [0.1ms]
[2026-05-06 11:40:07] MOVE chetan (lawn green): 56→66 [0.1ms]
[2026-05-06 11:40:07] MOVE asha (gray0): 43→64 [0.1ms]
[2026-05-06 11:40:07] MOVE chetan (lawn green): 66→77 [0.1ms]
[2026-05-06 11:40:07] MOVE asha (gray0): 54→43 [0.1ms]
[2026-05-06 11:40:07] MOVE chetan (lawn green): 77→89 [0.1ms]
[2026-05-06 11:40:08] MOVE asha (gray0): 64→54 [0.1ms]
[2026-05-06 11:40:08] MOVE chetan (lawn green): 89→102 [0.1ms]
[2026-05-06 11:40:08] MOVE asha (gray0): 43→64 [0.1ms]
[2026-05-06 11:40:08] MOVE chetan (lawn green): 102→90 [0.1ms]
[2026-05-06 11:40:08] MOVE asha (gray0): 54→74 [0.1ms]
[2026-05-06 11:40:08] MOVE chetan (lawn green): 90→78 [0.1ms]
[2026-05-06 11:40:09] MOVE asha (gray0): 64→63 [0.1ms]
[2026-05-06 11:40:09] MOVE chetan (lawn green): 78→67 [0.1ms]
[2026-05-06 11:40:09] MOVE asha (gray0): 74→73 [1.7ms]
[2026-05-06 11:40:09] MOVE chetan (lawn green): 67→57 [0.8ms]
[2026-05-06 11:40:09] MOVE asha (gray0): 63→53 [0.1ms]
[2026-05-06 11:40:09] MOVE chetan (lawn green): 57→56 [0.2ms]
[2026-05-06 11:40:09] MOVE asha (gray0): 73→63 [0.1ms]
[2026-05-06 11:40:10] MOVE chetan (lawn green): 56→66 [0.1ms]
[2026-05-06 11:40:10] MOVE asha (gray0): 53→54 [0.1ms]
[2026-05-06 11:40:10] MOVE chetan (lawn green): 66→77 [0.1ms]
[2026-05-06 11:40:10] MOVE asha (gray0): 63→64 [0.1ms]
[2026-05-06 11:40:10] MOVE chetan (lawn green): 77→89 [0.1ms]
[2026-05-06 11:40:10] MOVE asha (gray0): 54→43 [0.1ms]
[2026-05-06 11:40:11] MOVE chetan (lawn green): 89→102 [0.1ms]
[2026-05-06 11:40:11] MOVE asha (gray0): 64→54 [0.1ms]
[2026-05-06 11:40:11] MOVE chetan (lawn green): 102→90 [0.1ms]
[2026-05-06 11:40:11] MOVE asha (gray0): 43→64 [0.2ms]
[2026-05-06 11:40:11] MOVE chetan (lawn green): 90→78 [0.1ms]
[2026-05-06 11:40:11] MOVE asha (gray0): 54→43 [0.1ms]
[2026-05-06 11:40:11] MOVE chetan (lawn green): 78→67 [0.1ms]
[2026-05-06 11:40:12] MOVE asha (gray0): 64→63 [0.1ms]
[2026-05-06 11:40:12] MOVE chetan (lawn green): 67→57 [0.1ms]
[2026-05-06 11:40:12] MOVE asha (gray0): 43→31 [0.1ms]
[2026-05-06 11:40:12] MOVE chetan (lawn green): 57→56 [0.1ms]
[2026-05-06 11:40:12] MOVE asha (gray0): 63→53 [0.1ms]
[2026-05-06 11:40:12] MOVE chetan (lawn green): 56→66 [0.1ms]
[2026-05-06 11:40:13] MOVE asha (gray0): 31→18 [0.1ms]
[2026-05-06 11:40:13] MOVE chetan (lawn green): 66→77 [0.1ms]
[2026-05-06 11:40:13] MOVE asha (gray0): 53→54 [0.1ms]
[2026-05-06 11:40:13] MOVE chetan (lawn green): 77→89 [0.1ms]
[2026-05-06 11:40:13] MOVE asha (gray0): 18→9 [0.1ms]
[2026-05-06 11:40:13] MOVE chetan (lawn green): 89→102 [0.1ms]
[2026-05-06 11:40:14] MOVE asha (gray0): 54→43 [0.1ms]
[2026-05-06 11:40:14] MOVE chetan (lawn green): 102→90 [0.1ms]
[2026-05-06 11:40:14] MOVE asha (gray0): 9→17 [0.1ms]
[2026-05-06 11:40:14] MOVE chetan (lawn green): 90→78 [0.1ms]
[2026-05-06 11:40:14] MOVE asha (gray0): 43→31 [0.1ms]
[2026-05-06 11:40:14] MOVE chetan (lawn green): 78→67 [0.1ms]
[2026-05-06 11:40:15] MOVE asha (gray0): 17→30 [0.1ms]
[2026-05-06 11:40:15] MOVE chetan (lawn green): 67→57 [0.1ms]
[2026-05-06 11:40:15] MOVE asha (gray0): 31→18 [0.1ms]
[2026-05-06 11:40:15] MOVE chetan (lawn green): 57→56 [0.1ms]
[2026-05-06 11:40:15] MOVE asha (gray0): 30→31 [0.1ms]
[2026-05-06 11:40:15] MOVE chetan (lawn green): 56→66 [0.2ms]
[2026-05-06 11:40:15] MOVE asha (gray0): 18→9 [0.1ms]
[2026-05-06 11:40:16] MOVE chetan (lawn green): 66→77 [0.1ms]
[2026-05-06 11:40:16] MOVE asha (gray0): 31→18 [0.1ms]
[2026-05-06 11:40:16] MOVE chetan (lawn green): 77→89 [0.1ms]
[2026-05-06 11:40:16] MOVE asha (gray0): 9→31 [0.1ms]
[2026-05-06 11:40:16] MOVE chetan (lawn green): 89→102 [0.1ms]
[2026-05-06 11:40:16] MOVE asha (gray0): 18→43 [0.1ms]
[2026-05-06 11:40:16] MOVE chetan (lawn green): 102→90 [0.1ms]
[2026-05-06 11:40:17] MOVE asha (gray0): 31→54 [0.1ms]
[2026-05-06 11:40:17] MOVE chetan (lawn green): 90→78 [0.2ms]
[2026-05-06 11:40:17] MOVE asha (gray0): 43→64 [0.1ms]
[2026-05-06 11:40:17] MOVE chetan (lawn green): 78→67 [0.1ms]
[2026-05-06 11:40:17] MOVE asha (gray0): 54→43 [0.1ms]
[2026-05-06 11:40:17] MOVE chetan (lawn green): 67→57 [0.5ms]
[2026-05-06 11:40:18] MOVE asha (gray0): 64→54 [0.1ms]
[2026-05-06 11:40:18] MOVE chetan (lawn green): 57→56 [0.1ms]
[2026-05-06 11:40:18] MOVE asha (gray0): 43→64 [0.1ms]
[2026-05-06 11:40:18] MOVE chetan (lawn green): 56→66 [0.1ms]
[2026-05-06 11:40:18] MOVE asha (gray0): 54→74 [0.1ms]
[2026-05-06 11:40:18] MOVE chetan (lawn green): 66→77 [0.2ms]
[2026-05-06 11:40:19] MOVE asha (gray0): 64→63 [0.1ms]
[2026-05-06 11:40:19] MOVE chetan (lawn green): 77→89 [0.1ms]
[2026-05-06 11:40:19] MOVE asha (gray0): 74→73 [0.1ms]
[2026-05-06 11:40:19] MOVE chetan (lawn green): 89→102 [0.1ms]
[2026-05-06 11:40:19] MOVE asha (gray0): 63→53 [0.1ms]
[2026-05-06 11:40:19] MOVE chetan (lawn green): 102→90 [0.1ms]
[2026-05-06 11:40:20] MOVE asha (gray0): 73→63 [0.9ms]
[2026-05-06 11:40:20] MOVE chetan (lawn green): 90→78 [0.1ms]
[2026-05-06 11:40:20] MOVE asha (gray0): 53→54 [0.3ms]
[2026-05-06 11:40:20] MOVE chetan (lawn green): 78→67 [0.1ms]
[2026-05-06 11:40:20] MOVE asha (gray0): 63→64 [0.1ms]
[2026-05-06 11:40:20] MOVE chetan (lawn green): 67→57 [0.1ms]
[2026-05-06 11:40:21] MOVE asha (gray0): 54→43 [0.1ms]
[2026-05-06 11:40:21] MOVE chetan (lawn green): 57→56 [0.2ms]
[2026-05-06 11:40:21] MOVE asha (gray0): 64→54 [0.0ms]
[2026-05-06 11:40:21] MOVE chetan (lawn green): 56→66 [0.1ms]
[2026-05-06 11:40:21] MOVE asha (gray0): 43→64 [0.1ms]
[2026-05-06 11:40:21] MOVE chetan (lawn green): 66→77 [0.1ms]
[2026-05-06 11:40:21] MOVE asha (gray0): 54→43 [0.1ms]
[2026-05-06 11:40:22] MOVE chetan (lawn green): 77→89 [0.2ms]
[2026-05-06 11:40:22] MOVE asha (gray0): 64→63 [0.4ms]
[2026-05-06 11:40:22] MOVE chetan (lawn green): 89→102 [0.1ms]
[2026-05-06 11:40:22] MOVE asha (gray0): 43→31 [0.1ms]
[2026-05-06 11:40:22] MOVE chetan (lawn green): 102→90 [2.6ms]
[2026-05-06 11:40:22] MOVE asha (gray0): 63→53 [0.1ms]
[2026-05-06 11:40:23] MOVE chetan (lawn green): 90→78 [0.1ms]
[2026-05-06 11:40:23] MOVE asha (gray0): 31→18 [0.1ms]
[2026-05-06 11:40:23] MOVE chetan (lawn green): 78→67 [0.1ms]
[2026-05-06 11:40:23] MOVE asha (gray0): 53→54 [1.2ms]
[2026-05-06 11:40:23] MOVE chetan (lawn green): 67→57 [0.4ms]
[2026-05-06 11:40:23] MOVE asha (gray0): 18→9 [0.1ms]
[2026-05-06 11:40:23] MOVE chetan (lawn green): 57→56 [0.1ms]
[2026-05-06 11:40:24] MOVE asha (gray0): 54→43 [0.6ms]
[2026-05-06 11:40:24] MOVE chetan (lawn green): 56→66 [0.7ms]
[2026-05-06 11:40:24] MOVE asha (gray0): 9→17 [0.1ms]
[2026-05-06 11:40:24] MOVE chetan (lawn green): 66→77 [0.1ms]
[2026-05-06 11:40:24] MOVE asha (gray0): 43→31 [5.2ms]
[2026-05-06 11:40:25] MOVE chetan (lawn green): 77→89 [0.3ms]
[2026-05-06 11:40:25] MOVE asha (gray0): 17→30 [0.1ms]
[2026-05-06 11:40:25] MOVE chetan (lawn green): 89→102 [0.1ms]
[2026-05-06 11:40:25] MOVE asha (gray0): 31→18 [0.2ms]
[2026-05-06 11:40:25] MOVE chetan (lawn green): 102→90 [0.2ms]
[2026-05-06 11:40:25] MOVE asha (gray0): 30→31 [0.1ms]
[2026-05-06 11:40:25] MOVE chetan (lawn green): 90→78 [0.1ms]
[2026-05-06 11:40:26] MOVE asha (gray0): 18→9 [0.1ms]
[2026-05-06 11:40:26] MOVE chetan (lawn green): 78→67 [0.1ms]
[2026-05-06 11:40:26] MOVE asha (gray0): 31→18 [0.1ms]
[2026-05-06 11:40:26] MOVE chetan (lawn green): 67→57 [0.4ms]
[2026-05-06 11:40:26] MOVE asha (gray0): 9→31 [0.2ms]
[2026-05-06 11:40:26] MOVE chetan (lawn green): 57→56 [0.1ms]
[2026-05-06 11:40:27] MOVE asha (gray0): 18→43 [0.1ms]
[2026-05-06 11:40:27] MOVE chetan (lawn green): 56→66 [0.1ms]
[2026-05-06 11:40:27] MOVE asha (gray0): 31→54 [0.1ms]
[2026-05-06 11:40:27] MOVE chetan (lawn green): 66→77 [0.2ms]
[2026-05-06 11:40:27] MOVE asha (gray0): 43→64 [0.1ms]
[2026-05-06 11:40:27] MOVE chetan (lawn green): 77→89 [0.1ms]
[2026-05-06 11:40:28] MOVE asha (gray0): 54→43 [0.1ms]
[2026-05-06 11:40:28] MOVE chetan (lawn green): 89→102 [0.1ms]
[2026-05-06 11:40:28] MOVE asha (gray0): 64→54 [0.1ms]
[2026-05-06 11:40:28] MOVE chetan (lawn green): 102→90 [0.1ms]
[2026-05-06 11:40:28] MOVE asha (gray0): 43→64 [0.1ms]
[2026-05-06 11:40:28] MOVE chetan (lawn green): 90→78 [2.8ms]
[2026-05-06 11:40:29] MOVE asha (gray0): 54→74 [0.1ms]
[2026-05-06 11:40:29] MOVE chetan (lawn green): 78→67 [0.1ms]
[2026-05-06 11:40:29] MOVE asha (gray0): 64→63 [0.5ms]
[2026-05-06 11:40:29] MOVE chetan (lawn green): 67→57 [0.1ms]
[2026-05-06 11:40:29] MOVE asha (gray0): 74→73 [0.1ms]
[2026-05-06 11:40:29] MOVE chetan (lawn green): 57→56 [0.1ms]
[2026-05-06 11:40:29] MOVE asha (gray0): 63→53 [0.1ms]
[2026-05-06 11:40:30] MOVE chetan (lawn green): 56→66 [0.1ms]
[2026-05-06 11:40:30] MOVE asha (gray0): 73→63 [0.1ms]
[2026-05-06 11:40:30] MOVE chetan (lawn green): 66→77 [0.1ms]
[2026-05-06 11:40:30] MOVE asha (gray0): 53→54 [0.1ms]
[2026-05-06 11:40:30] MOVE chetan (lawn green): 77→89 [0.1ms]
[2026-05-06 11:40:30] MOVE asha (gray0): 63→64 [0.1ms]
[2026-05-06 11:40:31] MOVE chetan (lawn green): 89→102 [0.5ms]
[2026-05-06 11:40:31] MOVE asha (gray0): 54→43 [0.1ms]
[2026-05-06 11:40:31] MOVE chetan (lawn green): 102→90 [0.1ms]
[2026-05-06 11:40:31] MOVE asha (gray0): 64→54 [0.1ms]
[2026-05-06 11:40:31] MOVE chetan (lawn green): 90→78 [0.1ms]
[2026-05-06 11:40:31] MOVE asha (gray0): 43→64 [0.1ms]
[2026-05-06 11:40:31] MOVE chetan (lawn green): 78→67 [0.1ms]
[2026-05-06 11:40:32] MOVE asha (gray0): 54→43 [0.1ms]
[2026-05-06 11:40:32] MOVE chetan (lawn green): 67→57 [0.1ms]
[2026-05-06 11:40:32] MOVE asha (gray0): 64→63 [0.1ms]
[2026-05-06 11:40:32] MOVE chetan (lawn green): 57→56 [0.1ms]
[2026-05-06 11:40:32] MOVE asha (gray0): 43→31 [0.3ms]
[2026-05-06 11:40:32] MOVE chetan (lawn green): 56→66 [0.1ms]
[2026-05-06 11:40:33] MOVE asha (gray0): 63→53 [0.1ms]
[2026-05-06 11:40:33] MOVE chetan (lawn green): 66→77 [0.1ms]
[2026-05-06 11:40:33] MOVE asha (gray0): 31→18 [0.1ms]
[2026-05-06 11:40:33] MOVE chetan (lawn green): 77→89 [0.1ms]
[2026-05-06 11:40:33] MOVE asha (gray0): 53→54 [0.1ms]
[2026-05-06 11:40:33] MOVE chetan (lawn green): 89→102 [56.5ms]
[2026-05-06 11:40:34] MOVE asha (gray0): 18→9 [0.1ms]
[2026-05-06 11:40:34] MOVE chetan (lawn green): 102→90 [0.3ms]
[2026-05-06 11:40:34] MOVE asha (gray0): 54→43 [0.1ms]
[2026-05-06 11:40:34] MOVE chetan (lawn green): 90→78 [0.1ms]
[2026-05-06 11:40:34] MOVE asha (gray0): 9→17 [0.1ms]
[2026-05-06 11:40:34] MOVE chetan (lawn green): 78→67 [0.1ms]
[2026-05-06 11:40:34] MOVE asha (gray0): 43→31 [0.1ms]
[2026-05-06 11:40:35] MOVE chetan (lawn green): 67→57 [0.1ms]
[2026-05-06 11:40:35] MOVE asha (gray0): 17→30 [0.1ms]
[2026-05-06 11:40:35] MOVE chetan (lawn green): 57→56 [0.1ms]
[2026-05-06 11:40:35] MOVE asha (gray0): 31→18 [0.1ms]
[2026-05-06 11:40:35] MOVE chetan (lawn green): 56→66 [0.1ms]
[2026-05-06 11:40:35] MOVE asha (gray0): 30→31 [0.1ms]
[2026-05-06 11:40:36] MOVE chetan (lawn green): 66→77 [0.1ms]
[2026-05-06 11:40:36] MOVE asha (gray0): 18→9 [0.1ms]
[2026-05-06 11:40:36] MOVE chetan (lawn green): 77→89 [0.1ms]
[2026-05-06 11:40:36] MOVE asha (gray0): 31→18 [0.1ms]
[2026-05-06 11:40:36] MOVE chetan (lawn green): 89→102 [0.2ms]
[2026-05-06 11:40:36] MOVE asha (gray0): 9→31 [0.1ms]
[2026-05-06 11:40:37] MOVE chetan (lawn green): 102→90 [0.1ms]
[2026-05-06 11:40:37] MOVE asha (gray0): 18→43 [0.2ms]
[2026-05-06 11:40:37] MOVE chetan (lawn green): 90→78 [0.1ms]
[2026-05-06 11:40:37] MOVE asha (gray0): 31→54 [1.4ms]
[2026-05-06 11:40:37] MOVE chetan (lawn green): 78→67 [0.1ms]
[2026-05-06 11:40:37] MOVE asha (gray0): 43→64 [0.1ms]
[2026-05-06 11:40:38] MOVE chetan (lawn green): 67→57 [0.1ms]
[2026-05-06 11:40:38] MOVE asha (gray0): 54→43 [0.1ms]
[2026-05-06 11:40:38] MOVE chetan (lawn green): 57→56 [0.2ms]
[2026-05-06 11:40:38] MOVE asha (gray0): 64→54 [0.1ms]
[2026-05-06 11:40:38] MOVE chetan (lawn green): 56→66 [0.1ms]
[2026-05-06 11:40:38] MOVE asha (gray0): 43→64 [0.1ms]
[2026-05-06 11:40:38] MOVE chetan (lawn green): 66→77 [0.1ms]
[2026-05-06 11:40:39] MOVE asha (gray0): 54→74 [0.1ms]
[2026-05-06 11:40:39] MOVE chetan (lawn green): 77→89 [0.1ms]
[2026-05-06 11:40:39] MOVE asha (gray0): 64→63 [0.1ms]
[2026-05-06 11:40:39] MOVE chetan (lawn green): 89→102 [0.1ms]
[2026-05-06 11:40:39] MOVE asha (gray0): 74→73 [0.1ms]
[2026-05-06 11:40:39] MOVE chetan (lawn green): 102→90 [0.1ms]
[2026-05-06 11:40:40] MOVE asha (gray0): 63→53 [0.1ms]
[2026-05-06 11:40:40] MOVE chetan (lawn green): 90→78 [0.1ms]
[2026-05-06 11:40:40] MOVE asha (gray0): 73→63 [0.1ms]
[2026-05-06 11:40:40] MOVE chetan (lawn green): 78→67 [0.1ms]
[2026-05-06 11:40:40] MOVE asha (gray0): 53→54 [0.1ms]
[2026-05-06 11:40:40] MOVE chetan (lawn green): 67→57 [0.1ms]
[2026-05-06 11:40:40] MOVE asha (gray0): 63→64 [0.1ms]
[2026-05-06 11:40:41] MOVE chetan (lawn green): 57→56 [0.1ms]
[2026-05-06 11:40:41] MOVE asha (gray0): 54→43 [0.1ms]
[2026-05-06 11:40:41] MOVE chetan (lawn green): 56→66 [0.1ms]
[2026-05-06 11:40:41] MOVE asha (gray0): 64→54 [0.1ms]
[2026-05-06 11:40:41] MOVE chetan (lawn green): 66→77 [0.1ms]
[2026-05-06 11:40:41] MOVE asha (gray0): 43→64 [0.1ms]
[2026-05-06 11:40:42] MOVE chetan (lawn green): 77→89 [0.1ms]
[2026-05-06 11:40:42] MOVE asha (gray0): 54→43 [0.1ms]
[2026-05-06 11:40:42] MOVE chetan (lawn green): 89→102 [0.1ms]
[2026-05-06 11:40:42] MOVE asha (gray0): 64→63 [0.2ms]
[2026-05-06 11:40:42] MOVE chetan (lawn green): 102→90 [0.1ms]
[2026-05-06 11:40:42] MOVE asha (gray0): 43→31 [0.1ms]
[2026-05-06 11:40:43] MOVE chetan (lawn green): 90→78 [1.5ms]
[2026-05-06 11:40:43] MOVE asha (gray0): 63→53 [0.1ms]
[2026-05-06 11:40:43] MOVE chetan (lawn green): 78→67 [0.4ms]
[2026-05-06 11:40:43] MOVE asha (gray0): 31→18 [0.1ms]
[2026-05-06 11:40:43] MOVE chetan (lawn green): 67→57 [0.1ms]
[2026-05-06 11:40:43] MOVE asha (gray0): 53→54 [0.7ms]
[2026-05-06 11:40:43] MOVE chetan (lawn green): 57→56 [0.1ms]
[2026-05-06 11:40:44] MOVE asha (gray0): 18→9 [2.1ms]
[2026-05-06 11:40:44] MOVE chetan (lawn green): 56→66 [0.2ms]
[2026-05-06 11:40:44] MOVE asha (gray0): 54→43 [0.1ms]
[2026-05-06 11:40:44] MOVE chetan (lawn green): 66→77 [0.2ms]
[2026-05-06 11:40:44] MOVE asha (gray0): 9→17 [0.1ms]
[2026-05-06 11:40:44] SCORE chetan (lawn green): Final=1099.0, Time=0.0, Moves(1230)=0.0, Pins(9)=900.0, Dist=199.0
[2026-05-06 11:40:44] SCORE asha (gray0): Final=997.0, Time=0.0, Moves(1230)=0.0, Pins(8)=800.0, Dist=197.0
[2026-05-06 11:40:44] GAME TIME LIMIT REACHED.
[2026-05-06 11:40:45] SCORE chetan (lawn green): Final=1099.0, Time=0.0, Moves(1230)=0.0, Pins(9)=900.0, Dist=199.0
[2026-05-06 11:40:45] SCORE asha (gray0): Final=997.0, Time=0.0, Moves(1230)=0.0, Pins(8)=800.0, Dist=197.0
[2026-05-06 11:40:45] GAME TIME LIMIT REACHED.
[2026-05-06 11:40:45] SCORE chetan (lawn green): Final=1099.0, Time=0.0, Moves(1230)=0.0, Pins(9)=900.0, Dist=199.0
[2026-05-06 11:40:45] SCORE asha (gray0): Final=997.0, Time=0.0, Moves(1230)=0.0, Pins(8)=800.0, Dist=197.0
[2026-05-06 11:40:45] GAME TIME LIMIT REACHED.
