[2026-05-06 11:46:44] GAME CREATED
[2026-05-06 11:46:49] PLAYER JOINED: chetan as lawn green
[2026-05-06 11:46:54] PLAYER JOINED: asha as gray0
[2026-05-06 11:46:58] GAME STARTED — turn order: ['lawn green', 'gray0']
[2026-05-06 11:46:58] MOVE chetan (lawn green): 20→18 [0.1ms]
[2026-05-06 11:46:58] MOVE asha (gray0): 75→56 [0.3ms]
[2026-05-06 11:46:58] MOVE chetan (lawn green): 22→43 [0.1ms]
[2026-05-06 11:46:58] MOVE asha (gray0): 98→77 [0.2ms]
[2026-05-06 11:46:59] MOVE chetan (lawn green): 19→17 [0.1ms]
[2026-05-06 11:46:59] MOVE asha (gray0): 65→47 [0.1ms]
[2026-05-06 11:46:59] MOVE chetan (lawn green): 33→29 [0.1ms]
[2026-05-06 11:46:59] MOVE asha (gray0): 87→48 [0.2ms]
[2026-05-06 11:46:59] MOVE chetan (lawn green): 17→40 [0.1ms]
[2026-05-06 11:46:59] MOVE asha (gray0): 47→49 [0.3ms]
[2026-05-06 11:46:59] MOVE chetan (lawn green): 29→50 [0.1ms]
[2026-05-06 11:47:00] MOVE asha (gray0): 88→47 [0.3ms]
[2026-05-06 11:47:00] MOVE chetan (lawn green): 40→57 [0.1ms]
[2026-05-06 11:47:00] MOVE asha (gray0): 56→39 [0.1ms]
[2026-05-06 11:47:00] MOVE chetan (lawn green): 50→59 [0.1ms]
[2026-05-06 11:47:00] MOVE asha (gray0): 49→28 [0.1ms]
[2026-05-06 11:47:00] MOVE chetan (lawn green): 57→56 [0.2ms]
[2026-05-06 11:47:00] MOVE asha (gray0): 39→16 [0.1ms]
[2026-05-06 11:47:01] MOVE chetan (lawn green): 56→65 [0.1ms]
[2026-05-06 11:47:01] MOVE asha (gray0): 100→60 [3.6ms]
[2026-05-06 11:47:01] MOVE chetan (lawn green): 65→75 [0.1ms]
[2026-05-06 11:47:01] MOVE asha (gray0): 47→51 [0.1ms]
[2026-05-06 11:47:01] MOVE chetan (lawn green): 75→65 [0.1ms]
[2026-05-06 11:47:01] MOVE asha (gray0): 60→41 [0.1ms]
[2026-05-06 11:47:02] MOVE chetan (lawn green): 65→75 [0.2ms]
[2026-05-06 11:47:02] MOVE asha (gray0): 51→30 [0.1ms]
[2026-05-06 11:47:02] MOVE chetan (lawn green): 75→65 [0.1ms]
[2026-05-06 11:47:02] MOVE asha (gray0): 16→17 [0.3ms]
[2026-05-06 11:47:02] MOVE chetan (lawn green): 65→75 [0.1ms]
[2026-05-06 11:47:02] MOVE asha (gray0): 17→19 [0.1ms]
[2026-05-06 11:47:03] MOVE chetan (lawn green): 75→65 [0.1ms]
[2026-05-06 11:47:03] MOVE asha (gray0): 19→20 [0.7ms]
[2026-05-06 11:47:03] MOVE chetan (lawn green): 65→75 [0.1ms]
[2026-05-06 11:47:03] MOVE asha (gray0): 20→19 [0.1ms]
[2026-05-06 11:47:03] MOVE chetan (lawn green): 75→65 [0.1ms]
[2026-05-06 11:47:03] MOVE asha (gray0): 19→20 [0.1ms]
[2026-05-06 11:47:03] MOVE chetan (lawn green): 65→75 [0.1ms]
[2026-05-06 11:47:04] MOVE asha (gray0): 20→19 [0.1ms]
[2026-05-06 11:47:04] MOVE chetan (lawn green): 75→65 [0.1ms]
[2026-05-06 11:47:04] MOVE asha (gray0): 19→20 [0.1ms]
[2026-05-06 11:47:04] MOVE chetan (lawn green): 65→75 [0.1ms]
[2026-05-06 11:47:04] MOVE asha (gray0): 20→19 [0.1ms]
[2026-05-06 11:47:04] MOVE chetan (lawn green): 75→65 [0.4ms]
[2026-05-06 11:47:05] MOVE asha (gray0): 19→20 [0.1ms]
[2026-05-06 11:47:05] MOVE chetan (lawn green): 65→75 [0.1ms]
[2026-05-06 11:47:05] MOVE asha (gray0): 20→19 [0.1ms]
[2026-05-06 11:47:05] MOVE chetan (lawn green): 75→65 [0.1ms]
[2026-05-06 11:47:05] MOVE asha (gray0): 19→20 [0.1ms]
[2026-05-06 11:47:05] MOVE chetan (lawn green): 65→75 [0.1ms]
[2026-05-06 11:47:05] MOVE asha (gray0): 20→19 [0.1ms]
[2026-05-06 11:47:06] MOVE chetan (lawn green): 75→65 [0.1ms]
[2026-05-06 11:47:06] MOVE asha (gray0): 19→20 [0.1ms]
[2026-05-06 11:47:06] MOVE chetan (lawn green): 65→75 [0.1ms]
[2026-05-06 11:47:06] MOVE asha (gray0): 20→19 [0.1ms]
[2026-05-06 11:47:06] MOVE chetan (lawn green): 75→65 [0.1ms]
[2026-05-06 11:47:06] MOVE asha (gray0): 19→20 [0.1ms]
[2026-05-06 11:47:07] MOVE chetan (lawn green): 65→75 [0.1ms]
[2026-05-06 11:47:07] MOVE asha (gray0): 20→19 [0.1ms]
[2026-05-06 11:47:07] MOVE chetan (lawn green): 75→65 [0.1ms]
[2026-05-06 11:47:07] MOVE asha (gray0): 19→20 [0.1ms]
[2026-05-06 11:47:07] MOVE chetan (lawn green): 65→75 [0.1ms]
[2026-05-06 11:47:07] MOVE asha (gray0): 20→19 [0.1ms]
[2026-05-06 11:47:07] MOVE chetan (lawn green): 75→65 [0.1ms]
[2026-05-06 11:47:08] MOVE asha (gray0): 19→20 [0.1ms]
[2026-05-06 11:47:08] MOVE chetan (lawn green): 65→75 [0.1ms]
[2026-05-06 11:47:08] MOVE asha (gray0): 20→19 [0.1ms]
[2026-05-06 11:47:08] MOVE chetan (lawn green): 75→65 [0.1ms]
[2026-05-06 11:47:08] MOVE asha (gray0): 19→20 [0.1ms]
[2026-05-06 11:47:08] MOVE chetan (lawn green): 65→75 [0.1ms]
[2026-05-06 11:47:09] MOVE asha (gray0): 20→19 [0.1ms]
[2026-05-06 11:47:09] MOVE chetan (lawn green): 75→65 [0.1ms]
[2026-05-06 11:47:09] MOVE asha (gray0): 19→20 [0.1ms]
[2026-05-06 11:47:09] MOVE chetan (lawn green): 65→75 [0.1ms]
[2026-05-06 11:47:09] MOVE asha (gray0): 20→19 [0.1ms]
[2026-05-06 11:47:09] MOVE chetan (lawn green): 75→65 [0.1ms]
[2026-05-06 11:47:09] MOVE asha (gray0): 19→20 [0.1ms]
[2026-05-06 11:47:10] MOVE chetan (lawn green): 65→75 [0.3ms]
[2026-05-06 11:47:10] MOVE asha (gray0): 20→19 [0.1ms]
[2026-05-06 11:47:10] MOVE chetan (lawn green): 75→65 [0.1ms]
[2026-05-06 11:47:10] MOVE asha (gray0): 19→20 [0.1ms]
[2026-05-06 11:47:10] MOVE chetan (lawn green): 65→75 [0.1ms]
[2026-05-06 11:47:10] MOVE asha (gray0): 20→19 [0.1ms]
[2026-05-06 11:47:11] MOVE chetan (lawn green): 75→65 [0.3ms]
[2026-05-06 11:47:11] MOVE asha (gray0): 19→20 [0.1ms]
[2026-05-06 11:47:11] MOVE chetan (lawn green): 65→75 [0.1ms]
[2026-05-06 11:47:11] MOVE asha (gray0): 20→19 [0.1ms]
[2026-05-06 11:47:11] MOVE chetan (lawn green): 75→65 [0.1ms]
[2026-05-06 11:47:11] MOVE asha (gray0): 19→20 [0.1ms]
[2026-05-06 11:47:12] MOVE chetan (lawn green): 65→75 [0.1ms]
[2026-05-06 11:47:12] MOVE asha (gray0): 20→19 [0.1ms]
[2026-05-06 11:47:12] MOVE chetan (lawn green): 75→65 [0.0ms]
[2026-05-06 11:47:12] MOVE asha (gray0): 19→20 [0.4ms]
[2026-05-06 11:47:12] MOVE chetan (lawn green): 65→75 [0.1ms]
[2026-05-06 11:47:12] MOVE asha (gray0): 20→19 [0.1ms]
[2026-05-06 11:47:12] MOVE chetan (lawn green): 75→65 [0.1ms]
[2026-05-06 11:47:13] MOVE asha (gray0): 19→20 [0.1ms]
[2026-05-06 11:47:13] MOVE chetan (lawn green): 65→75 [0.1ms]
[2026-05-06 11:47:13] MOVE asha (gray0): 20→19 [0.1ms]
[2026-05-06 11:47:13] MOVE chetan (lawn green): 75→65 [0.1ms]
[2026-05-06 11:47:13] MOVE asha (gray0): 19→20 [0.1ms]
[2026-05-06 11:47:13] MOVE chetan (lawn green): 65→75 [0.1ms]
[2026-05-06 11:47:14] MOVE asha (gray0): 20→19 [0.2ms]
[2026-05-06 11:47:14] MOVE chetan (lawn green): 75→65 [0.1ms]
[2026-05-06 11:47:14] MOVE asha (gray0): 19→20 [0.1ms]
[2026-05-06 11:47:14] MOVE chetan (lawn green): 65→75 [0.1ms]
[2026-05-06 11:47:14] MOVE asha (gray0): 20→19 [0.1ms]
[2026-05-06 11:47:14] MOVE chetan (lawn green): 75→65 [0.1ms]
[2026-05-06 11:47:14] MOVE asha (gray0): 19→20 [0.1ms]
[2026-05-06 11:47:15] MOVE chetan (lawn green): 65→75 [0.1ms]
[2026-05-06 11:47:15] MOVE asha (gray0): 20→19 [0.1ms]
[2026-05-06 11:47:15] MOVE chetan (lawn green): 75→65 [0.1ms]
[2026-05-06 11:47:15] MOVE asha (gray0): 19→20 [0.1ms]
[2026-05-06 11:47:15] MOVE chetan (lawn green): 65→75 [0.1ms]
[2026-05-06 11:47:15] MOVE asha (gray0): 20→19 [0.1ms]
[2026-05-06 11:47:16] MOVE chetan (lawn green): 75→65 [0.1ms]
[2026-05-06 11:47:16] MOVE asha (gray0): 19→20 [0.1ms]
[2026-05-06 11:47:16] MOVE chetan (lawn green): 65→75 [0.1ms]
[2026-05-06 11:47:16] MOVE asha (gray0): 20→19 [0.1ms]
[2026-05-06 11:47:16] MOVE chetan (lawn green): 75→65 [0.1ms]
[2026-05-06 11:47:16] MOVE asha (gray0): 19→20 [0.1ms]
[2026-05-06 11:47:16] MOVE chetan (lawn green): 65→75 [0.2ms]
[2026-05-06 11:47:17] MOVE asha (gray0): 20→19 [2.3ms]
[2026-05-06 11:47:17] MOVE chetan (lawn green): 75→65 [0.1ms]
[2026-05-06 11:47:17] MOVE asha (gray0): 19→20 [0.1ms]
[2026-05-06 11:47:17] MOVE chetan (lawn green): 65→75 [5.6ms]
[2026-05-06 11:47:17] MOVE asha (gray0): 20→19 [3.0ms]
[2026-05-06 11:47:18] MOVE chetan (lawn green): 75→65 [0.1ms]
[2026-05-06 11:47:18] MOVE asha (gray0): 19→20 [0.6ms]
[2026-05-06 11:47:18] MOVE chetan (lawn green): 65→75 [0.1ms]
[2026-05-06 11:47:18] MOVE asha (gray0): 20→19 [0.9ms]
[2026-05-06 11:47:18] MOVE chetan (lawn green): 75→65 [0.1ms]
[2026-05-06 11:47:18] MOVE asha (gray0): 19→20 [0.7ms]
[2026-05-06 11:47:18] MOVE chetan (lawn green): 65→75 [0.1ms]
[2026-05-06 11:47:19] MOVE asha (gray0): 20→19 [0.1ms]
[2026-05-06 11:47:19] MOVE chetan (lawn green): 75→65 [0.1ms]
[2026-05-06 11:47:19] MOVE asha (gray0): 19→20 [0.2ms]
[2026-05-06 11:47:19] MOVE chetan (lawn green): 65→75 [0.1ms]
[2026-05-06 11:47:19] MOVE asha (gray0): 20→19 [0.1ms]
[2026-05-06 11:47:19] MOVE chetan (lawn green): 75→65 [0.1ms]
[2026-05-06 11:47:20] MOVE asha (gray0): 19→20 [0.1ms]
[2026-05-06 11:47:20] MOVE chetan (lawn green): 65→75 [0.1ms]
[2026-05-06 11:47:20] MOVE asha (gray0): 20→19 [0.1ms]
[2026-05-06 11:47:20] MOVE chetan (lawn green): 75→65 [0.1ms]
[2026-05-06 11:47:20] MOVE asha (gray0): 19→20 [0.1ms]
[2026-05-06 11:47:20] MOVE chetan (lawn green): 65→75 [0.3ms]
[2026-05-06 11:47:21] MOVE asha (gray0): 20→19 [0.3ms]
[2026-05-06 11:47:21] MOVE chetan (lawn green): 75→65 [0.1ms]
[2026-05-06 11:47:21] MOVE asha (gray0): 19→20 [0.1ms]
[2026-05-06 11:47:21] MOVE chetan (lawn green): 65→75 [0.1ms]
[2026-05-06 11:47:21] MOVE asha (gray0): 20→19 [1.2ms]
[2026-05-06 11:47:21] MOVE chetan (lawn green): 75→65 [0.1ms]
[2026-05-06 11:47:21] MOVE asha (gray0): 19→20 [0.1ms]
[2026-05-06 11:47:22] MOVE chetan (lawn green): 65→75 [0.2ms]
[2026-05-06 11:47:22] MOVE asha (gray0): 20→19 [1.2ms]
[2026-05-06 11:47:22] MOVE chetan (lawn green): 75→65 [0.1ms]
[2026-05-06 11:47:22] MOVE asha (gray0): 19→20 [0.1ms]
[2026-05-06 11:47:22] MOVE chetan (lawn green): 65→75 [0.2ms]
[2026-05-06 11:47:22] MOVE asha (gray0): 20→19 [0.1ms]
[2026-05-06 11:47:23] MOVE chetan (lawn green): 75→65 [0.1ms]
[2026-05-06 11:47:23] MOVE asha (gray0): 19→20 [0.1ms]
[2026-05-06 11:47:23] MOVE chetan (lawn green): 65→75 [0.1ms]
[2026-05-06 11:47:23] MOVE asha (gray0): 20→19 [0.1ms]
[2026-05-06 11:47:23] MOVE chetan (lawn green): 75→65 [0.1ms]
[2026-05-06 11:47:23] MOVE asha (gray0): 19→20 [0.1ms]
[2026-05-06 11:47:23] MOVE chetan (lawn green): 65→75 [0.1ms]
[2026-05-06 11:47:24] MOVE asha (gray0): 20→19 [0.1ms]
[2026-05-06 11:47:24] MOVE chetan (lawn green): 75→65 [0.1ms]
[2026-05-06 11:47:24] MOVE asha (gray0): 19→20 [0.1ms]
[2026-05-06 11:47:24] MOVE chetan (lawn green): 65→75 [0.1ms]
[2026-05-06 11:47:24] MOVE asha (gray0): 20→19 [0.3ms]
[2026-05-06 11:47:24] MOVE chetan (lawn green): 75→65 [0.1ms]
[2026-05-06 11:47:25] MOVE asha (gray0): 19→20 [0.1ms]
[2026-05-06 11:47:25] MOVE chetan (lawn green): 65→75 [0.1ms]
[2026-05-06 11:47:25] MOVE asha (gray0): 20→19 [0.1ms]
[2026-05-06 11:47:25] MOVE chetan (lawn green): 75→65 [0.1ms]
[2026-05-06 11:47:25] MOVE asha (gray0): 19→20 [0.1ms]
[2026-05-06 11:47:25] MOVE chetan (lawn green): 65→75 [0.1ms]
[2026-05-06 11:47:26] MOVE asha (gray0): 20→19 [0.1ms]
[2026-05-06 11:47:26] MOVE chetan (lawn green): 75→65 [0.1ms]
[2026-05-06 11:47:26] MOVE asha (gray0): 19→20 [0.1ms]
[2026-05-06 11:47:26] MOVE chetan (lawn green): 65→75 [0.1ms]
[2026-05-06 11:47:26] MOVE asha (gray0): 20→19 [0.2ms]
[2026-05-06 11:47:26] MOVE chetan (lawn green): 75→65 [0.8ms]
[2026-05-06 11:47:26] MOVE asha (gray0): 19→20 [0.1ms]
[2026-05-06 11:47:27] MOVE chetan (lawn green): 65→75 [0.1ms]
[2026-05-06 11:47:27] MOVE asha (gray0): 20→19 [0.3ms]
[2026-05-06 11:47:27] MOVE chetan (lawn green): 75→65 [0.1ms]
[2026-05-06 11:47:27] MOVE asha (gray0): 19→20 [0.1ms]
[2026-05-06 11:47:27] MOVE chetan (lawn green): 65→75 [0.1ms]
[2026-05-06 11:47:27] MOVE asha (gray0): 20→19 [0.1ms]
[2026-05-06 11:47:27] MOVE chetan (lawn green): 75→65 [0.1ms]
[2026-05-06 11:47:28] MOVE asha (gray0): 19→20 [0.1ms]
[2026-05-06 11:47:28] MOVE chetan (lawn green): 65→75 [0.1ms]
[2026-05-06 11:47:28] MOVE asha (gray0): 20→19 [0.1ms]
[2026-05-06 11:47:28] MOVE chetan (lawn green): 75→65 [0.1ms]
[2026-05-06 11:47:28] MOVE asha (gray0): 19→20 [4.6ms]
[2026-05-06 11:47:28] MOVE chetan (lawn green): 65→75 [0.2ms]
[2026-05-06 11:47:29] MOVE asha (gray0): 20→19 [0.1ms]
[2026-05-06 11:47:29] MOVE chetan (lawn green): 75→65 [0.1ms]
[2026-05-06 11:47:29] MOVE asha (gray0): 19→20 [0.2ms]
[2026-05-06 11:47:29] MOVE chetan (lawn green): 65→75 [0.1ms]
[2026-05-06 11:47:29] MOVE asha (gray0): 20→19 [0.1ms]
[2026-05-06 11:47:29] MOVE chetan (lawn green): 75→65 [0.1ms]
[2026-05-06 11:47:30] MOVE asha (gray0): 19→20 [0.1ms]
[2026-05-06 11:47:30] MOVE chetan (lawn green): 65→75 [0.1ms]
[2026-05-06 11:47:30] MOVE asha (gray0): 20→19 [0.1ms]
[2026-05-06 11:47:30] MOVE chetan (lawn green): 75→65 [0.1ms]
[2026-05-06 11:47:30] MOVE asha (gray0): 19→20 [0.1ms]
[2026-05-06 11:47:30] MOVE chetan (lawn green): 65→75 [0.1ms]
[2026-05-06 11:47:31] MOVE asha (gray0): 20→19 [0.1ms]
[2026-05-06 11:47:31] MOVE chetan (lawn green): 75→65 [0.1ms]
[2026-05-06 11:47:31] MOVE asha (gray0): 19→20 [0.1ms]
[2026-05-06 11:47:31] MOVE chetan (lawn green): 65→75 [0.1ms]
[2026-05-06 11:47:31] MOVE asha (gray0): 20→19 [0.1ms]
[2026-05-06 11:47:31] MOVE chetan (lawn green): 75→65 [0.1ms]
[2026-05-06 11:47:31] MOVE asha (gray0): 19→20 [0.1ms]
[2026-05-06 11:47:32] MOVE chetan (lawn green): 65→75 [1.6ms]
[2026-05-06 11:47:32] MOVE asha (gray0): 20→19 [0.1ms]
[2026-05-06 11:47:32] MOVE chetan (lawn green): 75→65 [0.1ms]
[2026-05-06 11:47:32] MOVE asha (gray0): 19→20 [0.1ms]
[2026-05-06 11:47:32] MOVE chetan (lawn green): 65→75 [0.1ms]
[2026-05-06 11:47:32] MOVE asha (gray0): 20→19 [0.1ms]
[2026-05-06 11:47:32] MOVE chetan (lawn green): 75→65 [0.1ms]
[2026-05-06 11:47:33] MOVE asha (gray0): 19→20 [0.1ms]
[2026-05-06 11:47:33] MOVE chetan (lawn green): 65→75 [0.1ms]
[2026-05-06 11:47:33] MOVE asha (gray0): 20→19 [0.1ms]
[2026-05-06 11:47:33] MOVE chetan (lawn green): 75→65 [0.1ms]
[2026-05-06 11:47:33] MOVE asha (gray0): 19→20 [0.3ms]
[2026-05-06 11:47:33] MOVE chetan (lawn green): 65→75 [0.1ms]
[2026-05-06 11:47:34] MOVE asha (gray0): 20→19 [0.1ms]
[2026-05-06 11:47:34] MOVE chetan (lawn green): 75→65 [0.1ms]
[2026-05-06 11:47:34] MOVE asha (gray0): 19→20 [0.3ms]
[2026-05-06 11:47:34] MOVE chetan (lawn green): 65→75 [0.1ms]
[2026-05-06 11:47:34] MOVE asha (gray0): 20→19 [0.1ms]
[2026-05-06 11:47:34] MOVE chetan (lawn green): 75→65 [0.1ms]
[2026-05-06 11:47:35] MOVE asha (gray0): 19→20 [0.1ms]
[2026-05-06 11:47:35] MOVE chetan (lawn green): 65→75 [0.1ms]
[2026-05-06 11:47:35] MOVE asha (gray0): 20→19 [0.1ms]
[2026-05-06 11:47:35] MOVE chetan (lawn green): 75→65 [0.1ms]
[2026-05-06 11:47:35] MOVE asha (gray0): 19→20 [0.1ms]
[2026-05-06 11:47:35] MOVE chetan (lawn green): 65→75 [0.5ms]
[2026-05-06 11:47:35] MOVE asha (gray0): 20→19 [0.1ms]
[2026-05-06 11:47:36] MOVE chetan (lawn green): 75→65 [0.2ms]
[2026-05-06 11:47:36] MOVE asha (gray0): 19→20 [0.1ms]
[2026-05-06 11:47:36] MOVE chetan (lawn green): 65→75 [0.1ms]
[2026-05-06 11:47:36] MOVE asha (gray0): 20→19 [0.1ms]
[2026-05-06 11:47:36] MOVE chetan (lawn green): 75→65 [0.1ms]
[2026-05-06 11:47:36] MOVE asha (gray0): 19→20 [0.1ms]
[2026-05-06 11:47:37] MOVE chetan (lawn green): 65→75 [0.1ms]
[2026-05-06 11:47:37] MOVE asha (gray0): 20→19 [0.2ms]
[2026-05-06 11:47:37] MOVE chetan (lawn green): 75→65 [0.1ms]
[2026-05-06 11:47:37] MOVE asha (gray0): 19→20 [0.1ms]
[2026-05-06 11:47:37] MOVE chetan (lawn green): 65→75 [0.1ms]
[2026-05-06 11:47:37] MOVE asha (gray0): 20→19 [0.1ms]
[2026-05-06 11:47:37] MOVE chetan (lawn green): 75→65 [0.1ms]
[2026-05-06 11:47:38] MOVE asha (gray0): 19→20 [28.4ms]
[2026-05-06 11:47:38] MOVE chetan (lawn green): 65→75 [0.1ms]
[2026-05-06 11:47:38] MOVE asha (gray0): 20→19 [0.1ms]
[2026-05-06 11:47:38] MOVE chetan (lawn green): 75→65 [0.1ms]
[2026-05-06 11:47:38] MOVE asha (gray0): 19→20 [0.1ms]
[2026-05-06 11:47:38] MOVE chetan (lawn green): 65→75 [0.1ms]
[2026-05-06 11:47:39] MOVE asha (gray0): 20→19 [0.2ms]
[2026-05-06 11:47:39] MOVE chetan (lawn green): 75→65 [0.1ms]
[2026-05-06 11:47:39] MOVE asha (gray0): 19→20 [0.2ms]
[2026-05-06 11:47:39] MOVE chetan (lawn green): 65→75 [0.1ms]
[2026-05-06 11:47:39] MOVE asha (gray0): 20→19 [0.1ms]
[2026-05-06 11:47:39] MOVE chetan (lawn green): 75→65 [0.1ms]
[2026-05-06 11:47:40] MOVE asha (gray0): 19→20 [0.1ms]
[2026-05-06 11:47:40] MOVE chetan (lawn green): 65→75 [0.1ms]
[2026-05-06 11:47:40] MOVE asha (gray0): 20→19 [0.1ms]
[2026-05-06 11:47:40] MOVE chetan (lawn green): 75→65 [0.1ms]
[2026-05-06 11:47:40] MOVE asha (gray0): 19→20 [0.1ms]
[2026-05-06 11:47:40] MOVE chetan (lawn green): 65→75 [0.1ms]
[2026-05-06 11:47:41] MOVE asha (gray0): 20→19 [0.1ms]
[2026-05-06 11:47:41] MOVE chetan (lawn green): 75→65 [0.1ms]
[2026-05-06 11:47:41] MOVE asha (gray0): 19→20 [0.2ms]
[2026-05-06 11:47:41] MOVE chetan (lawn green): 65→75 [0.1ms]
[2026-05-06 11:47:41] MOVE asha (gray0): 20→19 [0.3ms]
[2026-05-06 11:47:41] MOVE chetan (lawn green): 75→65 [0.2ms]
[2026-05-06 11:47:42] MOVE asha (gray0): 19→20 [0.1ms]
[2026-05-06 11:47:42] MOVE chetan (lawn green): 65→75 [0.1ms]
[2026-05-06 11:47:42] MOVE asha (gray0): 20→19 [0.1ms]
[2026-05-06 11:47:42] MOVE chetan (lawn green): 75→65 [0.1ms]
[2026-05-06 11:47:42] MOVE asha (gray0): 19→20 [0.1ms]
[2026-05-06 11:47:42] MOVE chetan (lawn green): 65→75 [0.1ms]
[2026-05-06 11:47:43] MOVE asha (gray0): 20→19 [0.1ms]
[2026-05-06 11:47:43] MOVE chetan (lawn green): 75→65 [0.2ms]
[2026-05-06 11:47:43] MOVE asha (gray0): 19→20 [0.1ms]
[2026-05-06 11:47:43] MOVE chetan (lawn green): 65→75 [0.1ms]
[2026-05-06 11:47:44] MOVE asha (gray0): 20→19 [0.6ms]
[2026-05-06 11:47:44] MOVE chetan (lawn green): 75→65 [0.1ms]
[2026-05-06 11:47:44] MOVE asha (gray0): 19→20 [0.1ms]
[2026-05-06 11:47:44] MOVE chetan (lawn green): 65→75 [0.1ms]
[2026-05-06 11:47:44] MOVE asha (gray0): 20→19 [0.1ms]
[2026-05-06 11:47:44] MOVE chetan (lawn green): 75→65 [0.1ms]
[2026-05-06 11:47:45] MOVE asha (gray0): 19→20 [0.1ms]
[2026-05-06 11:47:45] MOVE chetan (lawn green): 65→75 [0.1ms]
[2026-05-06 11:47:45] MOVE asha (gray0): 20→19 [0.1ms]
[2026-05-06 11:47:45] MOVE chetan (lawn green): 75→65 [0.1ms]
[2026-05-06 11:47:45] MOVE asha (gray0): 19→20 [0.3ms]
[2026-05-06 11:47:46] MOVE chetan (lawn green): 65→75 [0.8ms]
[2026-05-06 11:47:46] MOVE asha (gray0): 20→19 [0.1ms]
[2026-05-06 11:47:46] MOVE chetan (lawn green): 75→65 [0.1ms]
[2026-05-06 11:47:46] MOVE asha (gray0): 19→20 [0.1ms]
[2026-05-06 11:47:46] MOVE chetan (lawn green): 65→75 [0.1ms]
[2026-05-06 11:47:46] MOVE asha (gray0): 20→19 [0.2ms]
[2026-05-06 11:47:47] MOVE chetan (lawn green): 75→65 [0.1ms]
[2026-05-06 11:47:47] MOVE asha (gray0): 19→20 [0.1ms]
[2026-05-06 11:47:47] MOVE chetan (lawn green): 65→75 [0.1ms]
[2026-05-06 11:47:47] MOVE asha (gray0): 20→19 [0.1ms]
[2026-05-06 11:47:47] MOVE chetan (lawn green): 75→65 [0.1ms]
[2026-05-06 11:47:47] MOVE asha (gray0): 19→20 [0.1ms]
[2026-05-06 11:47:48] MOVE chetan (lawn green): 65→75 [0.1ms]
[2026-05-06 11:47:48] MOVE asha (gray0): 20→19 [0.1ms]
[2026-05-06 11:47:48] MOVE chetan (lawn green): 75→65 [0.3ms]
[2026-05-06 11:47:48] MOVE asha (gray0): 19→20 [0.1ms]
[2026-05-06 11:47:48] MOVE chetan (lawn green): 65→75 [0.1ms]
[2026-05-06 11:47:48] MOVE asha (gray0): 20→19 [0.1ms]
[2026-05-06 11:47:49] MOVE chetan (lawn green): 75→65 [0.1ms]
[2026-05-06 11:47:49] MOVE asha (gray0): 19→20 [0.1ms]
[2026-05-06 11:47:49] MOVE chetan (lawn green): 65→75 [0.1ms]
[2026-05-06 11:47:49] MOVE asha (gray0): 20→19 [0.2ms]
[2026-05-06 11:47:49] MOVE chetan (lawn green): 75→65 [0.1ms]
[2026-05-06 11:47:50] MOVE asha (gray0): 19→20 [0.1ms]
[2026-05-06 11:47:50] MOVE chetan (lawn green): 65→75 [0.1ms]
[2026-05-06 11:47:50] MOVE asha (gray0): 20→19 [0.1ms]
[2026-05-06 11:47:50] MOVE chetan (lawn green): 75→65 [0.1ms]
[2026-05-06 11:47:50] MOVE asha (gray0): 19→20 [0.1ms]
[2026-05-06 11:47:50] MOVE chetan (lawn green): 65→75 [0.2ms]
[2026-05-06 11:47:51] MOVE asha (gray0): 20→19 [0.1ms]
[2026-05-06 11:47:51] MOVE chetan (lawn green): 75→65 [0.5ms]
[2026-05-06 11:47:51] MOVE asha (gray0): 19→20 [0.1ms]
[2026-05-06 11:47:51] MOVE chetan (lawn green): 65→75 [0.1ms]
[2026-05-06 11:47:51] MOVE asha (gray0): 20→19 [0.2ms]
[2026-05-06 11:47:51] MOVE chetan (lawn green): 75→65 [0.1ms]
[2026-05-06 11:47:51] MOVE asha (gray0): 19→20 [0.1ms]
[2026-05-06 11:47:52] MOVE chetan (lawn green): 65→75 [0.1ms]
[2026-05-06 11:47:52] MOVE asha (gray0): 20→19 [0.1ms]
[2026-05-06 11:47:52] MOVE chetan (lawn green): 75→65 [0.1ms]
[2026-05-06 11:47:52] MOVE asha (gray0): 19→20 [0.2ms]
[2026-05-06 11:47:52] MOVE chetan (lawn green): 65→75 [0.1ms]
[2026-05-06 11:47:52] MOVE asha (gray0): 20→19 [0.1ms]
[2026-05-06 11:47:52] MOVE chetan (lawn green): 75→65 [0.1ms]
[2026-05-06 11:47:53] MOVE asha (gray0): 19→20 [0.1ms]
[2026-05-06 11:47:53] MOVE chetan (lawn green): 65→75 [0.1ms]
[2026-05-06 11:47:53] MOVE asha (gray0): 20→19 [0.1ms]
[2026-05-06 11:47:53] MOVE chetan (lawn green): 75→65 [0.3ms]
[2026-05-06 11:47:53] MOVE asha (gray0): 19→20 [0.1ms]
[2026-05-06 11:47:53] MOVE chetan (lawn green): 65→75 [0.1ms]
[2026-05-06 11:47:54] MOVE asha (gray0): 20→19 [0.1ms]
[2026-05-06 11:47:54] MOVE chetan (lawn green): 75→65 [0.1ms]
[2026-05-06 11:47:54] MOVE asha (gray0): 19→20 [0.1ms]
[2026-05-06 11:47:54] MOVE chetan (lawn green): 65→75 [0.2ms]
[2026-05-06 11:47:54] MOVE asha (gray0): 20→19 [0.1ms]
[2026-05-06 11:47:54] MOVE chetan (lawn green): 75→65 [0.1ms]
[2026-05-06 11:47:55] MOVE asha (gray0): 19→20 [0.1ms]
[2026-05-06 11:47:55] MOVE chetan (lawn green): 65→75 [0.1ms]
[2026-05-06 11:47:55] MOVE asha (gray0): 20→19 [0.1ms]
[2026-05-06 11:47:55] MOVE chetan (lawn green): 75→65 [0.1ms]
[2026-05-06 11:47:55] MOVE asha (gray0): 19→20 [0.3ms]
[2026-05-06 11:47:55] MOVE chetan (lawn green): 65→75 [0.1ms]
[2026-05-06 11:47:56] MOVE asha (gray0): 20→19 [0.1ms]
[2026-05-06 11:47:56] MOVE chetan (lawn green): 75→65 [0.1ms]
[2026-05-06 11:47:56] MOVE asha (gray0): 19→20 [0.1ms]
[2026-05-06 11:47:56] MOVE chetan (lawn green): 65→75 [0.1ms]
[2026-05-06 11:47:56] MOVE asha (gray0): 20→19 [0.2ms]
[2026-05-06 11:47:56] MOVE chetan (lawn green): 75→65 [0.6ms]
[2026-05-06 11:47:56] MOVE asha (gray0): 19→20 [0.1ms]
[2026-05-06 11:47:57] MOVE chetan (lawn green): 65→75 [0.1ms]
[2026-05-06 11:47:57] MOVE asha (gray0): 20→19 [0.1ms]
[2026-05-06 11:47:57] MOVE chetan (lawn green): 75→65 [0.1ms]
[2026-05-06 11:47:57] MOVE asha (gray0): 19→20 [0.1ms]
[2026-05-06 11:47:57] MOVE chetan (lawn green): 65→75 [0.1ms]
[2026-05-06 11:47:57] MOVE asha (gray0): 20→19 [0.1ms]
[2026-05-06 11:47:58] MOVE chetan (lawn green): 75→65 [0.1ms]
[2026-05-06 11:47:58] MOVE asha (gray0): 19→20 [0.1ms]
[2026-05-06 11:47:58] MOVE chetan (lawn green): 65→75 [0.1ms]
[2026-05-06 11:47:58] MOVE asha (gray0): 20→19 [0.1ms]
[2026-05-06 11:47:58] MOVE chetan (lawn green): 75→65 [0.2ms]
[2026-05-06 11:47:58] MOVE asha (gray0): 19→20 [0.1ms]
[2026-05-06 11:47:58] MOVE chetan (lawn green): 65→75 [0.1ms]
[2026-05-06 11:47:59] MOVE asha (gray0): 20→19 [0.1ms]
[2026-05-06 11:47:59] MOVE chetan (lawn green): 75→65 [0.1ms]
[2026-05-06 11:47:59] MOVE asha (gray0): 19→20 [0.1ms]
[2026-05-06 11:47:59] MOVE chetan (lawn green): 65→75 [0.1ms]
[2026-05-06 11:47:59] MOVE asha (gray0): 20→19 [0.1ms]
[2026-05-06 11:47:59] MOVE chetan (lawn green): 75→65 [0.1ms]
[2026-05-06 11:48:00] MOVE asha (gray0): 19→20 [0.2ms]
[2026-05-06 11:48:00] MOVE chetan (lawn green): 65→75 [0.1ms]
[2026-05-06 11:48:00] MOVE asha (gray0): 20→19 [0.1ms]
[2026-05-06 11:48:00] MOVE chetan (lawn green): 75→65 [0.1ms]
[2026-05-06 11:48:00] MOVE asha (gray0): 19→20 [0.1ms]
[2026-05-06 11:48:00] MOVE chetan (lawn green): 65→75 [0.3ms]
[2026-05-06 11:48:01] MOVE asha (gray0): 20→19 [0.3ms]
[2026-05-06 11:48:01] MOVE chetan (lawn green): 75→65 [0.4ms]
[2026-05-06 11:48:01] MOVE asha (gray0): 19→20 [0.4ms]
[2026-05-06 11:48:01] MOVE chetan (lawn green): 65→75 [0.1ms]
[2026-05-06 11:48:01] MOVE asha (gray0): 20→19 [0.1ms]
[2026-05-06 11:48:01] MOVE chetan (lawn green): 75→65 [0.4ms]
[2026-05-06 11:48:02] MOVE asha (gray0): 19→20 [0.1ms]
[2026-05-06 11:48:02] MOVE chetan (lawn green): 65→75 [0.1ms]
[2026-05-06 11:48:02] MOVE asha (gray0): 20→19 [0.1ms]
[2026-05-06 11:48:02] MOVE chetan (lawn green): 75→65 [0.1ms]
[2026-05-06 11:48:02] MOVE asha (gray0): 19→20 [0.1ms]
[2026-05-06 11:48:02] MOVE chetan (lawn green): 65→75 [0.1ms]
[2026-05-06 11:48:02] MOVE asha (gray0): 20→19 [0.1ms]
[2026-05-06 11:48:03] MOVE chetan (lawn green): 75→65 [0.1ms]
[2026-05-06 11:48:03] MOVE asha (gray0): 19→20 [0.1ms]
[2026-05-06 11:48:03] MOVE chetan (lawn green): 65→75 [0.1ms]
[2026-05-06 11:48:03] MOVE asha (gray0): 20→19 [0.1ms]
[2026-05-06 11:48:03] MOVE chetan (lawn green): 75→65 [0.1ms]
[2026-05-06 11:48:04] MOVE asha (gray0): 19→20 [0.1ms]
[2026-05-06 11:48:04] MOVE chetan (lawn green): 65→75 [0.1ms]
[2026-05-06 11:48:04] MOVE asha (gray0): 20→19 [0.1ms]
[2026-05-06 11:48:04] MOVE chetan (lawn green): 75→65 [0.1ms]
[2026-05-06 11:48:04] MOVE asha (gray0): 19→20 [0.1ms]
[2026-05-06 11:48:04] MOVE chetan (lawn green): 65→75 [0.1ms]
[2026-05-06 11:48:04] MOVE asha (gray0): 20→19 [0.1ms]
[2026-05-06 11:48:04] MOVE chetan (lawn green): 75→65 [0.1ms]
[2026-05-06 11:48:05] MOVE asha (gray0): 19→20 [0.1ms]
[2026-05-06 11:48:05] MOVE chetan (lawn green): 65→75 [0.1ms]
[2026-05-06 11:48:05] MOVE asha (gray0): 20→19 [0.1ms]
[2026-05-06 11:48:05] MOVE chetan (lawn green): 75→65 [0.1ms]
[2026-05-06 11:48:05] MOVE asha (gray0): 19→20 [0.1ms]
[2026-05-06 11:48:05] MOVE chetan (lawn green): 65→75 [0.1ms]
[2026-05-06 11:48:06] MOVE asha (gray0): 20→19 [0.1ms]
[2026-05-06 11:48:06] MOVE chetan (lawn green): 75→65 [0.2ms]
[2026-05-06 11:48:06] MOVE asha (gray0): 19→20 [0.1ms]
[2026-05-06 11:48:06] MOVE chetan (lawn green): 65→75 [0.1ms]
[2026-05-06 11:48:06] MOVE asha (gray0): 20→19 [0.1ms]
[2026-05-06 11:48:06] MOVE chetan (lawn green): 75→65 [0.1ms]
[2026-05-06 11:48:07] MOVE asha (gray0): 19→20 [0.1ms]
[2026-05-06 11:48:07] MOVE chetan (lawn green): 65→75 [0.3ms]
[2026-05-06 11:48:07] MOVE asha (gray0): 20→19 [0.1ms]
[2026-05-06 11:48:07] MOVE chetan (lawn green): 75→65 [0.1ms]
[2026-05-06 11:48:07] MOVE asha (gray0): 19→20 [0.1ms]
[2026-05-06 11:48:07] MOVE chetan (lawn green): 65→75 [0.2ms]
[2026-05-06 11:48:08] MOVE asha (gray0): 20→19 [0.1ms]
[2026-05-06 11:48:08] MOVE chetan (lawn green): 75→65 [0.1ms]
[2026-05-06 11:48:08] MOVE asha (gray0): 19→20 [0.1ms]
[2026-05-06 11:48:08] MOVE chetan (lawn green): 65→75 [0.1ms]
[2026-05-06 11:48:08] MOVE asha (gray0): 20→19 [0.1ms]
[2026-05-06 11:48:08] MOVE chetan (lawn green): 75→65 [0.1ms]
[2026-05-06 11:48:09] MOVE asha (gray0): 19→20 [0.1ms]
[2026-05-06 11:48:09] MOVE chetan (lawn green): 65→75 [0.1ms]
[2026-05-06 11:48:09] MOVE asha (gray0): 20→19 [0.1ms]
[2026-05-06 11:48:09] MOVE chetan (lawn green): 75→65 [0.1ms]
[2026-05-06 11:48:09] MOVE asha (gray0): 19→20 [0.1ms]
[2026-05-06 11:48:09] MOVE chetan (lawn green): 65→75 [0.3ms]
[2026-05-06 11:48:09] MOVE asha (gray0): 20→19 [0.2ms]
[2026-05-06 11:48:10] MOVE chetan (lawn green): 75→65 [0.1ms]
[2026-05-06 11:48:10] MOVE asha (gray0): 19→20 [0.1ms]
[2026-05-06 11:48:10] MOVE chetan (lawn green): 65→75 [0.1ms]
[2026-05-06 11:48:10] MOVE asha (gray0): 20→19 [0.1ms]
[2026-05-06 11:48:10] MOVE chetan (lawn green): 75→65 [0.1ms]
[2026-05-06 11:48:10] MOVE asha (gray0): 19→20 [0.3ms]
[2026-05-06 11:48:10] MOVE chetan (lawn green): 65→75 [0.1ms]
[2026-05-06 11:48:11] MOVE asha (gray0): 20→19 [0.2ms]
[2026-05-06 11:48:11] MOVE chetan (lawn green): 75→65 [0.1ms]
[2026-05-06 11:48:11] MOVE asha (gray0): 19→20 [0.1ms]
[2026-05-06 11:48:11] MOVE chetan (lawn green): 65→75 [0.1ms]
[2026-05-06 11:48:11] MOVE asha (gray0): 20→19 [0.1ms]
[2026-05-06 11:48:11] MOVE chetan (lawn green): 75→65 [0.1ms]
[2026-05-06 11:48:12] MOVE asha (gray0): 19→20 [0.1ms]
[2026-05-06 11:48:12] MOVE chetan (lawn green): 65→75 [0.1ms]
[2026-05-06 11:48:12] MOVE asha (gray0): 20→19 [0.1ms]
[2026-05-06 11:48:12] MOVE chetan (lawn green): 75→65 [0.1ms]
[2026-05-06 11:48:12] MOVE asha (gray0): 19→20 [0.2ms]
[2026-05-06 11:48:12] MOVE chetan (lawn green): 65→75 [0.1ms]
[2026-05-06 11:48:13] MOVE asha (gray0): 20→19 [0.1ms]
[2026-05-06 11:48:13] MOVE chetan (lawn green): 75→65 [0.1ms]
[2026-05-06 11:48:13] MOVE asha (gray0): 19→20 [0.1ms]
[2026-05-06 11:48:13] MOVE chetan (lawn green): 65→75 [0.1ms]
[2026-05-06 11:48:13] MOVE asha (gray0): 20→19 [0.1ms]
[2026-05-06 11:48:13] MOVE chetan (lawn green): 75→65 [0.1ms]
[2026-05-06 11:48:14] MOVE asha (gray0): 19→20 [0.1ms]
[2026-05-06 11:48:14] MOVE chetan (lawn green): 65→75 [0.2ms]
[2026-05-06 11:48:14] MOVE asha (gray0): 20→19 [0.1ms]
[2026-05-06 11:48:14] MOVE chetan (lawn green): 75→65 [0.2ms]
[2026-05-06 11:48:14] MOVE asha (gray0): 19→20 [0.1ms]
[2026-05-06 11:48:14] MOVE chetan (lawn green): 65→75 [0.1ms]
[2026-05-06 11:48:14] MOVE asha (gray0): 20→19 [0.1ms]
[2026-05-06 11:48:15] MOVE chetan (lawn green): 75→65 [0.7ms]
[2026-05-06 11:48:15] MOVE asha (gray0): 19→20 [0.1ms]
[2026-05-06 11:48:15] MOVE chetan (lawn green): 65→75 [0.1ms]
[2026-05-06 11:48:15] MOVE asha (gray0): 20→19 [0.3ms]
[2026-05-06 11:48:15] MOVE chetan (lawn green): 75→65 [0.1ms]
[2026-05-06 11:48:15] MOVE asha (gray0): 19→20 [0.1ms]
[2026-05-06 11:48:15] MOVE chetan (lawn green): 65→75 [0.1ms]
[2026-05-06 11:48:16] MOVE asha (gray0): 20→19 [0.1ms]
[2026-05-06 11:48:16] MOVE chetan (lawn green): 75→65 [0.1ms]
[2026-05-06 11:48:16] MOVE asha (gray0): 19→20 [0.1ms]
[2026-05-06 11:48:16] MOVE chetan (lawn green): 65→75 [0.1ms]
[2026-05-06 11:48:16] MOVE asha (gray0): 20→19 [0.1ms]
[2026-05-06 11:48:16] MOVE chetan (lawn green): 75→65 [0.3ms]
[2026-05-06 11:48:17] MOVE asha (gray0): 19→20 [0.1ms]
[2026-05-06 11:48:17] MOVE chetan (lawn green): 65→75 [0.1ms]
[2026-05-06 11:48:17] MOVE asha (gray0): 20→19 [0.1ms]
[2026-05-06 11:48:17] MOVE chetan (lawn green): 75→65 [0.1ms]
[2026-05-06 11:48:17] MOVE asha (gray0): 19→20 [0.1ms]
[2026-05-06 11:48:17] MOVE chetan (lawn green): 65→75 [0.1ms]
[2026-05-06 11:48:18] MOVE asha (gray0): 20→19 [0.2ms]
[2026-05-06 11:48:18] MOVE chetan (lawn green): 75→65 [0.1ms]
[2026-05-06 11:48:18] MOVE asha (gray0): 19→20 [0.4ms]
[2026-05-06 11:48:18] MOVE chetan (lawn green): 65→75 [0.2ms]
[2026-05-06 11:48:18] MOVE asha (gray0): 20→19 [0.1ms]
[2026-05-06 11:48:18] MOVE chetan (lawn green): 75→65 [0.1ms]
[2026-05-06 11:48:19] MOVE asha (gray0): 19→20 [0.1ms]
[2026-05-06 11:48:19] MOVE chetan (lawn green): 65→75 [0.1ms]
[2026-05-06 11:48:19] MOVE asha (gray0): 20→19 [0.6ms]
[2026-05-06 11:48:19] MOVE chetan (lawn green): 75→65 [0.1ms]
[2026-05-06 11:48:19] MOVE asha (gray0): 19→20 [0.1ms]
[2026-05-06 11:48:20] MOVE chetan (lawn green): 65→75 [0.1ms]
[2026-05-06 11:48:20] MOVE asha (gray0): 20→19 [0.1ms]
[2026-05-06 11:48:20] MOVE chetan (lawn green): 75→65 [0.1ms]
[2026-05-06 11:48:20] MOVE asha (gray0): 19→20 [0.1ms]
[2026-05-06 11:48:20] MOVE chetan (lawn green): 65→75 [0.1ms]
[2026-05-06 11:48:20] MOVE asha (gray0): 20→19 [0.1ms]
[2026-05-06 11:48:21] MOVE chetan (lawn green): 75→65 [0.1ms]
[2026-05-06 11:48:21] MOVE asha (gray0): 19→20 [0.1ms]
[2026-05-06 11:48:21] MOVE chetan (lawn green): 65→75 [0.1ms]
[2026-05-06 11:48:21] MOVE asha (gray0): 20→19 [0.1ms]
[2026-05-06 11:48:21] MOVE chetan (lawn green): 75→65 [0.1ms]
[2026-05-06 11:48:21] MOVE asha (gray0): 19→20 [0.1ms]
[2026-05-06 11:48:22] MOVE chetan (lawn green): 65→75 [0.1ms]
[2026-05-06 11:48:22] MOVE asha (gray0): 20→19 [0.1ms]
[2026-05-06 11:48:22] MOVE chetan (lawn green): 75→65 [0.1ms]
[2026-05-06 11:48:22] MOVE asha (gray0): 19→20 [0.1ms]
[2026-05-06 11:48:22] MOVE chetan (lawn green): 65→75 [0.1ms]
[2026-05-06 11:48:22] MOVE asha (gray0): 20→19 [0.1ms]
[2026-05-06 11:48:22] MOVE chetan (lawn green): 75→65 [0.1ms]
[2026-05-06 11:48:23] MOVE asha (gray0): 19→20 [0.1ms]
[2026-05-06 11:48:23] MOVE chetan (lawn green): 65→75 [0.1ms]
[2026-05-06 11:48:23] MOVE asha (gray0): 20→19 [0.1ms]
[2026-05-06 11:48:23] MOVE chetan (lawn green): 75→65 [0.1ms]
[2026-05-06 11:48:23] MOVE asha (gray0): 19→20 [0.1ms]
[2026-05-06 11:48:23] MOVE chetan (lawn green): 65→75 [0.1ms]
[2026-05-06 11:48:23] MOVE asha (gray0): 20→19 [0.1ms]
[2026-05-06 11:48:24] MOVE chetan (lawn green): 75→65 [0.1ms]
[2026-05-06 11:48:24] MOVE asha (gray0): 19→20 [0.3ms]
[2026-05-06 11:48:24] MOVE chetan (lawn green): 65→75 [0.1ms]
[2026-05-06 11:48:24] MOVE asha (gray0): 20→19 [0.1ms]
[2026-05-06 11:48:24] MOVE chetan (lawn green): 75→65 [0.1ms]
[2026-05-06 11:48:24] MOVE asha (gray0): 19→20 [0.1ms]
[2026-05-06 11:48:25] MOVE chetan (lawn green): 65→75 [0.1ms]
[2026-05-06 11:48:25] MOVE asha (gray0): 20→19 [0.1ms]
[2026-05-06 11:48:25] MOVE chetan (lawn green): 75→65 [0.1ms]
[2026-05-06 11:48:25] MOVE asha (gray0): 19→20 [0.4ms]
[2026-05-06 11:48:25] MOVE chetan (lawn green): 65→75 [0.1ms]
[2026-05-06 11:48:25] MOVE asha (gray0): 20→19 [0.1ms]
[2026-05-06 11:48:26] MOVE chetan (lawn green): 75→65 [0.1ms]
[2026-05-06 11:48:26] MOVE asha (gray0): 19→20 [0.1ms]
[2026-05-06 11:48:26] MOVE chetan (lawn green): 65→75 [0.1ms]
[2026-05-06 11:48:26] MOVE asha (gray0): 20→19 [0.1ms]
[2026-05-06 11:48:26] MOVE chetan (lawn green): 75→65 [0.1ms]
[2026-05-06 11:48:26] MOVE asha (gray0): 19→20 [0.1ms]
[2026-05-06 11:48:27] MOVE chetan (lawn green): 65→75 [0.1ms]
[2026-05-06 11:48:27] MOVE asha (gray0): 20→19 [0.1ms]
[2026-05-06 11:48:27] MOVE chetan (lawn green): 75→65 [0.5ms]
[2026-05-06 11:48:27] MOVE asha (gray0): 19→20 [0.1ms]
[2026-05-06 11:48:27] MOVE chetan (lawn green): 65→75 [0.1ms]
[2026-05-06 11:48:27] MOVE asha (gray0): 20→19 [0.1ms]
[2026-05-06 11:48:27] MOVE chetan (lawn green): 75→65 [0.1ms]
[2026-05-06 11:48:28] MOVE asha (gray0): 19→20 [0.3ms]
[2026-05-06 11:48:28] MOVE chetan (lawn green): 65→75 [0.1ms]
[2026-05-06 11:48:28] MOVE asha (gray0): 20→19 [0.1ms]
[2026-05-06 11:48:28] MOVE chetan (lawn green): 75→65 [0.1ms]
[2026-05-06 11:48:28] MOVE asha (gray0): 19→20 [0.1ms]
[2026-05-06 11:48:28] MOVE chetan (lawn green): 65→75 [0.1ms]
[2026-05-06 11:48:28] MOVE asha (gray0): 20→19 [0.1ms]
[2026-05-06 11:48:29] MOVE chetan (lawn green): 75→65 [0.1ms]
[2026-05-06 11:48:29] MOVE asha (gray0): 19→20 [0.1ms]
[2026-05-06 11:48:29] MOVE chetan (lawn green): 65→75 [0.1ms]
[2026-05-06 11:48:29] MOVE asha (gray0): 20→19 [0.1ms]
[2026-05-06 11:48:29] MOVE chetan (lawn green): 75→65 [0.3ms]
[2026-05-06 11:48:29] MOVE asha (gray0): 19→20 [0.1ms]
[2026-05-06 11:48:30] MOVE chetan (lawn green): 65→75 [0.1ms]
[2026-05-06 11:48:30] MOVE asha (gray0): 20→19 [0.1ms]
[2026-05-06 11:48:30] MOVE chetan (lawn green): 75→65 [0.1ms]
[2026-05-06 11:48:30] MOVE asha (gray0): 19→20 [0.1ms]
[2026-05-06 11:48:30] MOVE chetan (lawn green): 65→75 [0.1ms]
[2026-05-06 11:48:30] MOVE asha (gray0): 20→19 [0.1ms]
[2026-05-06 11:48:31] MOVE chetan (lawn green): 75→65 [0.1ms]
[2026-05-06 11:48:31] MOVE asha (gray0): 19→20 [0.1ms]
[2026-05-06 11:48:31] MOVE chetan (lawn green): 65→75 [0.1ms]
[2026-05-06 11:48:31] MOVE asha (gray0): 20→19 [0.1ms]
[2026-05-06 11:48:31] MOVE chetan (lawn green): 75→65 [0.1ms]
[2026-05-06 11:48:31] MOVE asha (gray0): 19→20 [0.1ms]
[2026-05-06 11:48:32] MOVE chetan (lawn green): 65→75 [0.1ms]
[2026-05-06 11:48:32] MOVE asha (gray0): 20→19 [0.1ms]
[2026-05-06 11:48:32] MOVE chetan (lawn green): 75→65 [0.1ms]
[2026-05-06 11:48:32] MOVE asha (gray0): 19→20 [0.1ms]
[2026-05-06 11:48:32] MOVE chetan (lawn green): 65→75 [0.1ms]
[2026-05-06 11:48:32] MOVE asha (gray0): 20→19 [0.1ms]
[2026-05-06 11:48:33] MOVE chetan (lawn green): 75→65 [0.1ms]
[2026-05-06 11:48:33] MOVE asha (gray0): 19→20 [0.1ms]
[2026-05-06 11:48:33] MOVE chetan (lawn green): 65→75 [0.1ms]
[2026-05-06 11:48:33] MOVE asha (gray0): 20→19 [0.1ms]
[2026-05-06 11:48:33] MOVE chetan (lawn green): 75→65 [0.1ms]
[2026-05-06 11:48:33] MOVE asha (gray0): 19→20 [0.1ms]
[2026-05-06 11:48:34] MOVE chetan (lawn green): 65→75 [0.1ms]
[2026-05-06 11:48:34] MOVE asha (gray0): 20→19 [0.1ms]
[2026-05-06 11:48:34] MOVE chetan (lawn green): 75→65 [0.1ms]
[2026-05-06 11:48:34] MOVE asha (gray0): 19→20 [0.1ms]
[2026-05-06 11:48:34] MOVE chetan (lawn green): 65→75 [0.1ms]
[2026-05-06 11:48:34] MOVE asha (gray0): 20→19 [0.3ms]
[2026-05-06 11:48:35] MOVE chetan (lawn green): 75→65 [0.1ms]
[2026-05-06 11:48:35] MOVE asha (gray0): 19→20 [0.1ms]
[2026-05-06 11:48:35] MOVE chetan (lawn green): 65→75 [0.1ms]
[2026-05-06 11:48:35] MOVE asha (gray0): 20→19 [0.1ms]
[2026-05-06 11:48:35] MOVE chetan (lawn green): 75→65 [0.1ms]
[2026-05-06 11:48:36] MOVE asha (gray0): 19→20 [0.1ms]
[2026-05-06 11:48:36] MOVE chetan (lawn green): 65→75 [0.1ms]
[2026-05-06 11:48:36] MOVE asha (gray0): 20→19 [0.1ms]
[2026-05-06 11:48:36] MOVE chetan (lawn green): 75→65 [0.1ms]
[2026-05-06 11:48:36] MOVE asha (gray0): 19→20 [0.2ms]
[2026-05-06 11:48:36] MOVE chetan (lawn green): 65→75 [0.1ms]
[2026-05-06 11:48:37] MOVE asha (gray0): 20→19 [0.1ms]
[2026-05-06 11:48:37] MOVE chetan (lawn green): 75→65 [0.1ms]
[2026-05-06 11:48:37] MOVE asha (gray0): 19→20 [0.1ms]
[2026-05-06 11:48:37] MOVE chetan (lawn green): 65→75 [0.1ms]
[2026-05-06 11:48:37] MOVE asha (gray0): 20→19 [0.1ms]
[2026-05-06 11:48:37] MOVE chetan (lawn green): 75→65 [0.1ms]
[2026-05-06 11:48:37] MOVE asha (gray0): 19→20 [0.1ms]
[2026-05-06 11:48:37] MOVE chetan (lawn green): 65→75 [0.1ms]
[2026-05-06 11:48:38] MOVE asha (gray0): 20→19 [0.1ms]
[2026-05-06 11:48:38] MOVE chetan (lawn green): 75→65 [0.1ms]
[2026-05-06 11:48:38] MOVE asha (gray0): 19→20 [0.1ms]
[2026-05-06 11:48:38] MOVE chetan (lawn green): 65→75 [0.1ms]
[2026-05-06 11:48:38] MOVE asha (gray0): 20→19 [0.1ms]
[2026-05-06 11:48:38] MOVE chetan (lawn green): 75→65 [0.1ms]
[2026-05-06 11:48:39] MOVE asha (gray0): 19→20 [0.1ms]
[2026-05-06 11:48:39] MOVE chetan (lawn green): 65→75 [0.1ms]
[2026-05-06 11:48:39] MOVE asha (gray0): 20→19 [0.2ms]
[2026-05-06 11:48:39] MOVE chetan (lawn green): 75→65 [0.1ms]
[2026-05-06 11:48:39] MOVE asha (gray0): 19→20 [0.1ms]
[2026-05-06 11:48:39] MOVE chetan (lawn green): 65→75 [0.1ms]
[2026-05-06 11:48:40] MOVE asha (gray0): 20→19 [0.1ms]
[2026-05-06 11:48:40] MOVE chetan (lawn green): 75→65 [0.1ms]
[2026-05-06 11:48:40] MOVE asha (gray0): 19→20 [0.1ms]
[2026-05-06 11:48:40] MOVE chetan (lawn green): 65→75 [0.1ms]
[2026-05-06 11:48:41] MOVE asha (gray0): 20→19 [0.3ms]
[2026-05-06 11:48:41] MOVE chetan (lawn green): 75→65 [0.1ms]
[2026-05-06 11:48:41] MOVE asha (gray0): 19→20 [0.1ms]
[2026-05-06 11:48:41] MOVE chetan (lawn green): 65→75 [0.2ms]
[2026-05-06 11:48:41] MOVE asha (gray0): 20→19 [0.1ms]
[2026-05-06 11:48:41] MOVE chetan (lawn green): 75→65 [0.1ms]
[2026-05-06 11:48:42] MOVE asha (gray0): 19→20 [0.1ms]
[2026-05-06 11:48:42] MOVE chetan (lawn green): 65→75 [0.1ms]
[2026-05-06 11:48:42] MOVE asha (gray0): 20→19 [0.1ms]
[2026-05-06 11:48:42] MOVE chetan (lawn green): 75→65 [0.1ms]
[2026-05-06 11:48:42] MOVE asha (gray0): 19→20 [0.1ms]
[2026-05-06 11:48:42] MOVE chetan (lawn green): 65→75 [0.1ms]
[2026-05-06 11:48:43] MOVE asha (gray0): 20→19 [0.1ms]
[2026-05-06 11:48:43] MOVE chetan (lawn green): 75→65 [0.1ms]
[2026-05-06 11:48:43] MOVE asha (gray0): 19→20 [0.1ms]
[2026-05-06 11:48:43] MOVE chetan (lawn green): 65→75 [0.1ms]
[2026-05-06 11:48:43] MOVE asha (gray0): 20→19 [0.1ms]
[2026-05-06 11:48:43] MOVE chetan (lawn green): 75→65 [0.1ms]
[2026-05-06 11:48:43] MOVE asha (gray0): 19→20 [0.1ms]
[2026-05-06 11:48:44] MOVE chetan (lawn green): 65→75 [0.1ms]
[2026-05-06 11:48:44] MOVE asha (gray0): 20→19 [0.1ms]
[2026-05-06 11:48:44] MOVE chetan (lawn green): 75→65 [0.1ms]
[2026-05-06 11:48:44] MOVE asha (gray0): 19→20 [0.1ms]
[2026-05-06 11:48:44] MOVE chetan (lawn green): 65→75 [0.1ms]
[2026-05-06 11:48:44] MOVE asha (gray0): 20→19 [0.1ms]
[2026-05-06 11:48:44] MOVE chetan (lawn green): 75→65 [0.1ms]
[2026-05-06 11:48:45] MOVE asha (gray0): 19→20 [0.3ms]
[2026-05-06 11:48:45] MOVE chetan (lawn green): 65→75 [0.1ms]
[2026-05-06 11:48:45] MOVE asha (gray0): 20→19 [0.1ms]
[2026-05-06 11:48:45] MOVE chetan (lawn green): 75→65 [0.1ms]
[2026-05-06 11:48:45] MOVE asha (gray0): 19→20 [0.2ms]
[2026-05-06 11:48:45] MOVE chetan (lawn green): 65→75 [0.1ms]
[2026-05-06 11:48:46] MOVE asha (gray0): 20→19 [0.1ms]
[2026-05-06 11:48:46] MOVE chetan (lawn green): 75→65 [0.1ms]
[2026-05-06 11:48:46] MOVE asha (gray0): 19→20 [0.1ms]
[2026-05-06 11:48:46] MOVE chetan (lawn green): 65→75 [0.1ms]
[2026-05-06 11:48:46] MOVE asha (gray0): 20→19 [0.1ms]
[2026-05-06 11:48:46] MOVE chetan (lawn green): 75→65 [0.1ms]
[2026-05-06 11:48:47] MOVE asha (gray0): 19→20 [0.2ms]
[2026-05-06 11:48:47] MOVE chetan (lawn green): 65→75 [0.1ms]
[2026-05-06 11:48:47] MOVE asha (gray0): 20→19 [0.2ms]
[2026-05-06 11:48:47] MOVE chetan (lawn green): 75→65 [0.1ms]
[2026-05-06 11:48:47] MOVE asha (gray0): 19→20 [0.1ms]
[2026-05-06 11:48:47] MOVE chetan (lawn green): 65→75 [0.1ms]
[2026-05-06 11:48:48] MOVE asha (gray0): 20→19 [0.1ms]
[2026-05-06 11:48:48] MOVE chetan (lawn green): 75→65 [0.1ms]
[2026-05-06 11:48:48] MOVE asha (gray0): 19→20 [0.3ms]
[2026-05-06 11:48:48] MOVE chetan (lawn green): 65→75 [0.1ms]
[2026-05-06 11:48:48] MOVE asha (gray0): 20→19 [0.1ms]
[2026-05-06 11:48:48] MOVE chetan (lawn green): 75→65 [0.1ms]
[2026-05-06 11:48:49] MOVE asha (gray0): 19→20 [0.1ms]
[2026-05-06 11:48:49] MOVE chetan (lawn green): 65→75 [0.1ms]
[2026-05-06 11:48:49] MOVE asha (gray0): 20→19 [0.3ms]
[2026-05-06 11:48:49] MOVE chetan (lawn green): 75→65 [0.1ms]
[2026-05-06 11:48:49] MOVE asha (gray0): 19→20 [0.1ms]
[2026-05-06 11:48:49] MOVE chetan (lawn green): 65→75 [0.2ms]
[2026-05-06 11:48:50] MOVE asha (gray0): 20→19 [0.1ms]
[2026-05-06 11:48:50] MOVE chetan (lawn green): 75→65 [0.1ms]
[2026-05-06 11:48:50] MOVE asha (gray0): 19→20 [0.1ms]
[2026-05-06 11:48:50] MOVE chetan (lawn green): 65→75 [0.1ms]
[2026-05-06 11:48:50] MOVE asha (gray0): 20→19 [0.1ms]
[2026-05-06 11:48:50] MOVE chetan (lawn green): 75→65 [0.1ms]
[2026-05-06 11:48:50] MOVE asha (gray0): 19→20 [0.1ms]
[2026-05-06 11:48:50] MOVE chetan (lawn green): 65→75 [0.1ms]
[2026-05-06 11:48:51] MOVE asha (gray0): 20→19 [0.1ms]
[2026-05-06 11:48:51] MOVE chetan (lawn green): 75→65 [0.1ms]
[2026-05-06 11:48:51] MOVE asha (gray0): 19→20 [0.1ms]
[2026-05-06 11:48:51] MOVE chetan (lawn green): 65→75 [0.1ms]
[2026-05-06 11:48:51] MOVE asha (gray0): 20→19 [0.1ms]
[2026-05-06 11:48:51] MOVE chetan (lawn green): 75→65 [0.1ms]
[2026-05-06 11:48:52] MOVE asha (gray0): 19→20 [0.1ms]
[2026-05-06 11:48:52] MOVE chetan (lawn green): 65→75 [0.1ms]
[2026-05-06 11:48:52] MOVE asha (gray0): 20→19 [0.1ms]
[2026-05-06 11:48:52] MOVE chetan (lawn green): 75→65 [0.1ms]
[2026-05-06 11:48:52] MOVE asha (gray0): 19→20 [0.1ms]
[2026-05-06 11:48:53] MOVE chetan (lawn green): 65→75 [0.1ms]
[2026-05-06 11:48:53] MOVE asha (gray0): 20→19 [0.1ms]
[2026-05-06 11:48:53] MOVE chetan (lawn green): 75→65 [0.1ms]
[2026-05-06 11:48:53] MOVE asha (gray0): 19→20 [0.1ms]
[2026-05-06 11:48:53] MOVE chetan (lawn green): 65→75 [0.1ms]
[2026-05-06 11:48:53] MOVE asha (gray0): 20→19 [0.1ms]
[2026-05-06 11:48:54] MOVE chetan (lawn green): 75→65 [0.1ms]
[2026-05-06 11:48:54] MOVE asha (gray0): 19→20 [0.1ms]
[2026-05-06 11:48:54] MOVE chetan (lawn green): 65→75 [0.1ms]
[2026-05-06 11:48:54] MOVE asha (gray0): 20→19 [0.3ms]
[2026-05-06 11:48:54] MOVE chetan (lawn green): 75→65 [0.1ms]
[2026-05-06 11:48:54] MOVE asha (gray0): 19→20 [1.3ms]
[2026-05-06 11:48:55] MOVE chetan (lawn green): 65→75 [0.1ms]
[2026-05-06 11:48:55] MOVE asha (gray0): 20→19 [0.5ms]
[2026-05-06 11:48:55] MOVE chetan (lawn green): 75→65 [0.1ms]
[2026-05-06 11:48:55] MOVE asha (gray0): 19→20 [0.1ms]
[2026-05-06 11:48:55] MOVE chetan (lawn green): 65→75 [0.1ms]
[2026-05-06 11:48:55] MOVE asha (gray0): 20→19 [0.1ms]
[2026-05-06 11:48:56] MOVE chetan (lawn green): 75→65 [0.1ms]
[2026-05-06 11:48:56] MOVE asha (gray0): 19→20 [0.1ms]
[2026-05-06 11:48:56] MOVE chetan (lawn green): 65→75 [0.1ms]
[2026-05-06 11:48:56] MOVE asha (gray0): 20→19 [0.1ms]
[2026-05-06 11:48:56] MOVE chetan (lawn green): 75→65 [0.1ms]
[2026-05-06 11:48:56] MOVE asha (gray0): 19→20 [0.1ms]
[2026-05-06 11:48:56] MOVE chetan (lawn green): 65→75 [0.1ms]
[2026-05-06 11:48:57] MOVE asha (gray0): 20→19 [0.2ms]
[2026-05-06 11:48:57] MOVE chetan (lawn green): 75→65 [0.1ms]
[2026-05-06 11:48:57] MOVE asha (gray0): 19→20 [0.1ms]
[2026-05-06 11:48:57] MOVE chetan (lawn green): 65→75 [0.1ms]
[2026-05-06 11:48:57] MOVE asha (gray0): 20→19 [0.2ms]
[2026-05-06 11:48:57] MOVE chetan (lawn green): 75→65 [0.1ms]
[2026-05-06 11:48:57] MOVE asha (gray0): 19→20 [0.1ms]
[2026-05-06 11:48:58] MOVE chetan (lawn green): 65→75 [0.1ms]
[2026-05-06 11:48:58] MOVE asha (gray0): 20→19 [0.1ms]
[2026-05-06 11:48:58] MOVE chetan (lawn green): 75→65 [0.1ms]
[2026-05-06 11:48:58] MOVE asha (gray0): 19→20 [0.1ms]
[2026-05-06 11:48:58] MOVE chetan (lawn green): 65→75 [0.1ms]
[2026-05-06 11:48:58] MOVE asha (gray0): 20→19 [0.1ms]
[2026-05-06 11:48:59] MOVE chetan (lawn green): 75→65 [0.1ms]
[2026-05-06 11:48:59] MOVE asha (gray0): 19→20 [0.6ms]
[2026-05-06 11:48:59] MOVE chetan (lawn green): 65→75 [0.1ms]
[2026-05-06 11:48:59] MOVE asha (gray0): 20→19 [0.1ms]
[2026-05-06 11:48:59] MOVE chetan (lawn green): 75→65 [0.2ms]
[2026-05-06 11:48:59] MOVE asha (gray0): 19→20 [0.1ms]
[2026-05-06 11:49:00] MOVE chetan (lawn green): 65→75 [0.1ms]
[2026-05-06 11:49:00] MOVE asha (gray0): 20→19 [0.1ms]
[2026-05-06 11:49:00] MOVE chetan (lawn green): 75→65 [0.1ms]
[2026-05-06 11:49:00] MOVE asha (gray0): 19→20 [0.1ms]
[2026-05-06 11:49:00] MOVE chetan (lawn green): 65→75 [0.1ms]
[2026-05-06 11:49:00] MOVE asha (gray0): 20→19 [0.1ms]
[2026-05-06 11:49:01] MOVE chetan (lawn green): 75→65 [0.1ms]
[2026-05-06 11:49:01] MOVE asha (gray0): 19→20 [0.1ms]
[2026-05-06 11:49:01] MOVE chetan (lawn green): 65→75 [0.1ms]
[2026-05-06 11:49:01] MOVE asha (gray0): 20→19 [0.1ms]
[2026-05-06 11:49:01] MOVE chetan (lawn green): 75→65 [0.1ms]
[2026-05-06 11:49:01] MOVE asha (gray0): 19→20 [0.1ms]
[2026-05-06 11:49:02] MOVE chetan (lawn green): 65→75 [0.1ms]
[2026-05-06 11:49:02] MOVE asha (gray0): 20→19 [0.1ms]
[2026-05-06 11:49:02] MOVE chetan (lawn green): 75→65 [0.1ms]
[2026-05-06 11:49:02] MOVE asha (gray0): 19→20 [0.1ms]
[2026-05-06 11:49:02] MOVE chetan (lawn green): 65→75 [0.1ms]
[2026-05-06 11:49:02] MOVE asha (gray0): 20→19 [0.1ms]
[2026-05-06 11:49:02] MOVE chetan (lawn green): 75→65 [0.1ms]
[2026-05-06 11:49:03] MOVE asha (gray0): 19→20 [0.1ms]
[2026-05-06 11:49:03] MOVE chetan (lawn green): 65→75 [0.1ms]
[2026-05-06 11:49:03] MOVE asha (gray0): 20→19 [0.1ms]
[2026-05-06 11:49:03] MOVE chetan (lawn green): 75→65 [0.1ms]
[2026-05-06 11:49:03] MOVE asha (gray0): 19→20 [0.1ms]
[2026-05-06 11:49:03] MOVE chetan (lawn green): 65→75 [0.1ms]
[2026-05-06 11:49:04] MOVE asha (gray0): 20→19 [0.1ms]
[2026-05-06 11:49:04] MOVE chetan (lawn green): 75→65 [0.1ms]
[2026-05-06 11:49:04] MOVE asha (gray0): 19→20 [0.1ms]
[2026-05-06 11:49:04] MOVE chetan (lawn green): 65→75 [0.1ms]
[2026-05-06 11:49:04] MOVE asha (gray0): 20→19 [0.1ms]
[2026-05-06 11:49:04] MOVE chetan (lawn green): 75→65 [0.1ms]
[2026-05-06 11:49:05] MOVE asha (gray0): 19→20 [0.1ms]
[2026-05-06 11:49:05] MOVE chetan (lawn green): 65→75 [0.7ms]
[2026-05-06 11:49:05] MOVE asha (gray0): 20→19 [0.1ms]
[2026-05-06 11:49:05] MOVE chetan (lawn green): 75→65 [0.1ms]
[2026-05-06 11:49:05] MOVE asha (gray0): 19→20 [0.1ms]
[2026-05-06 11:49:05] MOVE chetan (lawn green): 65→75 [0.1ms]
[2026-05-06 11:49:06] MOVE asha (gray0): 20→19 [0.1ms]
[2026-05-06 11:49:06] MOVE chetan (lawn green): 75→65 [0.1ms]
[2026-05-06 11:49:06] MOVE asha (gray0): 19→20 [0.1ms]
[2026-05-06 11:49:06] MOVE chetan (lawn green): 65→75 [0.1ms]
[2026-05-06 11:49:06] MOVE asha (gray0): 20→19 [0.1ms]
[2026-05-06 11:49:06] MOVE chetan (lawn green): 75→65 [0.1ms]
[2026-05-06 11:49:06] MOVE asha (gray0): 19→20 [0.2ms]
[2026-05-06 11:49:07] MOVE chetan (lawn green): 65→75 [0.1ms]
[2026-05-06 11:49:07] MOVE asha (gray0): 20→19 [0.1ms]
[2026-05-06 11:49:07] MOVE chetan (lawn green): 75→65 [0.1ms]
[2026-05-06 11:49:07] MOVE asha (gray0): 19→20 [0.1ms]
[2026-05-06 11:49:07] MOVE chetan (lawn green): 65→75 [0.1ms]
[2026-05-06 11:49:07] MOVE asha (gray0): 20→19 [0.1ms]
[2026-05-06 11:49:07] MOVE chetan (lawn green): 75→65 [0.1ms]
[2026-05-06 11:49:08] MOVE asha (gray0): 19→20 [0.2ms]
[2026-05-06 11:49:08] MOVE chetan (lawn green): 65→75 [0.2ms]
[2026-05-06 11:49:08] MOVE asha (gray0): 20→19 [0.1ms]
[2026-05-06 11:49:08] MOVE chetan (lawn green): 75→65 [0.1ms]
[2026-05-06 11:49:08] MOVE asha (gray0): 19→20 [0.1ms]
[2026-05-06 11:49:08] MOVE chetan (lawn green): 65→75 [0.1ms]
[2026-05-06 11:49:09] MOVE asha (gray0): 20→19 [0.1ms]
[2026-05-06 11:49:09] MOVE chetan (lawn green): 75→65 [0.1ms]
[2026-05-06 11:49:09] MOVE asha (gray0): 19→20 [0.3ms]
[2026-05-06 11:49:09] MOVE chetan (lawn green): 65→75 [0.1ms]
[2026-05-06 11:49:09] MOVE asha (gray0): 20→19 [0.1ms]
[2026-05-06 11:49:09] MOVE chetan (lawn green): 75→65 [0.1ms]
[2026-05-06 11:49:10] MOVE asha (gray0): 19→20 [0.1ms]
[2026-05-06 11:49:10] MOVE chetan (lawn green): 65→75 [0.1ms]
[2026-05-06 11:49:10] MOVE asha (gray0): 20→19 [0.1ms]
[2026-05-06 11:49:10] MOVE chetan (lawn green): 75→65 [0.1ms]
[2026-05-06 11:49:10] MOVE asha (gray0): 19→20 [0.1ms]
[2026-05-06 11:49:10] MOVE chetan (lawn green): 65→75 [0.1ms]
[2026-05-06 11:49:11] MOVE asha (gray0): 20→19 [7.3ms]
[2026-05-06 11:49:11] MOVE chetan (lawn green): 75→65 [0.3ms]
[2026-05-06 11:49:11] MOVE asha (gray0): 19→20 [0.1ms]
[2026-05-06 11:49:11] MOVE chetan (lawn green): 65→75 [0.1ms]
[2026-05-06 11:49:11] MOVE asha (gray0): 20→19 [0.1ms]
[2026-05-06 11:49:11] MOVE chetan (lawn green): 75→65 [0.1ms]
[2026-05-06 11:49:12] MOVE asha (gray0): 19→20 [0.1ms]
[2026-05-06 11:49:12] MOVE chetan (lawn green): 65→75 [0.1ms]
[2026-05-06 11:49:12] MOVE asha (gray0): 20→19 [0.3ms]
[2026-05-06 11:49:12] MOVE chetan (lawn green): 75→65 [0.1ms]
[2026-05-06 11:49:12] MOVE asha (gray0): 19→20 [0.1ms]
[2026-05-06 11:49:12] MOVE chetan (lawn green): 65→75 [0.1ms]
[2026-05-06 11:49:13] MOVE asha (gray0): 20→19 [0.1ms]
[2026-05-06 11:49:13] MOVE chetan (lawn green): 75→65 [0.1ms]
[2026-05-06 11:49:13] MOVE asha (gray0): 19→20 [0.1ms]
[2026-05-06 11:49:13] MOVE chetan (lawn green): 65→75 [1.4ms]
[2026-05-06 11:49:13] MOVE asha (gray0): 20→19 [0.1ms]
[2026-05-06 11:49:13] MOVE chetan (lawn green): 75→65 [0.1ms]
[2026-05-06 11:49:14] MOVE asha (gray0): 19→20 [0.1ms]
[2026-05-06 11:49:14] MOVE chetan (lawn green): 65→75 [0.1ms]
[2026-05-06 11:49:14] MOVE asha (gray0): 20→19 [0.1ms]
[2026-05-06 11:49:14] MOVE chetan (lawn green): 75→65 [0.1ms]
[2026-05-06 11:49:14] MOVE asha (gray0): 19→20 [0.2ms]
[2026-05-06 11:49:14] MOVE chetan (lawn green): 65→75 [0.1ms]
[2026-05-06 11:49:15] MOVE asha (gray0): 20→19 [0.1ms]
[2026-05-06 11:49:15] MOVE chetan (lawn green): 75→65 [0.1ms]
[2026-05-06 11:49:15] MOVE asha (gray0): 19→20 [0.1ms]
[2026-05-06 11:49:15] MOVE chetan (lawn green): 65→75 [0.1ms]
[2026-05-06 11:49:15] MOVE asha (gray0): 20→19 [0.1ms]
[2026-05-06 11:49:15] MOVE chetan (lawn green): 75→65 [0.1ms]
[2026-05-06 11:49:15] MOVE asha (gray0): 19→20 [0.2ms]
[2026-05-06 11:49:15] MOVE chetan (lawn green): 65→75 [0.2ms]
[2026-05-06 11:49:16] MOVE asha (gray0): 20→19 [0.1ms]
[2026-05-06 11:49:16] MOVE chetan (lawn green): 75→65 [0.1ms]
[2026-05-06 11:49:16] MOVE asha (gray0): 19→20 [0.1ms]
[2026-05-06 11:49:16] MOVE chetan (lawn green): 65→75 [0.1ms]
[2026-05-06 11:49:16] MOVE asha (gray0): 20→19 [0.3ms]
[2026-05-06 11:49:16] MOVE chetan (lawn green): 75→65 [0.1ms]
[2026-05-06 11:49:17] MOVE asha (gray0): 19→20 [1.4ms]
[2026-05-06 11:49:17] MOVE chetan (lawn green): 65→75 [0.1ms]
[2026-05-06 11:49:17] MOVE asha (gray0): 20→19 [0.1ms]
[2026-05-06 11:49:17] MOVE chetan (lawn green): 75→65 [0.1ms]
[2026-05-06 11:49:17] MOVE asha (gray0): 19→20 [0.1ms]
[2026-05-06 11:49:17] MOVE chetan (lawn green): 65→75 [0.3ms]
[2026-05-06 11:49:18] MOVE asha (gray0): 20→19 [0.1ms]
[2026-05-06 11:49:18] MOVE chetan (lawn green): 75→65 [0.2ms]
[2026-05-06 11:49:18] MOVE asha (gray0): 19→20 [0.1ms]
[2026-05-06 11:49:18] MOVE chetan (lawn green): 65→75 [0.1ms]
[2026-05-06 11:49:18] MOVE asha (gray0): 20→19 [0.1ms]
[2026-05-06 11:49:18] MOVE chetan (lawn green): 75→65 [0.1ms]
[2026-05-06 11:49:19] MOVE asha (gray0): 19→20 [0.1ms]
[2026-05-06 11:49:19] MOVE chetan (lawn green): 65→75 [0.1ms]
[2026-05-06 11:49:19] MOVE asha (gray0): 20→19 [0.1ms]
[2026-05-06 11:49:19] MOVE chetan (lawn green): 75→65 [0.2ms]
[2026-05-06 11:49:19] MOVE asha (gray0): 19→20 [0.1ms]
[2026-05-06 11:49:20] MOVE chetan (lawn green): 65→75 [0.1ms]
[2026-05-06 11:49:20] MOVE asha (gray0): 20→19 [0.1ms]
[2026-05-06 11:49:20] MOVE chetan (lawn green): 75→65 [0.1ms]
[2026-05-06 11:49:20] MOVE asha (gray0): 19→20 [0.1ms]
[2026-05-06 11:49:20] MOVE chetan (lawn green): 65→75 [0.1ms]
[2026-05-06 11:49:20] MOVE asha (gray0): 20→19 [0.1ms]
[2026-05-06 11:49:20] MOVE chetan (lawn green): 75→65 [0.1ms]
[2026-05-06 11:49:20] MOVE asha (gray0): 19→20 [0.1ms]
[2026-05-06 11:49:21] MOVE chetan (lawn green): 65→75 [0.1ms]
[2026-05-06 11:49:21] MOVE asha (gray0): 20→19 [0.1ms]
[2026-05-06 11:49:21] MOVE chetan (lawn green): 75→65 [0.1ms]
[2026-05-06 11:49:21] MOVE asha (gray0): 19→20 [0.1ms]
[2026-05-06 11:49:21] MOVE chetan (lawn green): 65→75 [0.2ms]
[2026-05-06 11:49:21] MOVE asha (gray0): 20→19 [0.1ms]
[2026-05-06 11:49:22] MOVE chetan (lawn green): 75→65 [0.2ms]
[2026-05-06 11:49:22] MOVE asha (gray0): 19→20 [0.1ms]
[2026-05-06 11:49:22] MOVE chetan (lawn green): 65→75 [0.1ms]
[2026-05-06 11:49:22] MOVE asha (gray0): 20→19 [0.1ms]
[2026-05-06 11:49:22] MOVE chetan (lawn green): 75→65 [0.1ms]
[2026-05-06 11:49:23] MOVE asha (gray0): 19→20 [0.1ms]
[2026-05-06 11:49:23] MOVE chetan (lawn green): 65→75 [0.1ms]
[2026-05-06 11:49:23] MOVE asha (gray0): 20→19 [0.1ms]
[2026-05-06 11:49:23] MOVE chetan (lawn green): 75→65 [0.1ms]
[2026-05-06 11:49:23] MOVE asha (gray0): 19→20 [0.2ms]
[2026-05-06 11:49:23] MOVE chetan (lawn green): 65→75 [0.1ms]
[2026-05-06 11:49:24] MOVE asha (gray0): 20→19 [0.1ms]
[2026-05-06 11:49:24] MOVE chetan (lawn green): 75→65 [0.1ms]
[2026-05-06 11:49:24] MOVE asha (gray0): 19→20 [0.1ms]
[2026-05-06 11:49:24] MOVE chetan (lawn green): 65→75 [0.1ms]
[2026-05-06 11:49:24] MOVE asha (gray0): 20→19 [2.9ms]
[2026-05-06 11:49:25] MOVE chetan (lawn green): 75→65 [0.1ms]
[2026-05-06 11:49:25] MOVE asha (gray0): 19→20 [0.1ms]
[2026-05-06 11:49:25] MOVE chetan (lawn green): 65→75 [0.1ms]
[2026-05-06 11:49:25] MOVE asha (gray0): 20→19 [0.1ms]
[2026-05-06 11:49:25] MOVE chetan (lawn green): 75→65 [0.1ms]
[2026-05-06 11:49:25] MOVE asha (gray0): 19→20 [0.1ms]
[2026-05-06 11:49:25] MOVE chetan (lawn green): 65→75 [0.1ms]
[2026-05-06 11:49:26] MOVE asha (gray0): 20→19 [0.4ms]
[2026-05-06 11:49:26] MOVE chetan (lawn green): 75→65 [0.1ms]
[2026-05-06 11:49:26] MOVE asha (gray0): 19→20 [0.1ms]
[2026-05-06 11:49:26] MOVE chetan (lawn green): 65→75 [0.1ms]
[2026-05-06 11:49:26] MOVE asha (gray0): 20→19 [0.1ms]
[2026-05-06 11:49:26] MOVE chetan (lawn green): 75→65 [0.1ms]
[2026-05-06 11:49:26] MOVE asha (gray0): 19→20 [0.1ms]
[2026-05-06 11:49:27] MOVE chetan (lawn green): 65→75 [0.1ms]
[2026-05-06 11:49:27] MOVE asha (gray0): 20→19 [0.1ms]
[2026-05-06 11:49:27] MOVE chetan (lawn green): 75→65 [0.1ms]
[2026-05-06 11:49:27] MOVE asha (gray0): 19→20 [0.1ms]
[2026-05-06 11:49:27] MOVE chetan (lawn green): 65→75 [0.2ms]
[2026-05-06 11:49:27] MOVE asha (gray0): 20→19 [0.1ms]
[2026-05-06 11:49:28] MOVE chetan (lawn green): 75→65 [0.1ms]
[2026-05-06 11:49:28] MOVE asha (gray0): 19→20 [0.4ms]
[2026-05-06 11:49:28] MOVE chetan (lawn green): 65→75 [0.1ms]
[2026-05-06 11:49:28] MOVE asha (gray0): 20→19 [0.6ms]
[2026-05-06 11:49:28] MOVE chetan (lawn green): 75→65 [0.1ms]
[2026-05-06 11:49:28] MOVE asha (gray0): 19→20 [0.1ms]
[2026-05-06 11:49:29] MOVE chetan (lawn green): 65→75 [0.1ms]
[2026-05-06 11:49:29] MOVE asha (gray0): 20→19 [0.1ms]
[2026-05-06 11:49:29] MOVE chetan (lawn green): 75→65 [0.1ms]
[2026-05-06 11:49:29] MOVE asha (gray0): 19→20 [0.1ms]
[2026-05-06 11:49:29] MOVE chetan (lawn green): 65→75 [0.4ms]
[2026-05-06 11:49:29] MOVE asha (gray0): 20→19 [0.1ms]
[2026-05-06 11:49:30] MOVE chetan (lawn green): 75→65 [0.1ms]
[2026-05-06 11:49:30] MOVE asha (gray0): 19→20 [0.2ms]
[2026-05-06 11:49:30] MOVE chetan (lawn green): 65→75 [0.1ms]
[2026-05-06 11:49:30] MOVE asha (gray0): 20→19 [0.1ms]
[2026-05-06 11:49:30] MOVE chetan (lawn green): 75→65 [0.1ms]
[2026-05-06 11:49:30] MOVE asha (gray0): 19→20 [0.1ms]
[2026-05-06 11:49:30] MOVE chetan (lawn green): 65→75 [0.1ms]
[2026-05-06 11:49:31] MOVE asha (gray0): 20→19 [0.1ms]
[2026-05-06 11:49:31] MOVE chetan (lawn green): 75→65 [0.1ms]
[2026-05-06 11:49:31] MOVE asha (gray0): 19→20 [0.1ms]
[2026-05-06 11:49:31] MOVE chetan (lawn green): 65→75 [0.1ms]
[2026-05-06 11:49:31] MOVE asha (gray0): 20→19 [0.1ms]
[2026-05-06 11:49:31] MOVE chetan (lawn green): 75→65 [0.1ms]
[2026-05-06 11:49:31] MOVE asha (gray0): 19→20 [0.1ms]
[2026-05-06 11:49:32] MOVE chetan (lawn green): 65→75 [0.1ms]
[2026-05-06 11:49:32] MOVE asha (gray0): 20→19 [0.1ms]
[2026-05-06 11:49:32] MOVE chetan (lawn green): 75→65 [0.1ms]
[2026-05-06 11:49:32] MOVE asha (gray0): 19→20 [0.1ms]
[2026-05-06 11:49:32] MOVE chetan (lawn green): 65→75 [0.1ms]
[2026-05-06 11:49:32] MOVE asha (gray0): 20→19 [0.1ms]
[2026-05-06 11:49:33] MOVE chetan (lawn green): 75→65 [0.1ms]
[2026-05-06 11:49:33] MOVE asha (gray0): 19→20 [0.1ms]
[2026-05-06 11:49:33] MOVE chetan (lawn green): 65→75 [0.1ms]
[2026-05-06 11:49:33] MOVE asha (gray0): 20→19 [0.2ms]
[2026-05-06 11:49:33] MOVE chetan (lawn green): 75→65 [0.1ms]
[2026-05-06 11:49:33] MOVE asha (gray0): 19→20 [0.1ms]
[2026-05-06 11:49:34] MOVE chetan (lawn green): 65→75 [0.1ms]
[2026-05-06 11:49:34] MOVE asha (gray0): 20→19 [0.2ms]
[2026-05-06 11:49:34] MOVE chetan (lawn green): 75→65 [0.1ms]
[2026-05-06 11:49:34] MOVE asha (gray0): 19→20 [0.1ms]
[2026-05-06 11:49:34] MOVE chetan (lawn green): 65→75 [0.1ms]
[2026-05-06 11:49:34] MOVE asha (gray0): 20→19 [0.2ms]
[2026-05-06 11:49:34] MOVE chetan (lawn green): 75→65 [0.1ms]
[2026-05-06 11:49:35] MOVE asha (gray0): 19→20 [0.1ms]
[2026-05-06 11:49:35] MOVE chetan (lawn green): 65→75 [0.1ms]
[2026-05-06 11:49:35] MOVE asha (gray0): 20→19 [0.1ms]
[2026-05-06 11:49:35] MOVE chetan (lawn green): 75→65 [0.1ms]
[2026-05-06 11:49:35] MOVE asha (gray0): 19→20 [0.2ms]
[2026-05-06 11:49:35] MOVE chetan (lawn green): 65→75 [0.1ms]
[2026-05-06 11:49:36] MOVE asha (gray0): 20→19 [0.1ms]
[2026-05-06 11:49:36] MOVE chetan (lawn green): 75→65 [0.1ms]
[2026-05-06 11:49:36] MOVE asha (gray0): 19→20 [0.2ms]
[2026-05-06 11:49:36] MOVE chetan (lawn green): 65→75 [0.1ms]
[2026-05-06 11:49:36] MOVE asha (gray0): 20→19 [0.1ms]
[2026-05-06 11:49:36] MOVE chetan (lawn green): 75→65 [0.1ms]
[2026-05-06 11:49:36] MOVE asha (gray0): 19→20 [0.1ms]
[2026-05-06 11:49:37] MOVE chetan (lawn green): 65→75 [0.1ms]
[2026-05-06 11:49:37] MOVE asha (gray0): 20→19 [0.2ms]
[2026-05-06 11:49:37] MOVE chetan (lawn green): 75→65 [0.1ms]
[2026-05-06 11:49:37] MOVE asha (gray0): 19→20 [0.1ms]
[2026-05-06 11:49:37] MOVE chetan (lawn green): 65→75 [0.1ms]
[2026-05-06 11:49:37] MOVE asha (gray0): 20→19 [0.1ms]
[2026-05-06 11:49:38] MOVE chetan (lawn green): 75→65 [0.1ms]
[2026-05-06 11:49:38] MOVE asha (gray0): 19→20 [0.1ms]
[2026-05-06 11:49:38] MOVE chetan (lawn green): 65→75 [0.1ms]
[2026-05-06 11:49:38] MOVE asha (gray0): 20→19 [0.1ms]
[2026-05-06 11:49:38] MOVE chetan (lawn green): 75→65 [0.1ms]
[2026-05-06 11:49:38] MOVE asha (gray0): 19→20 [0.1ms]
[2026-05-06 11:49:39] MOVE chetan (lawn green): 65→75 [0.1ms]
[2026-05-06 11:49:39] MOVE asha (gray0): 20→19 [0.1ms]
[2026-05-06 11:49:39] MOVE chetan (lawn green): 75→65 [0.1ms]
[2026-05-06 11:49:39] MOVE asha (gray0): 19→20 [0.1ms]
[2026-05-06 11:49:39] MOVE chetan (lawn green): 65→75 [0.1ms]
[2026-05-06 11:49:39] MOVE asha (gray0): 20→19 [0.1ms]
[2026-05-06 11:49:39] MOVE chetan (lawn green): 75→65 [0.1ms]
[2026-05-06 11:49:40] MOVE asha (gray0): 19→20 [0.1ms]
[2026-05-06 11:49:40] MOVE chetan (lawn green): 65→75 [0.1ms]
[2026-05-06 11:49:40] MOVE asha (gray0): 20→19 [0.1ms]
[2026-05-06 11:49:40] MOVE chetan (lawn green): 75→65 [0.1ms]
[2026-05-06 11:49:40] MOVE asha (gray0): 19→20 [0.3ms]
[2026-05-06 11:49:40] MOVE chetan (lawn green): 65→75 [0.1ms]
[2026-05-06 11:49:41] MOVE asha (gray0): 20→19 [0.1ms]
[2026-05-06 11:49:41] MOVE chetan (lawn green): 75→65 [0.1ms]
[2026-05-06 11:49:41] MOVE asha (gray0): 19→20 [0.1ms]
[2026-05-06 11:49:41] MOVE chetan (lawn green): 65→75 [0.1ms]
[2026-05-06 11:49:41] MOVE asha (gray0): 20→19 [0.1ms]
[2026-05-06 11:49:41] MOVE chetan (lawn green): 75→65 [0.2ms]
[2026-05-06 11:49:42] MOVE asha (gray0): 19→20 [0.1ms]
[2026-05-06 11:49:42] MOVE chetan (lawn green): 65→75 [0.1ms]
[2026-05-06 11:49:42] MOVE asha (gray0): 20→19 [0.1ms]
[2026-05-06 11:49:42] MOVE chetan (lawn green): 75→65 [0.1ms]
[2026-05-06 11:49:42] MOVE asha (gray0): 19→20 [0.1ms]
[2026-05-06 11:49:42] MOVE chetan (lawn green): 65→75 [0.1ms]
[2026-05-06 11:49:42] MOVE asha (gray0): 20→19 [0.1ms]
[2026-05-06 11:49:43] MOVE chetan (lawn green): 75→65 [0.4ms]
[2026-05-06 11:49:43] MOVE asha (gray0): 19→20 [0.1ms]
[2026-05-06 11:49:43] MOVE chetan (lawn green): 65→75 [0.2ms]
[2026-05-06 11:49:43] MOVE asha (gray0): 20→19 [0.1ms]
[2026-05-06 11:49:43] MOVE chetan (lawn green): 75→65 [0.1ms]
[2026-05-06 11:49:43] MOVE asha (gray0): 19→20 [0.1ms]
[2026-05-06 11:49:44] MOVE chetan (lawn green): 65→75 [0.1ms]
[2026-05-06 11:49:44] MOVE asha (gray0): 20→19 [0.1ms]
[2026-05-06 11:49:44] MOVE chetan (lawn green): 75→65 [0.1ms]
[2026-05-06 11:49:44] MOVE asha (gray0): 19→20 [0.1ms]
[2026-05-06 11:49:44] MOVE chetan (lawn green): 65→75 [0.1ms]
[2026-05-06 11:49:44] MOVE asha (gray0): 20→19 [0.1ms]
[2026-05-06 11:49:45] MOVE chetan (lawn green): 75→65 [0.1ms]
[2026-05-06 11:49:45] MOVE asha (gray0): 19→20 [0.1ms]
[2026-05-06 11:49:45] MOVE chetan (lawn green): 65→75 [0.7ms]
[2026-05-06 11:49:45] MOVE asha (gray0): 20→19 [0.1ms]
[2026-05-06 11:49:45] MOVE chetan (lawn green): 75→65 [0.1ms]
[2026-05-06 11:49:45] MOVE asha (gray0): 19→20 [0.1ms]
[2026-05-06 11:49:45] MOVE chetan (lawn green): 65→75 [0.1ms]
[2026-05-06 11:49:46] MOVE asha (gray0): 20→19 [0.1ms]
[2026-05-06 11:49:46] MOVE chetan (lawn green): 75→65 [0.1ms]
[2026-05-06 11:49:46] MOVE asha (gray0): 19→20 [0.1ms]
[2026-05-06 11:49:46] MOVE chetan (lawn green): 65→75 [0.2ms]
[2026-05-06 11:49:46] MOVE asha (gray0): 20→19 [0.1ms]
[2026-05-06 11:49:46] MOVE chetan (lawn green): 75→65 [0.1ms]
[2026-05-06 11:49:47] MOVE asha (gray0): 19→20 [0.1ms]
[2026-05-06 11:49:47] MOVE chetan (lawn green): 65→75 [0.1ms]
[2026-05-06 11:49:47] MOVE asha (gray0): 20→19 [0.1ms]
[2026-05-06 11:49:47] MOVE chetan (lawn green): 75→65 [0.1ms]
[2026-05-06 11:49:47] MOVE asha (gray0): 19→20 [0.1ms]
[2026-05-06 11:49:47] MOVE chetan (lawn green): 65→75 [0.1ms]
[2026-05-06 11:49:48] MOVE asha (gray0): 20→19 [0.1ms]
[2026-05-06 11:49:48] MOVE chetan (lawn green): 75→65 [0.1ms]
[2026-05-06 11:49:48] MOVE asha (gray0): 19→20 [0.1ms]
[2026-05-06 11:49:48] MOVE chetan (lawn green): 65→75 [0.1ms]
[2026-05-06 11:49:48] MOVE asha (gray0): 20→19 [0.3ms]
[2026-05-06 11:49:48] MOVE chetan (lawn green): 75→65 [0.1ms]
[2026-05-06 11:49:48] MOVE asha (gray0): 19→20 [0.1ms]
[2026-05-06 11:49:49] MOVE chetan (lawn green): 65→75 [0.1ms]
[2026-05-06 11:49:49] MOVE asha (gray0): 20→19 [0.1ms]
[2026-05-06 11:49:49] MOVE chetan (lawn green): 75→65 [0.1ms]
[2026-05-06 11:49:49] MOVE asha (gray0): 19→20 [0.1ms]
[2026-05-06 11:49:49] MOVE chetan (lawn green): 65→75 [0.1ms]
[2026-05-06 11:49:49] MOVE asha (gray0): 20→19 [0.1ms]
[2026-05-06 11:49:50] MOVE chetan (lawn green): 75→65 [0.1ms]
[2026-05-06 11:49:50] MOVE asha (gray0): 19→20 [0.1ms]
[2026-05-06 11:49:50] MOVE chetan (lawn green): 65→75 [0.1ms]
[2026-05-06 11:49:50] MOVE asha (gray0): 20→19 [0.1ms]
[2026-05-06 11:49:50] MOVE chetan (lawn green): 75→65 [0.1ms]
[2026-05-06 11:49:50] MOVE asha (gray0): 19→20 [0.3ms]
[2026-05-06 11:49:51] MOVE chetan (lawn green): 65→75 [0.1ms]
[2026-05-06 11:49:51] MOVE asha (gray0): 20→19 [0.1ms]
[2026-05-06 11:49:51] MOVE chetan (lawn green): 75→65 [0.1ms]
[2026-05-06 11:49:51] MOVE asha (gray0): 19→20 [0.1ms]
[2026-05-06 11:49:51] MOVE chetan (lawn green): 65→75 [0.1ms]
[2026-05-06 11:49:51] MOVE asha (gray0): 20→19 [0.1ms]
[2026-05-06 11:49:51] MOVE chetan (lawn green): 75→65 [0.1ms]
[2026-05-06 11:49:52] MOVE asha (gray0): 19→20 [0.1ms]
[2026-05-06 11:49:52] MOVE chetan (lawn green): 65→75 [0.1ms]
[2026-05-06 11:49:52] MOVE asha (gray0): 20→19 [0.1ms]
[2026-05-06 11:49:52] MOVE chetan (lawn green): 75→65 [0.6ms]
[2026-05-06 11:49:52] MOVE asha (gray0): 19→20 [0.1ms]
[2026-05-06 11:49:52] MOVE chetan (lawn green): 65→75 [0.1ms]
[2026-05-06 11:49:53] MOVE asha (gray0): 20→19 [0.1ms]
[2026-05-06 11:49:53] MOVE chetan (lawn green): 75→65 [0.1ms]
[2026-05-06 11:49:53] MOVE asha (gray0): 19→20 [0.1ms]
[2026-05-06 11:49:53] MOVE chetan (lawn green): 65→75 [0.1ms]
[2026-05-06 11:49:53] MOVE asha (gray0): 20→19 [0.1ms]
[2026-05-06 11:49:53] MOVE chetan (lawn green): 75→65 [0.3ms]
[2026-05-06 11:49:53] MOVE asha (gray0): 19→20 [0.1ms]
[2026-05-06 11:49:54] MOVE chetan (lawn green): 65→75 [0.1ms]
[2026-05-06 11:49:54] MOVE asha (gray0): 20→19 [0.1ms]
[2026-05-06 11:49:54] MOVE chetan (lawn green): 75→65 [0.1ms]
[2026-05-06 11:49:54] MOVE asha (gray0): 19→20 [0.1ms]
[2026-05-06 11:49:54] MOVE chetan (lawn green): 65→75 [0.1ms]
[2026-05-06 11:49:54] MOVE asha (gray0): 20→19 [0.1ms]
[2026-05-06 11:49:55] MOVE chetan (lawn green): 75→65 [0.1ms]
[2026-05-06 11:49:55] MOVE asha (gray0): 19→20 [0.2ms]
[2026-05-06 11:49:55] MOVE chetan (lawn green): 65→75 [0.1ms]
[2026-05-06 11:49:55] MOVE asha (gray0): 20→19 [0.1ms]
[2026-05-06 11:49:55] MOVE chetan (lawn green): 75→65 [0.1ms]
[2026-05-06 11:49:55] MOVE asha (gray0): 19→20 [0.1ms]
[2026-05-06 11:49:56] MOVE chetan (lawn green): 65→75 [0.1ms]
[2026-05-06 11:49:56] MOVE asha (gray0): 20→19 [0.1ms]
[2026-05-06 11:49:56] MOVE chetan (lawn green): 75→65 [0.1ms]
[2026-05-06 11:49:56] MOVE asha (gray0): 19→20 [0.1ms]
[2026-05-06 11:49:56] MOVE chetan (lawn green): 65→75 [0.1ms]
[2026-05-06 11:49:56] MOVE asha (gray0): 20→19 [0.1ms]
[2026-05-06 11:49:56] MOVE chetan (lawn green): 75→65 [0.2ms]
[2026-05-06 11:49:57] MOVE asha (gray0): 19→20 [0.1ms]
[2026-05-06 11:49:57] MOVE chetan (lawn green): 65→75 [0.1ms]
[2026-05-06 11:49:57] MOVE asha (gray0): 20→19 [0.0ms]
[2026-05-06 11:49:57] MOVE chetan (lawn green): 75→65 [0.1ms]
[2026-05-06 11:49:57] MOVE asha (gray0): 19→20 [0.1ms]
[2026-05-06 11:49:57] MOVE chetan (lawn green): 65→75 [0.1ms]
[2026-05-06 11:49:57] MOVE asha (gray0): 20→19 [0.1ms]
[2026-05-06 11:49:58] MOVE chetan (lawn green): 75→65 [0.1ms]
[2026-05-06 11:49:58] MOVE asha (gray0): 19→20 [0.4ms]
[2026-05-06 11:49:58] MOVE chetan (lawn green): 65→75 [0.1ms]
[2026-05-06 11:49:58] MOVE asha (gray0): 20→19 [0.1ms]
[2026-05-06 11:49:58] MOVE chetan (lawn green): 75→65 [0.1ms]
[2026-05-06 11:49:58] MOVE asha (gray0): 19→20 [0.2ms]
[2026-05-06 11:49:59] MOVE chetan (lawn green): 65→75 [0.7ms]
[2026-05-06 11:49:59] MOVE asha (gray0): 20→19 [0.1ms]
[2026-05-06 11:49:59] MOVE chetan (lawn green): 75→65 [0.1ms]
[2026-05-06 11:49:59] MOVE asha (gray0): 19→20 [0.1ms]
[2026-05-06 11:49:59] MOVE chetan (lawn green): 65→75 [0.1ms]
[2026-05-06 11:49:59] MOVE asha (gray0): 20→19 [0.1ms]
[2026-05-06 11:50:00] MOVE chetan (lawn green): 75→65 [0.1ms]
[2026-05-06 11:50:00] MOVE asha (gray0): 19→20 [0.1ms]
[2026-05-06 11:50:00] MOVE chetan (lawn green): 65→75 [0.1ms]
[2026-05-06 11:50:00] MOVE asha (gray0): 20→19 [0.1ms]
[2026-05-06 11:50:00] MOVE chetan (lawn green): 75→65 [0.1ms]
[2026-05-06 11:50:00] MOVE asha (gray0): 19→20 [0.1ms]
[2026-05-06 11:50:01] MOVE chetan (lawn green): 65→75 [0.1ms]
[2026-05-06 11:50:01] MOVE asha (gray0): 20→19 [0.1ms]
[2026-05-06 11:50:01] MOVE chetan (lawn green): 75→65 [0.1ms]
[2026-05-06 11:50:01] MOVE asha (gray0): 19→20 [0.1ms]
[2026-05-06 11:50:01] MOVE chetan (lawn green): 65→75 [0.1ms]
[2026-05-06 11:50:01] MOVE asha (gray0): 20→19 [0.5ms]
[2026-05-06 11:50:01] MOVE chetan (lawn green): 75→65 [0.1ms]
[2026-05-06 11:50:02] MOVE asha (gray0): 19→20 [0.1ms]
[2026-05-06 11:50:02] MOVE chetan (lawn green): 65→75 [31.3ms]
[2026-05-06 11:50:02] MOVE asha (gray0): 20→19 [0.1ms]
[2026-05-06 11:50:02] MOVE chetan (lawn green): 75→65 [0.1ms]
[2026-05-06 11:50:03] MOVE asha (gray0): 19→20 [0.2ms]
[2026-05-06 11:50:03] MOVE chetan (lawn green): 65→75 [0.1ms]
[2026-05-06 11:50:03] MOVE asha (gray0): 20→19 [0.1ms]
[2026-05-06 11:50:03] MOVE chetan (lawn green): 75→65 [0.8ms]
[2026-05-06 11:50:03] MOVE asha (gray0): 19→20 [0.2ms]
[2026-05-06 11:50:03] MOVE chetan (lawn green): 65→75 [0.1ms]
[2026-05-06 11:50:04] MOVE asha (gray0): 20→19 [0.7ms]
[2026-05-06 11:50:04] MOVE chetan (lawn green): 75→65 [0.1ms]
[2026-05-06 11:50:04] MOVE asha (gray0): 19→20 [0.2ms]
[2026-05-06 11:50:04] MOVE chetan (lawn green): 65→75 [0.1ms]
[2026-05-06 11:50:04] MOVE asha (gray0): 20→19 [0.1ms]
[2026-05-06 11:50:05] MOVE chetan (lawn green): 75→65 [0.1ms]
[2026-05-06 11:50:05] MOVE asha (gray0): 19→20 [0.1ms]
[2026-05-06 11:50:05] MOVE chetan (lawn green): 65→75 [0.1ms]
[2026-05-06 11:50:05] MOVE asha (gray0): 20→19 [0.1ms]
[2026-05-06 11:50:05] MOVE chetan (lawn green): 75→65 [0.1ms]
[2026-05-06 11:50:05] MOVE asha (gray0): 19→20 [0.1ms]
[2026-05-06 11:50:06] MOVE chetan (lawn green): 65→75 [0.1ms]
[2026-05-06 11:50:06] MOVE asha (gray0): 20→19 [0.1ms]
[2026-05-06 11:50:06] MOVE chetan (lawn green): 75→65 [0.1ms]
[2026-05-06 11:50:06] MOVE asha (gray0): 19→20 [0.1ms]
[2026-05-06 11:50:06] MOVE chetan (lawn green): 65→75 [0.1ms]
[2026-05-06 11:50:06] MOVE asha (gray0): 20→19 [0.1ms]
[2026-05-06 11:50:07] MOVE chetan (lawn green): 75→65 [0.1ms]
[2026-05-06 11:50:07] MOVE asha (gray0): 19→20 [0.1ms]
[2026-05-06 11:50:07] MOVE chetan (lawn green): 65→75 [0.1ms]
[2026-05-06 11:50:07] MOVE asha (gray0): 20→19 [0.1ms]
[2026-05-06 11:50:07] MOVE chetan (lawn green): 75→65 [0.1ms]
[2026-05-06 11:50:07] MOVE asha (gray0): 19→20 [0.1ms]
[2026-05-06 11:50:07] MOVE chetan (lawn green): 65→75 [0.1ms]
[2026-05-06 11:50:08] MOVE asha (gray0): 20→19 [0.1ms]
[2026-05-06 11:50:08] MOVE chetan (lawn green): 75→65 [0.1ms]
[2026-05-06 11:50:08] MOVE asha (gray0): 19→20 [0.1ms]
[2026-05-06 11:50:08] MOVE chetan (lawn green): 65→75 [0.1ms]
[2026-05-06 11:50:08] MOVE asha (gray0): 20→19 [0.1ms]
[2026-05-06 11:50:08] MOVE chetan (lawn green): 75→65 [0.1ms]
[2026-05-06 11:50:08] MOVE asha (gray0): 19→20 [0.1ms]
[2026-05-06 11:50:09] MOVE chetan (lawn green): 65→75 [0.1ms]
[2026-05-06 11:50:09] MOVE asha (gray0): 20→19 [0.1ms]
[2026-05-06 11:50:09] MOVE chetan (lawn green): 75→65 [0.2ms]
[2026-05-06 11:50:09] MOVE asha (gray0): 19→20 [0.1ms]
[2026-05-06 11:50:09] MOVE chetan (lawn green): 65→75 [0.2ms]
[2026-05-06 11:50:09] MOVE asha (gray0): 20→19 [0.1ms]
[2026-05-06 11:50:10] MOVE chetan (lawn green): 75→65 [0.1ms]
[2026-05-06 11:50:10] MOVE asha (gray0): 19→20 [0.1ms]
[2026-05-06 11:50:10] MOVE chetan (lawn green): 65→75 [0.1ms]
[2026-05-06 11:50:10] MOVE asha (gray0): 20→19 [0.1ms]
[2026-05-06 11:50:10] MOVE chetan (lawn green): 75→65 [0.1ms]
[2026-05-06 11:50:10] MOVE asha (gray0): 19→20 [0.1ms]
[2026-05-06 11:50:11] MOVE chetan (lawn green): 65→75 [0.1ms]
[2026-05-06 11:50:11] MOVE asha (gray0): 20→19 [0.1ms]
[2026-05-06 11:50:11] MOVE chetan (lawn green): 75→65 [0.1ms]
[2026-05-06 11:50:11] MOVE asha (gray0): 19→20 [0.1ms]
[2026-05-06 11:50:11] MOVE chetan (lawn green): 65→75 [0.1ms]
[2026-05-06 11:50:11] MOVE asha (gray0): 20→19 [0.1ms]
[2026-05-06 11:50:12] MOVE chetan (lawn green): 75→65 [0.1ms]
[2026-05-06 11:50:12] MOVE asha (gray0): 19→20 [0.1ms]
[2026-05-06 11:50:12] MOVE chetan (lawn green): 65→75 [0.1ms]
[2026-05-06 11:50:12] MOVE asha (gray0): 20→19 [0.1ms]
[2026-05-06 11:50:12] MOVE chetan (lawn green): 75→65 [0.1ms]
[2026-05-06 11:50:12] MOVE asha (gray0): 19→20 [0.1ms]
[2026-05-06 11:50:13] MOVE chetan (lawn green): 65→75 [0.1ms]
[2026-05-06 11:50:13] MOVE asha (gray0): 20→19 [0.1ms]
[2026-05-06 11:50:13] MOVE chetan (lawn green): 75→65 [0.1ms]
[2026-05-06 11:50:13] MOVE asha (gray0): 19→20 [0.1ms]
[2026-05-06 11:50:13] MOVE chetan (lawn green): 65→75 [0.1ms]
[2026-05-06 11:50:13] MOVE asha (gray0): 20→19 [0.1ms]
[2026-05-06 11:50:13] MOVE chetan (lawn green): 75→65 [0.1ms]
[2026-05-06 11:50:14] MOVE asha (gray0): 19→20 [0.1ms]
[2026-05-06 11:50:14] MOVE chetan (lawn green): 65→75 [0.1ms]
[2026-05-06 11:50:14] MOVE asha (gray0): 20→19 [0.1ms]
[2026-05-06 11:50:14] MOVE chetan (lawn green): 75→65 [0.2ms]
[2026-05-06 11:50:14] MOVE asha (gray0): 19→20 [0.1ms]
[2026-05-06 11:50:14] MOVE chetan (lawn green): 65→75 [0.1ms]
[2026-05-06 11:50:14] MOVE asha (gray0): 20→19 [0.1ms]
[2026-05-06 11:50:15] MOVE chetan (lawn green): 75→65 [0.1ms]
[2026-05-06 11:50:15] MOVE asha (gray0): 19→20 [0.1ms]
[2026-05-06 11:50:15] MOVE chetan (lawn green): 65→75 [0.1ms]
[2026-05-06 11:50:15] MOVE asha (gray0): 20→19 [0.1ms]
[2026-05-06 11:50:15] MOVE chetan (lawn green): 75→65 [0.2ms]
[2026-05-06 11:50:15] MOVE asha (gray0): 19→20 [0.1ms]
[2026-05-06 11:50:16] MOVE chetan (lawn green): 65→75 [0.1ms]
[2026-05-06 11:50:16] MOVE asha (gray0): 20→19 [0.1ms]
[2026-05-06 11:50:16] MOVE chetan (lawn green): 75→65 [0.1ms]
[2026-05-06 11:50:16] MOVE asha (gray0): 19→20 [0.1ms]
[2026-05-06 11:50:16] MOVE chetan (lawn green): 65→75 [0.1ms]
[2026-05-06 11:50:16] MOVE asha (gray0): 20→19 [0.1ms]
[2026-05-06 11:50:17] MOVE chetan (lawn green): 75→65 [0.1ms]
[2026-05-06 11:50:17] MOVE asha (gray0): 19→20 [0.1ms]
[2026-05-06 11:50:17] MOVE chetan (lawn green): 65→75 [0.1ms]
[2026-05-06 11:50:17] MOVE asha (gray0): 20→19 [0.1ms]
[2026-05-06 11:50:17] MOVE chetan (lawn green): 75→65 [0.1ms]
[2026-05-06 11:50:17] MOVE asha (gray0): 19→20 [0.1ms]
[2026-05-06 11:50:17] MOVE chetan (lawn green): 65→75 [0.1ms]
[2026-05-06 11:50:18] MOVE asha (gray0): 20→19 [0.1ms]
[2026-05-06 11:50:18] MOVE chetan (lawn green): 75→65 [0.1ms]
[2026-05-06 11:50:18] MOVE asha (gray0): 19→20 [0.2ms]
[2026-05-06 11:50:18] MOVE chetan (lawn green): 65→75 [0.1ms]
[2026-05-06 11:50:18] MOVE asha (gray0): 20→19 [0.1ms]
[2026-05-06 11:50:18] MOVE chetan (lawn green): 75→65 [3.1ms]
[2026-05-06 11:50:18] MOVE asha (gray0): 19→20 [0.1ms]
[2026-05-06 11:50:19] MOVE chetan (lawn green): 65→75 [0.1ms]
[2026-05-06 11:50:19] MOVE asha (gray0): 20→19 [0.1ms]
[2026-05-06 11:50:19] MOVE chetan (lawn green): 75→65 [0.1ms]
[2026-05-06 11:50:19] MOVE asha (gray0): 19→20 [0.1ms]
[2026-05-06 11:50:19] MOVE chetan (lawn green): 65→75 [0.1ms]
[2026-05-06 11:50:19] MOVE asha (gray0): 20→19 [0.1ms]
[2026-05-06 11:50:20] MOVE chetan (lawn green): 75→65 [0.2ms]
[2026-05-06 11:50:20] MOVE asha (gray0): 19→20 [0.1ms]
[2026-05-06 11:50:20] MOVE chetan (lawn green): 65→75 [0.1ms]
[2026-05-06 11:50:20] MOVE asha (gray0): 20→19 [0.1ms]
[2026-05-06 11:50:20] MOVE chetan (lawn green): 75→65 [0.2ms]
[2026-05-06 11:50:20] MOVE asha (gray0): 19→20 [0.1ms]
[2026-05-06 11:50:21] MOVE chetan (lawn green): 65→75 [0.1ms]
[2026-05-06 11:50:21] MOVE asha (gray0): 20→19 [0.1ms]
[2026-05-06 11:50:21] MOVE chetan (lawn green): 75→65 [0.1ms]
[2026-05-06 11:50:21] MOVE asha (gray0): 19→20 [0.1ms]
[2026-05-06 11:50:21] MOVE chetan (lawn green): 65→75 [0.2ms]
[2026-05-06 11:50:21] MOVE asha (gray0): 20→19 [0.1ms]
[2026-05-06 11:50:22] MOVE chetan (lawn green): 75→65 [0.1ms]
[2026-05-06 11:50:22] MOVE asha (gray0): 19→20 [0.1ms]
[2026-05-06 11:50:22] MOVE chetan (lawn green): 65→75 [0.1ms]
[2026-05-06 11:50:22] MOVE asha (gray0): 20→19 [0.5ms]
[2026-05-06 11:50:22] MOVE chetan (lawn green): 75→65 [0.1ms]
[2026-05-06 11:50:22] MOVE asha (gray0): 19→20 [0.1ms]
[2026-05-06 11:50:22] MOVE chetan (lawn green): 65→75 [0.1ms]
[2026-05-06 11:50:22] MOVE asha (gray0): 20→19 [0.1ms]
[2026-05-06 11:50:23] MOVE chetan (lawn green): 75→65 [0.1ms]
[2026-05-06 11:50:23] MOVE asha (gray0): 19→20 [0.2ms]
[2026-05-06 11:50:23] MOVE chetan (lawn green): 65→75 [0.1ms]
[2026-05-06 11:50:23] MOVE asha (gray0): 20→19 [0.1ms]
[2026-05-06 11:50:23] MOVE chetan (lawn green): 75→65 [0.1ms]
[2026-05-06 11:50:23] MOVE asha (gray0): 19→20 [0.1ms]
[2026-05-06 11:50:24] MOVE chetan (lawn green): 65→75 [0.1ms]
[2026-05-06 11:50:24] MOVE asha (gray0): 20→19 [0.1ms]
[2026-05-06 11:50:24] MOVE chetan (lawn green): 75→65 [0.1ms]
[2026-05-06 11:50:24] MOVE asha (gray0): 19→20 [0.1ms]
[2026-05-06 11:50:24] MOVE chetan (lawn green): 65→75 [0.1ms]
[2026-05-06 11:50:24] MOVE asha (gray0): 20→19 [0.1ms]
[2026-05-06 11:50:25] MOVE chetan (lawn green): 75→65 [0.1ms]
[2026-05-06 11:50:25] MOVE asha (gray0): 19→20 [0.1ms]
[2026-05-06 11:50:25] MOVE chetan (lawn green): 65→75 [0.1ms]
[2026-05-06 11:50:25] MOVE asha (gray0): 20→19 [0.1ms]
[2026-05-06 11:50:25] MOVE chetan (lawn green): 75→65 [0.1ms]
[2026-05-06 11:50:25] MOVE asha (gray0): 19→20 [0.1ms]
[2026-05-06 11:50:26] MOVE chetan (lawn green): 65→75 [0.1ms]
[2026-05-06 11:50:26] MOVE asha (gray0): 20→19 [0.2ms]
[2026-05-06 11:50:26] MOVE chetan (lawn green): 75→65 [0.1ms]
[2026-05-06 11:50:26] MOVE asha (gray0): 19→20 [0.1ms]
[2026-05-06 11:50:26] MOVE chetan (lawn green): 65→75 [0.1ms]
[2026-05-06 11:50:26] MOVE asha (gray0): 20→19 [0.1ms]
[2026-05-06 11:50:27] MOVE chetan (lawn green): 75→65 [0.1ms]
[2026-05-06 11:50:27] MOVE asha (gray0): 19→20 [0.3ms]
[2026-05-06 11:50:27] MOVE chetan (lawn green): 65→75 [0.1ms]
[2026-05-06 11:50:27] MOVE asha (gray0): 20→19 [0.3ms]
[2026-05-06 11:50:27] MOVE chetan (lawn green): 75→65 [0.1ms]
[2026-05-06 11:50:27] MOVE asha (gray0): 19→20 [0.1ms]
[2026-05-06 11:50:28] MOVE chetan (lawn green): 65→75 [0.1ms]
[2026-05-06 11:50:28] MOVE asha (gray0): 20→19 [0.5ms]
[2026-05-06 11:50:28] MOVE chetan (lawn green): 75→65 [0.1ms]
[2026-05-06 11:50:28] MOVE asha (gray0): 19→20 [0.1ms]
[2026-05-06 11:50:28] MOVE chetan (lawn green): 65→75 [0.1ms]
[2026-05-06 11:50:28] MOVE asha (gray0): 20→19 [0.1ms]
[2026-05-06 11:50:28] MOVE chetan (lawn green): 75→65 [0.1ms]
[2026-05-06 11:50:28] MOVE asha (gray0): 19→20 [0.1ms]
[2026-05-06 11:50:29] MOVE chetan (lawn green): 65→75 [0.1ms]
[2026-05-06 11:50:29] MOVE asha (gray0): 20→19 [0.1ms]
[2026-05-06 11:50:29] MOVE chetan (lawn green): 75→65 [0.5ms]
[2026-05-06 11:50:29] MOVE asha (gray0): 19→20 [0.2ms]
[2026-05-06 11:50:29] MOVE chetan (lawn green): 65→75 [0.1ms]
[2026-05-06 11:50:29] MOVE asha (gray0): 20→19 [0.1ms]
[2026-05-06 11:50:30] MOVE chetan (lawn green): 75→65 [0.1ms]
[2026-05-06 11:50:30] MOVE asha (gray0): 19→20 [0.1ms]
[2026-05-06 11:50:30] MOVE chetan (lawn green): 65→75 [0.1ms]
[2026-05-06 11:50:30] MOVE asha (gray0): 20→19 [0.1ms]
[2026-05-06 11:50:30] MOVE chetan (lawn green): 75→65 [0.1ms]
[2026-05-06 11:50:30] MOVE asha (gray0): 19→20 [0.1ms]
[2026-05-06 11:50:31] MOVE chetan (lawn green): 65→75 [0.1ms]
[2026-05-06 11:50:31] MOVE asha (gray0): 20→19 [0.1ms]
[2026-05-06 11:50:31] MOVE chetan (lawn green): 75→65 [0.1ms]
[2026-05-06 11:50:31] MOVE asha (gray0): 19→20 [0.1ms]
[2026-05-06 11:50:31] MOVE chetan (lawn green): 65→75 [0.1ms]
[2026-05-06 11:50:31] MOVE asha (gray0): 20→19 [0.1ms]
[2026-05-06 11:50:32] MOVE chetan (lawn green): 75→65 [0.1ms]
[2026-05-06 11:50:32] MOVE asha (gray0): 19→20 [0.1ms]
[2026-05-06 11:50:32] MOVE chetan (lawn green): 65→75 [0.1ms]
[2026-05-06 11:50:32] MOVE asha (gray0): 20→19 [0.1ms]
[2026-05-06 11:50:32] MOVE chetan (lawn green): 75→65 [0.1ms]
[2026-05-06 11:50:32] MOVE asha (gray0): 19→20 [0.1ms]
[2026-05-06 11:50:32] MOVE chetan (lawn green): 65→75 [0.1ms]
[2026-05-06 11:50:33] MOVE asha (gray0): 20→19 [0.1ms]
[2026-05-06 11:50:33] MOVE chetan (lawn green): 75→65 [0.1ms]
[2026-05-06 11:50:33] MOVE asha (gray0): 19→20 [0.1ms]
[2026-05-06 11:50:33] MOVE chetan (lawn green): 65→75 [0.1ms]
[2026-05-06 11:50:33] MOVE asha (gray0): 20→19 [0.1ms]
[2026-05-06 11:50:33] MOVE chetan (lawn green): 75→65 [0.3ms]
[2026-05-06 11:50:33] MOVE asha (gray0): 19→20 [0.1ms]
[2026-05-06 11:50:34] MOVE chetan (lawn green): 65→75 [0.1ms]
[2026-05-06 11:50:34] MOVE asha (gray0): 20→19 [0.1ms]
[2026-05-06 11:50:34] MOVE chetan (lawn green): 75→65 [0.1ms]
[2026-05-06 11:50:34] MOVE asha (gray0): 19→20 [0.1ms]
[2026-05-06 11:50:34] MOVE chetan (lawn green): 65→75 [0.1ms]
[2026-05-06 11:50:35] MOVE asha (gray0): 20→19 [0.1ms]
[2026-05-06 11:50:35] MOVE chetan (lawn green): 75→65 [0.1ms]
[2026-05-06 11:50:35] MOVE asha (gray0): 19→20 [0.1ms]
[2026-05-06 11:50:35] MOVE chetan (lawn green): 65→75 [0.1ms]
[2026-05-06 11:50:35] MOVE asha (gray0): 20→19 [0.1ms]
[2026-05-06 11:50:36] MOVE chetan (lawn green): 75→65 [0.1ms]
[2026-05-06 11:50:36] MOVE asha (gray0): 19→20 [0.1ms]
[2026-05-06 11:50:36] MOVE chetan (lawn green): 65→75 [0.1ms]
[2026-05-06 11:50:36] MOVE asha (gray0): 20→19 [0.1ms]
[2026-05-06 11:50:36] MOVE chetan (lawn green): 75→65 [0.1ms]
[2026-05-06 11:50:37] MOVE asha (gray0): 19→20 [0.9ms]
[2026-05-06 11:50:37] MOVE chetan (lawn green): 65→75 [0.5ms]
[2026-05-06 11:50:37] MOVE asha (gray0): 20→19 [0.4ms]
[2026-05-06 11:50:37] MOVE chetan (lawn green): 75→65 [0.1ms]
[2026-05-06 11:50:37] MOVE asha (gray0): 19→20 [0.1ms]
[2026-05-06 11:50:37] MOVE chetan (lawn green): 65→75 [0.2ms]
[2026-05-06 11:50:38] MOVE asha (gray0): 20→19 [0.1ms]
[2026-05-06 11:50:38] MOVE chetan (lawn green): 75→65 [0.1ms]
[2026-05-06 11:50:38] MOVE asha (gray0): 19→20 [0.1ms]
[2026-05-06 11:50:38] MOVE chetan (lawn green): 65→75 [0.2ms]
[2026-05-06 11:50:38] MOVE asha (gray0): 20→19 [0.1ms]
[2026-05-06 11:50:39] MOVE chetan (lawn green): 75→65 [0.3ms]
[2026-05-06 11:50:39] MOVE asha (gray0): 19→20 [0.1ms]
[2026-05-06 11:50:39] MOVE chetan (lawn green): 65→75 [0.1ms]
[2026-05-06 11:50:39] MOVE asha (gray0): 20→19 [0.1ms]
[2026-05-06 11:50:39] MOVE chetan (lawn green): 75→65 [0.1ms]
[2026-05-06 11:50:39] MOVE asha (gray0): 19→20 [0.1ms]
[2026-05-06 11:50:40] MOVE chetan (lawn green): 65→75 [0.1ms]
[2026-05-06 11:50:40] MOVE asha (gray0): 20→19 [0.1ms]
[2026-05-06 11:50:40] MOVE chetan (lawn green): 75→65 [0.1ms]
[2026-05-06 11:50:40] MOVE asha (gray0): 19→20 [0.2ms]
[2026-05-06 11:50:40] MOVE chetan (lawn green): 65→75 [0.2ms]
[2026-05-06 11:50:40] MOVE asha (gray0): 20→19 [0.2ms]
[2026-05-06 11:50:41] MOVE chetan (lawn green): 75→65 [0.2ms]
[2026-05-06 11:50:41] MOVE asha (gray0): 19→20 [0.1ms]
[2026-05-06 11:50:41] MOVE chetan (lawn green): 65→75 [0.1ms]
[2026-05-06 11:50:41] MOVE asha (gray0): 20→19 [0.1ms]
[2026-05-06 11:50:41] MOVE chetan (lawn green): 75→65 [0.1ms]
[2026-05-06 11:50:41] MOVE asha (gray0): 19→20 [0.1ms]
[2026-05-06 11:50:42] MOVE chetan (lawn green): 65→75 [0.1ms]
[2026-05-06 11:50:42] MOVE asha (gray0): 20→19 [0.1ms]
[2026-05-06 11:50:42] MOVE chetan (lawn green): 75→65 [0.1ms]
[2026-05-06 11:50:42] MOVE asha (gray0): 19→20 [0.1ms]
[2026-05-06 11:50:42] MOVE chetan (lawn green): 65→75 [0.1ms]
[2026-05-06 11:50:42] MOVE asha (gray0): 20→19 [0.2ms]
[2026-05-06 11:50:42] MOVE chetan (lawn green): 75→65 [0.1ms]
[2026-05-06 11:50:43] MOVE asha (gray0): 19→20 [0.1ms]
[2026-05-06 11:50:43] MOVE chetan (lawn green): 65→75 [0.1ms]
[2026-05-06 11:50:43] MOVE asha (gray0): 20→19 [0.1ms]
[2026-05-06 11:50:43] MOVE chetan (lawn green): 75→65 [0.1ms]
[2026-05-06 11:50:43] MOVE asha (gray0): 19→20 [0.2ms]
[2026-05-06 11:50:43] MOVE chetan (lawn green): 65→75 [0.1ms]
[2026-05-06 11:50:43] MOVE asha (gray0): 20→19 [0.1ms]
[2026-05-06 11:50:44] MOVE chetan (lawn green): 75→65 [0.1ms]
[2026-05-06 11:50:44] MOVE asha (gray0): 19→20 [0.1ms]
[2026-05-06 11:50:44] MOVE chetan (lawn green): 65→75 [0.2ms]
[2026-05-06 11:50:44] MOVE asha (gray0): 20→19 [0.1ms]
[2026-05-06 11:50:44] MOVE chetan (lawn green): 75→65 [0.1ms]
[2026-05-06 11:50:44] MOVE asha (gray0): 19→20 [0.1ms]
[2026-05-06 11:50:45] MOVE chetan (lawn green): 65→75 [0.2ms]
[2026-05-06 11:50:45] MOVE asha (gray0): 20→19 [0.1ms]
[2026-05-06 11:50:45] MOVE chetan (lawn green): 75→65 [0.1ms]
[2026-05-06 11:50:45] MOVE asha (gray0): 19→20 [0.1ms]
[2026-05-06 11:50:45] MOVE chetan (lawn green): 65→75 [0.1ms]
[2026-05-06 11:50:45] MOVE asha (gray0): 20→19 [0.1ms]
[2026-05-06 11:50:46] MOVE chetan (lawn green): 75→65 [0.1ms]
[2026-05-06 11:50:46] MOVE asha (gray0): 19→20 [0.1ms]
[2026-05-06 11:50:46] MOVE chetan (lawn green): 65→75 [0.1ms]
[2026-05-06 11:50:46] MOVE asha (gray0): 20→19 [0.3ms]
[2026-05-06 11:50:46] MOVE chetan (lawn green): 75→65 [0.1ms]
[2026-05-06 11:50:46] MOVE asha (gray0): 19→20 [0.1ms]
[2026-05-06 11:50:46] MOVE chetan (lawn green): 65→75 [0.1ms]
[2026-05-06 11:50:47] MOVE asha (gray0): 20→19 [0.1ms]
[2026-05-06 11:50:47] MOVE chetan (lawn green): 75→65 [0.1ms]
[2026-05-06 11:50:47] MOVE asha (gray0): 19→20 [6.8ms]
[2026-05-06 11:50:47] MOVE chetan (lawn green): 65→75 [2.3ms]
[2026-05-06 11:50:47] MOVE asha (gray0): 20→19 [0.4ms]
[2026-05-06 11:50:47] MOVE chetan (lawn green): 75→65 [0.1ms]
[2026-05-06 11:50:48] MOVE asha (gray0): 19→20 [1.7ms]
[2026-05-06 11:50:48] MOVE chetan (lawn green): 65→75 [0.2ms]
[2026-05-06 11:50:48] MOVE asha (gray0): 20→19 [0.1ms]
[2026-05-06 11:50:48] MOVE chetan (lawn green): 75→65 [0.4ms]
[2026-05-06 11:50:48] MOVE asha (gray0): 19→20 [0.1ms]
[2026-05-06 11:50:48] MOVE chetan (lawn green): 65→75 [0.1ms]
[2026-05-06 11:50:49] MOVE asha (gray0): 20→19 [0.1ms]
[2026-05-06 11:50:49] MOVE chetan (lawn green): 75→65 [0.1ms]
[2026-05-06 11:50:49] MOVE asha (gray0): 19→20 [0.1ms]
[2026-05-06 11:50:49] MOVE chetan (lawn green): 65→75 [0.5ms]
[2026-05-06 11:50:49] MOVE asha (gray0): 20→19 [0.1ms]
[2026-05-06 11:50:49] MOVE chetan (lawn green): 75→65 [0.1ms]
[2026-05-06 11:50:50] MOVE asha (gray0): 19→20 [0.1ms]
[2026-05-06 11:50:50] MOVE chetan (lawn green): 65→75 [0.1ms]
[2026-05-06 11:50:50] MOVE asha (gray0): 20→19 [0.1ms]
[2026-05-06 11:50:50] MOVE chetan (lawn green): 75→65 [0.1ms]
[2026-05-06 11:50:50] MOVE asha (gray0): 19→20 [0.1ms]
[2026-05-06 11:50:50] MOVE chetan (lawn green): 65→75 [0.3ms]
[2026-05-06 11:50:50] MOVE asha (gray0): 20→19 [0.1ms]
[2026-05-06 11:50:51] MOVE chetan (lawn green): 75→65 [0.1ms]
[2026-05-06 11:50:51] MOVE asha (gray0): 19→20 [0.1ms]
[2026-05-06 11:50:51] MOVE chetan (lawn green): 65→75 [0.1ms]
[2026-05-06 11:50:51] MOVE asha (gray0): 20→19 [0.2ms]
[2026-05-06 11:50:51] MOVE chetan (lawn green): 75→65 [0.1ms]
[2026-05-06 11:50:51] MOVE asha (gray0): 19→20 [0.1ms]
[2026-05-06 11:50:52] MOVE chetan (lawn green): 65→75 [0.1ms]
[2026-05-06 11:50:52] MOVE asha (gray0): 20→19 [0.1ms]
[2026-05-06 11:50:52] MOVE chetan (lawn green): 75→65 [0.1ms]
[2026-05-06 11:50:52] MOVE asha (gray0): 19→20 [0.1ms]
[2026-05-06 11:50:52] MOVE chetan (lawn green): 65→75 [0.3ms]
[2026-05-06 11:50:52] MOVE asha (gray0): 20→19 [0.1ms]
[2026-05-06 11:50:52] MOVE chetan (lawn green): 75→65 [0.1ms]
[2026-05-06 11:50:53] MOVE asha (gray0): 19→20 [0.1ms]
[2026-05-06 11:50:53] MOVE chetan (lawn green): 65→75 [0.1ms]
[2026-05-06 11:50:53] MOVE asha (gray0): 20→19 [0.1ms]
[2026-05-06 11:50:53] MOVE chetan (lawn green): 75→65 [0.1ms]
[2026-05-06 11:50:53] MOVE asha (gray0): 19→20 [0.1ms]
[2026-05-06 11:50:53] MOVE chetan (lawn green): 65→75 [0.1ms]
[2026-05-06 11:50:54] MOVE asha (gray0): 20→19 [0.3ms]
[2026-05-06 11:50:54] MOVE chetan (lawn green): 75→65 [0.1ms]
[2026-05-06 11:50:54] MOVE asha (gray0): 19→20 [0.1ms]
[2026-05-06 11:50:54] MOVE chetan (lawn green): 65→75 [0.1ms]
[2026-05-06 11:50:54] MOVE asha (gray0): 20→19 [0.1ms]
[2026-05-06 11:50:54] MOVE chetan (lawn green): 75→65 [0.1ms]
[2026-05-06 11:50:55] MOVE asha (gray0): 19→20 [0.4ms]
[2026-05-06 11:50:55] MOVE chetan (lawn green): 65→75 [0.1ms]
[2026-05-06 11:50:55] MOVE asha (gray0): 20→19 [0.1ms]
[2026-05-06 11:50:55] MOVE chetan (lawn green): 75→65 [0.1ms]
[2026-05-06 11:50:55] MOVE asha (gray0): 19→20 [0.1ms]
[2026-05-06 11:50:55] MOVE chetan (lawn green): 65→75 [0.1ms]
[2026-05-06 11:50:55] MOVE asha (gray0): 20→19 [0.1ms]
[2026-05-06 11:50:56] MOVE chetan (lawn green): 75→65 [0.1ms]
[2026-05-06 11:50:56] MOVE asha (gray0): 19→20 [0.1ms]
[2026-05-06 11:50:56] MOVE chetan (lawn green): 65→75 [4.4ms]
[2026-05-06 11:50:56] MOVE asha (gray0): 20→19 [0.3ms]
[2026-05-06 11:50:56] MOVE chetan (lawn green): 75→65 [0.4ms]
[2026-05-06 11:50:56] MOVE asha (gray0): 19→20 [0.1ms]
[2026-05-06 11:50:57] MOVE chetan (lawn green): 65→75 [0.1ms]
[2026-05-06 11:50:57] MOVE asha (gray0): 20→19 [0.1ms]
[2026-05-06 11:50:57] MOVE chetan (lawn green): 75→65 [0.1ms]
[2026-05-06 11:50:57] MOVE asha (gray0): 19→20 [0.1ms]
[2026-05-06 11:50:57] MOVE chetan (lawn green): 65→75 [0.4ms]
[2026-05-06 11:50:57] MOVE asha (gray0): 20→19 [0.1ms]
[2026-05-06 11:50:58] MOVE chetan (lawn green): 75→65 [0.1ms]
[2026-05-06 11:50:58] MOVE asha (gray0): 19→20 [0.1ms]
[2026-05-06 11:50:58] MOVE chetan (lawn green): 65→75 [0.1ms]
[2026-05-06 11:50:58] MOVE asha (gray0): 20→19 [0.5ms]
[2026-05-06 11:50:58] MOVE chetan (lawn green): 75→65 [0.1ms]
[2026-05-06 11:50:58] MOVE asha (gray0): 19→20 [0.1ms]
[2026-05-06 11:50:59] MOVE chetan (lawn green): 65→75 [0.1ms]
[2026-05-06 11:50:59] MOVE asha (gray0): 20→19 [0.1ms]
[2026-05-06 11:50:59] MOVE chetan (lawn green): 75→65 [0.1ms]
[2026-05-06 11:50:59] MOVE asha (gray0): 19→20 [0.1ms]
[2026-05-06 11:50:59] MOVE chetan (lawn green): 65→75 [0.1ms]
[2026-05-06 11:50:59] MOVE asha (gray0): 20→19 [0.1ms]
[2026-05-06 11:50:59] MOVE chetan (lawn green): 75→65 [0.1ms]
[2026-05-06 11:51:00] MOVE asha (gray0): 19→20 [0.9ms]
[2026-05-06 11:51:00] MOVE chetan (lawn green): 65→75 [0.1ms]
[2026-05-06 11:51:00] MOVE asha (gray0): 20→19 [0.1ms]
[2026-05-06 11:51:00] MOVE chetan (lawn green): 75→65 [0.1ms]
[2026-05-06 11:51:00] MOVE asha (gray0): 19→20 [0.1ms]
[2026-05-06 11:51:00] MOVE chetan (lawn green): 65→75 [0.1ms]
[2026-05-06 11:51:00] MOVE asha (gray0): 20→19 [0.1ms]
[2026-05-06 11:51:01] MOVE chetan (lawn green): 75→65 [0.1ms]
[2026-05-06 11:51:01] MOVE asha (gray0): 19→20 [0.1ms]
[2026-05-06 11:51:01] MOVE chetan (lawn green): 65→75 [0.1ms]
[2026-05-06 11:51:01] MOVE asha (gray0): 20→19 [0.1ms]
[2026-05-06 11:51:01] MOVE chetan (lawn green): 75→65 [0.1ms]
[2026-05-06 11:51:01] MOVE asha (gray0): 19→20 [0.3ms]
[2026-05-06 11:51:02] MOVE chetan (lawn green): 65→75 [0.1ms]
[2026-05-06 11:51:02] MOVE asha (gray0): 20→19 [0.5ms]
[2026-05-06 11:51:02] MOVE chetan (lawn green): 75→65 [0.1ms]
[2026-05-06 11:51:02] MOVE asha (gray0): 19→20 [0.1ms]
[2026-05-06 11:51:02] MOVE chetan (lawn green): 65→75 [0.1ms]
[2026-05-06 11:51:02] MOVE asha (gray0): 20→19 [0.1ms]
[2026-05-06 11:51:03] MOVE chetan (lawn green): 75→65 [0.1ms]
[2026-05-06 11:51:03] MOVE asha (gray0): 19→20 [0.1ms]
[2026-05-06 11:51:03] MOVE chetan (lawn green): 65→75 [0.1ms]
[2026-05-06 11:51:03] MOVE asha (gray0): 20→19 [0.1ms]
[2026-05-06 11:51:03] MOVE chetan (lawn green): 75→65 [0.1ms]
[2026-05-06 11:51:03] MOVE asha (gray0): 19→20 [0.2ms]
[2026-05-06 11:51:04] MOVE chetan (lawn green): 65→75 [0.1ms]
[2026-05-06 11:51:04] MOVE asha (gray0): 20→19 [0.1ms]
[2026-05-06 11:51:04] MOVE chetan (lawn green): 75→65 [0.1ms]
[2026-05-06 11:51:04] MOVE asha (gray0): 19→20 [0.1ms]
[2026-05-06 11:51:04] MOVE chetan (lawn green): 65→75 [0.1ms]
[2026-05-06 11:51:04] MOVE asha (gray0): 20→19 [0.1ms]
[2026-05-06 11:51:04] MOVE chetan (lawn green): 75→65 [0.1ms]
[2026-05-06 11:51:05] MOVE asha (gray0): 19→20 [0.1ms]
[2026-05-06 11:51:05] MOVE chetan (lawn green): 65→75 [0.1ms]
[2026-05-06 11:51:05] MOVE asha (gray0): 20→19 [0.3ms]
[2026-05-06 11:51:05] MOVE chetan (lawn green): 75→65 [0.1ms]
[2026-05-06 11:51:05] MOVE asha (gray0): 19→20 [0.2ms]
[2026-05-06 11:51:05] MOVE chetan (lawn green): 65→75 [0.1ms]
[2026-05-06 11:51:06] MOVE asha (gray0): 20→19 [0.1ms]
[2026-05-06 11:51:06] MOVE chetan (lawn green): 75→65 [0.1ms]
[2026-05-06 11:51:06] MOVE asha (gray0): 19→20 [0.1ms]
[2026-05-06 11:51:06] MOVE chetan (lawn green): 65→75 [0.1ms]
[2026-05-06 11:51:06] MOVE asha (gray0): 20→19 [0.1ms]
[2026-05-06 11:51:06] MOVE chetan (lawn green): 75→65 [0.1ms]
[2026-05-06 11:51:07] MOVE asha (gray0): 19→20 [0.1ms]
[2026-05-06 11:51:07] MOVE chetan (lawn green): 65→75 [0.2ms]
[2026-05-06 11:51:07] MOVE asha (gray0): 20→19 [0.2ms]
[2026-05-06 11:51:07] MOVE chetan (lawn green): 75→65 [0.1ms]
[2026-05-06 11:51:07] MOVE asha (gray0): 19→20 [0.3ms]
[2026-05-06 11:51:07] MOVE chetan (lawn green): 65→75 [0.1ms]
[2026-05-06 11:51:07] MOVE asha (gray0): 20→19 [0.1ms]
[2026-05-06 11:51:08] MOVE chetan (lawn green): 75→65 [0.1ms]
[2026-05-06 11:51:08] MOVE asha (gray0): 19→20 [0.1ms]
[2026-05-06 11:51:08] MOVE chetan (lawn green): 65→75 [0.1ms]
[2026-05-06 11:51:08] MOVE asha (gray0): 20→19 [0.1ms]
[2026-05-06 11:51:08] MOVE chetan (lawn green): 75→65 [0.1ms]
[2026-05-06 11:51:08] MOVE asha (gray0): 19→20 [0.1ms]
[2026-05-06 11:51:08] MOVE chetan (lawn green): 65→75 [0.1ms]
[2026-05-06 11:51:09] MOVE asha (gray0): 20→19 [0.1ms]
[2026-05-06 11:51:09] MOVE chetan (lawn green): 75→65 [0.1ms]
[2026-05-06 11:51:09] MOVE asha (gray0): 19→20 [0.1ms]
[2026-05-06 11:51:09] MOVE chetan (lawn green): 65→75 [0.2ms]
[2026-05-06 11:51:09] MOVE asha (gray0): 20→19 [0.1ms]
[2026-05-06 11:51:09] MOVE chetan (lawn green): 75→65 [0.1ms]
[2026-05-06 11:51:10] MOVE asha (gray0): 19→20 [0.1ms]
[2026-05-06 11:51:10] MOVE chetan (lawn green): 65→75 [0.1ms]
[2026-05-06 11:51:10] MOVE asha (gray0): 20→19 [0.1ms]
[2026-05-06 11:51:10] MOVE chetan (lawn green): 75→65 [0.1ms]
[2026-05-06 11:51:10] MOVE asha (gray0): 19→20 [0.1ms]
[2026-05-06 11:51:10] MOVE chetan (lawn green): 65→75 [0.1ms]
[2026-05-06 11:51:11] MOVE asha (gray0): 20→19 [0.1ms]
[2026-05-06 11:51:11] MOVE chetan (lawn green): 75→65 [0.1ms]
[2026-05-06 11:51:11] MOVE asha (gray0): 19→20 [0.1ms]
[2026-05-06 11:51:11] MOVE chetan (lawn green): 65→75 [0.2ms]
[2026-05-06 11:51:11] MOVE asha (gray0): 20→19 [0.2ms]
[2026-05-06 11:51:11] MOVE chetan (lawn green): 75→65 [0.1ms]
[2026-05-06 11:51:12] MOVE asha (gray0): 19→20 [0.1ms]
[2026-05-06 11:51:12] MOVE chetan (lawn green): 65→75 [0.1ms]
[2026-05-06 11:51:12] MOVE asha (gray0): 20→19 [0.1ms]
[2026-05-06 11:51:12] MOVE chetan (lawn green): 75→65 [0.1ms]
[2026-05-06 11:51:12] MOVE asha (gray0): 19→20 [0.1ms]
[2026-05-06 11:51:12] MOVE chetan (lawn green): 65→75 [0.1ms]
[2026-05-06 11:51:12] MOVE asha (gray0): 20→19 [0.1ms]
[2026-05-06 11:51:13] MOVE chetan (lawn green): 75→65 [0.1ms]
[2026-05-06 11:51:13] MOVE asha (gray0): 19→20 [0.1ms]
[2026-05-06 11:51:13] MOVE chetan (lawn green): 65→75 [0.1ms]
[2026-05-06 11:51:13] MOVE asha (gray0): 20→19 [0.1ms]
[2026-05-06 11:51:13] MOVE chetan (lawn green): 75→65 [0.1ms]
[2026-05-06 11:51:13] MOVE asha (gray0): 19→20 [0.1ms]
[2026-05-06 11:51:14] MOVE chetan (lawn green): 65→75 [0.1ms]
[2026-05-06 11:51:14] MOVE asha (gray0): 20→19 [0.1ms]
[2026-05-06 11:51:14] MOVE chetan (lawn green): 75→65 [0.2ms]
[2026-05-06 11:51:14] MOVE asha (gray0): 19→20 [0.1ms]
[2026-05-06 11:51:14] MOVE chetan (lawn green): 65→75 [0.1ms]
[2026-05-06 11:51:14] MOVE asha (gray0): 20→19 [0.1ms]
[2026-05-06 11:51:14] MOVE chetan (lawn green): 75→65 [0.1ms]
[2026-05-06 11:51:15] MOVE asha (gray0): 19→20 [0.1ms]
[2026-05-06 11:51:15] MOVE chetan (lawn green): 65→75 [0.1ms]
[2026-05-06 11:51:15] MOVE asha (gray0): 20→19 [0.1ms]
[2026-05-06 11:51:15] MOVE chetan (lawn green): 75→65 [0.1ms]
[2026-05-06 11:51:15] MOVE asha (gray0): 19→20 [0.1ms]
[2026-05-06 11:51:15] MOVE chetan (lawn green): 65→75 [0.1ms]
[2026-05-06 11:51:16] MOVE asha (gray0): 20→19 [0.3ms]
[2026-05-06 11:51:16] MOVE chetan (lawn green): 75→65 [0.1ms]
[2026-05-06 11:51:16] MOVE asha (gray0): 19→20 [0.1ms]
[2026-05-06 11:51:16] MOVE chetan (lawn green): 65→75 [0.1ms]
[2026-05-06 11:51:16] MOVE asha (gray0): 20→19 [0.1ms]
[2026-05-06 11:51:16] MOVE chetan (lawn green): 75→65 [0.1ms]
[2026-05-06 11:51:17] MOVE asha (gray0): 19→20 [0.1ms]
[2026-05-06 11:51:17] MOVE chetan (lawn green): 65→75 [0.1ms]
[2026-05-06 11:51:17] MOVE asha (gray0): 20→19 [0.1ms]
[2026-05-06 11:51:17] MOVE chetan (lawn green): 75→65 [0.1ms]
[2026-05-06 11:51:17] MOVE asha (gray0): 19→20 [0.1ms]
[2026-05-06 11:51:17] MOVE chetan (lawn green): 65→75 [0.1ms]
[2026-05-06 11:51:17] MOVE asha (gray0): 20→19 [0.1ms]
[2026-05-06 11:51:18] MOVE chetan (lawn green): 75→65 [0.4ms]
[2026-05-06 11:51:18] MOVE asha (gray0): 19→20 [0.1ms]
[2026-05-06 11:51:18] MOVE chetan (lawn green): 65→75 [0.1ms]
[2026-05-06 11:51:18] MOVE asha (gray0): 20→19 [0.1ms]
[2026-05-06 11:51:18] MOVE chetan (lawn green): 75→65 [0.1ms]
[2026-05-06 11:51:18] MOVE asha (gray0): 19→20 [0.1ms]
[2026-05-06 11:51:19] MOVE chetan (lawn green): 65→75 [0.1ms]
[2026-05-06 11:51:19] MOVE asha (gray0): 20→19 [0.1ms]
[2026-05-06 11:51:19] MOVE chetan (lawn green): 75→65 [0.1ms]
[2026-05-06 11:51:19] MOVE asha (gray0): 19→20 [0.1ms]
[2026-05-06 11:51:19] MOVE chetan (lawn green): 65→75 [0.4ms]
[2026-05-06 11:51:19] MOVE asha (gray0): 20→19 [0.1ms]
[2026-05-06 11:51:20] MOVE chetan (lawn green): 75→65 [0.4ms]
[2026-05-06 11:51:20] MOVE asha (gray0): 19→20 [0.1ms]
[2026-05-06 11:51:20] MOVE chetan (lawn green): 65→75 [0.1ms]
[2026-05-06 11:51:20] MOVE asha (gray0): 20→19 [0.1ms]
[2026-05-06 11:51:20] MOVE chetan (lawn green): 75→65 [0.1ms]
[2026-05-06 11:51:20] MOVE asha (gray0): 19→20 [0.1ms]
[2026-05-06 11:51:20] MOVE chetan (lawn green): 65→75 [0.1ms]
[2026-05-06 11:51:21] MOVE asha (gray0): 20→19 [0.1ms]
[2026-05-06 11:51:21] MOVE chetan (lawn green): 75→65 [0.1ms]
[2026-05-06 11:51:21] MOVE asha (gray0): 19→20 [0.4ms]
[2026-05-06 11:51:21] MOVE chetan (lawn green): 65→75 [0.1ms]
[2026-05-06 11:51:21] MOVE asha (gray0): 20→19 [0.1ms]
[2026-05-06 11:51:21] MOVE chetan (lawn green): 75→65 [0.1ms]
[2026-05-06 11:51:22] MOVE asha (gray0): 19→20 [0.2ms]
[2026-05-06 11:51:22] MOVE chetan (lawn green): 65→75 [0.2ms]
[2026-05-06 11:51:22] MOVE asha (gray0): 20→19 [0.1ms]
[2026-05-06 11:51:22] MOVE chetan (lawn green): 75→65 [0.1ms]
[2026-05-06 11:51:22] MOVE asha (gray0): 19→20 [0.8ms]
[2026-05-06 11:51:22] MOVE chetan (lawn green): 65→75 [0.1ms]
[2026-05-06 11:51:22] MOVE asha (gray0): 20→19 [0.1ms]
[2026-05-06 11:51:23] MOVE chetan (lawn green): 75→65 [0.1ms]
[2026-05-06 11:51:23] MOVE asha (gray0): 19→20 [0.1ms]
[2026-05-06 11:51:23] MOVE chetan (lawn green): 65→75 [0.1ms]
[2026-05-06 11:51:23] MOVE asha (gray0): 20→19 [0.1ms]
[2026-05-06 11:51:23] MOVE chetan (lawn green): 75→65 [0.1ms]
[2026-05-06 11:51:23] MOVE asha (gray0): 19→20 [0.2ms]
[2026-05-06 11:51:24] MOVE chetan (lawn green): 65→75 [0.2ms]
[2026-05-06 11:51:24] MOVE asha (gray0): 20→19 [0.1ms]
[2026-05-06 11:51:24] MOVE chetan (lawn green): 75→65 [0.1ms]
[2026-05-06 11:51:24] MOVE asha (gray0): 19→20 [0.2ms]
[2026-05-06 11:51:24] MOVE chetan (lawn green): 65→75 [0.1ms]
[2026-05-06 11:51:24] MOVE asha (gray0): 20→19 [0.1ms]
[2026-05-06 11:51:25] MOVE chetan (lawn green): 75→65 [0.1ms]
[2026-05-06 11:51:25] MOVE asha (gray0): 19→20 [0.4ms]
[2026-05-06 11:51:25] MOVE chetan (lawn green): 65→75 [0.1ms]
[2026-05-06 11:51:25] MOVE asha (gray0): 20→19 [0.1ms]
[2026-05-06 11:51:25] MOVE chetan (lawn green): 75→65 [0.1ms]
[2026-05-06 11:51:25] MOVE asha (gray0): 19→20 [0.1ms]
[2026-05-06 11:51:25] MOVE chetan (lawn green): 65→75 [0.1ms]
[2026-05-06 11:51:26] MOVE asha (gray0): 20→19 [0.1ms]
[2026-05-06 11:51:26] MOVE chetan (lawn green): 75→65 [0.1ms]
[2026-05-06 11:51:26] MOVE asha (gray0): 19→20 [0.1ms]
[2026-05-06 11:51:26] MOVE chetan (lawn green): 65→75 [0.1ms]
[2026-05-06 11:51:26] MOVE asha (gray0): 20→19 [0.1ms]
[2026-05-06 11:51:26] MOVE chetan (lawn green): 75→65 [0.1ms]
[2026-05-06 11:51:27] MOVE asha (gray0): 19→20 [0.1ms]
[2026-05-06 11:51:27] MOVE chetan (lawn green): 65→75 [0.1ms]
[2026-05-06 11:51:27] MOVE asha (gray0): 20→19 [0.1ms]
[2026-05-06 11:51:27] MOVE chetan (lawn green): 75→65 [0.1ms]
[2026-05-06 11:51:27] MOVE asha (gray0): 19→20 [0.4ms]
[2026-05-06 11:51:27] MOVE chetan (lawn green): 65→75 [0.1ms]
[2026-05-06 11:51:28] MOVE asha (gray0): 20→19 [0.1ms]
[2026-05-06 11:51:28] MOVE chetan (lawn green): 75→65 [0.2ms]
[2026-05-06 11:51:28] MOVE asha (gray0): 19→20 [0.1ms]
[2026-05-06 11:51:28] MOVE chetan (lawn green): 65→75 [0.1ms]
[2026-05-06 11:51:28] MOVE asha (gray0): 20→19 [0.1ms]
[2026-05-06 11:51:28] MOVE chetan (lawn green): 75→65 [0.1ms]
[2026-05-06 11:51:28] MOVE asha (gray0): 19→20 [0.2ms]
[2026-05-06 11:51:29] MOVE chetan (lawn green): 65→75 [0.1ms]
[2026-05-06 11:51:29] MOVE asha (gray0): 20→19 [0.1ms]
[2026-05-06 11:51:29] MOVE chetan (lawn green): 75→65 [0.1ms]
[2026-05-06 11:51:29] MOVE asha (gray0): 19→20 [0.1ms]
[2026-05-06 11:51:29] MOVE chetan (lawn green): 65→75 [0.1ms]
[2026-05-06 11:51:29] MOVE asha (gray0): 20→19 [0.1ms]
[2026-05-06 11:51:30] MOVE chetan (lawn green): 75→65 [0.1ms]
[2026-05-06 11:51:30] MOVE asha (gray0): 19→20 [0.1ms]
[2026-05-06 11:51:30] MOVE chetan (lawn green): 65→75 [0.1ms]
[2026-05-06 11:51:30] MOVE asha (gray0): 20→19 [0.1ms]
[2026-05-06 11:51:30] MOVE chetan (lawn green): 75→65 [0.1ms]
[2026-05-06 11:51:30] MOVE asha (gray0): 19→20 [0.1ms]
[2026-05-06 11:51:31] MOVE chetan (lawn green): 65→75 [0.3ms]
[2026-05-06 11:51:31] MOVE asha (gray0): 20→19 [0.1ms]
[2026-05-06 11:51:31] MOVE chetan (lawn green): 75→65 [0.1ms]
[2026-05-06 11:51:31] MOVE asha (gray0): 19→20 [0.1ms]
[2026-05-06 11:51:31] MOVE chetan (lawn green): 65→75 [0.1ms]
[2026-05-06 11:51:31] MOVE asha (gray0): 20→19 [0.1ms]
[2026-05-06 11:51:31] MOVE chetan (lawn green): 75→65 [0.1ms]
[2026-05-06 11:51:32] MOVE asha (gray0): 19→20 [0.1ms]
[2026-05-06 11:51:32] MOVE chetan (lawn green): 65→75 [0.3ms]
[2026-05-06 11:51:32] MOVE asha (gray0): 20→19 [0.1ms]
[2026-05-06 11:51:32] MOVE chetan (lawn green): 75→65 [0.1ms]
[2026-05-06 11:51:32] MOVE asha (gray0): 19→20 [0.1ms]
[2026-05-06 11:51:32] MOVE chetan (lawn green): 65→75 [0.1ms]
[2026-05-06 11:51:33] MOVE asha (gray0): 20→19 [0.2ms]
[2026-05-06 11:51:33] MOVE chetan (lawn green): 75→65 [0.1ms]
[2026-05-06 11:51:33] MOVE asha (gray0): 19→20 [0.1ms]
[2026-05-06 11:51:33] MOVE chetan (lawn green): 65→75 [0.1ms]
[2026-05-06 11:51:33] MOVE asha (gray0): 20→19 [0.1ms]
[2026-05-06 11:51:33] MOVE chetan (lawn green): 75→65 [0.1ms]
[2026-05-06 11:51:33] MOVE asha (gray0): 19→20 [0.1ms]
[2026-05-06 11:51:34] MOVE chetan (lawn green): 65→75 [0.1ms]
[2026-05-06 11:51:34] MOVE asha (gray0): 20→19 [0.1ms]
[2026-05-06 11:51:34] MOVE chetan (lawn green): 75→65 [0.1ms]
[2026-05-06 11:51:34] MOVE asha (gray0): 19→20 [0.6ms]
[2026-05-06 11:51:34] MOVE chetan (lawn green): 65→75 [0.1ms]
[2026-05-06 11:51:34] MOVE asha (gray0): 20→19 [0.1ms]
[2026-05-06 11:51:35] MOVE chetan (lawn green): 75→65 [0.1ms]
[2026-05-06 11:51:35] MOVE asha (gray0): 19→20 [0.1ms]
[2026-05-06 11:51:35] MOVE chetan (lawn green): 65→75 [0.1ms]
[2026-05-06 11:51:35] MOVE asha (gray0): 20→19 [0.1ms]
[2026-05-06 11:51:35] MOVE chetan (lawn green): 75→65 [0.1ms]
[2026-05-06 11:51:35] MOVE asha (gray0): 19→20 [0.1ms]
[2026-05-06 11:51:36] MOVE chetan (lawn green): 65→75 [0.1ms]
[2026-05-06 11:51:36] MOVE asha (gray0): 20→19 [0.1ms]
[2026-05-06 11:51:36] MOVE chetan (lawn green): 75→65 [0.1ms]
[2026-05-06 11:51:36] MOVE asha (gray0): 19→20 [0.1ms]
[2026-05-06 11:51:36] MOVE chetan (lawn green): 65→75 [0.4ms]
[2026-05-06 11:51:36] MOVE asha (gray0): 20→19 [0.1ms]
[2026-05-06 11:51:37] MOVE chetan (lawn green): 75→65 [0.1ms]
[2026-05-06 11:51:37] MOVE asha (gray0): 19→20 [0.1ms]
[2026-05-06 11:51:37] MOVE chetan (lawn green): 65→75 [0.1ms]
[2026-05-06 11:51:37] MOVE asha (gray0): 20→19 [0.1ms]
[2026-05-06 11:51:37] MOVE chetan (lawn green): 75→65 [0.1ms]
[2026-05-06 11:51:37] MOVE asha (gray0): 19→20 [0.2ms]
[2026-05-06 11:51:37] MOVE chetan (lawn green): 65→75 [0.1ms]
[2026-05-06 11:51:38] MOVE asha (gray0): 20→19 [0.1ms]
[2026-05-06 11:51:38] MOVE chetan (lawn green): 75→65 [0.1ms]
[2026-05-06 11:51:38] MOVE asha (gray0): 19→20 [0.2ms]
[2026-05-06 11:51:38] MOVE chetan (lawn green): 65→75 [0.1ms]
[2026-05-06 11:51:38] MOVE asha (gray0): 20→19 [0.3ms]
[2026-05-06 11:51:38] MOVE chetan (lawn green): 75→65 [0.1ms]
[2026-05-06 11:51:38] MOVE asha (gray0): 19→20 [0.1ms]
[2026-05-06 11:51:39] MOVE chetan (lawn green): 65→75 [0.2ms]
[2026-05-06 11:51:39] MOVE asha (gray0): 20→19 [0.1ms]
[2026-05-06 11:51:39] MOVE chetan (lawn green): 75→65 [0.2ms]
[2026-05-06 11:51:39] MOVE asha (gray0): 19→20 [1.1ms]
[2026-05-06 11:51:39] MOVE chetan (lawn green): 65→75 [0.1ms]
[2026-05-06 11:51:39] MOVE asha (gray0): 20→19 [0.1ms]
[2026-05-06 11:51:40] MOVE chetan (lawn green): 75→65 [0.1ms]
[2026-05-06 11:51:40] MOVE asha (gray0): 19→20 [0.1ms]
[2026-05-06 11:51:40] MOVE chetan (lawn green): 65→75 [0.1ms]
[2026-05-06 11:51:40] MOVE asha (gray0): 20→19 [0.1ms]
[2026-05-06 11:51:40] MOVE chetan (lawn green): 75→65 [0.1ms]
[2026-05-06 11:51:40] MOVE asha (gray0): 19→20 [0.1ms]
[2026-05-06 11:51:41] MOVE chetan (lawn green): 65→75 [0.1ms]
[2026-05-06 11:51:41] MOVE asha (gray0): 20→19 [0.1ms]
[2026-05-06 11:51:41] MOVE chetan (lawn green): 75→65 [0.1ms]
[2026-05-06 11:51:41] MOVE asha (gray0): 19→20 [0.1ms]
[2026-05-06 11:51:41] MOVE chetan (lawn green): 65→75 [0.1ms]
[2026-05-06 11:51:41] MOVE asha (gray0): 20→19 [0.1ms]
[2026-05-06 11:51:42] MOVE chetan (lawn green): 75→65 [0.1ms]
[2026-05-06 11:51:42] MOVE asha (gray0): 19→20 [0.1ms]
[2026-05-06 11:51:42] MOVE chetan (lawn green): 65→75 [0.1ms]
[2026-05-06 11:51:42] MOVE asha (gray0): 20→19 [0.1ms]
[2026-05-06 11:51:42] MOVE chetan (lawn green): 75→65 [0.1ms]
[2026-05-06 11:51:42] MOVE asha (gray0): 19→20 [0.1ms]
[2026-05-06 11:51:42] MOVE chetan (lawn green): 65→75 [0.1ms]
[2026-05-06 11:51:43] MOVE asha (gray0): 20→19 [0.1ms]
[2026-05-06 11:51:43] MOVE chetan (lawn green): 75→65 [0.4ms]
[2026-05-06 11:51:43] MOVE asha (gray0): 19→20 [0.1ms]
[2026-05-06 11:51:43] MOVE chetan (lawn green): 65→75 [0.1ms]
[2026-05-06 11:51:43] MOVE asha (gray0): 20→19 [0.1ms]
[2026-05-06 11:51:43] MOVE chetan (lawn green): 75→65 [0.1ms]
[2026-05-06 11:51:43] MOVE asha (gray0): 19→20 [0.1ms]
[2026-05-06 11:51:44] MOVE chetan (lawn green): 65→75 [0.1ms]
[2026-05-06 11:51:44] MOVE asha (gray0): 20→19 [0.1ms]
[2026-05-06 11:51:44] MOVE chetan (lawn green): 75→65 [0.1ms]
[2026-05-06 11:51:44] MOVE asha (gray0): 19→20 [0.1ms]
[2026-05-06 11:51:44] MOVE chetan (lawn green): 65→75 [0.2ms]
[2026-05-06 11:51:44] MOVE asha (gray0): 20→19 [0.2ms]
[2026-05-06 11:51:45] MOVE chetan (lawn green): 75→65 [0.1ms]
[2026-05-06 11:51:45] MOVE asha (gray0): 19→20 [0.1ms]
[2026-05-06 11:51:45] MOVE chetan (lawn green): 65→75 [0.1ms]
[2026-05-06 11:51:45] MOVE asha (gray0): 20→19 [0.1ms]
[2026-05-06 11:51:45] MOVE chetan (lawn green): 75→65 [0.1ms]
[2026-05-06 11:51:45] MOVE asha (gray0): 19→20 [0.5ms]
[2026-05-06 11:51:46] MOVE chetan (lawn green): 65→75 [0.1ms]
[2026-05-06 11:51:46] MOVE asha (gray0): 20→19 [1.2ms]
[2026-05-06 11:51:46] MOVE chetan (lawn green): 75→65 [0.1ms]
[2026-05-06 11:51:46] MOVE asha (gray0): 19→20 [0.1ms]
[2026-05-06 11:51:46] MOVE chetan (lawn green): 65→75 [0.1ms]
[2026-05-06 11:51:46] MOVE asha (gray0): 20→19 [0.1ms]
[2026-05-06 11:51:47] MOVE chetan (lawn green): 75→65 [0.1ms]
[2026-05-06 11:51:47] MOVE asha (gray0): 19→20 [0.1ms]
[2026-05-06 11:51:47] MOVE chetan (lawn green): 65→75 [0.1ms]
[2026-05-06 11:51:47] MOVE asha (gray0): 20→19 [0.1ms]
[2026-05-06 11:51:47] MOVE chetan (lawn green): 75→65 [0.1ms]
[2026-05-06 11:51:47] MOVE asha (gray0): 19→20 [0.4ms]
[2026-05-06 11:51:47] MOVE chetan (lawn green): 65→75 [0.1ms]
[2026-05-06 11:51:48] MOVE asha (gray0): 20→19 [0.1ms]
[2026-05-06 11:51:48] MOVE chetan (lawn green): 75→65 [0.1ms]
[2026-05-06 11:51:48] MOVE asha (gray0): 19→20 [0.5ms]
[2026-05-06 11:51:48] MOVE chetan (lawn green): 65→75 [0.1ms]
[2026-05-06 11:51:48] MOVE asha (gray0): 20→19 [0.1ms]
[2026-05-06 11:51:48] MOVE chetan (lawn green): 75→65 [0.1ms]
[2026-05-06 11:51:49] MOVE asha (gray0): 19→20 [0.1ms]
[2026-05-06 11:51:49] MOVE chetan (lawn green): 65→75 [0.2ms]
[2026-05-06 11:51:49] MOVE asha (gray0): 20→19 [0.1ms]
[2026-05-06 11:51:49] MOVE chetan (lawn green): 75→65 [0.2ms]
[2026-05-06 11:51:49] MOVE asha (gray0): 19→20 [0.1ms]
[2026-05-06 11:51:49] MOVE chetan (lawn green): 65→75 [0.1ms]
[2026-05-06 11:51:49] MOVE asha (gray0): 20→19 [0.1ms]
[2026-05-06 11:51:50] MOVE chetan (lawn green): 75→65 [0.1ms]
[2026-05-06 11:51:50] MOVE asha (gray0): 19→20 [0.1ms]
[2026-05-06 11:51:50] MOVE chetan (lawn green): 65→75 [0.1ms]
[2026-05-06 11:51:50] MOVE asha (gray0): 20→19 [0.1ms]
[2026-05-06 11:51:50] MOVE chetan (lawn green): 75→65 [0.1ms]
[2026-05-06 11:51:50] MOVE asha (gray0): 19→20 [0.1ms]
[2026-05-06 11:51:51] MOVE chetan (lawn green): 65→75 [0.1ms]
[2026-05-06 11:51:51] MOVE asha (gray0): 20→19 [0.1ms]
[2026-05-06 11:51:51] MOVE chetan (lawn green): 75→65 [0.1ms]
[2026-05-06 11:51:51] MOVE asha (gray0): 19→20 [0.1ms]
[2026-05-06 11:51:51] MOVE chetan (lawn green): 65→75 [0.1ms]
[2026-05-06 11:51:51] MOVE asha (gray0): 20→19 [0.1ms]
[2026-05-06 11:51:52] MOVE chetan (lawn green): 75→65 [0.1ms]
[2026-05-06 11:51:52] MOVE asha (gray0): 19→20 [0.1ms]
[2026-05-06 11:51:52] MOVE chetan (lawn green): 65→75 [0.1ms]
[2026-05-06 11:51:52] MOVE asha (gray0): 20→19 [0.1ms]
[2026-05-06 11:51:52] MOVE chetan (lawn green): 75→65 [0.1ms]
[2026-05-06 11:51:52] MOVE asha (gray0): 19→20 [0.1ms]
[2026-05-06 11:51:52] MOVE chetan (lawn green): 65→75 [0.1ms]
[2026-05-06 11:51:53] MOVE asha (gray0): 20→19 [0.1ms]
[2026-05-06 11:51:53] MOVE chetan (lawn green): 75→65 [0.1ms]
[2026-05-06 11:51:53] MOVE asha (gray0): 19→20 [0.1ms]
[2026-05-06 11:51:53] MOVE chetan (lawn green): 65→75 [0.1ms]
[2026-05-06 11:51:53] MOVE asha (gray0): 20→19 [0.1ms]
[2026-05-06 11:51:53] MOVE chetan (lawn green): 75→65 [0.3ms]
[2026-05-06 11:51:54] MOVE asha (gray0): 19→20 [0.1ms]
[2026-05-06 11:51:54] MOVE chetan (lawn green): 65→75 [0.1ms]
[2026-05-06 11:51:54] MOVE asha (gray0): 20→19 [0.1ms]
[2026-05-06 11:51:54] MOVE chetan (lawn green): 75→65 [0.2ms]
[2026-05-06 11:51:54] MOVE asha (gray0): 19→20 [1.5ms]
[2026-05-06 11:51:54] MOVE chetan (lawn green): 65→75 [0.3ms]
[2026-05-06 11:51:55] MOVE asha (gray0): 20→19 [0.1ms]
[2026-05-06 11:51:55] MOVE chetan (lawn green): 75→65 [0.1ms]
[2026-05-06 11:51:55] MOVE asha (gray0): 19→20 [0.1ms]
[2026-05-06 11:51:55] MOVE chetan (lawn green): 65→75 [0.1ms]
[2026-05-06 11:51:55] MOVE asha (gray0): 20→19 [0.1ms]
[2026-05-06 11:51:55] MOVE chetan (lawn green): 75→65 [0.1ms]
[2026-05-06 11:51:56] MOVE asha (gray0): 19→20 [0.2ms]
[2026-05-06 11:51:56] MOVE chetan (lawn green): 65→75 [0.1ms]
[2026-05-06 11:51:56] MOVE asha (gray0): 20→19 [0.3ms]
[2026-05-06 11:51:56] MOVE chetan (lawn green): 75→65 [0.1ms]
[2026-05-06 11:51:56] MOVE asha (gray0): 19→20 [0.1ms]
[2026-05-06 11:51:56] MOVE chetan (lawn green): 65→75 [0.1ms]
[2026-05-06 11:51:56] MOVE asha (gray0): 20→19 [0.1ms]
[2026-05-06 11:51:57] MOVE chetan (lawn green): 75→65 [0.1ms]
[2026-05-06 11:51:57] MOVE asha (gray0): 19→20 [0.1ms]
[2026-05-06 11:51:57] MOVE chetan (lawn green): 65→75 [0.1ms]
[2026-05-06 11:51:57] MOVE asha (gray0): 20→19 [0.1ms]
[2026-05-06 11:51:57] MOVE chetan (lawn green): 75→65 [0.1ms]
[2026-05-06 11:51:57] MOVE asha (gray0): 19→20 [0.1ms]
[2026-05-06 11:51:58] MOVE chetan (lawn green): 65→75 [0.1ms]
[2026-05-06 11:51:58] MOVE asha (gray0): 20→19 [0.2ms]
[2026-05-06 11:51:58] MOVE chetan (lawn green): 75→65 [0.1ms]
[2026-05-06 11:51:58] MOVE asha (gray0): 19→20 [0.1ms]
[2026-05-06 11:51:58] MOVE chetan (lawn green): 65→75 [0.1ms]
[2026-05-06 11:51:58] MOVE asha (gray0): 20→19 [0.1ms]
[2026-05-06 11:51:59] MOVE chetan (lawn green): 75→65 [0.2ms]
[2026-05-06 11:51:59] MOVE asha (gray0): 19→20 [0.1ms]
[2026-05-06 11:51:59] MOVE chetan (lawn green): 65→75 [0.2ms]
[2026-05-06 11:51:59] MOVE asha (gray0): 20→19 [0.1ms]
[2026-05-06 11:51:59] MOVE chetan (lawn green): 75→65 [0.1ms]
[2026-05-06 11:51:59] MOVE asha (gray0): 19→20 [0.1ms]
[2026-05-06 11:52:00] MOVE chetan (lawn green): 65→75 [0.3ms]
[2026-05-06 11:52:00] MOVE asha (gray0): 20→19 [0.1ms]
[2026-05-06 11:52:00] MOVE chetan (lawn green): 75→65 [0.1ms]
[2026-05-06 11:52:00] MOVE asha (gray0): 19→20 [0.1ms]
[2026-05-06 11:52:00] MOVE chetan (lawn green): 65→75 [0.1ms]
[2026-05-06 11:52:00] MOVE asha (gray0): 20→19 [0.1ms]
[2026-05-06 11:52:00] MOVE chetan (lawn green): 75→65 [0.1ms]
[2026-05-06 11:52:01] MOVE asha (gray0): 19→20 [0.1ms]
[2026-05-06 11:52:01] MOVE chetan (lawn green): 65→75 [0.1ms]
[2026-05-06 11:52:01] MOVE asha (gray0): 20→19 [0.1ms]
[2026-05-06 11:52:01] MOVE chetan (lawn green): 75→65 [0.1ms]
[2026-05-06 11:52:01] MOVE asha (gray0): 19→20 [0.1ms]
[2026-05-06 11:52:01] MOVE chetan (lawn green): 65→75 [0.1ms]
[2026-05-06 11:52:01] MOVE asha (gray0): 20→19 [0.1ms]
[2026-05-06 11:52:02] MOVE chetan (lawn green): 75→65 [0.1ms]
[2026-05-06 11:52:02] MOVE asha (gray0): 19→20 [0.1ms]
[2026-05-06 11:52:02] MOVE chetan (lawn green): 65→75 [2.4ms]
[2026-05-06 11:52:02] MOVE asha (gray0): 20→19 [0.1ms]
[2026-05-06 11:52:02] MOVE chetan (lawn green): 75→65 [2.6ms]
[2026-05-06 11:52:02] MOVE asha (gray0): 19→20 [0.1ms]
[2026-05-06 11:52:03] MOVE chetan (lawn green): 65→75 [0.2ms]
[2026-05-06 11:52:03] MOVE asha (gray0): 20→19 [0.1ms]
[2026-05-06 11:52:03] MOVE chetan (lawn green): 75→65 [0.1ms]
[2026-05-06 11:52:03] MOVE asha (gray0): 19→20 [0.1ms]
[2026-05-06 11:52:03] MOVE chetan (lawn green): 65→75 [0.1ms]
[2026-05-06 11:52:03] MOVE asha (gray0): 20→19 [0.1ms]
[2026-05-06 11:52:04] MOVE chetan (lawn green): 75→65 [0.1ms]
[2026-05-06 11:52:04] MOVE asha (gray0): 19→20 [2.3ms]
[2026-05-06 11:52:04] MOVE chetan (lawn green): 65→75 [0.1ms]
[2026-05-06 11:52:04] MOVE asha (gray0): 20→19 [1.8ms]
[2026-05-06 11:52:04] MOVE chetan (lawn green): 75→65 [0.1ms]
[2026-05-06 11:52:04] MOVE asha (gray0): 19→20 [0.4ms]
[2026-05-06 11:52:05] MOVE chetan (lawn green): 65→75 [0.1ms]
[2026-05-06 11:52:05] MOVE asha (gray0): 20→19 [0.1ms]
[2026-05-06 11:52:05] MOVE chetan (lawn green): 75→65 [0.1ms]
[2026-05-06 11:52:05] MOVE asha (gray0): 19→20 [0.1ms]
[2026-05-06 11:52:05] MOVE chetan (lawn green): 65→75 [0.1ms]
[2026-05-06 11:52:05] MOVE asha (gray0): 20→19 [0.1ms]
[2026-05-06 11:52:06] MOVE chetan (lawn green): 75→65 [0.1ms]
[2026-05-06 11:52:06] MOVE asha (gray0): 19→20 [0.1ms]
[2026-05-06 11:52:06] MOVE chetan (lawn green): 65→75 [0.4ms]
[2026-05-06 11:52:06] MOVE asha (gray0): 20→19 [0.1ms]
[2026-05-06 11:52:06] MOVE chetan (lawn green): 75→65 [0.1ms]
[2026-05-06 11:52:06] MOVE asha (gray0): 19→20 [0.2ms]
[2026-05-06 11:52:06] MOVE chetan (lawn green): 65→75 [1.7ms]
[2026-05-06 11:52:07] MOVE asha (gray0): 20→19 [0.1ms]
[2026-05-06 11:52:07] MOVE chetan (lawn green): 75→65 [0.1ms]
[2026-05-06 11:52:07] MOVE asha (gray0): 19→20 [0.1ms]
[2026-05-06 11:52:07] MOVE chetan (lawn green): 65→75 [0.1ms]
[2026-05-06 11:52:07] MOVE asha (gray0): 20→19 [0.1ms]
[2026-05-06 11:52:07] MOVE chetan (lawn green): 75→65 [0.1ms]
[2026-05-06 11:52:08] MOVE asha (gray0): 19→20 [0.1ms]
[2026-05-06 11:52:08] MOVE chetan (lawn green): 65→75 [0.1ms]
[2026-05-06 11:52:08] MOVE asha (gray0): 20→19 [2.0ms]
[2026-05-06 11:52:08] MOVE chetan (lawn green): 75→65 [0.1ms]
[2026-05-06 11:52:08] MOVE asha (gray0): 19→20 [0.1ms]
[2026-05-06 11:52:08] MOVE chetan (lawn green): 65→75 [0.1ms]
[2026-05-06 11:52:08] MOVE asha (gray0): 20→19 [0.1ms]
[2026-05-06 11:52:09] MOVE chetan (lawn green): 75→65 [0.1ms]
[2026-05-06 11:52:09] MOVE asha (gray0): 19→20 [0.1ms]
[2026-05-06 11:52:09] MOVE chetan (lawn green): 65→75 [0.2ms]
[2026-05-06 11:52:09] MOVE asha (gray0): 20→19 [0.2ms]
[2026-05-06 11:52:09] MOVE chetan (lawn green): 75→65 [0.1ms]
[2026-05-06 11:52:09] MOVE asha (gray0): 19→20 [0.1ms]
[2026-05-06 11:52:10] MOVE chetan (lawn green): 65→75 [0.1ms]
[2026-05-06 11:52:10] MOVE asha (gray0): 20→19 [0.1ms]
[2026-05-06 11:52:10] MOVE chetan (lawn green): 75→65 [0.1ms]
[2026-05-06 11:52:10] MOVE asha (gray0): 19→20 [0.1ms]
[2026-05-06 11:52:10] MOVE chetan (lawn green): 65→75 [0.1ms]
[2026-05-06 11:52:10] MOVE asha (gray0): 20→19 [0.1ms]
[2026-05-06 11:52:10] MOVE chetan (lawn green): 75→65 [0.1ms]
[2026-05-06 11:52:11] MOVE asha (gray0): 19→20 [0.1ms]
[2026-05-06 11:52:11] MOVE chetan (lawn green): 65→75 [0.1ms]
[2026-05-06 11:52:11] MOVE asha (gray0): 20→19 [0.1ms]
[2026-05-06 11:52:11] MOVE chetan (lawn green): 75→65 [0.1ms]
[2026-05-06 11:52:11] MOVE asha (gray0): 19→20 [0.1ms]
[2026-05-06 11:52:11] MOVE chetan (lawn green): 65→75 [0.1ms]
[2026-05-06 11:52:12] MOVE asha (gray0): 20→19 [0.1ms]
[2026-05-06 11:52:12] MOVE chetan (lawn green): 75→65 [0.1ms]
[2026-05-06 11:52:12] MOVE asha (gray0): 19→20 [0.1ms]
[2026-05-06 11:52:12] MOVE chetan (lawn green): 65→75 [0.1ms]
[2026-05-06 11:52:12] MOVE asha (gray0): 20→19 [0.1ms]
[2026-05-06 11:52:12] MOVE chetan (lawn green): 75→65 [0.1ms]
[2026-05-06 11:52:13] MOVE asha (gray0): 19→20 [0.1ms]
[2026-05-06 11:52:13] MOVE chetan (lawn green): 65→75 [0.1ms]
[2026-05-06 11:52:13] MOVE asha (gray0): 20→19 [0.1ms]
[2026-05-06 11:52:13] MOVE chetan (lawn green): 75→65 [0.1ms]
[2026-05-06 11:52:13] MOVE asha (gray0): 19→20 [0.1ms]
[2026-05-06 11:52:13] MOVE chetan (lawn green): 65→75 [0.1ms]
[2026-05-06 11:52:13] MOVE asha (gray0): 20→19 [0.1ms]
[2026-05-06 11:52:14] MOVE chetan (lawn green): 75→65 [0.1ms]
[2026-05-06 11:52:14] MOVE asha (gray0): 19→20 [0.1ms]
[2026-05-06 11:52:14] MOVE chetan (lawn green): 65→75 [0.1ms]
[2026-05-06 11:52:14] MOVE asha (gray0): 20→19 [0.1ms]
[2026-05-06 11:52:14] MOVE chetan (lawn green): 75→65 [0.1ms]
[2026-05-06 11:52:14] MOVE asha (gray0): 19→20 [0.1ms]
[2026-05-06 11:52:15] MOVE chetan (lawn green): 65→75 [0.1ms]
[2026-05-06 11:52:15] MOVE asha (gray0): 20→19 [0.1ms]
[2026-05-06 11:52:15] MOVE chetan (lawn green): 75→65 [0.1ms]
[2026-05-06 11:52:15] MOVE asha (gray0): 19→20 [0.1ms]
[2026-05-06 11:52:15] MOVE chetan (lawn green): 65→75 [0.1ms]
[2026-05-06 11:52:15] MOVE asha (gray0): 20→19 [0.1ms]
[2026-05-06 11:52:16] MOVE chetan (lawn green): 75→65 [0.1ms]
[2026-05-06 11:52:16] MOVE asha (gray0): 19→20 [0.1ms]
[2026-05-06 11:52:16] MOVE chetan (lawn green): 65→75 [0.1ms]
[2026-05-06 11:52:16] MOVE asha (gray0): 20→19 [7.5ms]
[2026-05-06 11:52:16] MOVE chetan (lawn green): 75→65 [0.1ms]
[2026-05-06 11:52:16] MOVE asha (gray0): 19→20 [0.1ms]
[2026-05-06 11:52:17] MOVE chetan (lawn green): 65→75 [0.1ms]
[2026-05-06 11:52:17] MOVE asha (gray0): 20→19 [0.1ms]
[2026-05-06 11:52:17] MOVE chetan (lawn green): 75→65 [0.1ms]
[2026-05-06 11:52:17] MOVE asha (gray0): 19→20 [0.1ms]
[2026-05-06 11:52:17] MOVE chetan (lawn green): 65→75 [0.1ms]
[2026-05-06 11:52:17] MOVE asha (gray0): 20→19 [0.2ms]
[2026-05-06 11:52:17] MOVE chetan (lawn green): 75→65 [0.1ms]
[2026-05-06 11:52:18] MOVE asha (gray0): 19→20 [0.1ms]
[2026-05-06 11:52:18] MOVE chetan (lawn green): 65→75 [0.1ms]
[2026-05-06 11:52:18] MOVE asha (gray0): 20→19 [0.1ms]
[2026-05-06 11:52:18] MOVE chetan (lawn green): 75→65 [0.1ms]
[2026-05-06 11:52:18] MOVE asha (gray0): 19→20 [0.2ms]
[2026-05-06 11:52:18] MOVE chetan (lawn green): 65→75 [0.1ms]
[2026-05-06 11:52:19] MOVE asha (gray0): 20→19 [0.1ms]
[2026-05-06 11:52:19] MOVE chetan (lawn green): 75→65 [0.1ms]
[2026-05-06 11:52:19] MOVE asha (gray0): 19→20 [0.1ms]
[2026-05-06 11:52:19] MOVE chetan (lawn green): 65→75 [0.1ms]
[2026-05-06 11:52:19] MOVE asha (gray0): 20→19 [0.6ms]
[2026-05-06 11:52:19] MOVE chetan (lawn green): 75→65 [0.2ms]
[2026-05-06 11:52:19] MOVE asha (gray0): 19→20 [0.1ms]
[2026-05-06 11:52:20] MOVE chetan (lawn green): 65→75 [0.1ms]
[2026-05-06 11:52:20] MOVE asha (gray0): 20→19 [0.1ms]
[2026-05-06 11:52:20] MOVE chetan (lawn green): 75→65 [0.2ms]
[2026-05-06 11:52:20] MOVE asha (gray0): 19→20 [0.1ms]
[2026-05-06 11:52:20] MOVE chetan (lawn green): 65→75 [0.4ms]
[2026-05-06 11:52:20] MOVE asha (gray0): 20→19 [0.4ms]
[2026-05-06 11:52:21] MOVE chetan (lawn green): 75→65 [0.2ms]
[2026-05-06 11:52:21] MOVE asha (gray0): 19→20 [0.1ms]
[2026-05-06 11:52:21] MOVE chetan (lawn green): 65→75 [0.1ms]
[2026-05-06 11:52:21] MOVE asha (gray0): 20→19 [0.1ms]
[2026-05-06 11:52:21] MOVE chetan (lawn green): 75→65 [0.1ms]
[2026-05-06 11:52:21] MOVE asha (gray0): 19→20 [0.1ms]
[2026-05-06 11:52:22] MOVE chetan (lawn green): 65→75 [0.1ms]
[2026-05-06 11:52:22] MOVE asha (gray0): 20→19 [0.1ms]
[2026-05-06 11:52:22] MOVE chetan (lawn green): 75→65 [0.1ms]
[2026-05-06 11:52:22] MOVE asha (gray0): 19→20 [0.1ms]
[2026-05-06 11:52:22] MOVE chetan (lawn green): 65→75 [0.1ms]
[2026-05-06 11:52:22] MOVE asha (gray0): 20→19 [0.1ms]
[2026-05-06 11:52:23] MOVE chetan (lawn green): 75→65 [0.1ms]
[2026-05-06 11:52:23] MOVE asha (gray0): 19→20 [0.1ms]
[2026-05-06 11:52:23] MOVE chetan (lawn green): 65→75 [0.1ms]
[2026-05-06 11:52:23] MOVE asha (gray0): 20→19 [0.1ms]
[2026-05-06 11:52:23] MOVE chetan (lawn green): 75→65 [0.1ms]
[2026-05-06 11:52:23] MOVE asha (gray0): 19→20 [0.1ms]
[2026-05-06 11:52:24] MOVE chetan (lawn green): 65→75 [0.1ms]
[2026-05-06 11:52:24] MOVE asha (gray0): 20→19 [0.1ms]
[2026-05-06 11:52:24] MOVE chetan (lawn green): 75→65 [0.3ms]
[2026-05-06 11:52:24] MOVE asha (gray0): 19→20 [0.2ms]
[2026-05-06 11:52:24] MOVE chetan (lawn green): 65→75 [0.1ms]
[2026-05-06 11:52:24] MOVE asha (gray0): 20→19 [0.1ms]
[2026-05-06 11:52:25] MOVE chetan (lawn green): 75→65 [0.1ms]
[2026-05-06 11:52:25] MOVE asha (gray0): 19→20 [0.1ms]
[2026-05-06 11:52:25] MOVE chetan (lawn green): 65→75 [0.1ms]
[2026-05-06 11:52:25] MOVE asha (gray0): 20→19 [0.1ms]
[2026-05-06 11:52:25] MOVE chetan (lawn green): 75→65 [0.1ms]
[2026-05-06 11:52:25] MOVE asha (gray0): 19→20 [0.1ms]
[2026-05-06 11:52:25] MOVE chetan (lawn green): 65→75 [0.1ms]
[2026-05-06 11:52:26] MOVE asha (gray0): 20→19 [0.1ms]
[2026-05-06 11:52:26] MOVE chetan (lawn green): 75→65 [0.1ms]
[2026-05-06 11:52:26] MOVE asha (gray0): 19→20 [0.1ms]
[2026-05-06 11:52:26] MOVE chetan (lawn green): 65→75 [0.1ms]
[2026-05-06 11:52:26] MOVE asha (gray0): 20→19 [0.1ms]
[2026-05-06 11:52:26] MOVE chetan (lawn green): 75→65 [0.1ms]
[2026-05-06 11:52:26] MOVE asha (gray0): 19→20 [0.1ms]
[2026-05-06 11:52:27] MOVE chetan (lawn green): 65→75 [0.2ms]
[2026-05-06 11:52:27] MOVE asha (gray0): 20→19 [0.1ms]
[2026-05-06 11:52:27] MOVE chetan (lawn green): 75→65 [0.1ms]
[2026-05-06 11:52:27] MOVE asha (gray0): 19→20 [0.1ms]
[2026-05-06 11:52:27] MOVE chetan (lawn green): 65→75 [0.1ms]
[2026-05-06 11:52:27] MOVE asha (gray0): 20→19 [0.1ms]
[2026-05-06 11:52:28] MOVE chetan (lawn green): 75→65 [0.1ms]
[2026-05-06 11:52:28] MOVE asha (gray0): 19→20 [0.1ms]
[2026-05-06 11:52:28] MOVE chetan (lawn green): 65→75 [0.1ms]
[2026-05-06 11:52:28] MOVE asha (gray0): 20→19 [0.1ms]
[2026-05-06 11:52:28] MOVE chetan (lawn green): 75→65 [0.1ms]
[2026-05-06 11:52:28] MOVE asha (gray0): 19→20 [0.1ms]
[2026-05-06 11:52:29] MOVE chetan (lawn green): 65→75 [0.2ms]
[2026-05-06 11:52:29] MOVE asha (gray0): 20→19 [0.1ms]
[2026-05-06 11:52:29] MOVE chetan (lawn green): 75→65 [0.1ms]
[2026-05-06 11:52:29] MOVE asha (gray0): 19→20 [0.1ms]
[2026-05-06 11:52:29] MOVE chetan (lawn green): 65→75 [0.1ms]
[2026-05-06 11:52:29] MOVE asha (gray0): 20→19 [0.1ms]
[2026-05-06 11:52:30] MOVE chetan (lawn green): 75→65 [0.1ms]
[2026-05-06 11:52:30] MOVE asha (gray0): 19→20 [0.1ms]
[2026-05-06 11:52:30] MOVE chetan (lawn green): 65→75 [0.2ms]
[2026-05-06 11:52:30] MOVE asha (gray0): 20→19 [0.2ms]
[2026-05-06 11:52:30] MOVE chetan (lawn green): 75→65 [0.5ms]
[2026-05-06 11:52:31] MOVE asha (gray0): 19→20 [0.1ms]
[2026-05-06 11:52:31] MOVE chetan (lawn green): 65→75 [0.1ms]
[2026-05-06 11:52:31] MOVE asha (gray0): 20→19 [0.1ms]
[2026-05-06 11:52:31] MOVE chetan (lawn green): 75→65 [0.1ms]
[2026-05-06 11:52:31] MOVE asha (gray0): 19→20 [0.3ms]
[2026-05-06 11:52:31] MOVE chetan (lawn green): 65→75 [0.1ms]
[2026-05-06 11:52:32] MOVE asha (gray0): 20→19 [0.2ms]
[2026-05-06 11:52:32] MOVE chetan (lawn green): 75→65 [0.2ms]
[2026-05-06 11:52:32] MOVE asha (gray0): 19→20 [0.1ms]
[2026-05-06 11:52:32] MOVE chetan (lawn green): 65→75 [0.1ms]
[2026-05-06 11:52:32] MOVE asha (gray0): 20→19 [0.1ms]
[2026-05-06 11:52:32] MOVE chetan (lawn green): 75→65 [0.1ms]
[2026-05-06 11:52:32] MOVE asha (gray0): 19→20 [0.1ms]
[2026-05-06 11:52:33] MOVE chetan (lawn green): 65→75 [0.1ms]
[2026-05-06 11:52:33] MOVE asha (gray0): 20→19 [0.1ms]
[2026-05-06 11:52:33] MOVE chetan (lawn green): 75→65 [0.1ms]
[2026-05-06 11:52:33] MOVE asha (gray0): 19→20 [0.2ms]
[2026-05-06 11:52:33] MOVE chetan (lawn green): 65→75 [0.1ms]
[2026-05-06 11:52:33] MOVE asha (gray0): 20→19 [0.1ms]
[2026-05-06 11:52:34] MOVE chetan (lawn green): 75→65 [0.1ms]
[2026-05-06 11:52:34] MOVE asha (gray0): 19→20 [0.1ms]
[2026-05-06 11:52:34] MOVE chetan (lawn green): 65→75 [0.1ms]
[2026-05-06 11:52:34] MOVE asha (gray0): 20→19 [0.1ms]
[2026-05-06 11:52:34] MOVE chetan (lawn green): 75→65 [0.1ms]
[2026-05-06 11:52:34] MOVE asha (gray0): 19→20 [0.2ms]
[2026-05-06 11:52:35] MOVE chetan (lawn green): 65→75 [0.1ms]
[2026-05-06 11:52:35] MOVE asha (gray0): 20→19 [0.1ms]
[2026-05-06 11:52:35] MOVE chetan (lawn green): 75→65 [0.1ms]
[2026-05-06 11:52:35] MOVE asha (gray0): 19→20 [0.1ms]
[2026-05-06 11:52:35] MOVE chetan (lawn green): 65→75 [0.1ms]
[2026-05-06 11:52:35] MOVE asha (gray0): 20→19 [0.1ms]
[2026-05-06 11:52:36] MOVE chetan (lawn green): 75→65 [0.1ms]
[2026-05-06 11:52:36] MOVE asha (gray0): 19→20 [0.1ms]
[2026-05-06 11:52:36] MOVE chetan (lawn green): 65→75 [0.1ms]
[2026-05-06 11:52:36] MOVE asha (gray0): 20→19 [0.1ms]
[2026-05-06 11:52:36] MOVE chetan (lawn green): 75→65 [0.1ms]
[2026-05-06 11:52:36] MOVE asha (gray0): 19→20 [0.1ms]
[2026-05-06 11:52:36] MOVE chetan (lawn green): 65→75 [0.1ms]
[2026-05-06 11:52:37] MOVE asha (gray0): 20→19 [0.1ms]
[2026-05-06 11:52:37] MOVE chetan (lawn green): 75→65 [0.1ms]
[2026-05-06 11:52:37] MOVE asha (gray0): 19→20 [0.1ms]
[2026-05-06 11:52:37] MOVE chetan (lawn green): 65→75 [0.1ms]
[2026-05-06 11:52:37] MOVE asha (gray0): 20→19 [0.1ms]
[2026-05-06 11:52:37] MOVE chetan (lawn green): 75→65 [0.1ms]
[2026-05-06 11:52:37] MOVE asha (gray0): 19→20 [0.1ms]
[2026-05-06 11:52:38] MOVE chetan (lawn green): 65→75 [0.1ms]
[2026-05-06 11:52:38] MOVE asha (gray0): 20→19 [0.1ms]
[2026-05-06 11:52:38] MOVE chetan (lawn green): 75→65 [0.3ms]
[2026-05-06 11:52:38] MOVE asha (gray0): 19→20 [0.1ms]
[2026-05-06 11:52:38] MOVE chetan (lawn green): 65→75 [0.1ms]
[2026-05-06 11:52:38] MOVE asha (gray0): 20→19 [3.9ms]
[2026-05-06 11:52:39] MOVE chetan (lawn green): 75→65 [0.1ms]
[2026-05-06 11:52:39] MOVE asha (gray0): 19→20 [0.1ms]
[2026-05-06 11:52:39] MOVE chetan (lawn green): 65→75 [0.1ms]
[2026-05-06 11:52:39] MOVE asha (gray0): 20→19 [0.1ms]
[2026-05-06 11:52:39] MOVE chetan (lawn green): 75→65 [0.1ms]
[2026-05-06 11:52:39] MOVE asha (gray0): 19→20 [0.1ms]
[2026-05-06 11:52:40] MOVE chetan (lawn green): 65→75 [0.1ms]
[2026-05-06 11:52:40] MOVE asha (gray0): 20→19 [0.1ms]
[2026-05-06 11:52:40] MOVE chetan (lawn green): 75→65 [0.1ms]
[2026-05-06 11:52:40] MOVE asha (gray0): 19→20 [0.1ms]
[2026-05-06 11:52:40] MOVE chetan (lawn green): 65→75 [0.1ms]
[2026-05-06 11:52:40] MOVE asha (gray0): 20→19 [0.1ms]
[2026-05-06 11:52:40] MOVE chetan (lawn green): 75→65 [0.1ms]
[2026-05-06 11:52:41] MOVE asha (gray0): 19→20 [0.1ms]
[2026-05-06 11:52:41] MOVE chetan (lawn green): 65→75 [0.1ms]
[2026-05-06 11:52:41] MOVE asha (gray0): 20→19 [0.1ms]
[2026-05-06 11:52:41] MOVE chetan (lawn green): 75→65 [0.2ms]
[2026-05-06 11:52:41] MOVE asha (gray0): 19→20 [0.1ms]
[2026-05-06 11:52:41] MOVE chetan (lawn green): 65→75 [0.1ms]
[2026-05-06 11:52:42] MOVE asha (gray0): 20→19 [0.1ms]
[2026-05-06 11:52:42] MOVE chetan (lawn green): 75→65 [0.3ms]
[2026-05-06 11:52:42] MOVE asha (gray0): 19→20 [0.1ms]
[2026-05-06 11:52:42] MOVE chetan (lawn green): 65→75 [0.1ms]
[2026-05-06 11:52:42] MOVE asha (gray0): 20→19 [0.1ms]
[2026-05-06 11:52:42] MOVE chetan (lawn green): 75→65 [0.1ms]
[2026-05-06 11:52:43] MOVE asha (gray0): 19→20 [0.1ms]
[2026-05-06 11:52:43] MOVE chetan (lawn green): 65→75 [0.1ms]
[2026-05-06 11:52:43] MOVE asha (gray0): 20→19 [0.1ms]
[2026-05-06 11:52:43] MOVE chetan (lawn green): 75→65 [0.1ms]
[2026-05-06 11:52:43] MOVE asha (gray0): 19→20 [0.1ms]
[2026-05-06 11:52:43] MOVE chetan (lawn green): 65→75 [0.2ms]
[2026-05-06 11:52:43] MOVE asha (gray0): 20→19 [0.1ms]
[2026-05-06 11:52:44] MOVE chetan (lawn green): 75→65 [0.1ms]
[2026-05-06 11:52:44] MOVE asha (gray0): 19→20 [0.1ms]
[2026-05-06 11:52:44] MOVE chetan (lawn green): 65→75 [0.1ms]
[2026-05-06 11:52:44] MOVE asha (gray0): 20→19 [0.1ms]
[2026-05-06 11:52:44] MOVE chetan (lawn green): 75→65 [0.1ms]
[2026-05-06 11:52:44] MOVE asha (gray0): 19→20 [0.1ms]
[2026-05-06 11:52:45] MOVE chetan (lawn green): 65→75 [0.1ms]
[2026-05-06 11:52:45] MOVE asha (gray0): 20→19 [0.1ms]
[2026-05-06 11:52:45] MOVE chetan (lawn green): 75→65 [0.1ms]
[2026-05-06 11:52:45] MOVE asha (gray0): 19→20 [0.1ms]
[2026-05-06 11:52:45] MOVE chetan (lawn green): 65→75 [0.2ms]
[2026-05-06 11:52:45] MOVE asha (gray0): 20→19 [0.1ms]
[2026-05-06 11:52:46] MOVE chetan (lawn green): 75→65 [0.1ms]
[2026-05-06 11:52:46] MOVE asha (gray0): 19→20 [0.2ms]
[2026-05-06 11:52:46] MOVE chetan (lawn green): 65→75 [0.1ms]
[2026-05-06 11:52:46] MOVE asha (gray0): 20→19 [0.1ms]
[2026-05-06 11:52:46] MOVE chetan (lawn green): 75→65 [0.2ms]
[2026-05-06 11:52:46] MOVE asha (gray0): 19→20 [0.1ms]
[2026-05-06 11:52:46] MOVE chetan (lawn green): 65→75 [0.1ms]
[2026-05-06 11:52:47] MOVE asha (gray0): 20→19 [0.2ms]
[2026-05-06 11:52:47] MOVE chetan (lawn green): 75→65 [0.1ms]
[2026-05-06 11:52:47] MOVE asha (gray0): 19→20 [0.2ms]
[2026-05-06 11:52:47] MOVE chetan (lawn green): 65→75 [0.1ms]
[2026-05-06 11:52:47] MOVE asha (gray0): 20→19 [0.2ms]
[2026-05-06 11:52:47] MOVE chetan (lawn green): 75→65 [0.1ms]
[2026-05-06 11:52:48] MOVE asha (gray0): 19→20 [0.1ms]
[2026-05-06 11:52:48] MOVE chetan (lawn green): 65→75 [0.1ms]
[2026-05-06 11:52:48] MOVE asha (gray0): 20→19 [0.1ms]
[2026-05-06 11:52:48] MOVE chetan (lawn green): 75→65 [0.1ms]
[2026-05-06 11:52:48] MOVE asha (gray0): 19→20 [0.1ms]
[2026-05-06 11:52:49] MOVE chetan (lawn green): 65→75 [0.1ms]
[2026-05-06 11:52:49] MOVE asha (gray0): 20→19 [0.1ms]
[2026-05-06 11:52:49] MOVE chetan (lawn green): 75→65 [0.1ms]
[2026-05-06 11:52:50] MOVE asha (gray0): 19→20 [0.1ms]
[2026-05-06 11:52:50] MOVE chetan (lawn green): 65→75 [0.1ms]
[2026-05-06 11:52:50] MOVE asha (gray0): 20→19 [0.1ms]
[2026-05-06 11:52:50] MOVE chetan (lawn green): 75→65 [0.1ms]
[2026-05-06 11:52:51] MOVE asha (gray0): 19→20 [0.1ms]
[2026-05-06 11:52:51] MOVE chetan (lawn green): 65→75 [0.1ms]
[2026-05-06 11:52:51] MOVE asha (gray0): 20→19 [0.1ms]
[2026-05-06 11:52:51] MOVE chetan (lawn green): 75→65 [0.1ms]
[2026-05-06 11:52:51] MOVE asha (gray0): 19→20 [0.1ms]
[2026-05-06 11:52:51] MOVE chetan (lawn green): 65→75 [0.1ms]
[2026-05-06 11:52:52] MOVE asha (gray0): 20→19 [0.2ms]
[2026-05-06 11:52:52] MOVE chetan (lawn green): 75→65 [0.1ms]
[2026-05-06 11:52:52] MOVE asha (gray0): 19→20 [0.1ms]
[2026-05-06 11:52:52] MOVE chetan (lawn green): 65→75 [0.1ms]
[2026-05-06 11:52:52] MOVE asha (gray0): 20→19 [0.1ms]
[2026-05-06 11:52:52] MOVE chetan (lawn green): 75→65 [0.1ms]
[2026-05-06 11:52:52] MOVE asha (gray0): 19→20 [0.1ms]
[2026-05-06 11:52:53] MOVE chetan (lawn green): 65→75 [0.1ms]
[2026-05-06 11:52:53] MOVE asha (gray0): 20→19 [0.4ms]
[2026-05-06 11:52:53] MOVE chetan (lawn green): 75→65 [0.1ms]
[2026-05-06 11:52:53] MOVE asha (gray0): 19→20 [0.1ms]
[2026-05-06 11:52:53] MOVE chetan (lawn green): 65→75 [0.1ms]
[2026-05-06 11:52:54] MOVE asha (gray0): 20→19 [0.1ms]
[2026-05-06 11:52:54] MOVE chetan (lawn green): 75→65 [0.7ms]
[2026-05-06 11:52:54] MOVE asha (gray0): 19→20 [0.1ms]
[2026-05-06 11:52:54] MOVE chetan (lawn green): 65→75 [0.7ms]
[2026-05-06 11:52:55] MOVE asha (gray0): 20→19 [0.4ms]
[2026-05-06 11:52:55] MOVE chetan (lawn green): 75→65 [0.1ms]
[2026-05-06 11:52:55] MOVE asha (gray0): 19→20 [0.1ms]
[2026-05-06 11:52:55] MOVE chetan (lawn green): 65→75 [0.1ms]
[2026-05-06 11:52:55] MOVE asha (gray0): 20→19 [0.2ms]
[2026-05-06 11:52:56] MOVE chetan (lawn green): 75→65 [0.1ms]
[2026-05-06 11:52:56] MOVE asha (gray0): 19→20 [0.1ms]
[2026-05-06 11:52:56] MOVE chetan (lawn green): 65→75 [0.1ms]
[2026-05-06 11:52:56] MOVE asha (gray0): 20→19 [0.1ms]
[2026-05-06 11:52:56] MOVE chetan (lawn green): 75→65 [0.1ms]
[2026-05-06 11:52:56] MOVE asha (gray0): 19→20 [0.1ms]
[2026-05-06 11:52:57] MOVE chetan (lawn green): 65→75 [0.1ms]
[2026-05-06 11:52:57] MOVE asha (gray0): 20→19 [0.1ms]
[2026-05-06 11:52:57] MOVE chetan (lawn green): 75→65 [0.7ms]
[2026-05-06 11:52:57] MOVE asha (gray0): 19→20 [0.1ms]
[2026-05-06 11:52:57] MOVE chetan (lawn green): 65→75 [0.3ms]
[2026-05-06 11:52:57] MOVE asha (gray0): 20→19 [0.1ms]
[2026-05-06 11:52:57] MOVE chetan (lawn green): 75→65 [0.1ms]
[2026-05-06 11:52:58] MOVE asha (gray0): 19→20 [0.1ms]
[2026-05-06 11:52:58] MOVE chetan (lawn green): 65→75 [0.1ms]
[2026-05-06 11:52:58] MOVE asha (gray0): 20→19 [0.1ms]
[2026-05-06 11:52:58] MOVE chetan (lawn green): 75→65 [0.1ms]
[2026-05-06 11:52:58] MOVE asha (gray0): 19→20 [0.1ms]
[2026-05-06 11:52:58] MOVE chetan (lawn green): 65→75 [0.1ms]
[2026-05-06 11:52:58] MOVE asha (gray0): 20→19 [0.1ms]
[2026-05-06 11:52:59] MOVE chetan (lawn green): 75→65 [0.1ms]
[2026-05-06 11:52:59] MOVE asha (gray0): 19→20 [0.1ms]
[2026-05-06 11:52:59] MOVE chetan (lawn green): 65→75 [0.1ms]
[2026-05-06 11:52:59] MOVE asha (gray0): 20→19 [0.1ms]
[2026-05-06 11:52:59] MOVE chetan (lawn green): 75→65 [0.1ms]
[2026-05-06 11:52:59] MOVE asha (gray0): 19→20 [0.1ms]
[2026-05-06 11:53:00] MOVE chetan (lawn green): 65→75 [0.1ms]
[2026-05-06 11:53:00] MOVE asha (gray0): 20→19 [0.1ms]
[2026-05-06 11:53:00] MOVE chetan (lawn green): 75→65 [0.1ms]
[2026-05-06 11:53:00] MOVE asha (gray0): 19→20 [0.5ms]
[2026-05-06 11:53:00] MOVE chetan (lawn green): 65→75 [0.2ms]
[2026-05-06 11:53:00] MOVE asha (gray0): 20→19 [0.1ms]
[2026-05-06 11:53:01] MOVE chetan (lawn green): 75→65 [0.1ms]
[2026-05-06 11:53:01] MOVE asha (gray0): 19→20 [0.1ms]
[2026-05-06 11:53:01] MOVE chetan (lawn green): 65→75 [0.2ms]
[2026-05-06 11:53:01] MOVE asha (gray0): 20→19 [0.1ms]
[2026-05-06 11:53:01] MOVE chetan (lawn green): 75→65 [0.1ms]
[2026-05-06 11:53:01] MOVE asha (gray0): 19→20 [0.1ms]
[2026-05-06 11:53:02] MOVE chetan (lawn green): 65→75 [0.1ms]
[2026-05-06 11:53:02] MOVE asha (gray0): 20→19 [0.1ms]
[2026-05-06 11:53:02] MOVE chetan (lawn green): 75→65 [0.1ms]
[2026-05-06 11:53:02] MOVE asha (gray0): 19→20 [0.1ms]
[2026-05-06 11:53:02] MOVE chetan (lawn green): 65→75 [0.1ms]
[2026-05-06 11:53:02] MOVE asha (gray0): 20→19 [0.1ms]
[2026-05-06 11:53:03] MOVE chetan (lawn green): 75→65 [0.1ms]
[2026-05-06 11:53:03] MOVE asha (gray0): 19→20 [0.2ms]
[2026-05-06 11:53:03] MOVE chetan (lawn green): 65→75 [0.1ms]
[2026-05-06 11:53:03] MOVE asha (gray0): 20→19 [0.1ms]
[2026-05-06 11:53:03] MOVE chetan (lawn green): 75→65 [0.2ms]
[2026-05-06 11:53:03] MOVE asha (gray0): 19→20 [0.1ms]
[2026-05-06 11:53:03] MOVE chetan (lawn green): 65→75 [0.1ms]
[2026-05-06 11:53:04] MOVE asha (gray0): 20→19 [0.1ms]
[2026-05-06 11:53:04] MOVE chetan (lawn green): 75→65 [0.3ms]
[2026-05-06 11:53:04] MOVE asha (gray0): 19→20 [0.1ms]
[2026-05-06 11:53:04] MOVE chetan (lawn green): 65→75 [0.1ms]
[2026-05-06 11:53:04] MOVE asha (gray0): 20→19 [0.1ms]
[2026-05-06 11:53:04] MOVE chetan (lawn green): 75→65 [0.1ms]
[2026-05-06 11:53:04] MOVE asha (gray0): 19→20 [0.1ms]
[2026-05-06 11:53:05] MOVE chetan (lawn green): 65→75 [0.1ms]
[2026-05-06 11:53:05] MOVE asha (gray0): 20→19 [0.2ms]
[2026-05-06 11:53:05] MOVE chetan (lawn green): 75→65 [0.2ms]
[2026-05-06 11:53:05] MOVE asha (gray0): 19→20 [0.1ms]
[2026-05-06 11:53:05] MOVE chetan (lawn green): 65→75 [0.1ms]
[2026-05-06 11:53:05] MOVE asha (gray0): 20→19 [0.3ms]
[2026-05-06 11:53:06] MOVE chetan (lawn green): 75→65 [0.1ms]
[2026-05-06 11:53:06] MOVE asha (gray0): 19→20 [0.1ms]
[2026-05-06 11:53:06] MOVE chetan (lawn green): 65→75 [0.1ms]
[2026-05-06 11:53:06] MOVE asha (gray0): 20→19 [0.1ms]
[2026-05-06 11:53:06] MOVE chetan (lawn green): 75→65 [0.1ms]
[2026-05-06 11:53:06] MOVE asha (gray0): 19→20 [0.1ms]
[2026-05-06 11:53:07] MOVE chetan (lawn green): 65→75 [1.2ms]
[2026-05-06 11:53:07] MOVE asha (gray0): 20→19 [0.1ms]
[2026-05-06 11:53:07] MOVE chetan (lawn green): 75→65 [0.4ms]
[2026-05-06 11:53:07] MOVE asha (gray0): 19→20 [0.1ms]
[2026-05-06 11:53:07] MOVE chetan (lawn green): 65→75 [0.1ms]
[2026-05-06 11:53:07] MOVE asha (gray0): 20→19 [0.1ms]
[2026-05-06 11:53:08] MOVE chetan (lawn green): 75→65 [0.1ms]
[2026-05-06 11:53:08] MOVE asha (gray0): 19→20 [0.1ms]
[2026-05-06 11:53:08] MOVE chetan (lawn green): 65→75 [0.1ms]
[2026-05-06 11:53:08] MOVE asha (gray0): 20→19 [0.1ms]
[2026-05-06 11:53:08] MOVE chetan (lawn green): 75→65 [0.1ms]
[2026-05-06 11:53:08] MOVE asha (gray0): 19→20 [0.1ms]
[2026-05-06 11:53:08] MOVE chetan (lawn green): 65→75 [0.1ms]
[2026-05-06 11:53:09] MOVE asha (gray0): 20→19 [0.1ms]
[2026-05-06 11:53:09] MOVE chetan (lawn green): 75→65 [0.1ms]
[2026-05-06 11:53:09] MOVE asha (gray0): 19→20 [0.3ms]
[2026-05-06 11:53:09] MOVE chetan (lawn green): 65→75 [0.3ms]
[2026-05-06 11:53:09] MOVE asha (gray0): 20→19 [0.1ms]
[2026-05-06 11:53:09] MOVE chetan (lawn green): 75→65 [0.1ms]
[2026-05-06 11:53:10] MOVE asha (gray0): 19→20 [0.2ms]
[2026-05-06 11:53:10] MOVE chetan (lawn green): 65→75 [0.3ms]
[2026-05-06 11:53:10] MOVE asha (gray0): 20→19 [0.1ms]
[2026-05-06 11:53:10] MOVE chetan (lawn green): 75→65 [0.2ms]
[2026-05-06 11:53:10] MOVE asha (gray0): 19→20 [0.1ms]
[2026-05-06 11:53:10] MOVE chetan (lawn green): 65→75 [0.1ms]
[2026-05-06 11:53:11] MOVE asha (gray0): 20→19 [0.1ms]
[2026-05-06 11:53:11] MOVE chetan (lawn green): 75→65 [0.1ms]
[2026-05-06 11:53:11] MOVE asha (gray0): 19→20 [0.2ms]
[2026-05-06 11:53:11] MOVE chetan (lawn green): 65→75 [1.4ms]
[2026-05-06 11:53:11] MOVE asha (gray0): 20→19 [0.1ms]
[2026-05-06 11:53:11] MOVE chetan (lawn green): 75→65 [0.6ms]
[2026-05-06 11:53:11] MOVE asha (gray0): 19→20 [0.1ms]
[2026-05-06 11:53:12] MOVE chetan (lawn green): 65→75 [0.1ms]
[2026-05-06 11:53:12] MOVE asha (gray0): 20→19 [0.1ms]
[2026-05-06 11:53:12] MOVE chetan (lawn green): 75→65 [0.1ms]
[2026-05-06 11:53:12] MOVE asha (gray0): 19→20 [0.1ms]
[2026-05-06 11:53:12] MOVE chetan (lawn green): 65→75 [0.1ms]
[2026-05-06 11:53:12] MOVE asha (gray0): 20→19 [0.1ms]
[2026-05-06 11:53:13] MOVE chetan (lawn green): 75→65 [0.1ms]
[2026-05-06 11:53:13] MOVE asha (gray0): 19→20 [0.1ms]
[2026-05-06 11:53:13] MOVE chetan (lawn green): 65→75 [0.1ms]
[2026-05-06 11:53:13] MOVE asha (gray0): 20→19 [0.1ms]
[2026-05-06 11:53:13] MOVE chetan (lawn green): 75→65 [0.1ms]
[2026-05-06 11:53:13] MOVE asha (gray0): 19→20 [0.1ms]
[2026-05-06 11:53:14] MOVE chetan (lawn green): 65→75 [0.4ms]
[2026-05-06 11:53:14] MOVE asha (gray0): 20→19 [0.1ms]
[2026-05-06 11:53:14] MOVE chetan (lawn green): 75→65 [0.1ms]
[2026-05-06 11:53:14] MOVE asha (gray0): 19→20 [0.1ms]
[2026-05-06 11:53:14] MOVE chetan (lawn green): 65→75 [0.4ms]
[2026-05-06 11:53:14] MOVE asha (gray0): 20→19 [0.1ms]
[2026-05-06 11:53:14] MOVE chetan (lawn green): 75→65 [0.1ms]
[2026-05-06 11:53:15] MOVE asha (gray0): 19→20 [0.2ms]
[2026-05-06 11:53:15] MOVE chetan (lawn green): 65→75 [0.1ms]
[2026-05-06 11:53:15] MOVE asha (gray0): 20→19 [0.1ms]
[2026-05-06 11:53:15] MOVE chetan (lawn green): 75→65 [0.1ms]
[2026-05-06 11:53:15] MOVE asha (gray0): 19→20 [0.1ms]
[2026-05-06 11:53:15] MOVE chetan (lawn green): 65→75 [0.1ms]
[2026-05-06 11:53:16] MOVE asha (gray0): 20→19 [0.1ms]
[2026-05-06 11:53:16] MOVE chetan (lawn green): 75→65 [0.1ms]
[2026-05-06 11:53:16] MOVE asha (gray0): 19→20 [0.1ms]
[2026-05-06 11:53:16] MOVE chetan (lawn green): 65→75 [0.1ms]
[2026-05-06 11:53:16] MOVE asha (gray0): 20→19 [0.1ms]
[2026-05-06 11:53:16] MOVE chetan (lawn green): 75→65 [0.1ms]
[2026-05-06 11:53:16] MOVE asha (gray0): 19→20 [0.1ms]
[2026-05-06 11:53:17] MOVE chetan (lawn green): 65→75 [0.1ms]
[2026-05-06 11:53:17] MOVE asha (gray0): 20→19 [0.1ms]
[2026-05-06 11:53:17] MOVE chetan (lawn green): 75→65 [0.1ms]
[2026-05-06 11:53:17] MOVE asha (gray0): 19→20 [0.1ms]
[2026-05-06 11:53:17] MOVE chetan (lawn green): 65→75 [0.1ms]
[2026-05-06 11:53:17] MOVE asha (gray0): 20→19 [0.1ms]
[2026-05-06 11:53:18] MOVE chetan (lawn green): 75→65 [0.1ms]
[2026-05-06 11:53:18] MOVE asha (gray0): 19→20 [0.1ms]
[2026-05-06 11:53:18] MOVE chetan (lawn green): 65→75 [0.1ms]
[2026-05-06 11:53:18] MOVE asha (gray0): 20→19 [0.1ms]
[2026-05-06 11:53:18] MOVE chetan (lawn green): 75→65 [0.1ms]
[2026-05-06 11:53:18] MOVE asha (gray0): 19→20 [0.1ms]
[2026-05-06 11:53:19] MOVE chetan (lawn green): 65→75 [0.1ms]
[2026-05-06 11:53:19] MOVE asha (gray0): 20→19 [0.1ms]
[2026-05-06 11:53:19] MOVE chetan (lawn green): 75→65 [0.1ms]
[2026-05-06 11:53:19] MOVE asha (gray0): 19→20 [0.1ms]
[2026-05-06 11:53:19] MOVE chetan (lawn green): 65→75 [0.1ms]
[2026-05-06 11:53:19] MOVE asha (gray0): 20→19 [0.1ms]
[2026-05-06 11:53:19] MOVE chetan (lawn green): 75→65 [0.1ms]
[2026-05-06 11:53:20] MOVE asha (gray0): 19→20 [0.1ms]
[2026-05-06 11:53:20] MOVE chetan (lawn green): 65→75 [0.1ms]
[2026-05-06 11:53:20] MOVE asha (gray0): 20→19 [1.6ms]
[2026-05-06 11:53:20] MOVE chetan (lawn green): 75→65 [0.1ms]
[2026-05-06 11:53:20] MOVE asha (gray0): 19→20 [0.1ms]
[2026-05-06 11:53:20] MOVE chetan (lawn green): 65→75 [0.1ms]
[2026-05-06 11:53:21] MOVE asha (gray0): 20→19 [0.1ms]
[2026-05-06 11:53:21] MOVE chetan (lawn green): 75→65 [0.1ms]
[2026-05-06 11:53:21] MOVE asha (gray0): 19→20 [0.1ms]
[2026-05-06 11:53:21] MOVE chetan (lawn green): 65→75 [0.1ms]
[2026-05-06 11:53:21] MOVE asha (gray0): 20→19 [0.1ms]
[2026-05-06 11:53:21] MOVE chetan (lawn green): 75→65 [0.1ms]
[2026-05-06 11:53:21] MOVE asha (gray0): 19→20 [0.1ms]
[2026-05-06 11:53:22] MOVE chetan (lawn green): 65→75 [0.1ms]
[2026-05-06 11:53:22] MOVE asha (gray0): 20→19 [0.2ms]
[2026-05-06 11:53:22] MOVE chetan (lawn green): 75→65 [0.1ms]
[2026-05-06 11:53:22] MOVE asha (gray0): 19→20 [0.1ms]
[2026-05-06 11:53:22] MOVE chetan (lawn green): 65→75 [0.1ms]
[2026-05-06 11:53:22] MOVE asha (gray0): 20→19 [0.2ms]
[2026-05-06 11:53:23] MOVE chetan (lawn green): 75→65 [0.1ms]
[2026-05-06 11:53:23] MOVE asha (gray0): 19→20 [0.1ms]
[2026-05-06 11:53:23] MOVE chetan (lawn green): 65→75 [0.1ms]
[2026-05-06 11:53:23] MOVE asha (gray0): 20→19 [0.1ms]
[2026-05-06 11:53:23] MOVE chetan (lawn green): 75→65 [0.1ms]
[2026-05-06 11:53:23] MOVE asha (gray0): 19→20 [0.1ms]
[2026-05-06 11:53:24] MOVE chetan (lawn green): 65→75 [0.1ms]
[2026-05-06 11:53:24] MOVE asha (gray0): 20→19 [0.1ms]
[2026-05-06 11:53:24] MOVE chetan (lawn green): 75→65 [0.2ms]
[2026-05-06 11:53:24] MOVE asha (gray0): 19→20 [0.4ms]
[2026-05-06 11:53:24] MOVE chetan (lawn green): 65→75 [0.1ms]
[2026-05-06 11:53:24] MOVE asha (gray0): 20→19 [0.1ms]
[2026-05-06 11:53:24] MOVE chetan (lawn green): 75→65 [0.1ms]
[2026-05-06 11:53:25] MOVE asha (gray0): 19→20 [0.1ms]
[2026-05-06 11:53:25] MOVE chetan (lawn green): 65→75 [0.2ms]
[2026-05-06 11:53:25] MOVE asha (gray0): 20→19 [0.1ms]
[2026-05-06 11:53:25] MOVE chetan (lawn green): 75→65 [0.1ms]
[2026-05-06 11:53:25] MOVE asha (gray0): 19→20 [0.1ms]
[2026-05-06 11:53:25] MOVE chetan (lawn green): 65→75 [0.1ms]
[2026-05-06 11:53:26] MOVE asha (gray0): 20→19 [0.1ms]
[2026-05-06 11:53:26] MOVE chetan (lawn green): 75→65 [0.1ms]
[2026-05-06 11:53:26] MOVE asha (gray0): 19→20 [0.4ms]
[2026-05-06 11:53:26] MOVE chetan (lawn green): 65→75 [0.1ms]
[2026-05-06 11:53:26] MOVE asha (gray0): 20→19 [0.1ms]
[2026-05-06 11:53:26] MOVE chetan (lawn green): 75→65 [0.1ms]
[2026-05-06 11:53:27] MOVE asha (gray0): 19→20 [0.1ms]
[2026-05-06 11:53:27] MOVE chetan (lawn green): 65→75 [0.1ms]
[2026-05-06 11:53:27] MOVE asha (gray0): 20→19 [0.1ms]
[2026-05-06 11:53:27] MOVE chetan (lawn green): 75→65 [0.1ms]
[2026-05-06 11:53:27] MOVE asha (gray0): 19→20 [0.1ms]
[2026-05-06 11:53:27] MOVE chetan (lawn green): 65→75 [0.1ms]
[2026-05-06 11:53:28] MOVE asha (gray0): 20→19 [0.4ms]
[2026-05-06 11:53:28] MOVE chetan (lawn green): 75→65 [0.1ms]
[2026-05-06 11:53:28] MOVE asha (gray0): 19→20 [0.1ms]
[2026-05-06 11:53:28] MOVE chetan (lawn green): 65→75 [0.1ms]
[2026-05-06 11:53:28] MOVE asha (gray0): 20→19 [0.2ms]
[2026-05-06 11:53:28] MOVE chetan (lawn green): 75→65 [0.1ms]
[2026-05-06 11:53:28] MOVE asha (gray0): 19→20 [0.1ms]
[2026-05-06 11:53:28] MOVE chetan (lawn green): 65→75 [0.5ms]
[2026-05-06 11:53:29] MOVE asha (gray0): 20→19 [0.1ms]
[2026-05-06 11:53:29] MOVE chetan (lawn green): 75→65 [0.1ms]
[2026-05-06 11:53:29] MOVE asha (gray0): 19→20 [0.1ms]
[2026-05-06 11:53:29] MOVE chetan (lawn green): 65→75 [0.1ms]
[2026-05-06 11:53:29] MOVE asha (gray0): 20→19 [0.1ms]
[2026-05-06 11:53:29] MOVE chetan (lawn green): 75→65 [0.1ms]
[2026-05-06 11:53:30] MOVE asha (gray0): 19→20 [0.1ms]
[2026-05-06 11:53:30] MOVE chetan (lawn green): 65→75 [0.1ms]
[2026-05-06 11:53:30] MOVE asha (gray0): 20→19 [0.1ms]
[2026-05-06 11:53:30] MOVE chetan (lawn green): 75→65 [0.1ms]
[2026-05-06 11:53:30] MOVE asha (gray0): 19→20 [0.1ms]
[2026-05-06 11:53:30] MOVE chetan (lawn green): 65→75 [0.1ms]
[2026-05-06 11:53:31] MOVE asha (gray0): 20→19 [0.1ms]
[2026-05-06 11:53:31] MOVE chetan (lawn green): 75→65 [0.5ms]
[2026-05-06 11:53:31] MOVE asha (gray0): 19→20 [0.1ms]
[2026-05-06 11:53:31] MOVE chetan (lawn green): 65→75 [0.1ms]
[2026-05-06 11:53:31] MOVE asha (gray0): 20→19 [0.1ms]
[2026-05-06 11:53:32] MOVE chetan (lawn green): 75→65 [0.2ms]
[2026-05-06 11:53:32] MOVE asha (gray0): 19→20 [0.1ms]
[2026-05-06 11:53:32] MOVE chetan (lawn green): 65→75 [0.1ms]
[2026-05-06 11:53:32] MOVE asha (gray0): 20→19 [0.1ms]
[2026-05-06 11:53:32] MOVE chetan (lawn green): 75→65 [0.1ms]
[2026-05-06 11:53:32] MOVE asha (gray0): 19→20 [0.1ms]
[2026-05-06 11:53:33] MOVE chetan (lawn green): 65→75 [0.1ms]
[2026-05-06 11:53:33] MOVE asha (gray0): 20→19 [0.3ms]
[2026-05-06 11:53:33] MOVE chetan (lawn green): 75→65 [0.1ms]
[2026-05-06 11:53:33] MOVE asha (gray0): 19→20 [0.7ms]
[2026-05-06 11:53:33] MOVE chetan (lawn green): 65→75 [1.5ms]
[2026-05-06 11:53:33] MOVE asha (gray0): 20→19 [0.2ms]
[2026-05-06 11:53:33] MOVE chetan (lawn green): 75→65 [0.1ms]
[2026-05-06 11:53:33] MOVE asha (gray0): 19→20 [0.1ms]
[2026-05-06 11:53:34] MOVE chetan (lawn green): 65→75 [0.1ms]
[2026-05-06 11:53:34] MOVE asha (gray0): 20→19 [0.1ms]
[2026-05-06 11:53:34] MOVE chetan (lawn green): 75→65 [0.1ms]
[2026-05-06 11:53:34] MOVE asha (gray0): 19→20 [0.1ms]
[2026-05-06 11:53:34] MOVE chetan (lawn green): 65→75 [0.1ms]
[2026-05-06 11:53:34] MOVE asha (gray0): 20→19 [0.1ms]
[2026-05-06 11:53:35] MOVE chetan (lawn green): 75→65 [0.1ms]
[2026-05-06 11:53:35] MOVE asha (gray0): 19→20 [0.1ms]
[2026-05-06 11:53:35] MOVE chetan (lawn green): 65→75 [0.1ms]
[2026-05-06 11:53:35] MOVE asha (gray0): 20→19 [0.1ms]
[2026-05-06 11:53:35] MOVE chetan (lawn green): 75→65 [0.1ms]
[2026-05-06 11:53:35] MOVE asha (gray0): 19→20 [0.1ms]
[2026-05-06 11:53:36] MOVE chetan (lawn green): 65→75 [0.1ms]
[2026-05-06 11:53:36] MOVE asha (gray0): 20→19 [0.1ms]
[2026-05-06 11:53:36] MOVE chetan (lawn green): 75→65 [0.1ms]
[2026-05-06 11:53:36] MOVE asha (gray0): 19→20 [0.1ms]
[2026-05-06 11:53:36] MOVE chetan (lawn green): 65→75 [0.1ms]
[2026-05-06 11:53:37] MOVE asha (gray0): 20→19 [0.1ms]
[2026-05-06 11:53:37] MOVE chetan (lawn green): 75→65 [0.1ms]
[2026-05-06 11:53:37] MOVE asha (gray0): 19→20 [0.1ms]
[2026-05-06 11:53:38] MOVE chetan (lawn green): 65→75 [0.1ms]
[2026-05-06 11:53:38] MOVE asha (gray0): 20→19 [0.1ms]
[2026-05-06 11:53:38] SCORE chetan (lawn green): Final=213.0, Time=0.0, Moves(1249)=0.0, Pins(1)=100.0, Dist=113.0
[2026-05-06 11:53:38] SCORE asha (gray0): Final=231.0, Time=0.0, Moves(1249)=0.0, Pins(1)=100.0, Dist=131.0
[2026-05-06 11:53:38] GAME TIME LIMIT REACHED.
[2026-05-06 11:53:38] SCORE chetan (lawn green): Final=213.0, Time=0.0, Moves(1249)=0.0, Pins(1)=100.0, Dist=113.0
[2026-05-06 11:53:38] SCORE asha (gray0): Final=231.0, Time=0.0, Moves(1249)=0.0, Pins(1)=100.0, Dist=131.0
[2026-05-06 11:53:38] GAME TIME LIMIT REACHED.
