[2026-05-06 12:11:30] GAME CREATED
[2026-05-06 12:11:36] PLAYER JOINED: chetan as lawn green
[2026-05-06 12:11:40] PLAYER JOINED: asha as gray0
[2026-05-06 12:11:43] GAME STARTED — turn order: ['lawn green', 'gray0']
[2026-05-06 12:11:43] MOVE chetan (lawn green): 20→18 [0.1ms]
[2026-05-06 12:11:44] MOVE asha (gray0): 75→56 [0.1ms]
[2026-05-06 12:11:44] MOVE chetan (lawn green): 22→43 [0.1ms]
[2026-05-06 12:11:44] MOVE asha (gray0): 98→77 [0.1ms]
[2026-05-06 12:11:44] MOVE chetan (lawn green): 19→17 [0.1ms]
[2026-05-06 12:11:45] MOVE asha (gray0): 65→47 [0.1ms]
[2026-05-06 12:11:45] MOVE chetan (lawn green): 33→29 [0.1ms]
[2026-05-06 12:11:45] MOVE asha (gray0): 87→48 [0.1ms]
[2026-05-06 12:11:45] MOVE chetan (lawn green): 17→40 [0.1ms]
[2026-05-06 12:11:45] MOVE asha (gray0): 47→49 [0.2ms]
[2026-05-06 12:11:45] MOVE chetan (lawn green): 29→50 [0.1ms]
[2026-05-06 12:11:45] MOVE asha (gray0): 88→47 [0.1ms]
[2026-05-06 12:11:45] MOVE chetan (lawn green): 40→57 [0.7ms]
[2026-05-06 12:11:46] MOVE asha (gray0): 56→39 [0.4ms]
[2026-05-06 12:11:46] MOVE chetan (lawn green): 50→59 [0.3ms]
[2026-05-06 12:11:46] MOVE asha (gray0): 49→28 [0.1ms]
[2026-05-06 12:11:46] MOVE chetan (lawn green): 57→56 [0.1ms]
[2026-05-06 12:11:46] MOVE asha (gray0): 39→16 [0.1ms]
[2026-05-06 12:11:46] MOVE chetan (lawn green): 56→65 [0.1ms]
[2026-05-06 12:11:47] MOVE asha (gray0): 100→60 [0.1ms]
[2026-05-06 12:11:47] MOVE chetan (lawn green): 65→75 [0.3ms]
[2026-05-06 12:11:47] MOVE asha (gray0): 47→51 [0.6ms]
[2026-05-06 12:11:47] MOVE chetan (lawn green): 75→98 [0.2ms]
[2026-05-06 12:11:47] MOVE asha (gray0): 60→41 [0.1ms]
[2026-05-06 12:11:47] MOVE chetan (lawn green): 98→100 [0.1ms]
[2026-05-06 12:11:48] MOVE asha (gray0): 51→30 [0.1ms]
[2026-05-06 12:11:48] MOVE chetan (lawn green): 100→87 [0.1ms]
[2026-05-06 12:11:48] MOVE asha (gray0): 86→67 [0.1ms]
[2026-05-06 12:11:48] MOVE chetan (lawn green): 87→86 [0.1ms]
[2026-05-06 12:11:48] MOVE asha (gray0): 77→60 [0.1ms]
[2026-05-06 12:11:48] MOVE chetan (lawn green): 44→15 [0.2ms]
[2026-05-06 12:11:49] MOVE asha (gray0): 30→31 [0.3ms]
[2026-05-06 12:11:49] MOVE chetan (lawn green): 32→47 [0.1ms]
[2026-05-06 12:11:49] MOVE asha (gray0): 31→19 [0.1ms]
[2026-05-06 12:11:49] MOVE chetan (lawn green): 86→98 [0.1ms]
[2026-05-06 12:11:49] MOVE asha (gray0): 19→20 [0.1ms]
[2026-05-06 12:11:49] MOVE chetan (lawn green): 21→17 [0.2ms]
[2026-05-06 12:11:50] MOVE asha (gray0): 20→21 [0.1ms]
[2026-05-06 12:11:50] MOVE chetan (lawn green): 98→86 [0.1ms]
[2026-05-06 12:11:50] MOVE asha (gray0): 21→22 [0.1ms]
[2026-05-06 12:11:50] MOVE chetan (lawn green): 86→75 [0.1ms]
[2026-05-06 12:11:50] MOVE asha (gray0): 28→30 [0.1ms]
[2026-05-06 12:11:50] MOVE chetan (lawn green): 75→65 [0.1ms]
[2026-05-06 12:11:50] MOVE asha (gray0): 22→21 [0.1ms]
[2026-05-06 12:11:51] MOVE chetan (lawn green): 65→88 [0.1ms]
[2026-05-06 12:11:51] MOVE asha (gray0): 21→33 [0.1ms]
[2026-05-06 12:11:51] MOVE chetan (lawn green): 88→87 [0.1ms]
[2026-05-06 12:11:51] MOVE asha (gray0): 33→32 [0.1ms]
[2026-05-06 12:11:51] MOVE chetan (lawn green): 87→100 [0.1ms]
[2026-05-06 12:11:51] MOVE asha (gray0): 32→44 [0.1ms]
[2026-05-06 12:11:52] MOVE chetan (lawn green): 100→98 [0.1ms]
[2026-05-06 12:11:52] MOVE asha (gray0): 30→31 [0.1ms]
[2026-05-06 12:11:52] MOVE chetan (lawn green): 55→49 [0.1ms]
[2026-05-06 12:11:52] MOVE asha (gray0): 44→19 [0.1ms]
[2026-05-06 12:11:52] MOVE chetan (lawn green): 98→86 [0.1ms]
[2026-05-06 12:11:52] MOVE asha (gray0): 31→32 [0.2ms]
[2026-05-06 12:11:52] MOVE chetan (lawn green): 59→57 [0.1ms]
[2026-05-06 12:11:53] MOVE asha (gray0): 19→20 [0.1ms]
[2026-05-06 12:11:53] MOVE chetan (lawn green): 86→75 [0.1ms]
[2026-05-06 12:11:53] MOVE asha (gray0): 32→33 [0.1ms]
[2026-05-06 12:11:53] MOVE chetan (lawn green): 75→65 [0.1ms]
[2026-05-06 12:11:53] MOVE asha (gray0): 20→21 [0.1ms]
[2026-05-06 12:11:53] MOVE chetan (lawn green): 65→88 [0.1ms]
[2026-05-06 12:11:54] MOVE asha (gray0): 33→20 [0.1ms]
[2026-05-06 12:11:54] MOVE chetan (lawn green): 88→87 [1.7ms]
[2026-05-06 12:11:54] MOVE asha (gray0): 21→22 [0.1ms]
[2026-05-06 12:11:54] MOVE chetan (lawn green): 87→100 [0.1ms]
[2026-05-06 12:11:54] MOVE asha (gray0): 20→21 [0.1ms]
[2026-05-06 12:11:54] MOVE chetan (lawn green): 100→98 [0.2ms]
[2026-05-06 12:11:54] MOVE asha (gray0): 22→20 [0.1ms]
[2026-05-06 12:11:55] MOVE chetan (lawn green): 98→86 [0.1ms]
[2026-05-06 12:11:55] MOVE asha (gray0): 21→22 [0.1ms]
[2026-05-06 12:11:55] MOVE chetan (lawn green): 86→98 [0.1ms]
[2026-05-06 12:11:55] MOVE asha (gray0): 20→33 [0.1ms]
[2026-05-06 12:11:55] MOVE chetan (lawn green): 34→53 [0.1ms]
[2026-05-06 12:11:55] MOVE asha (gray0): 22→34 [0.1ms]
[2026-05-06 12:11:56] MOVE chetan (lawn green): 98→86 [0.1ms]
[2026-05-06 12:11:56] MOVE asha (gray0): 33→32 [0.1ms]
[2026-05-06 12:11:56] MOVE chetan (lawn green): 86→75 [0.1ms]
[2026-05-06 12:11:56] MOVE asha (gray0): 34→33 [0.1ms]
[2026-05-06 12:11:56] MOVE chetan (lawn green): 75→65 [0.1ms]
[2026-05-06 12:11:56] MOVE asha (gray0): 32→34 [0.1ms]
[2026-05-06 12:11:57] MOVE chetan (lawn green): 65→88 [0.1ms]
[2026-05-06 12:11:57] MOVE asha (gray0): 33→20 [0.1ms]
[2026-05-06 12:11:57] MOVE chetan (lawn green): 88→87 [0.1ms]
[2026-05-06 12:11:57] MOVE asha (gray0): 34→22 [0.1ms]
[2026-05-06 12:11:57] MOVE chetan (lawn green): 87→100 [0.1ms]
[2026-05-06 12:11:57] MOVE asha (gray0): 20→21 [0.1ms]
[2026-05-06 12:11:57] MOVE chetan (lawn green): 100→98 [0.1ms]
[2026-05-06 12:11:58] MOVE asha (gray0): 22→20 [0.1ms]
[2026-05-06 12:11:58] MOVE chetan (lawn green): 98→86 [0.1ms]
[2026-05-06 12:11:58] MOVE asha (gray0): 21→22 [0.1ms]
[2026-05-06 12:11:58] MOVE chetan (lawn green): 86→98 [0.1ms]
[2026-05-06 12:11:58] MOVE asha (gray0): 20→21 [0.1ms]
[2026-05-06 12:11:58] MOVE chetan (lawn green): 98→86 [0.1ms]
[2026-05-06 12:11:58] MOVE asha (gray0): 22→34 [0.1ms]
[2026-05-06 12:11:59] MOVE chetan (lawn green): 86→75 [0.1ms]
[2026-05-06 12:11:59] MOVE asha (gray0): 21→33 [0.1ms]
[2026-05-06 12:11:59] MOVE chetan (lawn green): 75→65 [0.1ms]
[2026-05-06 12:11:59] MOVE asha (gray0): 34→32 [0.1ms]
[2026-05-06 12:11:59] MOVE chetan (lawn green): 65→88 [0.1ms]
[2026-05-06 12:11:59] MOVE asha (gray0): 33→34 [0.1ms]
[2026-05-06 12:12:00] MOVE chetan (lawn green): 88→87 [0.1ms]
[2026-05-06 12:12:00] MOVE asha (gray0): 32→20 [0.1ms]
[2026-05-06 12:12:00] MOVE chetan (lawn green): 87→100 [0.1ms]
[2026-05-06 12:12:00] MOVE asha (gray0): 34→22 [0.1ms]
[2026-05-06 12:12:00] MOVE chetan (lawn green): 100→98 [0.1ms]
[2026-05-06 12:12:00] MOVE asha (gray0): 20→21 [0.1ms]
[2026-05-06 12:12:01] MOVE chetan (lawn green): 98→86 [0.1ms]
[2026-05-06 12:12:01] MOVE asha (gray0): 22→20 [0.1ms]
[2026-05-06 12:12:01] MOVE chetan (lawn green): 86→98 [0.1ms]
[2026-05-06 12:12:01] MOVE asha (gray0): 21→22 [0.1ms]
[2026-05-06 12:12:01] MOVE chetan (lawn green): 98→86 [0.1ms]
[2026-05-06 12:12:01] MOVE asha (gray0): 20→21 [0.1ms]
[2026-05-06 12:12:02] MOVE chetan (lawn green): 86→75 [0.1ms]
[2026-05-06 12:12:02] MOVE asha (gray0): 22→34 [0.2ms]
[2026-05-06 12:12:02] MOVE chetan (lawn green): 75→65 [0.1ms]
[2026-05-06 12:12:02] MOVE asha (gray0): 21→33 [0.1ms]
[2026-05-06 12:12:02] MOVE chetan (lawn green): 65→88 [0.1ms]
[2026-05-06 12:12:02] MOVE asha (gray0): 34→32 [0.1ms]
[2026-05-06 12:12:02] MOVE chetan (lawn green): 88→87 [0.1ms]
[2026-05-06 12:12:03] MOVE asha (gray0): 33→34 [0.1ms]
[2026-05-06 12:12:03] MOVE chetan (lawn green): 87→100 [0.1ms]
[2026-05-06 12:12:03] MOVE asha (gray0): 32→20 [0.2ms]
[2026-05-06 12:12:03] MOVE chetan (lawn green): 100→98 [0.1ms]
[2026-05-06 12:12:03] MOVE asha (gray0): 34→22 [0.1ms]
[2026-05-06 12:12:03] MOVE chetan (lawn green): 98→86 [0.1ms]
[2026-05-06 12:12:03] MOVE asha (gray0): 20→21 [0.1ms]
[2026-05-06 12:12:04] MOVE chetan (lawn green): 86→98 [0.1ms]
[2026-05-06 12:12:04] MOVE asha (gray0): 22→20 [0.4ms]
[2026-05-06 12:12:04] MOVE chetan (lawn green): 98→86 [0.1ms]
[2026-05-06 12:12:04] MOVE asha (gray0): 21→22 [0.1ms]
[2026-05-06 12:12:04] MOVE chetan (lawn green): 86→75 [0.1ms]
[2026-05-06 12:12:04] MOVE asha (gray0): 20→21 [0.1ms]
[2026-05-06 12:12:05] MOVE chetan (lawn green): 75→65 [0.1ms]
[2026-05-06 12:12:05] MOVE asha (gray0): 22→34 [0.1ms]
[2026-05-06 12:12:05] MOVE chetan (lawn green): 65→88 [0.1ms]
[2026-05-06 12:12:05] MOVE asha (gray0): 21→33 [0.1ms]
[2026-05-06 12:12:05] MOVE chetan (lawn green): 88→87 [0.1ms]
[2026-05-06 12:12:05] MOVE asha (gray0): 34→32 [0.1ms]
[2026-05-06 12:12:06] MOVE chetan (lawn green): 87→100 [0.1ms]
[2026-05-06 12:12:06] MOVE asha (gray0): 33→34 [0.1ms]
[2026-05-06 12:12:06] MOVE chetan (lawn green): 100→98 [0.1ms]
[2026-05-06 12:12:06] MOVE asha (gray0): 32→20 [0.1ms]
[2026-05-06 12:12:06] MOVE chetan (lawn green): 98→86 [0.1ms]
[2026-05-06 12:12:06] MOVE asha (gray0): 34→22 [0.1ms]
[2026-05-06 12:12:06] MOVE chetan (lawn green): 86→98 [0.1ms]
[2026-05-06 12:12:07] MOVE asha (gray0): 20→21 [0.1ms]
[2026-05-06 12:12:07] MOVE chetan (lawn green): 98→86 [0.1ms]
[2026-05-06 12:12:07] MOVE asha (gray0): 22→20 [0.1ms]
[2026-05-06 12:12:07] MOVE chetan (lawn green): 86→75 [0.1ms]
[2026-05-06 12:12:07] MOVE asha (gray0): 21→22 [0.1ms]
[2026-05-06 12:12:07] MOVE chetan (lawn green): 75→65 [0.1ms]
[2026-05-06 12:12:08] MOVE asha (gray0): 20→21 [0.1ms]
[2026-05-06 12:12:08] MOVE chetan (lawn green): 65→88 [0.1ms]
[2026-05-06 12:12:08] MOVE asha (gray0): 22→34 [0.1ms]
[2026-05-06 12:12:08] MOVE chetan (lawn green): 88→87 [0.1ms]
[2026-05-06 12:12:08] MOVE asha (gray0): 21→33 [0.1ms]
[2026-05-06 12:12:08] MOVE chetan (lawn green): 87→100 [0.1ms]
[2026-05-06 12:12:08] MOVE asha (gray0): 34→32 [0.1ms]
[2026-05-06 12:12:09] MOVE chetan (lawn green): 100→98 [0.1ms]
[2026-05-06 12:12:09] MOVE asha (gray0): 33→34 [0.1ms]
[2026-05-06 12:12:09] MOVE chetan (lawn green): 98→86 [0.1ms]
[2026-05-06 12:12:09] MOVE asha (gray0): 32→20 [0.1ms]
[2026-05-06 12:12:09] MOVE chetan (lawn green): 86→98 [0.1ms]
[2026-05-06 12:12:09] MOVE asha (gray0): 34→22 [0.1ms]
[2026-05-06 12:12:10] MOVE chetan (lawn green): 98→86 [0.1ms]
[2026-05-06 12:12:10] MOVE asha (gray0): 20→21 [0.1ms]
[2026-05-06 12:12:10] MOVE chetan (lawn green): 86→75 [0.1ms]
[2026-05-06 12:12:10] MOVE asha (gray0): 22→20 [0.1ms]
[2026-05-06 12:12:10] MOVE chetan (lawn green): 75→65 [0.1ms]
[2026-05-06 12:12:10] MOVE asha (gray0): 21→22 [0.1ms]
[2026-05-06 12:12:11] MOVE chetan (lawn green): 65→88 [0.1ms]
[2026-05-06 12:12:11] MOVE asha (gray0): 20→21 [0.1ms]
[2026-05-06 12:12:11] MOVE chetan (lawn green): 88→87 [0.1ms]
[2026-05-06 12:12:11] MOVE asha (gray0): 22→34 [0.1ms]
[2026-05-06 12:12:11] MOVE chetan (lawn green): 87→100 [0.4ms]
[2026-05-06 12:12:11] MOVE asha (gray0): 21→33 [0.1ms]
[2026-05-06 12:12:11] MOVE chetan (lawn green): 100→98 [0.1ms]
[2026-05-06 12:12:12] MOVE asha (gray0): 34→32 [0.1ms]
[2026-05-06 12:12:12] MOVE chetan (lawn green): 98→86 [0.1ms]
[2026-05-06 12:12:12] MOVE asha (gray0): 33→34 [0.1ms]
[2026-05-06 12:12:12] MOVE chetan (lawn green): 86→98 [0.1ms]
[2026-05-06 12:12:12] MOVE asha (gray0): 32→20 [0.1ms]
[2026-05-06 12:12:12] MOVE chetan (lawn green): 98→86 [0.1ms]
[2026-05-06 12:12:13] MOVE asha (gray0): 34→22 [0.1ms]
[2026-05-06 12:12:13] MOVE chetan (lawn green): 86→75 [0.1ms]
[2026-05-06 12:12:13] MOVE asha (gray0): 20→21 [0.1ms]
[2026-05-06 12:12:13] MOVE chetan (lawn green): 75→65 [0.1ms]
[2026-05-06 12:12:13] MOVE asha (gray0): 22→20 [0.1ms]
[2026-05-06 12:12:13] MOVE chetan (lawn green): 65→88 [0.1ms]
[2026-05-06 12:12:13] MOVE asha (gray0): 21→22 [0.1ms]
[2026-05-06 12:12:14] MOVE chetan (lawn green): 88→87 [0.1ms]
[2026-05-06 12:12:14] MOVE asha (gray0): 20→21 [0.4ms]
[2026-05-06 12:12:14] MOVE chetan (lawn green): 87→100 [0.1ms]
[2026-05-06 12:12:14] MOVE asha (gray0): 22→34 [0.1ms]
[2026-05-06 12:12:14] MOVE chetan (lawn green): 100→98 [0.2ms]
[2026-05-06 12:12:14] MOVE asha (gray0): 21→33 [0.1ms]
[2026-05-06 12:12:15] MOVE chetan (lawn green): 98→86 [0.1ms]
[2026-05-06 12:12:15] MOVE asha (gray0): 34→32 [0.1ms]
[2026-05-06 12:12:15] MOVE chetan (lawn green): 86→98 [0.1ms]
[2026-05-06 12:12:15] MOVE asha (gray0): 33→34 [0.1ms]
[2026-05-06 12:12:15] MOVE chetan (lawn green): 98→86 [0.1ms]
[2026-05-06 12:12:15] MOVE asha (gray0): 32→20 [0.1ms]
[2026-05-06 12:12:16] MOVE chetan (lawn green): 86→75 [0.1ms]
[2026-05-06 12:12:16] MOVE asha (gray0): 34→22 [0.1ms]
[2026-05-06 12:12:16] MOVE chetan (lawn green): 75→65 [0.2ms]
[2026-05-06 12:12:16] MOVE asha (gray0): 20→21 [0.1ms]
[2026-05-06 12:12:16] MOVE chetan (lawn green): 65→88 [0.2ms]
[2026-05-06 12:12:16] MOVE asha (gray0): 22→20 [0.1ms]
[2026-05-06 12:12:17] MOVE chetan (lawn green): 88→87 [0.1ms]
[2026-05-06 12:12:17] MOVE asha (gray0): 21→22 [0.1ms]
[2026-05-06 12:12:17] MOVE chetan (lawn green): 87→100 [0.1ms]
[2026-05-06 12:12:17] MOVE asha (gray0): 20→21 [0.7ms]
[2026-05-06 12:12:17] MOVE chetan (lawn green): 100→98 [0.1ms]
[2026-05-06 12:12:17] MOVE asha (gray0): 22→34 [0.3ms]
[2026-05-06 12:12:17] MOVE chetan (lawn green): 98→86 [0.1ms]
[2026-05-06 12:12:18] MOVE asha (gray0): 21→33 [0.1ms]
[2026-05-06 12:12:18] MOVE chetan (lawn green): 86→98 [0.1ms]
[2026-05-06 12:12:18] MOVE asha (gray0): 34→32 [0.1ms]
[2026-05-06 12:12:18] MOVE chetan (lawn green): 98→86 [0.1ms]
[2026-05-06 12:12:18] MOVE asha (gray0): 33→34 [0.1ms]
[2026-05-06 12:12:18] MOVE chetan (lawn green): 86→75 [0.1ms]
[2026-05-06 12:12:19] MOVE asha (gray0): 32→20 [0.1ms]
[2026-05-06 12:12:19] MOVE chetan (lawn green): 75→65 [0.1ms]
[2026-05-06 12:12:19] MOVE asha (gray0): 34→22 [0.1ms]
[2026-05-06 12:12:19] MOVE chetan (lawn green): 65→88 [0.1ms]
[2026-05-06 12:12:19] MOVE asha (gray0): 20→21 [0.1ms]
[2026-05-06 12:12:19] MOVE chetan (lawn green): 88→87 [0.3ms]
[2026-05-06 12:12:19] MOVE asha (gray0): 22→20 [0.1ms]
[2026-05-06 12:12:20] MOVE chetan (lawn green): 87→100 [0.2ms]
[2026-05-06 12:12:20] MOVE asha (gray0): 21→22 [0.1ms]
[2026-05-06 12:12:20] MOVE chetan (lawn green): 100→98 [0.1ms]
[2026-05-06 12:12:20] MOVE asha (gray0): 20→21 [0.1ms]
[2026-05-06 12:12:20] MOVE chetan (lawn green): 98→86 [0.1ms]
[2026-05-06 12:12:20] MOVE asha (gray0): 22→34 [0.1ms]
[2026-05-06 12:12:21] MOVE chetan (lawn green): 86→98 [0.1ms]
[2026-05-06 12:12:21] MOVE asha (gray0): 21→33 [0.1ms]
[2026-05-06 12:12:21] MOVE chetan (lawn green): 98→86 [0.1ms]
[2026-05-06 12:12:21] MOVE asha (gray0): 34→32 [0.6ms]
[2026-05-06 12:12:21] MOVE chetan (lawn green): 86→75 [0.1ms]
[2026-05-06 12:12:21] MOVE asha (gray0): 33→34 [0.1ms]
[2026-05-06 12:12:22] MOVE chetan (lawn green): 75→65 [0.1ms]
[2026-05-06 12:12:22] MOVE asha (gray0): 32→20 [0.1ms]
[2026-05-06 12:12:22] MOVE chetan (lawn green): 65→88 [0.1ms]
[2026-05-06 12:12:22] MOVE asha (gray0): 34→22 [0.1ms]
[2026-05-06 12:12:23] MOVE chetan (lawn green): 88→87 [0.1ms]
[2026-05-06 12:12:23] MOVE asha (gray0): 20→21 [0.5ms]
[2026-05-06 12:12:23] MOVE chetan (lawn green): 87→100 [0.1ms]
[2026-05-06 12:12:23] MOVE asha (gray0): 22→20 [0.1ms]
[2026-05-06 12:12:23] MOVE chetan (lawn green): 100→98 [0.1ms]
[2026-05-06 12:12:24] MOVE asha (gray0): 21→22 [0.1ms]
[2026-05-06 12:12:24] MOVE chetan (lawn green): 98→86 [0.1ms]
[2026-05-06 12:12:24] MOVE asha (gray0): 20→21 [0.1ms]
[2026-05-06 12:12:24] MOVE chetan (lawn green): 86→98 [0.1ms]
[2026-05-06 12:12:24] MOVE asha (gray0): 22→34 [0.1ms]
[2026-05-06 12:12:24] MOVE chetan (lawn green): 98→86 [0.1ms]
[2026-05-06 12:12:24] MOVE asha (gray0): 21→33 [0.2ms]
[2026-05-06 12:12:25] MOVE chetan (lawn green): 86→75 [0.1ms]
[2026-05-06 12:12:25] MOVE asha (gray0): 34→32 [0.1ms]
[2026-05-06 12:12:25] MOVE chetan (lawn green): 75→65 [0.1ms]
[2026-05-06 12:12:25] MOVE asha (gray0): 33→34 [0.3ms]
[2026-05-06 12:12:25] MOVE chetan (lawn green): 65→88 [0.1ms]
[2026-05-06 12:12:25] MOVE asha (gray0): 32→20 [0.1ms]
[2026-05-06 12:12:26] MOVE chetan (lawn green): 88→87 [0.2ms]
[2026-05-06 12:12:26] MOVE asha (gray0): 34→22 [0.2ms]
[2026-05-06 12:12:26] MOVE chetan (lawn green): 87→100 [0.1ms]
[2026-05-06 12:12:26] MOVE asha (gray0): 20→21 [0.1ms]
[2026-05-06 12:12:26] MOVE chetan (lawn green): 100→98 [0.1ms]
[2026-05-06 12:12:26] MOVE asha (gray0): 22→20 [0.1ms]
[2026-05-06 12:12:27] MOVE chetan (lawn green): 98→86 [0.1ms]
[2026-05-06 12:12:27] MOVE asha (gray0): 21→22 [0.1ms]
[2026-05-06 12:12:27] MOVE chetan (lawn green): 86→98 [0.1ms]
[2026-05-06 12:12:27] MOVE asha (gray0): 20→21 [0.1ms]
[2026-05-06 12:12:27] MOVE chetan (lawn green): 98→86 [0.1ms]
[2026-05-06 12:12:27] MOVE asha (gray0): 22→34 [0.1ms]
[2026-05-06 12:12:28] MOVE chetan (lawn green): 86→75 [0.1ms]
[2026-05-06 12:12:28] MOVE asha (gray0): 21→33 [0.1ms]
[2026-05-06 12:12:28] MOVE chetan (lawn green): 75→65 [0.1ms]
[2026-05-06 12:12:28] MOVE asha (gray0): 34→32 [0.1ms]
[2026-05-06 12:12:28] MOVE chetan (lawn green): 65→88 [0.3ms]
[2026-05-06 12:12:28] MOVE asha (gray0): 33→34 [0.1ms]
[2026-05-06 12:12:29] MOVE chetan (lawn green): 88→87 [0.1ms]
[2026-05-06 12:12:29] MOVE asha (gray0): 32→20 [0.2ms]
[2026-05-06 12:12:29] MOVE chetan (lawn green): 87→100 [0.1ms]
[2026-05-06 12:12:29] MOVE asha (gray0): 34→22 [0.1ms]
[2026-05-06 12:12:29] MOVE chetan (lawn green): 100→98 [0.1ms]
[2026-05-06 12:12:29] MOVE asha (gray0): 20→21 [0.3ms]
[2026-05-06 12:12:29] MOVE chetan (lawn green): 98→86 [0.1ms]
[2026-05-06 12:12:30] MOVE asha (gray0): 22→20 [0.1ms]
[2026-05-06 12:12:30] MOVE chetan (lawn green): 86→98 [0.2ms]
[2026-05-06 12:12:30] MOVE asha (gray0): 21→22 [0.3ms]
[2026-05-06 12:12:30] MOVE chetan (lawn green): 98→86 [0.1ms]
[2026-05-06 12:12:30] MOVE asha (gray0): 20→21 [0.1ms]
[2026-05-06 12:12:30] MOVE chetan (lawn green): 86→75 [0.1ms]
[2026-05-06 12:12:30] MOVE asha (gray0): 22→34 [0.1ms]
[2026-05-06 12:12:31] MOVE chetan (lawn green): 75→65 [0.1ms]
[2026-05-06 12:12:31] MOVE asha (gray0): 21→33 [0.2ms]
[2026-05-06 12:12:31] MOVE chetan (lawn green): 65→88 [0.1ms]
[2026-05-06 12:12:31] MOVE asha (gray0): 34→32 [0.1ms]
[2026-05-06 12:12:31] MOVE chetan (lawn green): 88→87 [0.1ms]
[2026-05-06 12:12:31] MOVE asha (gray0): 33→34 [0.1ms]
[2026-05-06 12:12:32] MOVE chetan (lawn green): 87→100 [0.1ms]
[2026-05-06 12:12:32] MOVE asha (gray0): 32→20 [2.6ms]
[2026-05-06 12:12:32] MOVE chetan (lawn green): 100→98 [0.1ms]
[2026-05-06 12:12:32] MOVE asha (gray0): 34→22 [0.1ms]
[2026-05-06 12:12:32] MOVE chetan (lawn green): 98→86 [0.1ms]
[2026-05-06 12:12:32] MOVE asha (gray0): 20→21 [0.1ms]
[2026-05-06 12:12:33] MOVE chetan (lawn green): 86→98 [0.2ms]
[2026-05-06 12:12:33] MOVE asha (gray0): 22→20 [0.1ms]
[2026-05-06 12:12:33] MOVE chetan (lawn green): 98→86 [0.1ms]
[2026-05-06 12:12:33] MOVE asha (gray0): 21→22 [0.2ms]
[2026-05-06 12:12:33] MOVE chetan (lawn green): 86→75 [0.1ms]
[2026-05-06 12:12:33] MOVE asha (gray0): 20→21 [0.6ms]
[2026-05-06 12:12:34] MOVE chetan (lawn green): 75→65 [0.1ms]
[2026-05-06 12:12:34] MOVE asha (gray0): 22→34 [0.1ms]
[2026-05-06 12:12:34] MOVE chetan (lawn green): 65→88 [0.1ms]
[2026-05-06 12:12:34] MOVE asha (gray0): 21→33 [0.1ms]
[2026-05-06 12:12:34] MOVE chetan (lawn green): 88→87 [0.1ms]
[2026-05-06 12:12:34] MOVE asha (gray0): 34→32 [0.1ms]
[2026-05-06 12:12:34] MOVE chetan (lawn green): 87→100 [0.1ms]
[2026-05-06 12:12:35] MOVE asha (gray0): 33→34 [0.1ms]
[2026-05-06 12:12:35] MOVE chetan (lawn green): 100→98 [0.1ms]
[2026-05-06 12:12:35] MOVE asha (gray0): 32→20 [0.1ms]
[2026-05-06 12:12:35] MOVE chetan (lawn green): 98→86 [0.1ms]
[2026-05-06 12:12:35] MOVE asha (gray0): 34→22 [0.1ms]
[2026-05-06 12:12:35] MOVE chetan (lawn green): 86→98 [0.1ms]
[2026-05-06 12:12:36] MOVE asha (gray0): 20→21 [0.1ms]
[2026-05-06 12:12:36] MOVE chetan (lawn green): 98→86 [0.1ms]
[2026-05-06 12:12:36] MOVE asha (gray0): 22→20 [0.1ms]
[2026-05-06 12:12:36] MOVE chetan (lawn green): 86→75 [0.1ms]
[2026-05-06 12:12:36] MOVE asha (gray0): 21→22 [0.7ms]
[2026-05-06 12:12:36] MOVE chetan (lawn green): 75→65 [0.1ms]
[2026-05-06 12:12:36] MOVE asha (gray0): 20→21 [0.1ms]
[2026-05-06 12:12:37] MOVE chetan (lawn green): 65→88 [0.1ms]
[2026-05-06 12:12:37] MOVE asha (gray0): 22→34 [0.1ms]
[2026-05-06 12:12:37] MOVE chetan (lawn green): 88→87 [0.1ms]
[2026-05-06 12:12:37] MOVE asha (gray0): 21→33 [0.1ms]
[2026-05-06 12:12:37] MOVE chetan (lawn green): 87→100 [0.1ms]
[2026-05-06 12:12:37] MOVE asha (gray0): 34→32 [0.1ms]
[2026-05-06 12:12:38] MOVE chetan (lawn green): 100→98 [0.2ms]
[2026-05-06 12:12:38] MOVE asha (gray0): 33→34 [0.1ms]
[2026-05-06 12:12:38] MOVE chetan (lawn green): 98→86 [0.1ms]
[2026-05-06 12:12:38] MOVE asha (gray0): 32→20 [0.5ms]
[2026-05-06 12:12:38] MOVE chetan (lawn green): 86→98 [0.1ms]
[2026-05-06 12:12:38] MOVE asha (gray0): 34→22 [0.1ms]
[2026-05-06 12:12:39] MOVE chetan (lawn green): 98→86 [0.1ms]
[2026-05-06 12:12:39] MOVE asha (gray0): 20→21 [0.1ms]
[2026-05-06 12:12:39] MOVE chetan (lawn green): 86→75 [0.1ms]
[2026-05-06 12:12:39] MOVE asha (gray0): 22→20 [1.0ms]
[2026-05-06 12:12:39] MOVE chetan (lawn green): 75→65 [0.1ms]
[2026-05-06 12:12:39] MOVE asha (gray0): 21→22 [0.1ms]
[2026-05-06 12:12:39] MOVE chetan (lawn green): 65→88 [0.1ms]
[2026-05-06 12:12:40] MOVE asha (gray0): 20→21 [0.1ms]
[2026-05-06 12:12:40] MOVE chetan (lawn green): 88→87 [0.1ms]
[2026-05-06 12:12:40] MOVE asha (gray0): 22→34 [0.2ms]
[2026-05-06 12:12:40] MOVE chetan (lawn green): 87→100 [0.1ms]
[2026-05-06 12:12:40] MOVE asha (gray0): 21→33 [0.4ms]
[2026-05-06 12:12:40] MOVE chetan (lawn green): 100→98 [0.1ms]
[2026-05-06 12:12:41] MOVE asha (gray0): 34→32 [0.1ms]
[2026-05-06 12:12:41] MOVE chetan (lawn green): 98→86 [0.1ms]
[2026-05-06 12:12:41] MOVE asha (gray0): 33→34 [0.1ms]
[2026-05-06 12:12:41] MOVE chetan (lawn green): 86→98 [0.1ms]
[2026-05-06 12:12:41] MOVE asha (gray0): 32→20 [0.1ms]
[2026-05-06 12:12:41] MOVE chetan (lawn green): 98→86 [0.1ms]
[2026-05-06 12:12:42] MOVE asha (gray0): 34→22 [0.1ms]
[2026-05-06 12:12:42] MOVE chetan (lawn green): 86→75 [0.1ms]
[2026-05-06 12:12:42] MOVE asha (gray0): 20→21 [0.1ms]
[2026-05-06 12:12:42] MOVE chetan (lawn green): 75→65 [0.5ms]
[2026-05-06 12:12:42] MOVE asha (gray0): 22→20 [0.1ms]
[2026-05-06 12:12:42] MOVE chetan (lawn green): 65→88 [0.1ms]
[2026-05-06 12:12:43] MOVE asha (gray0): 21→22 [0.2ms]
[2026-05-06 12:12:43] MOVE chetan (lawn green): 88→87 [0.1ms]
[2026-05-06 12:12:43] MOVE asha (gray0): 20→21 [0.1ms]
[2026-05-06 12:12:43] MOVE chetan (lawn green): 87→100 [0.1ms]
[2026-05-06 12:12:43] MOVE asha (gray0): 22→34 [0.1ms]
[2026-05-06 12:12:43] MOVE chetan (lawn green): 100→98 [0.1ms]
[2026-05-06 12:12:44] MOVE asha (gray0): 21→33 [0.1ms]
[2026-05-06 12:12:44] MOVE chetan (lawn green): 98→86 [0.7ms]
[2026-05-06 12:12:44] MOVE asha (gray0): 34→32 [0.2ms]
[2026-05-06 12:12:44] MOVE chetan (lawn green): 86→98 [0.1ms]
[2026-05-06 12:12:44] MOVE asha (gray0): 33→34 [0.1ms]
[2026-05-06 12:12:44] MOVE chetan (lawn green): 98→86 [0.1ms]
[2026-05-06 12:12:44] MOVE asha (gray0): 32→20 [0.1ms]
[2026-05-06 12:12:45] MOVE chetan (lawn green): 86→75 [0.1ms]
[2026-05-06 12:12:45] MOVE asha (gray0): 34→22 [0.2ms]
[2026-05-06 12:12:45] MOVE chetan (lawn green): 75→65 [0.1ms]
[2026-05-06 12:12:45] MOVE asha (gray0): 20→21 [0.1ms]
[2026-05-06 12:12:45] MOVE chetan (lawn green): 65→88 [0.3ms]
[2026-05-06 12:12:45] MOVE asha (gray0): 22→20 [0.2ms]
[2026-05-06 12:12:46] MOVE chetan (lawn green): 88→87 [0.1ms]
[2026-05-06 12:12:46] MOVE asha (gray0): 21→22 [0.1ms]
[2026-05-06 12:12:46] MOVE chetan (lawn green): 87→100 [0.1ms]
[2026-05-06 12:12:46] MOVE asha (gray0): 20→21 [0.1ms]
[2026-05-06 12:12:46] MOVE chetan (lawn green): 100→98 [0.1ms]
[2026-05-06 12:12:46] MOVE asha (gray0): 22→34 [0.1ms]
[2026-05-06 12:12:46] MOVE chetan (lawn green): 98→86 [0.1ms]
[2026-05-06 12:12:47] MOVE asha (gray0): 21→33 [0.2ms]
[2026-05-06 12:12:47] MOVE chetan (lawn green): 86→98 [0.1ms]
[2026-05-06 12:12:47] MOVE asha (gray0): 34→32 [0.1ms]
[2026-05-06 12:12:47] MOVE chetan (lawn green): 98→86 [0.1ms]
[2026-05-06 12:12:47] MOVE asha (gray0): 33→34 [0.1ms]
[2026-05-06 12:12:47] MOVE chetan (lawn green): 86→75 [0.4ms]
[2026-05-06 12:12:48] MOVE asha (gray0): 32→20 [0.1ms]
[2026-05-06 12:12:48] MOVE chetan (lawn green): 75→65 [0.2ms]
[2026-05-06 12:12:48] MOVE asha (gray0): 34→22 [0.1ms]
[2026-05-06 12:12:48] MOVE chetan (lawn green): 65→88 [0.1ms]
[2026-05-06 12:12:48] MOVE asha (gray0): 20→21 [0.1ms]
[2026-05-06 12:12:48] MOVE chetan (lawn green): 88→87 [0.1ms]
[2026-05-06 12:12:49] MOVE asha (gray0): 22→20 [0.1ms]
[2026-05-06 12:12:49] MOVE chetan (lawn green): 87→100 [0.1ms]
[2026-05-06 12:12:49] MOVE asha (gray0): 21→22 [0.2ms]
[2026-05-06 12:12:49] MOVE chetan (lawn green): 100→98 [0.1ms]
[2026-05-06 12:12:49] MOVE asha (gray0): 20→21 [0.1ms]
[2026-05-06 12:12:49] MOVE chetan (lawn green): 98→86 [0.1ms]
[2026-05-06 12:12:50] MOVE asha (gray0): 22→34 [0.1ms]
[2026-05-06 12:12:50] MOVE chetan (lawn green): 86→98 [0.1ms]
[2026-05-06 12:12:50] MOVE asha (gray0): 21→33 [0.1ms]
[2026-05-06 12:12:50] MOVE chetan (lawn green): 98→86 [0.1ms]
[2026-05-06 12:12:50] MOVE asha (gray0): 34→32 [0.1ms]
[2026-05-06 12:12:50] MOVE chetan (lawn green): 86→75 [0.1ms]
[2026-05-06 12:12:51] MOVE asha (gray0): 33→34 [0.1ms]
[2026-05-06 12:12:51] MOVE chetan (lawn green): 75→65 [0.1ms]
[2026-05-06 12:12:51] MOVE asha (gray0): 32→20 [0.3ms]
[2026-05-06 12:12:51] MOVE chetan (lawn green): 65→88 [0.1ms]
[2026-05-06 12:12:51] MOVE asha (gray0): 34→22 [0.1ms]
[2026-05-06 12:12:51] MOVE chetan (lawn green): 88→87 [0.1ms]
[2026-05-06 12:12:52] MOVE asha (gray0): 20→21 [0.1ms]
[2026-05-06 12:12:52] MOVE chetan (lawn green): 87→100 [0.1ms]
[2026-05-06 12:12:52] MOVE asha (gray0): 22→20 [0.1ms]
[2026-05-06 12:12:52] MOVE chetan (lawn green): 100→98 [0.1ms]
[2026-05-06 12:12:52] MOVE asha (gray0): 21→22 [0.1ms]
[2026-05-06 12:12:52] MOVE chetan (lawn green): 98→86 [1.2ms]
[2026-05-06 12:12:52] MOVE asha (gray0): 20→21 [0.1ms]
[2026-05-06 12:12:53] MOVE chetan (lawn green): 86→98 [0.1ms]
[2026-05-06 12:12:53] MOVE asha (gray0): 22→34 [0.1ms]
[2026-05-06 12:12:53] MOVE chetan (lawn green): 98→86 [0.1ms]
[2026-05-06 12:12:53] MOVE asha (gray0): 21→33 [0.1ms]
[2026-05-06 12:12:53] MOVE chetan (lawn green): 86→75 [0.3ms]
[2026-05-06 12:12:53] MOVE asha (gray0): 34→32 [0.1ms]
[2026-05-06 12:12:54] MOVE chetan (lawn green): 75→65 [0.1ms]
[2026-05-06 12:12:54] MOVE asha (gray0): 33→34 [0.7ms]
[2026-05-06 12:12:54] MOVE chetan (lawn green): 65→88 [0.1ms]
[2026-05-06 12:12:54] MOVE asha (gray0): 32→20 [0.1ms]
[2026-05-06 12:12:54] MOVE chetan (lawn green): 88→87 [0.1ms]
[2026-05-06 12:12:54] MOVE asha (gray0): 34→22 [0.1ms]
[2026-05-06 12:12:54] MOVE chetan (lawn green): 87→100 [1.2ms]
[2026-05-06 12:12:55] MOVE asha (gray0): 20→21 [0.1ms]
[2026-05-06 12:12:55] MOVE chetan (lawn green): 100→98 [0.2ms]
[2026-05-06 12:12:55] MOVE asha (gray0): 22→20 [0.1ms]
[2026-05-06 12:12:55] MOVE chetan (lawn green): 98→86 [0.1ms]
[2026-05-06 12:12:55] MOVE asha (gray0): 21→22 [0.1ms]
[2026-05-06 12:12:55] MOVE chetan (lawn green): 86→98 [0.1ms]
[2026-05-06 12:12:56] MOVE asha (gray0): 20→21 [0.1ms]
[2026-05-06 12:12:56] MOVE chetan (lawn green): 98→86 [0.1ms]
[2026-05-06 12:12:56] MOVE asha (gray0): 22→34 [0.1ms]
[2026-05-06 12:12:56] MOVE chetan (lawn green): 86→75 [0.1ms]
[2026-05-06 12:12:56] MOVE asha (gray0): 21→33 [0.1ms]
[2026-05-06 12:12:56] MOVE chetan (lawn green): 75→65 [0.1ms]
[2026-05-06 12:12:57] MOVE asha (gray0): 34→32 [0.1ms]
[2026-05-06 12:12:57] MOVE chetan (lawn green): 65→88 [0.1ms]
[2026-05-06 12:12:57] MOVE asha (gray0): 33→34 [0.1ms]
[2026-05-06 12:12:57] MOVE chetan (lawn green): 88→87 [0.1ms]
[2026-05-06 12:12:57] MOVE asha (gray0): 32→20 [0.1ms]
[2026-05-06 12:12:57] MOVE chetan (lawn green): 87→100 [0.1ms]
[2026-05-06 12:12:58] MOVE asha (gray0): 34→22 [0.1ms]
[2026-05-06 12:12:58] MOVE chetan (lawn green): 100→98 [0.2ms]
[2026-05-06 12:12:58] MOVE asha (gray0): 20→21 [0.1ms]
[2026-05-06 12:12:58] MOVE chetan (lawn green): 98→86 [0.2ms]
[2026-05-06 12:12:58] MOVE asha (gray0): 22→20 [0.1ms]
[2026-05-06 12:12:58] MOVE chetan (lawn green): 86→98 [0.1ms]
[2026-05-06 12:12:58] MOVE asha (gray0): 21→22 [0.3ms]
[2026-05-06 12:12:59] MOVE chetan (lawn green): 98→86 [0.1ms]
[2026-05-06 12:12:59] MOVE asha (gray0): 20→21 [0.1ms]
[2026-05-06 12:12:59] MOVE chetan (lawn green): 86→75 [0.1ms]
[2026-05-06 12:12:59] MOVE asha (gray0): 22→34 [0.3ms]
[2026-05-06 12:12:59] MOVE chetan (lawn green): 75→65 [0.1ms]
[2026-05-06 12:12:59] MOVE asha (gray0): 21→33 [0.1ms]
[2026-05-06 12:13:00] MOVE chetan (lawn green): 65→88 [0.1ms]
[2026-05-06 12:13:00] MOVE asha (gray0): 34→32 [0.1ms]
[2026-05-06 12:13:00] MOVE chetan (lawn green): 88→87 [0.2ms]
[2026-05-06 12:13:00] MOVE asha (gray0): 33→34 [0.1ms]
[2026-05-06 12:13:00] MOVE chetan (lawn green): 87→100 [2.3ms]
[2026-05-06 12:13:00] MOVE asha (gray0): 32→20 [0.1ms]
[2026-05-06 12:13:00] MOVE chetan (lawn green): 100→98 [0.3ms]
[2026-05-06 12:13:01] MOVE asha (gray0): 34→22 [0.1ms]
[2026-05-06 12:13:01] MOVE chetan (lawn green): 98→86 [0.1ms]
[2026-05-06 12:13:01] MOVE asha (gray0): 20→21 [0.1ms]
[2026-05-06 12:13:01] MOVE chetan (lawn green): 86→98 [0.1ms]
[2026-05-06 12:13:01] MOVE asha (gray0): 22→20 [0.1ms]
[2026-05-06 12:13:01] MOVE chetan (lawn green): 98→86 [0.1ms]
[2026-05-06 12:13:02] MOVE asha (gray0): 21→22 [0.1ms]
[2026-05-06 12:13:02] MOVE chetan (lawn green): 86→75 [0.1ms]
[2026-05-06 12:13:02] MOVE asha (gray0): 20→21 [0.1ms]
[2026-05-06 12:13:02] MOVE chetan (lawn green): 75→65 [0.1ms]
[2026-05-06 12:13:02] MOVE asha (gray0): 22→34 [0.1ms]
[2026-05-06 12:13:02] MOVE chetan (lawn green): 65→88 [0.1ms]
[2026-05-06 12:13:03] MOVE asha (gray0): 21→33 [0.1ms]
[2026-05-06 12:13:03] MOVE chetan (lawn green): 88→87 [0.1ms]
[2026-05-06 12:13:03] MOVE asha (gray0): 34→32 [0.6ms]
[2026-05-06 12:13:03] MOVE chetan (lawn green): 87→100 [0.1ms]
[2026-05-06 12:13:03] MOVE asha (gray0): 33→34 [0.1ms]
[2026-05-06 12:13:03] MOVE chetan (lawn green): 100→98 [0.2ms]
[2026-05-06 12:13:04] MOVE asha (gray0): 32→20 [0.1ms]
[2026-05-06 12:13:04] MOVE chetan (lawn green): 98→86 [0.1ms]
[2026-05-06 12:13:04] MOVE asha (gray0): 34→22 [0.1ms]
[2026-05-06 12:13:04] MOVE chetan (lawn green): 86→98 [0.1ms]
[2026-05-06 12:13:04] MOVE asha (gray0): 20→21 [0.1ms]
[2026-05-06 12:13:04] MOVE chetan (lawn green): 98→86 [0.1ms]
[2026-05-06 12:13:04] MOVE asha (gray0): 22→20 [0.1ms]
[2026-05-06 12:13:05] MOVE chetan (lawn green): 86→75 [0.1ms]
[2026-05-06 12:13:05] MOVE asha (gray0): 21→22 [0.2ms]
[2026-05-06 12:13:05] MOVE chetan (lawn green): 75→65 [0.1ms]
[2026-05-06 12:13:05] MOVE asha (gray0): 20→21 [0.1ms]
[2026-05-06 12:13:05] MOVE chetan (lawn green): 65→88 [0.1ms]
[2026-05-06 12:13:05] MOVE asha (gray0): 22→34 [0.1ms]
[2026-05-06 12:13:06] MOVE chetan (lawn green): 88→87 [0.7ms]
[2026-05-06 12:13:06] MOVE asha (gray0): 21→33 [0.1ms]
[2026-05-06 12:13:06] MOVE chetan (lawn green): 87→100 [8.5ms]
[2026-05-06 12:13:06] MOVE asha (gray0): 34→32 [0.1ms]
[2026-05-06 12:13:06] MOVE chetan (lawn green): 100→98 [0.1ms]
[2026-05-06 12:13:06] MOVE asha (gray0): 33→34 [0.1ms]
[2026-05-06 12:13:07] MOVE chetan (lawn green): 98→86 [0.1ms]
[2026-05-06 12:13:07] MOVE asha (gray0): 32→20 [0.4ms]
[2026-05-06 12:13:07] MOVE chetan (lawn green): 86→98 [0.1ms]
[2026-05-06 12:13:07] MOVE asha (gray0): 34→22 [0.2ms]
[2026-05-06 12:13:07] MOVE chetan (lawn green): 98→86 [0.1ms]
[2026-05-06 12:13:07] MOVE asha (gray0): 20→21 [0.2ms]
[2026-05-06 12:13:08] MOVE chetan (lawn green): 86→75 [0.1ms]
[2026-05-06 12:13:08] MOVE asha (gray0): 22→20 [0.1ms]
[2026-05-06 12:13:08] MOVE chetan (lawn green): 75→65 [0.1ms]
[2026-05-06 12:13:08] MOVE asha (gray0): 21→22 [0.2ms]
[2026-05-06 12:13:08] MOVE chetan (lawn green): 65→88 [0.2ms]
[2026-05-06 12:13:08] MOVE asha (gray0): 20→21 [0.2ms]
[2026-05-06 12:13:09] MOVE chetan (lawn green): 88→87 [0.1ms]
[2026-05-06 12:13:09] MOVE asha (gray0): 22→34 [0.1ms]
[2026-05-06 12:13:09] MOVE chetan (lawn green): 87→100 [0.1ms]
[2026-05-06 12:13:09] MOVE asha (gray0): 21→33 [0.1ms]
[2026-05-06 12:13:09] MOVE chetan (lawn green): 100→98 [0.1ms]
[2026-05-06 12:13:09] MOVE asha (gray0): 34→32 [0.1ms]
[2026-05-06 12:13:09] MOVE chetan (lawn green): 98→86 [0.1ms]
[2026-05-06 12:13:10] MOVE asha (gray0): 33→34 [0.6ms]
[2026-05-06 12:13:10] MOVE chetan (lawn green): 86→98 [0.1ms]
[2026-05-06 12:13:10] MOVE asha (gray0): 32→20 [0.2ms]
[2026-05-06 12:13:10] MOVE chetan (lawn green): 98→86 [0.1ms]
[2026-05-06 12:13:10] MOVE asha (gray0): 34→22 [0.1ms]
[2026-05-06 12:13:10] MOVE chetan (lawn green): 86→75 [0.1ms]
[2026-05-06 12:13:11] MOVE asha (gray0): 20→21 [0.1ms]
[2026-05-06 12:13:11] MOVE chetan (lawn green): 75→65 [0.1ms]
[2026-05-06 12:13:11] MOVE asha (gray0): 22→20 [0.1ms]
[2026-05-06 12:13:11] MOVE chetan (lawn green): 65→88 [0.1ms]
[2026-05-06 12:13:11] MOVE asha (gray0): 21→22 [0.1ms]
[2026-05-06 12:13:11] MOVE chetan (lawn green): 88→87 [0.1ms]
[2026-05-06 12:13:11] MOVE asha (gray0): 20→21 [0.4ms]
[2026-05-06 12:13:12] MOVE chetan (lawn green): 87→100 [0.1ms]
[2026-05-06 12:13:12] MOVE asha (gray0): 22→34 [0.1ms]
[2026-05-06 12:13:12] MOVE chetan (lawn green): 100→98 [0.4ms]
[2026-05-06 12:13:12] MOVE asha (gray0): 21→33 [0.1ms]
[2026-05-06 12:13:12] MOVE chetan (lawn green): 98→86 [0.1ms]
[2026-05-06 12:13:12] MOVE asha (gray0): 34→32 [0.1ms]
[2026-05-06 12:13:13] MOVE chetan (lawn green): 86→98 [0.1ms]
[2026-05-06 12:13:13] MOVE asha (gray0): 33→34 [0.1ms]
[2026-05-06 12:13:13] MOVE chetan (lawn green): 98→86 [0.2ms]
[2026-05-06 12:13:13] MOVE asha (gray0): 32→20 [0.1ms]
[2026-05-06 12:13:13] MOVE chetan (lawn green): 86→75 [0.1ms]
[2026-05-06 12:13:13] MOVE asha (gray0): 34→22 [0.1ms]
[2026-05-06 12:13:14] MOVE chetan (lawn green): 75→65 [0.1ms]
[2026-05-06 12:13:14] MOVE asha (gray0): 20→21 [0.1ms]
[2026-05-06 12:13:14] MOVE chetan (lawn green): 65→88 [0.1ms]
[2026-05-06 12:13:14] MOVE asha (gray0): 22→20 [0.1ms]
[2026-05-06 12:13:14] MOVE chetan (lawn green): 88→87 [1.8ms]
[2026-05-06 12:13:14] MOVE asha (gray0): 21→22 [0.2ms]
[2026-05-06 12:13:15] MOVE chetan (lawn green): 87→100 [0.1ms]
[2026-05-06 12:13:15] MOVE asha (gray0): 20→21 [0.1ms]
[2026-05-06 12:13:15] MOVE chetan (lawn green): 100→98 [0.1ms]
[2026-05-06 12:13:15] MOVE asha (gray0): 22→34 [0.1ms]
[2026-05-06 12:13:15] MOVE chetan (lawn green): 98→86 [0.1ms]
[2026-05-06 12:13:15] MOVE asha (gray0): 21→33 [0.1ms]
[2026-05-06 12:13:15] MOVE chetan (lawn green): 86→98 [0.1ms]
[2026-05-06 12:13:16] MOVE asha (gray0): 34→32 [0.1ms]
[2026-05-06 12:13:16] MOVE chetan (lawn green): 98→86 [0.1ms]
[2026-05-06 12:13:16] MOVE asha (gray0): 33→34 [0.1ms]
[2026-05-06 12:13:16] MOVE chetan (lawn green): 86→75 [0.1ms]
[2026-05-06 12:13:16] MOVE asha (gray0): 32→20 [0.1ms]
[2026-05-06 12:13:16] MOVE chetan (lawn green): 75→65 [0.3ms]
[2026-05-06 12:13:17] MOVE asha (gray0): 34→22 [0.1ms]
[2026-05-06 12:13:17] MOVE chetan (lawn green): 65→88 [0.1ms]
[2026-05-06 12:13:17] MOVE asha (gray0): 20→21 [0.1ms]
[2026-05-06 12:13:17] MOVE chetan (lawn green): 88→87 [0.1ms]
[2026-05-06 12:13:17] MOVE asha (gray0): 22→20 [0.1ms]
[2026-05-06 12:13:17] MOVE chetan (lawn green): 87→100 [0.1ms]
[2026-05-06 12:13:18] MOVE asha (gray0): 21→22 [0.3ms]
[2026-05-06 12:13:18] MOVE chetan (lawn green): 100→98 [0.1ms]
[2026-05-06 12:13:18] MOVE asha (gray0): 20→21 [0.3ms]
[2026-05-06 12:13:18] MOVE chetan (lawn green): 98→86 [0.1ms]
[2026-05-06 12:13:18] MOVE asha (gray0): 22→34 [0.1ms]
[2026-05-06 12:13:18] MOVE chetan (lawn green): 86→98 [0.1ms]
[2026-05-06 12:13:18] MOVE asha (gray0): 21→33 [0.1ms]
[2026-05-06 12:13:19] MOVE chetan (lawn green): 98→86 [0.1ms]
[2026-05-06 12:13:19] MOVE asha (gray0): 34→32 [0.1ms]
[2026-05-06 12:13:19] MOVE chetan (lawn green): 86→75 [0.1ms]
[2026-05-06 12:13:19] MOVE asha (gray0): 33→34 [0.1ms]
[2026-05-06 12:13:19] MOVE chetan (lawn green): 75→65 [0.2ms]
[2026-05-06 12:13:19] MOVE asha (gray0): 32→20 [0.1ms]
[2026-05-06 12:13:20] MOVE chetan (lawn green): 65→88 [0.1ms]
[2026-05-06 12:13:20] MOVE asha (gray0): 34→22 [0.1ms]
[2026-05-06 12:13:20] MOVE chetan (lawn green): 88→87 [0.1ms]
[2026-05-06 12:13:20] MOVE asha (gray0): 20→21 [0.1ms]
[2026-05-06 12:13:20] MOVE chetan (lawn green): 87→100 [0.1ms]
[2026-05-06 12:13:20] MOVE asha (gray0): 22→20 [0.1ms]
[2026-05-06 12:13:21] MOVE chetan (lawn green): 100→98 [0.1ms]
[2026-05-06 12:13:21] MOVE asha (gray0): 21→22 [0.1ms]
[2026-05-06 12:13:21] MOVE chetan (lawn green): 98→86 [0.1ms]
[2026-05-06 12:13:21] MOVE asha (gray0): 20→21 [0.1ms]
[2026-05-06 12:13:21] MOVE chetan (lawn green): 86→98 [0.2ms]
[2026-05-06 12:13:21] MOVE asha (gray0): 22→34 [0.1ms]
[2026-05-06 12:13:22] MOVE chetan (lawn green): 98→86 [0.1ms]
[2026-05-06 12:13:22] MOVE asha (gray0): 21→33 [0.1ms]
[2026-05-06 12:13:22] MOVE chetan (lawn green): 86→75 [0.1ms]
[2026-05-06 12:13:22] MOVE asha (gray0): 34→32 [0.1ms]
[2026-05-06 12:13:22] MOVE chetan (lawn green): 75→65 [0.2ms]
[2026-05-06 12:13:22] MOVE asha (gray0): 33→34 [0.1ms]
[2026-05-06 12:13:22] MOVE chetan (lawn green): 65→88 [0.1ms]
[2026-05-06 12:13:23] MOVE asha (gray0): 32→20 [0.1ms]
[2026-05-06 12:13:23] MOVE chetan (lawn green): 88→87 [0.2ms]
[2026-05-06 12:13:23] MOVE asha (gray0): 34→22 [0.1ms]
[2026-05-06 12:13:23] MOVE chetan (lawn green): 87→100 [0.1ms]
[2026-05-06 12:13:23] MOVE asha (gray0): 20→21 [0.1ms]
[2026-05-06 12:13:23] MOVE chetan (lawn green): 100→98 [0.1ms]
[2026-05-06 12:13:23] MOVE asha (gray0): 22→20 [0.1ms]
[2026-05-06 12:13:24] MOVE chetan (lawn green): 98→86 [0.1ms]
[2026-05-06 12:13:24] MOVE asha (gray0): 21→22 [0.1ms]
[2026-05-06 12:13:24] MOVE chetan (lawn green): 86→98 [0.1ms]
[2026-05-06 12:13:24] MOVE asha (gray0): 20→21 [1.6ms]
[2026-05-06 12:13:24] MOVE chetan (lawn green): 98→86 [0.1ms]
[2026-05-06 12:13:24] MOVE asha (gray0): 22→34 [0.1ms]
[2026-05-06 12:13:25] MOVE chetan (lawn green): 86→75 [0.1ms]
[2026-05-06 12:13:25] MOVE asha (gray0): 21→33 [0.1ms]
[2026-05-06 12:13:25] MOVE chetan (lawn green): 75→65 [0.1ms]
[2026-05-06 12:13:25] MOVE asha (gray0): 34→32 [0.1ms]
[2026-05-06 12:13:25] MOVE chetan (lawn green): 65→88 [0.1ms]
[2026-05-06 12:13:25] MOVE asha (gray0): 33→34 [0.1ms]
[2026-05-06 12:13:26] MOVE chetan (lawn green): 88→87 [0.1ms]
[2026-05-06 12:13:26] MOVE asha (gray0): 32→20 [0.1ms]
[2026-05-06 12:13:26] MOVE chetan (lawn green): 87→100 [0.1ms]
[2026-05-06 12:13:26] MOVE asha (gray0): 34→22 [0.1ms]
[2026-05-06 12:13:26] MOVE chetan (lawn green): 100→98 [0.3ms]
[2026-05-06 12:13:26] MOVE asha (gray0): 20→21 [0.1ms]
[2026-05-06 12:13:27] MOVE chetan (lawn green): 98→86 [0.2ms]
[2026-05-06 12:13:27] MOVE asha (gray0): 22→20 [0.1ms]
[2026-05-06 12:13:27] MOVE chetan (lawn green): 86→98 [0.1ms]
[2026-05-06 12:13:27] MOVE asha (gray0): 21→22 [0.2ms]
[2026-05-06 12:13:27] MOVE chetan (lawn green): 98→86 [0.1ms]
[2026-05-06 12:13:27] MOVE asha (gray0): 20→21 [0.1ms]
[2026-05-06 12:13:27] MOVE chetan (lawn green): 86→75 [0.2ms]
[2026-05-06 12:13:28] MOVE asha (gray0): 22→34 [0.1ms]
[2026-05-06 12:13:28] MOVE chetan (lawn green): 75→65 [0.1ms]
[2026-05-06 12:13:28] MOVE asha (gray0): 21→33 [0.1ms]
[2026-05-06 12:13:28] MOVE chetan (lawn green): 65→88 [0.2ms]
[2026-05-06 12:13:28] MOVE asha (gray0): 34→32 [0.1ms]
[2026-05-06 12:13:28] MOVE chetan (lawn green): 88→87 [0.1ms]
[2026-05-06 12:13:28] MOVE asha (gray0): 33→34 [0.1ms]
[2026-05-06 12:13:29] MOVE chetan (lawn green): 87→100 [0.3ms]
[2026-05-06 12:13:29] MOVE asha (gray0): 32→20 [0.1ms]
[2026-05-06 12:13:29] MOVE chetan (lawn green): 100→98 [0.1ms]
[2026-05-06 12:13:29] MOVE asha (gray0): 34→22 [0.1ms]
[2026-05-06 12:13:29] MOVE chetan (lawn green): 98→86 [0.4ms]
[2026-05-06 12:13:29] MOVE asha (gray0): 20→21 [0.1ms]
[2026-05-06 12:13:30] MOVE chetan (lawn green): 86→98 [0.1ms]
[2026-05-06 12:13:30] MOVE asha (gray0): 22→20 [0.1ms]
[2026-05-06 12:13:30] MOVE chetan (lawn green): 98→86 [0.6ms]
[2026-05-06 12:13:30] MOVE asha (gray0): 21→22 [0.1ms]
[2026-05-06 12:13:30] MOVE chetan (lawn green): 86→75 [0.1ms]
[2026-05-06 12:13:30] MOVE asha (gray0): 20→21 [0.1ms]
[2026-05-06 12:13:31] MOVE chetan (lawn green): 75→65 [0.1ms]
[2026-05-06 12:13:31] MOVE asha (gray0): 22→34 [0.1ms]
[2026-05-06 12:13:31] MOVE chetan (lawn green): 65→88 [0.1ms]
[2026-05-06 12:13:31] MOVE asha (gray0): 21→33 [0.1ms]
[2026-05-06 12:13:31] MOVE chetan (lawn green): 88→87 [0.1ms]
[2026-05-06 12:13:31] MOVE asha (gray0): 34→32 [0.1ms]
[2026-05-06 12:13:31] MOVE chetan (lawn green): 87→100 [0.1ms]
[2026-05-06 12:13:32] MOVE asha (gray0): 33→34 [0.2ms]
[2026-05-06 12:13:32] MOVE chetan (lawn green): 100→98 [0.1ms]
[2026-05-06 12:13:32] MOVE asha (gray0): 32→20 [1.6ms]
[2026-05-06 12:13:32] MOVE chetan (lawn green): 98→86 [0.1ms]
[2026-05-06 12:13:32] MOVE asha (gray0): 34→22 [0.1ms]
[2026-05-06 12:13:32] MOVE chetan (lawn green): 86→98 [0.1ms]
[2026-05-06 12:13:33] MOVE asha (gray0): 20→21 [0.1ms]
[2026-05-06 12:13:33] MOVE chetan (lawn green): 98→86 [0.1ms]
[2026-05-06 12:13:33] MOVE asha (gray0): 22→20 [0.1ms]
[2026-05-06 12:13:33] MOVE chetan (lawn green): 86→75 [0.1ms]
[2026-05-06 12:13:33] MOVE asha (gray0): 21→22 [0.1ms]
[2026-05-06 12:13:33] MOVE chetan (lawn green): 75→65 [0.1ms]
[2026-05-06 12:13:33] MOVE asha (gray0): 20→21 [0.1ms]
[2026-05-06 12:13:34] MOVE chetan (lawn green): 65→88 [0.1ms]
[2026-05-06 12:13:34] MOVE asha (gray0): 22→34 [0.1ms]
[2026-05-06 12:13:34] MOVE chetan (lawn green): 88→87 [0.1ms]
[2026-05-06 12:13:34] MOVE asha (gray0): 21→33 [0.1ms]
[2026-05-06 12:13:34] MOVE chetan (lawn green): 87→100 [0.1ms]
[2026-05-06 12:13:34] MOVE asha (gray0): 34→32 [0.1ms]
[2026-05-06 12:13:35] MOVE chetan (lawn green): 100→98 [0.1ms]
[2026-05-06 12:13:35] MOVE asha (gray0): 33→34 [0.1ms]
[2026-05-06 12:13:35] MOVE chetan (lawn green): 98→86 [0.1ms]
[2026-05-06 12:13:35] MOVE asha (gray0): 32→20 [0.1ms]
[2026-05-06 12:13:35] MOVE chetan (lawn green): 86→98 [0.1ms]
[2026-05-06 12:13:35] MOVE asha (gray0): 34→22 [0.1ms]
[2026-05-06 12:13:36] MOVE chetan (lawn green): 98→86 [0.1ms]
[2026-05-06 12:13:36] MOVE asha (gray0): 20→21 [0.1ms]
[2026-05-06 12:13:36] MOVE chetan (lawn green): 86→75 [0.1ms]
[2026-05-06 12:13:36] MOVE asha (gray0): 22→20 [0.1ms]
[2026-05-06 12:13:36] MOVE chetan (lawn green): 75→65 [0.1ms]
[2026-05-06 12:13:36] MOVE asha (gray0): 21→22 [0.1ms]
[2026-05-06 12:13:36] MOVE chetan (lawn green): 65→88 [0.1ms]
[2026-05-06 12:13:37] MOVE asha (gray0): 20→21 [0.1ms]
[2026-05-06 12:13:37] MOVE chetan (lawn green): 88→87 [0.1ms]
[2026-05-06 12:13:37] MOVE asha (gray0): 22→34 [0.1ms]
[2026-05-06 12:13:37] MOVE chetan (lawn green): 87→100 [0.1ms]
[2026-05-06 12:13:37] MOVE asha (gray0): 21→33 [0.1ms]
[2026-05-06 12:13:37] MOVE chetan (lawn green): 100→98 [0.1ms]
[2026-05-06 12:13:38] MOVE asha (gray0): 34→32 [0.1ms]
[2026-05-06 12:13:38] MOVE chetan (lawn green): 98→86 [0.2ms]
[2026-05-06 12:13:38] MOVE asha (gray0): 33→34 [0.1ms]
[2026-05-06 12:13:38] MOVE chetan (lawn green): 86→98 [0.1ms]
[2026-05-06 12:13:38] MOVE asha (gray0): 32→20 [0.1ms]
[2026-05-06 12:13:38] MOVE chetan (lawn green): 98→86 [0.1ms]
[2026-05-06 12:13:38] MOVE asha (gray0): 34→22 [0.1ms]
[2026-05-06 12:13:39] MOVE chetan (lawn green): 86→75 [0.1ms]
[2026-05-06 12:13:39] MOVE asha (gray0): 20→21 [0.1ms]
[2026-05-06 12:13:39] MOVE chetan (lawn green): 75→65 [2.1ms]
[2026-05-06 12:13:39] MOVE asha (gray0): 22→20 [0.1ms]
[2026-05-06 12:13:39] MOVE chetan (lawn green): 65→88 [0.1ms]
[2026-05-06 12:13:39] MOVE asha (gray0): 21→22 [0.1ms]
[2026-05-06 12:13:40] MOVE chetan (lawn green): 88→87 [0.1ms]
[2026-05-06 12:13:40] MOVE asha (gray0): 20→21 [0.2ms]
[2026-05-06 12:13:40] MOVE chetan (lawn green): 87→100 [0.1ms]
[2026-05-06 12:13:40] MOVE asha (gray0): 22→34 [0.1ms]
[2026-05-06 12:13:40] MOVE chetan (lawn green): 100→98 [0.1ms]
[2026-05-06 12:13:40] MOVE asha (gray0): 21→33 [0.1ms]
[2026-05-06 12:13:41] MOVE chetan (lawn green): 98→86 [0.1ms]
[2026-05-06 12:13:41] MOVE asha (gray0): 34→32 [0.1ms]
[2026-05-06 12:13:41] MOVE chetan (lawn green): 86→98 [0.2ms]
[2026-05-06 12:13:41] MOVE asha (gray0): 33→34 [0.1ms]
[2026-05-06 12:13:41] MOVE chetan (lawn green): 98→86 [0.1ms]
[2026-05-06 12:13:41] MOVE asha (gray0): 32→20 [0.1ms]
[2026-05-06 12:13:41] MOVE chetan (lawn green): 86→75 [0.1ms]
[2026-05-06 12:13:42] MOVE asha (gray0): 34→22 [0.2ms]
[2026-05-06 12:13:42] MOVE chetan (lawn green): 75→65 [0.1ms]
[2026-05-06 12:13:42] MOVE asha (gray0): 20→21 [0.1ms]
[2026-05-06 12:13:42] MOVE chetan (lawn green): 65→88 [0.5ms]
[2026-05-06 12:13:42] MOVE asha (gray0): 22→20 [0.1ms]
[2026-05-06 12:13:42] MOVE chetan (lawn green): 88→87 [0.1ms]
[2026-05-06 12:13:43] MOVE asha (gray0): 21→22 [0.1ms]
[2026-05-06 12:13:43] MOVE chetan (lawn green): 87→100 [0.1ms]
[2026-05-06 12:13:43] MOVE asha (gray0): 20→21 [0.2ms]
[2026-05-06 12:13:43] MOVE chetan (lawn green): 100→98 [0.1ms]
[2026-05-06 12:13:43] MOVE asha (gray0): 22→34 [0.1ms]
[2026-05-06 12:13:43] MOVE chetan (lawn green): 98→86 [0.1ms]
[2026-05-06 12:13:44] MOVE asha (gray0): 21→33 [0.1ms]
[2026-05-06 12:13:44] MOVE chetan (lawn green): 86→98 [0.8ms]
[2026-05-06 12:13:44] MOVE asha (gray0): 34→32 [0.1ms]
[2026-05-06 12:13:44] MOVE chetan (lawn green): 98→86 [0.1ms]
[2026-05-06 12:13:44] MOVE asha (gray0): 33→34 [0.1ms]
[2026-05-06 12:13:44] MOVE chetan (lawn green): 86→75 [0.1ms]
[2026-05-06 12:13:44] MOVE asha (gray0): 32→20 [0.1ms]
[2026-05-06 12:13:45] MOVE chetan (lawn green): 75→65 [0.2ms]
[2026-05-06 12:13:45] MOVE asha (gray0): 34→22 [0.1ms]
[2026-05-06 12:13:45] MOVE chetan (lawn green): 65→88 [0.1ms]
[2026-05-06 12:13:45] MOVE asha (gray0): 20→21 [0.1ms]
[2026-05-06 12:13:45] MOVE chetan (lawn green): 88→87 [0.1ms]
[2026-05-06 12:13:45] MOVE asha (gray0): 22→20 [0.1ms]
[2026-05-06 12:13:46] MOVE chetan (lawn green): 87→100 [0.1ms]
[2026-05-06 12:13:46] MOVE asha (gray0): 21→22 [0.1ms]
[2026-05-06 12:13:46] MOVE chetan (lawn green): 100→98 [0.1ms]
[2026-05-06 12:13:46] MOVE asha (gray0): 20→21 [0.1ms]
[2026-05-06 12:13:46] MOVE chetan (lawn green): 98→86 [0.3ms]
[2026-05-06 12:13:46] MOVE asha (gray0): 22→34 [0.1ms]
[2026-05-06 12:13:47] MOVE chetan (lawn green): 86→98 [0.1ms]
[2026-05-06 12:13:47] MOVE asha (gray0): 21→33 [0.1ms]
[2026-05-06 12:13:47] MOVE chetan (lawn green): 98→86 [0.1ms]
[2026-05-06 12:13:47] MOVE asha (gray0): 34→32 [0.1ms]
[2026-05-06 12:13:47] MOVE chetan (lawn green): 86→75 [0.2ms]
[2026-05-06 12:13:47] MOVE asha (gray0): 33→34 [0.1ms]
[2026-05-06 12:13:47] MOVE chetan (lawn green): 75→65 [0.3ms]
[2026-05-06 12:13:48] MOVE asha (gray0): 32→20 [0.1ms]
[2026-05-06 12:13:48] MOVE chetan (lawn green): 65→88 [0.1ms]
[2026-05-06 12:13:48] MOVE asha (gray0): 34→22 [0.1ms]
[2026-05-06 12:13:48] MOVE chetan (lawn green): 88→87 [0.1ms]
[2026-05-06 12:13:48] MOVE asha (gray0): 20→21 [0.1ms]
[2026-05-06 12:13:48] MOVE chetan (lawn green): 87→100 [0.1ms]
[2026-05-06 12:13:49] MOVE asha (gray0): 22→20 [0.4ms]
[2026-05-06 12:13:49] MOVE chetan (lawn green): 100→98 [0.1ms]
[2026-05-06 12:13:49] MOVE asha (gray0): 21→22 [0.1ms]
[2026-05-06 12:13:49] MOVE chetan (lawn green): 98→86 [0.2ms]
[2026-05-06 12:13:49] MOVE asha (gray0): 20→21 [0.1ms]
[2026-05-06 12:13:50] MOVE chetan (lawn green): 86→98 [0.2ms]
[2026-05-06 12:13:50] MOVE asha (gray0): 22→34 [0.1ms]
[2026-05-06 12:13:50] MOVE chetan (lawn green): 98→86 [0.1ms]
[2026-05-06 12:13:50] MOVE asha (gray0): 21→33 [0.1ms]
[2026-05-06 12:13:50] MOVE chetan (lawn green): 86→75 [0.2ms]
[2026-05-06 12:13:50] MOVE asha (gray0): 34→32 [0.1ms]
[2026-05-06 12:13:51] MOVE chetan (lawn green): 75→65 [0.1ms]
[2026-05-06 12:13:51] MOVE asha (gray0): 33→34 [0.1ms]
[2026-05-06 12:13:51] MOVE chetan (lawn green): 65→88 [0.1ms]
[2026-05-06 12:13:51] MOVE asha (gray0): 32→20 [0.1ms]
[2026-05-06 12:13:51] MOVE chetan (lawn green): 88→87 [1.0ms]
[2026-05-06 12:13:51] MOVE asha (gray0): 34→22 [0.2ms]
[2026-05-06 12:13:52] MOVE chetan (lawn green): 87→100 [0.1ms]
[2026-05-06 12:13:52] MOVE asha (gray0): 20→21 [0.1ms]
[2026-05-06 12:13:52] MOVE chetan (lawn green): 100→98 [0.1ms]
[2026-05-06 12:13:52] MOVE asha (gray0): 22→20 [0.1ms]
[2026-05-06 12:13:52] MOVE chetan (lawn green): 98→86 [0.5ms]
[2026-05-06 12:13:52] MOVE asha (gray0): 21→22 [0.1ms]
[2026-05-06 12:13:52] MOVE chetan (lawn green): 86→98 [0.1ms]
[2026-05-06 12:13:53] MOVE asha (gray0): 20→21 [0.1ms]
[2026-05-06 12:13:53] MOVE chetan (lawn green): 98→86 [0.1ms]
[2026-05-06 12:13:53] MOVE asha (gray0): 22→34 [0.1ms]
[2026-05-06 12:13:53] MOVE chetan (lawn green): 86→75 [0.1ms]
[2026-05-06 12:13:53] MOVE asha (gray0): 21→33 [1.3ms]
[2026-05-06 12:13:53] MOVE chetan (lawn green): 75→65 [0.1ms]
[2026-05-06 12:13:53] MOVE asha (gray0): 34→32 [0.1ms]
[2026-05-06 12:13:54] MOVE chetan (lawn green): 65→88 [0.1ms]
[2026-05-06 12:13:54] MOVE asha (gray0): 33→34 [0.2ms]
[2026-05-06 12:13:54] MOVE chetan (lawn green): 88→87 [0.1ms]
[2026-05-06 12:13:54] MOVE asha (gray0): 32→20 [0.1ms]
[2026-05-06 12:13:54] MOVE chetan (lawn green): 87→100 [0.1ms]
[2026-05-06 12:13:54] MOVE asha (gray0): 34→22 [0.2ms]
[2026-05-06 12:13:55] MOVE chetan (lawn green): 100→98 [0.1ms]
[2026-05-06 12:13:55] MOVE asha (gray0): 20→21 [0.1ms]
[2026-05-06 12:13:55] MOVE chetan (lawn green): 98→86 [0.1ms]
[2026-05-06 12:13:55] MOVE asha (gray0): 22→20 [0.1ms]
[2026-05-06 12:13:55] MOVE chetan (lawn green): 86→98 [0.1ms]
[2026-05-06 12:13:55] MOVE asha (gray0): 21→22 [0.1ms]
[2026-05-06 12:13:56] MOVE chetan (lawn green): 98→86 [0.1ms]
[2026-05-06 12:13:56] MOVE asha (gray0): 20→21 [0.1ms]
[2026-05-06 12:13:56] MOVE chetan (lawn green): 86→75 [0.2ms]
[2026-05-06 12:13:56] MOVE asha (gray0): 22→34 [0.1ms]
[2026-05-06 12:13:56] MOVE chetan (lawn green): 75→65 [0.2ms]
[2026-05-06 12:13:56] MOVE asha (gray0): 21→33 [0.1ms]
[2026-05-06 12:13:57] MOVE chetan (lawn green): 65→88 [0.1ms]
[2026-05-06 12:13:57] MOVE asha (gray0): 34→32 [0.1ms]
[2026-05-06 12:13:57] MOVE chetan (lawn green): 88→87 [0.1ms]
[2026-05-06 12:13:57] MOVE asha (gray0): 33→34 [0.7ms]
[2026-05-06 12:13:57] MOVE chetan (lawn green): 87→100 [0.1ms]
[2026-05-06 12:13:57] MOVE asha (gray0): 32→20 [0.1ms]
[2026-05-06 12:13:58] MOVE chetan (lawn green): 100→98 [0.1ms]
[2026-05-06 12:13:58] MOVE asha (gray0): 34→22 [0.2ms]
[2026-05-06 12:13:58] MOVE chetan (lawn green): 98→86 [0.1ms]
[2026-05-06 12:13:58] MOVE asha (gray0): 20→21 [0.1ms]
[2026-05-06 12:13:58] MOVE chetan (lawn green): 86→98 [0.1ms]
[2026-05-06 12:13:58] MOVE asha (gray0): 22→20 [0.1ms]
[2026-05-06 12:13:58] MOVE chetan (lawn green): 98→86 [0.1ms]
[2026-05-06 12:13:58] MOVE asha (gray0): 21→22 [0.1ms]
[2026-05-06 12:13:59] MOVE chetan (lawn green): 86→75 [0.1ms]
[2026-05-06 12:13:59] MOVE asha (gray0): 20→21 [0.1ms]
[2026-05-06 12:13:59] MOVE chetan (lawn green): 75→65 [0.1ms]
[2026-05-06 12:13:59] MOVE asha (gray0): 22→34 [0.3ms]
[2026-05-06 12:13:59] MOVE chetan (lawn green): 65→88 [0.1ms]
[2026-05-06 12:13:59] MOVE asha (gray0): 21→33 [0.1ms]
[2026-05-06 12:14:00] MOVE chetan (lawn green): 88→87 [0.1ms]
[2026-05-06 12:14:00] MOVE asha (gray0): 34→32 [0.3ms]
[2026-05-06 12:14:00] MOVE chetan (lawn green): 87→100 [0.1ms]
[2026-05-06 12:14:00] MOVE asha (gray0): 33→34 [0.1ms]
[2026-05-06 12:14:00] MOVE chetan (lawn green): 100→98 [0.1ms]
[2026-05-06 12:14:00] MOVE asha (gray0): 32→20 [0.4ms]
[2026-05-06 12:14:01] MOVE chetan (lawn green): 98→86 [1.3ms]
[2026-05-06 12:14:01] MOVE asha (gray0): 34→22 [1.5ms]
[2026-05-06 12:14:01] MOVE chetan (lawn green): 86→98 [0.1ms]
[2026-05-06 12:14:01] MOVE asha (gray0): 20→21 [0.2ms]
[2026-05-06 12:14:01] MOVE chetan (lawn green): 98→86 [0.3ms]
[2026-05-06 12:14:01] MOVE asha (gray0): 22→20 [0.2ms]
[2026-05-06 12:14:02] MOVE chetan (lawn green): 86→75 [0.1ms]
[2026-05-06 12:14:02] MOVE asha (gray0): 21→22 [0.2ms]
[2026-05-06 12:14:02] MOVE chetan (lawn green): 75→65 [0.1ms]
[2026-05-06 12:14:02] MOVE asha (gray0): 20→21 [0.1ms]
[2026-05-06 12:14:02] MOVE chetan (lawn green): 65→88 [0.4ms]
[2026-05-06 12:14:02] MOVE asha (gray0): 22→34 [0.1ms]
[2026-05-06 12:14:03] MOVE chetan (lawn green): 88→87 [0.1ms]
[2026-05-06 12:14:03] MOVE asha (gray0): 21→33 [0.1ms]
[2026-05-06 12:14:03] MOVE chetan (lawn green): 87→100 [0.1ms]
[2026-05-06 12:14:03] MOVE asha (gray0): 34→32 [0.1ms]
[2026-05-06 12:14:03] MOVE chetan (lawn green): 100→98 [0.1ms]
[2026-05-06 12:14:03] MOVE asha (gray0): 33→34 [0.1ms]
[2026-05-06 12:14:03] MOVE chetan (lawn green): 98→86 [0.9ms]
[2026-05-06 12:14:04] MOVE asha (gray0): 32→20 [0.1ms]
[2026-05-06 12:14:04] MOVE chetan (lawn green): 86→98 [0.6ms]
[2026-05-06 12:14:04] MOVE asha (gray0): 34→22 [0.1ms]
[2026-05-06 12:14:04] MOVE chetan (lawn green): 98→86 [0.1ms]
[2026-05-06 12:14:04] MOVE asha (gray0): 20→21 [0.1ms]
[2026-05-06 12:14:04] MOVE chetan (lawn green): 86→75 [0.1ms]
[2026-05-06 12:14:05] MOVE asha (gray0): 22→20 [0.7ms]
[2026-05-06 12:14:05] MOVE chetan (lawn green): 75→65 [0.1ms]
[2026-05-06 12:14:05] MOVE asha (gray0): 21→22 [0.1ms]
[2026-05-06 12:14:05] MOVE chetan (lawn green): 65→88 [0.1ms]
[2026-05-06 12:14:05] MOVE asha (gray0): 20→21 [0.1ms]
[2026-05-06 12:14:05] MOVE chetan (lawn green): 88→87 [0.6ms]
[2026-05-06 12:14:06] MOVE asha (gray0): 22→34 [0.1ms]
[2026-05-06 12:14:06] MOVE chetan (lawn green): 87→100 [0.1ms]
[2026-05-06 12:14:06] MOVE asha (gray0): 21→33 [0.1ms]
[2026-05-06 12:14:06] MOVE chetan (lawn green): 100→98 [0.1ms]
[2026-05-06 12:14:06] MOVE asha (gray0): 34→32 [0.1ms]
[2026-05-06 12:14:06] MOVE chetan (lawn green): 98→86 [0.1ms]
[2026-05-06 12:14:07] MOVE asha (gray0): 33→34 [0.1ms]
[2026-05-06 12:14:07] MOVE chetan (lawn green): 86→98 [0.1ms]
[2026-05-06 12:14:07] MOVE asha (gray0): 32→20 [0.1ms]
[2026-05-06 12:14:07] MOVE chetan (lawn green): 98→86 [0.1ms]
[2026-05-06 12:14:07] MOVE asha (gray0): 34→22 [0.3ms]
[2026-05-06 12:14:07] MOVE chetan (lawn green): 86→75 [0.1ms]
[2026-05-06 12:14:07] MOVE asha (gray0): 20→21 [0.1ms]
[2026-05-06 12:14:08] MOVE chetan (lawn green): 75→65 [0.1ms]
[2026-05-06 12:14:08] MOVE asha (gray0): 22→20 [0.1ms]
[2026-05-06 12:14:08] MOVE chetan (lawn green): 65→88 [0.1ms]
[2026-05-06 12:14:08] MOVE asha (gray0): 21→22 [0.1ms]
[2026-05-06 12:14:08] MOVE chetan (lawn green): 88→87 [0.1ms]
[2026-05-06 12:14:08] MOVE asha (gray0): 20→21 [2.0ms]
[2026-05-06 12:14:09] MOVE chetan (lawn green): 87→100 [0.1ms]
[2026-05-06 12:14:09] MOVE asha (gray0): 22→34 [0.1ms]
[2026-05-06 12:14:09] MOVE chetan (lawn green): 100→98 [0.1ms]
[2026-05-06 12:14:09] MOVE asha (gray0): 21→33 [0.1ms]
[2026-05-06 12:14:09] MOVE chetan (lawn green): 98→86 [0.1ms]
[2026-05-06 12:14:09] MOVE asha (gray0): 34→32 [0.1ms]
[2026-05-06 12:14:09] MOVE chetan (lawn green): 86→98 [0.1ms]
[2026-05-06 12:14:10] MOVE asha (gray0): 33→34 [0.1ms]
[2026-05-06 12:14:10] MOVE chetan (lawn green): 98→86 [0.1ms]
[2026-05-06 12:14:10] MOVE asha (gray0): 32→20 [0.1ms]
[2026-05-06 12:14:10] MOVE chetan (lawn green): 86→75 [0.1ms]
[2026-05-06 12:14:10] MOVE asha (gray0): 34→22 [0.1ms]
[2026-05-06 12:14:10] MOVE chetan (lawn green): 75→65 [0.3ms]
[2026-05-06 12:14:11] MOVE asha (gray0): 20→21 [0.1ms]
[2026-05-06 12:14:11] MOVE chetan (lawn green): 65→88 [0.1ms]
[2026-05-06 12:14:11] MOVE asha (gray0): 22→20 [0.1ms]
[2026-05-06 12:14:11] MOVE chetan (lawn green): 88→87 [0.1ms]
[2026-05-06 12:14:11] MOVE asha (gray0): 21→22 [0.1ms]
[2026-05-06 12:14:11] MOVE chetan (lawn green): 87→100 [0.2ms]
[2026-05-06 12:14:12] MOVE asha (gray0): 20→21 [0.1ms]
[2026-05-06 12:14:12] MOVE chetan (lawn green): 100→98 [0.1ms]
[2026-05-06 12:14:12] MOVE asha (gray0): 22→34 [0.2ms]
[2026-05-06 12:14:12] MOVE chetan (lawn green): 98→86 [0.1ms]
[2026-05-06 12:14:12] MOVE asha (gray0): 21→33 [0.8ms]
[2026-05-06 12:14:12] MOVE chetan (lawn green): 86→98 [0.1ms]
[2026-05-06 12:14:12] MOVE asha (gray0): 34→32 [0.1ms]
[2026-05-06 12:14:13] MOVE chetan (lawn green): 98→86 [0.2ms]
[2026-05-06 12:14:13] MOVE asha (gray0): 33→34 [0.1ms]
[2026-05-06 12:14:13] MOVE chetan (lawn green): 86→75 [0.1ms]
[2026-05-06 12:14:13] MOVE asha (gray0): 32→20 [0.1ms]
[2026-05-06 12:14:13] MOVE chetan (lawn green): 75→65 [0.1ms]
[2026-05-06 12:14:13] MOVE asha (gray0): 34→22 [0.1ms]
[2026-05-06 12:14:14] MOVE chetan (lawn green): 65→88 [0.1ms]
[2026-05-06 12:14:14] MOVE asha (gray0): 20→21 [0.1ms]
[2026-05-06 12:14:14] MOVE chetan (lawn green): 88→87 [0.1ms]
[2026-05-06 12:14:14] MOVE asha (gray0): 22→20 [0.1ms]
[2026-05-06 12:14:14] MOVE chetan (lawn green): 87→100 [0.2ms]
[2026-05-06 12:14:14] MOVE asha (gray0): 21→22 [0.2ms]
[2026-05-06 12:14:14] MOVE chetan (lawn green): 100→98 [0.1ms]
[2026-05-06 12:14:15] MOVE asha (gray0): 20→21 [0.1ms]
[2026-05-06 12:14:15] MOVE chetan (lawn green): 98→86 [0.1ms]
[2026-05-06 12:14:15] MOVE asha (gray0): 22→34 [0.1ms]
[2026-05-06 12:14:15] MOVE chetan (lawn green): 86→98 [0.1ms]
[2026-05-06 12:14:15] MOVE asha (gray0): 21→33 [0.1ms]
[2026-05-06 12:14:15] MOVE chetan (lawn green): 98→86 [0.1ms]
[2026-05-06 12:14:16] MOVE asha (gray0): 34→32 [0.2ms]
[2026-05-06 12:14:16] MOVE chetan (lawn green): 86→75 [0.1ms]
[2026-05-06 12:14:16] MOVE asha (gray0): 33→34 [0.1ms]
[2026-05-06 12:14:16] MOVE chetan (lawn green): 75→65 [0.1ms]
[2026-05-06 12:14:16] MOVE asha (gray0): 32→20 [0.1ms]
[2026-05-06 12:14:16] MOVE chetan (lawn green): 65→88 [0.1ms]
[2026-05-06 12:14:17] MOVE asha (gray0): 34→22 [0.1ms]
[2026-05-06 12:14:17] MOVE chetan (lawn green): 88→87 [0.1ms]
[2026-05-06 12:14:17] MOVE asha (gray0): 20→21 [0.1ms]
[2026-05-06 12:14:17] MOVE chetan (lawn green): 87→100 [0.1ms]
[2026-05-06 12:14:17] MOVE asha (gray0): 22→20 [0.3ms]
[2026-05-06 12:14:17] MOVE chetan (lawn green): 100→98 [0.1ms]
[2026-05-06 12:14:17] MOVE asha (gray0): 21→22 [0.2ms]
[2026-05-06 12:14:18] MOVE chetan (lawn green): 98→86 [0.1ms]
[2026-05-06 12:14:18] MOVE asha (gray0): 20→21 [0.1ms]
[2026-05-06 12:14:18] MOVE chetan (lawn green): 86→98 [0.1ms]
[2026-05-06 12:14:18] MOVE asha (gray0): 22→34 [0.1ms]
[2026-05-06 12:14:18] MOVE chetan (lawn green): 98→86 [0.1ms]
[2026-05-06 12:14:18] MOVE asha (gray0): 21→33 [0.1ms]
[2026-05-06 12:14:19] MOVE chetan (lawn green): 86→75 [0.2ms]
[2026-05-06 12:14:19] MOVE asha (gray0): 34→32 [0.9ms]
[2026-05-06 12:14:19] MOVE chetan (lawn green): 75→65 [0.1ms]
[2026-05-06 12:14:19] MOVE asha (gray0): 33→34 [0.1ms]
[2026-05-06 12:14:19] MOVE chetan (lawn green): 65→88 [0.1ms]
[2026-05-06 12:14:19] MOVE asha (gray0): 32→20 [0.1ms]
[2026-05-06 12:14:20] MOVE chetan (lawn green): 88→87 [0.1ms]
[2026-05-06 12:14:20] MOVE asha (gray0): 34→22 [0.1ms]
[2026-05-06 12:14:20] MOVE chetan (lawn green): 87→100 [0.1ms]
[2026-05-06 12:14:20] MOVE asha (gray0): 20→21 [0.1ms]
[2026-05-06 12:14:20] MOVE chetan (lawn green): 100→98 [0.1ms]
[2026-05-06 12:14:20] MOVE asha (gray0): 22→20 [0.1ms]
[2026-05-06 12:14:20] MOVE chetan (lawn green): 98→86 [0.1ms]
[2026-05-06 12:14:21] MOVE asha (gray0): 21→22 [0.1ms]
[2026-05-06 12:14:21] MOVE chetan (lawn green): 86→98 [0.3ms]
[2026-05-06 12:14:21] MOVE asha (gray0): 20→21 [0.1ms]
[2026-05-06 12:14:21] MOVE chetan (lawn green): 98→86 [0.1ms]
[2026-05-06 12:14:21] MOVE asha (gray0): 22→34 [0.1ms]
[2026-05-06 12:14:21] MOVE chetan (lawn green): 86→75 [0.1ms]
[2026-05-06 12:14:22] MOVE asha (gray0): 21→33 [0.1ms]
[2026-05-06 12:14:22] MOVE chetan (lawn green): 75→65 [0.1ms]
[2026-05-06 12:14:22] MOVE asha (gray0): 34→32 [0.1ms]
[2026-05-06 12:14:22] MOVE chetan (lawn green): 65→88 [0.1ms]
[2026-05-06 12:14:22] MOVE asha (gray0): 33→34 [0.1ms]
[2026-05-06 12:14:22] MOVE chetan (lawn green): 88→87 [0.1ms]
[2026-05-06 12:14:22] MOVE asha (gray0): 32→20 [0.1ms]
[2026-05-06 12:14:23] MOVE chetan (lawn green): 87→100 [0.1ms]
[2026-05-06 12:14:23] MOVE asha (gray0): 34→22 [0.1ms]
[2026-05-06 12:14:23] MOVE chetan (lawn green): 100→98 [0.1ms]
[2026-05-06 12:14:23] MOVE asha (gray0): 20→21 [0.1ms]
[2026-05-06 12:14:23] MOVE chetan (lawn green): 98→86 [0.1ms]
[2026-05-06 12:14:23] MOVE asha (gray0): 22→20 [0.1ms]
[2026-05-06 12:14:24] MOVE chetan (lawn green): 86→98 [0.1ms]
[2026-05-06 12:14:24] MOVE asha (gray0): 21→22 [0.1ms]
[2026-05-06 12:14:24] MOVE chetan (lawn green): 98→86 [0.3ms]
[2026-05-06 12:14:24] MOVE asha (gray0): 20→21 [0.1ms]
[2026-05-06 12:14:24] MOVE chetan (lawn green): 86→75 [0.1ms]
[2026-05-06 12:14:24] MOVE asha (gray0): 22→34 [0.1ms]
[2026-05-06 12:14:25] MOVE chetan (lawn green): 75→65 [0.1ms]
[2026-05-06 12:14:25] MOVE asha (gray0): 21→33 [0.1ms]
[2026-05-06 12:14:25] MOVE chetan (lawn green): 65→88 [0.3ms]
[2026-05-06 12:14:25] MOVE asha (gray0): 34→32 [0.1ms]
[2026-05-06 12:14:25] MOVE chetan (lawn green): 88→87 [0.2ms]
[2026-05-06 12:14:25] MOVE asha (gray0): 33→34 [0.1ms]
[2026-05-06 12:14:25] MOVE chetan (lawn green): 87→100 [0.1ms]
[2026-05-06 12:14:26] MOVE asha (gray0): 32→20 [0.1ms]
[2026-05-06 12:14:26] MOVE chetan (lawn green): 100→98 [0.3ms]
[2026-05-06 12:14:26] MOVE asha (gray0): 34→22 [1.1ms]
[2026-05-06 12:14:26] MOVE chetan (lawn green): 98→86 [0.1ms]
[2026-05-06 12:14:26] MOVE asha (gray0): 20→21 [0.1ms]
[2026-05-06 12:14:26] MOVE chetan (lawn green): 86→98 [0.1ms]
[2026-05-06 12:14:27] MOVE asha (gray0): 22→20 [0.1ms]
[2026-05-06 12:14:27] MOVE chetan (lawn green): 98→86 [0.1ms]
[2026-05-06 12:14:27] MOVE asha (gray0): 21→22 [0.1ms]
[2026-05-06 12:14:27] MOVE chetan (lawn green): 86→75 [0.1ms]
[2026-05-06 12:14:27] MOVE asha (gray0): 20→21 [0.1ms]
[2026-05-06 12:14:27] MOVE chetan (lawn green): 75→65 [0.1ms]
[2026-05-06 12:14:27] MOVE asha (gray0): 22→34 [0.1ms]
[2026-05-06 12:14:28] MOVE chetan (lawn green): 65→88 [0.1ms]
[2026-05-06 12:14:28] MOVE asha (gray0): 21→33 [0.1ms]
[2026-05-06 12:14:28] MOVE chetan (lawn green): 88→87 [0.1ms]
[2026-05-06 12:14:28] MOVE asha (gray0): 34→32 [0.1ms]
[2026-05-06 12:14:28] MOVE chetan (lawn green): 87→100 [0.1ms]
[2026-05-06 12:14:28] MOVE asha (gray0): 33→34 [0.1ms]
[2026-05-06 12:14:29] MOVE chetan (lawn green): 100→98 [0.1ms]
[2026-05-06 12:14:29] MOVE asha (gray0): 32→20 [0.2ms]
[2026-05-06 12:14:29] MOVE chetan (lawn green): 98→86 [0.1ms]
[2026-05-06 12:14:29] MOVE asha (gray0): 34→22 [0.1ms]
[2026-05-06 12:14:29] MOVE chetan (lawn green): 86→98 [0.1ms]
[2026-05-06 12:14:29] MOVE asha (gray0): 20→21 [0.3ms]
[2026-05-06 12:14:30] MOVE chetan (lawn green): 98→86 [0.1ms]
[2026-05-06 12:14:30] MOVE asha (gray0): 22→20 [0.1ms]
[2026-05-06 12:14:30] MOVE chetan (lawn green): 86→75 [0.1ms]
[2026-05-06 12:14:30] MOVE asha (gray0): 21→22 [0.1ms]
[2026-05-06 12:14:30] MOVE chetan (lawn green): 75→65 [0.1ms]
[2026-05-06 12:14:30] MOVE asha (gray0): 20→21 [0.1ms]
[2026-05-06 12:14:30] MOVE chetan (lawn green): 65→88 [0.1ms]
[2026-05-06 12:14:31] MOVE asha (gray0): 22→34 [0.1ms]
[2026-05-06 12:14:31] MOVE chetan (lawn green): 88→87 [0.4ms]
[2026-05-06 12:14:31] MOVE asha (gray0): 21→33 [0.1ms]
[2026-05-06 12:14:31] MOVE chetan (lawn green): 87→100 [0.1ms]
[2026-05-06 12:14:31] MOVE asha (gray0): 34→32 [0.1ms]
[2026-05-06 12:14:31] MOVE chetan (lawn green): 100→98 [0.1ms]
[2026-05-06 12:14:32] MOVE asha (gray0): 33→34 [0.1ms]
[2026-05-06 12:14:32] MOVE chetan (lawn green): 98→86 [0.1ms]
[2026-05-06 12:14:32] MOVE asha (gray0): 32→20 [0.1ms]
[2026-05-06 12:14:32] MOVE chetan (lawn green): 86→98 [0.1ms]
[2026-05-06 12:14:32] MOVE asha (gray0): 34→22 [0.1ms]
[2026-05-06 12:14:32] MOVE chetan (lawn green): 98→86 [0.1ms]
[2026-05-06 12:14:32] MOVE asha (gray0): 20→21 [0.1ms]
[2026-05-06 12:14:33] MOVE chetan (lawn green): 86→75 [0.1ms]
[2026-05-06 12:14:33] MOVE asha (gray0): 22→20 [0.1ms]
[2026-05-06 12:14:33] MOVE chetan (lawn green): 75→65 [0.1ms]
[2026-05-06 12:14:33] MOVE asha (gray0): 21→22 [0.1ms]
[2026-05-06 12:14:33] MOVE chetan (lawn green): 65→88 [0.1ms]
[2026-05-06 12:14:33] MOVE asha (gray0): 20→21 [0.2ms]
[2026-05-06 12:14:34] MOVE chetan (lawn green): 88→87 [0.1ms]
[2026-05-06 12:14:34] MOVE asha (gray0): 22→34 [0.1ms]
[2026-05-06 12:14:34] MOVE chetan (lawn green): 87→100 [0.1ms]
[2026-05-06 12:14:34] MOVE asha (gray0): 21→33 [0.1ms]
[2026-05-06 12:14:34] MOVE chetan (lawn green): 100→98 [0.1ms]
[2026-05-06 12:14:34] MOVE asha (gray0): 34→32 [0.1ms]
[2026-05-06 12:14:35] MOVE chetan (lawn green): 98→86 [0.1ms]
[2026-05-06 12:14:35] MOVE asha (gray0): 33→34 [0.1ms]
[2026-05-06 12:14:35] MOVE chetan (lawn green): 86→98 [0.1ms]
[2026-05-06 12:14:35] MOVE asha (gray0): 32→20 [0.1ms]
[2026-05-06 12:14:35] MOVE chetan (lawn green): 98→86 [0.1ms]
[2026-05-06 12:14:35] MOVE asha (gray0): 34→22 [0.2ms]
[2026-05-06 12:14:36] MOVE chetan (lawn green): 86→75 [0.2ms]
[2026-05-06 12:14:36] MOVE asha (gray0): 20→21 [0.2ms]
[2026-05-06 12:14:36] MOVE chetan (lawn green): 75→65 [0.1ms]
[2026-05-06 12:14:36] MOVE asha (gray0): 22→20 [0.1ms]
[2026-05-06 12:14:36] MOVE chetan (lawn green): 65→88 [0.1ms]
[2026-05-06 12:14:36] MOVE asha (gray0): 21→22 [0.1ms]
[2026-05-06 12:14:36] MOVE chetan (lawn green): 88→87 [0.1ms]
[2026-05-06 12:14:37] MOVE asha (gray0): 20→21 [0.1ms]
[2026-05-06 12:14:37] MOVE chetan (lawn green): 87→100 [0.1ms]
[2026-05-06 12:14:37] MOVE asha (gray0): 22→34 [0.1ms]
[2026-05-06 12:14:37] MOVE chetan (lawn green): 100→98 [0.1ms]
[2026-05-06 12:14:37] MOVE asha (gray0): 21→33 [0.1ms]
[2026-05-06 12:14:37] MOVE chetan (lawn green): 98→86 [0.2ms]
[2026-05-06 12:14:38] MOVE asha (gray0): 34→32 [0.1ms]
[2026-05-06 12:14:38] MOVE chetan (lawn green): 86→98 [0.1ms]
[2026-05-06 12:14:38] MOVE asha (gray0): 33→34 [0.1ms]
[2026-05-06 12:14:38] MOVE chetan (lawn green): 98→86 [0.6ms]
[2026-05-06 12:14:38] MOVE asha (gray0): 32→20 [0.4ms]
[2026-05-06 12:14:38] MOVE chetan (lawn green): 86→75 [0.1ms]
[2026-05-06 12:14:39] MOVE asha (gray0): 34→22 [0.1ms]
[2026-05-06 12:14:39] MOVE chetan (lawn green): 75→65 [0.1ms]
[2026-05-06 12:14:39] MOVE asha (gray0): 20→21 [0.1ms]
[2026-05-06 12:14:39] MOVE chetan (lawn green): 65→88 [0.1ms]
[2026-05-06 12:14:39] MOVE asha (gray0): 22→20 [0.1ms]
[2026-05-06 12:14:39] MOVE chetan (lawn green): 88→87 [0.1ms]
[2026-05-06 12:14:39] MOVE asha (gray0): 21→22 [0.3ms]
[2026-05-06 12:14:40] MOVE chetan (lawn green): 87→100 [0.1ms]
[2026-05-06 12:14:40] MOVE asha (gray0): 20→21 [0.3ms]
[2026-05-06 12:14:40] MOVE chetan (lawn green): 100→98 [0.3ms]
[2026-05-06 12:14:40] MOVE asha (gray0): 22→34 [0.1ms]
[2026-05-06 12:14:40] MOVE chetan (lawn green): 98→86 [0.2ms]
[2026-05-06 12:14:40] MOVE asha (gray0): 21→33 [0.1ms]
[2026-05-06 12:14:41] MOVE chetan (lawn green): 86→98 [0.1ms]
[2026-05-06 12:14:41] MOVE asha (gray0): 34→32 [0.1ms]
[2026-05-06 12:14:41] MOVE chetan (lawn green): 98→86 [0.1ms]
[2026-05-06 12:14:41] MOVE asha (gray0): 33→34 [0.1ms]
[2026-05-06 12:14:41] MOVE chetan (lawn green): 86→75 [0.1ms]
[2026-05-06 12:14:41] MOVE asha (gray0): 32→20 [0.5ms]
[2026-05-06 12:14:42] MOVE chetan (lawn green): 75→65 [0.1ms]
[2026-05-06 12:14:42] MOVE asha (gray0): 34→22 [0.1ms]
[2026-05-06 12:14:42] MOVE chetan (lawn green): 65→88 [0.1ms]
[2026-05-06 12:14:42] MOVE asha (gray0): 20→21 [0.2ms]
[2026-05-06 12:14:42] MOVE chetan (lawn green): 88→87 [0.1ms]
[2026-05-06 12:14:42] MOVE asha (gray0): 22→20 [0.1ms]
[2026-05-06 12:14:42] MOVE chetan (lawn green): 87→100 [0.1ms]
[2026-05-06 12:14:43] MOVE asha (gray0): 21→22 [0.2ms]
[2026-05-06 12:14:43] MOVE chetan (lawn green): 100→98 [0.1ms]
[2026-05-06 12:14:43] MOVE asha (gray0): 20→21 [0.1ms]
[2026-05-06 12:14:43] MOVE chetan (lawn green): 98→86 [0.1ms]
[2026-05-06 12:14:43] MOVE asha (gray0): 22→34 [0.1ms]
[2026-05-06 12:14:43] MOVE chetan (lawn green): 86→98 [0.1ms]
[2026-05-06 12:14:44] MOVE asha (gray0): 21→33 [0.1ms]
[2026-05-06 12:14:44] MOVE chetan (lawn green): 98→86 [0.9ms]
[2026-05-06 12:14:44] MOVE asha (gray0): 34→32 [0.1ms]
[2026-05-06 12:14:44] MOVE chetan (lawn green): 86→75 [0.1ms]
[2026-05-06 12:14:44] MOVE asha (gray0): 33→34 [0.1ms]
[2026-05-06 12:14:44] MOVE chetan (lawn green): 75→65 [0.1ms]
[2026-05-06 12:14:45] MOVE asha (gray0): 32→20 [0.3ms]
[2026-05-06 12:14:45] MOVE chetan (lawn green): 65→88 [0.1ms]
[2026-05-06 12:14:45] MOVE asha (gray0): 34→22 [0.1ms]
[2026-05-06 12:14:45] MOVE chetan (lawn green): 88→87 [0.1ms]
[2026-05-06 12:14:45] MOVE asha (gray0): 20→21 [0.1ms]
[2026-05-06 12:14:46] MOVE chetan (lawn green): 87→100 [0.1ms]
[2026-05-06 12:14:46] MOVE asha (gray0): 22→20 [0.2ms]
[2026-05-06 12:14:46] MOVE chetan (lawn green): 100→98 [0.1ms]
[2026-05-06 12:14:46] MOVE asha (gray0): 21→22 [0.7ms]
[2026-05-06 12:14:46] MOVE chetan (lawn green): 98→86 [0.7ms]
[2026-05-06 12:14:46] MOVE asha (gray0): 20→21 [0.1ms]
[2026-05-06 12:14:47] MOVE chetan (lawn green): 86→98 [0.1ms]
[2026-05-06 12:14:47] MOVE asha (gray0): 22→34 [0.1ms]
[2026-05-06 12:14:47] MOVE chetan (lawn green): 98→86 [0.1ms]
[2026-05-06 12:14:47] MOVE asha (gray0): 21→33 [0.1ms]
[2026-05-06 12:14:47] MOVE chetan (lawn green): 86→75 [0.1ms]
[2026-05-06 12:14:47] MOVE asha (gray0): 34→32 [0.1ms]
[2026-05-06 12:14:48] MOVE chetan (lawn green): 75→65 [0.6ms]
[2026-05-06 12:14:48] MOVE asha (gray0): 33→34 [0.1ms]
[2026-05-06 12:14:48] MOVE chetan (lawn green): 65→88 [0.3ms]
[2026-05-06 12:14:48] MOVE asha (gray0): 32→20 [0.1ms]
[2026-05-06 12:14:48] MOVE chetan (lawn green): 88→87 [0.2ms]
[2026-05-06 12:14:48] MOVE asha (gray0): 34→22 [0.1ms]
[2026-05-06 12:14:48] MOVE chetan (lawn green): 87→100 [0.1ms]
[2026-05-06 12:14:49] MOVE asha (gray0): 20→21 [0.1ms]
[2026-05-06 12:14:49] MOVE chetan (lawn green): 100→98 [0.1ms]
[2026-05-06 12:14:49] MOVE asha (gray0): 22→20 [0.1ms]
[2026-05-06 12:14:49] MOVE chetan (lawn green): 98→86 [0.1ms]
[2026-05-06 12:14:49] MOVE asha (gray0): 21→22 [0.4ms]
[2026-05-06 12:14:49] MOVE chetan (lawn green): 86→98 [0.1ms]
[2026-05-06 12:14:50] MOVE asha (gray0): 20→21 [0.1ms]
[2026-05-06 12:14:50] MOVE chetan (lawn green): 98→86 [0.1ms]
[2026-05-06 12:14:50] MOVE asha (gray0): 22→34 [0.1ms]
[2026-05-06 12:14:50] MOVE chetan (lawn green): 86→75 [0.1ms]
[2026-05-06 12:14:50] MOVE asha (gray0): 21→33 [0.1ms]
[2026-05-06 12:14:50] MOVE chetan (lawn green): 75→65 [0.1ms]
[2026-05-06 12:14:50] MOVE asha (gray0): 34→32 [0.1ms]
[2026-05-06 12:14:51] MOVE chetan (lawn green): 65→88 [0.1ms]
[2026-05-06 12:14:51] MOVE asha (gray0): 33→34 [0.1ms]
[2026-05-06 12:14:51] MOVE chetan (lawn green): 88→87 [0.1ms]
[2026-05-06 12:14:51] MOVE asha (gray0): 32→20 [2.3ms]
[2026-05-06 12:14:51] MOVE chetan (lawn green): 87→100 [0.1ms]
[2026-05-06 12:14:51] MOVE asha (gray0): 34→22 [0.1ms]
[2026-05-06 12:14:52] MOVE chetan (lawn green): 100→98 [0.1ms]
[2026-05-06 12:14:52] MOVE asha (gray0): 20→21 [0.2ms]
[2026-05-06 12:14:52] MOVE chetan (lawn green): 98→86 [0.1ms]
[2026-05-06 12:14:52] MOVE asha (gray0): 22→20 [0.1ms]
[2026-05-06 12:14:52] MOVE chetan (lawn green): 86→98 [0.3ms]
[2026-05-06 12:14:52] MOVE asha (gray0): 21→22 [0.1ms]
[2026-05-06 12:14:53] MOVE chetan (lawn green): 98→86 [0.1ms]
[2026-05-06 12:14:53] MOVE asha (gray0): 20→21 [0.1ms]
[2026-05-06 12:14:53] MOVE chetan (lawn green): 86→75 [0.1ms]
[2026-05-06 12:14:53] MOVE asha (gray0): 22→34 [0.1ms]
[2026-05-06 12:14:53] MOVE chetan (lawn green): 75→65 [0.1ms]
[2026-05-06 12:14:53] MOVE asha (gray0): 21→33 [0.1ms]
[2026-05-06 12:14:54] MOVE chetan (lawn green): 65→88 [1.6ms]
[2026-05-06 12:14:54] MOVE asha (gray0): 34→32 [0.1ms]
[2026-05-06 12:14:54] MOVE chetan (lawn green): 88→87 [0.1ms]
[2026-05-06 12:14:54] MOVE asha (gray0): 33→34 [0.1ms]
[2026-05-06 12:14:54] MOVE chetan (lawn green): 87→100 [0.1ms]
[2026-05-06 12:14:54] MOVE asha (gray0): 32→20 [6.9ms]
[2026-05-06 12:14:54] MOVE chetan (lawn green): 100→98 [0.1ms]
[2026-05-06 12:14:55] MOVE asha (gray0): 34→22 [0.1ms]
[2026-05-06 12:14:55] MOVE chetan (lawn green): 98→86 [0.2ms]
[2026-05-06 12:14:55] MOVE asha (gray0): 20→21 [0.1ms]
[2026-05-06 12:14:55] MOVE chetan (lawn green): 86→98 [0.1ms]
[2026-05-06 12:14:55] MOVE asha (gray0): 22→20 [0.1ms]
[2026-05-06 12:14:55] MOVE chetan (lawn green): 98→86 [0.1ms]
[2026-05-06 12:14:56] MOVE asha (gray0): 21→22 [0.2ms]
[2026-05-06 12:14:56] MOVE chetan (lawn green): 86→75 [0.5ms]
[2026-05-06 12:14:56] MOVE asha (gray0): 20→21 [0.1ms]
[2026-05-06 12:14:56] MOVE chetan (lawn green): 75→65 [0.1ms]
[2026-05-06 12:14:56] MOVE asha (gray0): 22→34 [0.1ms]
[2026-05-06 12:14:56] MOVE chetan (lawn green): 65→88 [0.1ms]
[2026-05-06 12:14:57] MOVE asha (gray0): 21→33 [0.1ms]
[2026-05-06 12:14:57] MOVE chetan (lawn green): 88→87 [0.1ms]
[2026-05-06 12:14:57] MOVE asha (gray0): 34→32 [0.1ms]
[2026-05-06 12:14:57] MOVE chetan (lawn green): 87→100 [0.1ms]
[2026-05-06 12:14:57] MOVE asha (gray0): 33→34 [0.1ms]
[2026-05-06 12:14:57] MOVE chetan (lawn green): 100→98 [0.1ms]
[2026-05-06 12:14:57] MOVE asha (gray0): 32→20 [0.1ms]
[2026-05-06 12:14:58] MOVE chetan (lawn green): 98→86 [0.1ms]
[2026-05-06 12:14:58] MOVE asha (gray0): 34→22 [0.1ms]
[2026-05-06 12:14:58] MOVE chetan (lawn green): 86→98 [0.1ms]
[2026-05-06 12:14:58] MOVE asha (gray0): 20→21 [0.1ms]
[2026-05-06 12:14:58] MOVE chetan (lawn green): 98→86 [0.2ms]
[2026-05-06 12:14:58] MOVE asha (gray0): 22→20 [0.1ms]
[2026-05-06 12:14:59] MOVE chetan (lawn green): 86→75 [0.1ms]
[2026-05-06 12:14:59] MOVE asha (gray0): 21→22 [0.1ms]
[2026-05-06 12:14:59] MOVE chetan (lawn green): 75→65 [0.1ms]
[2026-05-06 12:14:59] MOVE asha (gray0): 20→21 [0.3ms]
[2026-05-06 12:14:59] MOVE chetan (lawn green): 65→88 [0.1ms]
[2026-05-06 12:14:59] MOVE asha (gray0): 22→34 [0.1ms]
[2026-05-06 12:15:00] MOVE chetan (lawn green): 88→87 [2.1ms]
[2026-05-06 12:15:00] MOVE asha (gray0): 21→33 [0.1ms]
[2026-05-06 12:15:00] MOVE chetan (lawn green): 87→100 [0.1ms]
[2026-05-06 12:15:00] MOVE asha (gray0): 34→32 [0.1ms]
[2026-05-06 12:15:00] MOVE chetan (lawn green): 100→98 [0.4ms]
[2026-05-06 12:15:00] MOVE asha (gray0): 33→34 [0.1ms]
[2026-05-06 12:15:01] MOVE chetan (lawn green): 98→86 [0.1ms]
[2026-05-06 12:15:01] MOVE asha (gray0): 32→20 [0.1ms]
[2026-05-06 12:15:01] MOVE chetan (lawn green): 86→98 [0.1ms]
[2026-05-06 12:15:01] MOVE asha (gray0): 34→22 [0.1ms]
[2026-05-06 12:15:01] MOVE chetan (lawn green): 98→86 [0.1ms]
[2026-05-06 12:15:01] MOVE asha (gray0): 20→21 [0.1ms]
[2026-05-06 12:15:01] MOVE chetan (lawn green): 86→75 [0.1ms]
[2026-05-06 12:15:02] MOVE asha (gray0): 22→20 [0.1ms]
[2026-05-06 12:15:02] MOVE chetan (lawn green): 75→65 [0.1ms]
[2026-05-06 12:15:02] MOVE asha (gray0): 21→22 [0.1ms]
[2026-05-06 12:15:02] MOVE chetan (lawn green): 65→88 [0.1ms]
[2026-05-06 12:15:02] MOVE asha (gray0): 20→21 [0.1ms]
[2026-05-06 12:15:02] MOVE chetan (lawn green): 88→87 [0.1ms]
[2026-05-06 12:15:02] MOVE asha (gray0): 22→34 [0.1ms]
[2026-05-06 12:15:03] MOVE chetan (lawn green): 87→100 [0.1ms]
[2026-05-06 12:15:03] MOVE asha (gray0): 21→33 [0.1ms]
[2026-05-06 12:15:03] MOVE chetan (lawn green): 100→98 [0.1ms]
[2026-05-06 12:15:03] MOVE asha (gray0): 34→32 [1.6ms]
[2026-05-06 12:15:03] MOVE chetan (lawn green): 98→86 [0.3ms]
[2026-05-06 12:15:03] MOVE asha (gray0): 33→34 [0.1ms]
[2026-05-06 12:15:04] MOVE chetan (lawn green): 86→98 [0.1ms]
[2026-05-06 12:15:04] MOVE asha (gray0): 32→20 [0.1ms]
[2026-05-06 12:15:04] MOVE chetan (lawn green): 98→86 [0.1ms]
[2026-05-06 12:15:04] MOVE asha (gray0): 34→22 [0.8ms]
[2026-05-06 12:15:04] MOVE chetan (lawn green): 86→75 [0.1ms]
[2026-05-06 12:15:04] MOVE asha (gray0): 20→21 [0.1ms]
[2026-05-06 12:15:05] MOVE chetan (lawn green): 75→65 [0.1ms]
[2026-05-06 12:15:05] MOVE asha (gray0): 22→20 [0.1ms]
[2026-05-06 12:15:05] MOVE chetan (lawn green): 65→88 [0.1ms]
[2026-05-06 12:15:05] MOVE asha (gray0): 21→22 [0.1ms]
[2026-05-06 12:15:05] MOVE chetan (lawn green): 88→87 [1.0ms]
[2026-05-06 12:15:05] MOVE asha (gray0): 20→21 [0.2ms]
[2026-05-06 12:15:06] MOVE chetan (lawn green): 87→100 [0.1ms]
[2026-05-06 12:15:06] MOVE asha (gray0): 22→34 [0.1ms]
[2026-05-06 12:15:06] MOVE chetan (lawn green): 100→98 [0.1ms]
[2026-05-06 12:15:06] MOVE asha (gray0): 21→33 [0.1ms]
[2026-05-06 12:15:06] MOVE chetan (lawn green): 98→86 [0.1ms]
[2026-05-06 12:15:06] MOVE asha (gray0): 34→32 [0.2ms]
[2026-05-06 12:15:07] MOVE chetan (lawn green): 86→98 [0.1ms]
[2026-05-06 12:15:07] MOVE asha (gray0): 33→34 [0.1ms]
[2026-05-06 12:15:07] MOVE chetan (lawn green): 98→86 [0.1ms]
[2026-05-06 12:15:07] MOVE asha (gray0): 32→20 [0.1ms]
[2026-05-06 12:15:07] MOVE chetan (lawn green): 86→75 [0.1ms]
[2026-05-06 12:15:07] MOVE asha (gray0): 34→22 [0.1ms]
[2026-05-06 12:15:08] MOVE chetan (lawn green): 75→65 [0.1ms]
[2026-05-06 12:15:08] MOVE asha (gray0): 20→21 [0.1ms]
[2026-05-06 12:15:08] MOVE chetan (lawn green): 65→88 [0.1ms]
[2026-05-06 12:15:08] MOVE asha (gray0): 22→20 [2.1ms]
[2026-05-06 12:15:08] MOVE chetan (lawn green): 88→87 [0.1ms]
[2026-05-06 12:15:08] MOVE asha (gray0): 21→22 [0.1ms]
[2026-05-06 12:15:08] MOVE chetan (lawn green): 87→100 [0.1ms]
[2026-05-06 12:15:09] MOVE asha (gray0): 20→21 [0.1ms]
[2026-05-06 12:15:09] MOVE chetan (lawn green): 100→98 [0.1ms]
[2026-05-06 12:15:09] MOVE asha (gray0): 22→34 [0.1ms]
[2026-05-06 12:15:09] MOVE chetan (lawn green): 98→86 [0.1ms]
[2026-05-06 12:15:09] MOVE asha (gray0): 21→33 [0.2ms]
[2026-05-06 12:15:09] MOVE chetan (lawn green): 86→98 [0.1ms]
[2026-05-06 12:15:10] MOVE asha (gray0): 34→32 [0.1ms]
[2026-05-06 12:15:10] MOVE chetan (lawn green): 98→86 [0.2ms]
[2026-05-06 12:15:10] MOVE asha (gray0): 33→34 [0.1ms]
[2026-05-06 12:15:10] MOVE chetan (lawn green): 86→75 [0.1ms]
[2026-05-06 12:15:10] MOVE asha (gray0): 32→20 [0.1ms]
[2026-05-06 12:15:10] MOVE chetan (lawn green): 75→65 [0.1ms]
[2026-05-06 12:15:11] MOVE asha (gray0): 34→22 [0.5ms]
[2026-05-06 12:15:11] MOVE chetan (lawn green): 65→88 [0.1ms]
[2026-05-06 12:15:11] MOVE asha (gray0): 20→21 [0.1ms]
[2026-05-06 12:15:11] MOVE chetan (lawn green): 88→87 [0.1ms]
[2026-05-06 12:15:11] MOVE asha (gray0): 22→20 [2.3ms]
[2026-05-06 12:15:12] MOVE chetan (lawn green): 87→100 [0.1ms]
[2026-05-06 12:15:12] MOVE asha (gray0): 21→22 [0.1ms]
[2026-05-06 12:15:12] MOVE chetan (lawn green): 100→98 [0.1ms]
[2026-05-06 12:15:12] MOVE asha (gray0): 20→21 [0.4ms]
[2026-05-06 12:15:12] MOVE chetan (lawn green): 98→86 [0.4ms]
[2026-05-06 12:15:12] MOVE asha (gray0): 22→34 [0.5ms]
[2026-05-06 12:15:12] MOVE chetan (lawn green): 86→98 [0.1ms]
[2026-05-06 12:15:13] MOVE asha (gray0): 21→33 [0.1ms]
[2026-05-06 12:15:13] MOVE chetan (lawn green): 98→86 [0.1ms]
[2026-05-06 12:15:13] MOVE asha (gray0): 34→32 [0.1ms]
[2026-05-06 12:15:13] MOVE chetan (lawn green): 86→75 [0.1ms]
[2026-05-06 12:15:13] MOVE asha (gray0): 33→34 [0.1ms]
[2026-05-06 12:15:13] MOVE chetan (lawn green): 75→65 [0.1ms]
[2026-05-06 12:15:14] MOVE asha (gray0): 32→20 [0.1ms]
[2026-05-06 12:15:14] MOVE chetan (lawn green): 65→88 [0.1ms]
[2026-05-06 12:15:14] MOVE asha (gray0): 34→22 [0.1ms]
[2026-05-06 12:15:14] MOVE chetan (lawn green): 88→87 [0.1ms]
[2026-05-06 12:15:14] MOVE asha (gray0): 20→21 [0.1ms]
[2026-05-06 12:15:14] MOVE chetan (lawn green): 87→100 [0.1ms]
[2026-05-06 12:15:14] MOVE asha (gray0): 22→20 [0.1ms]
[2026-05-06 12:15:15] MOVE chetan (lawn green): 100→98 [0.1ms]
[2026-05-06 12:15:15] MOVE asha (gray0): 21→22 [0.1ms]
[2026-05-06 12:15:15] MOVE chetan (lawn green): 98→86 [0.1ms]
[2026-05-06 12:15:15] MOVE asha (gray0): 20→21 [0.1ms]
[2026-05-06 12:15:15] MOVE chetan (lawn green): 86→98 [0.1ms]
[2026-05-06 12:15:15] MOVE asha (gray0): 22→34 [0.1ms]
[2026-05-06 12:15:16] MOVE chetan (lawn green): 98→86 [0.1ms]
[2026-05-06 12:15:16] MOVE asha (gray0): 21→33 [0.2ms]
[2026-05-06 12:15:16] MOVE chetan (lawn green): 86→75 [0.1ms]
[2026-05-06 12:15:16] MOVE asha (gray0): 34→32 [0.1ms]
[2026-05-06 12:15:16] MOVE chetan (lawn green): 75→65 [0.1ms]
[2026-05-06 12:15:16] MOVE asha (gray0): 33→34 [0.1ms]
[2026-05-06 12:15:17] MOVE chetan (lawn green): 65→88 [0.1ms]
[2026-05-06 12:15:17] MOVE asha (gray0): 32→20 [0.1ms]
[2026-05-06 12:15:17] MOVE chetan (lawn green): 88→87 [0.1ms]
[2026-05-06 12:15:17] MOVE asha (gray0): 34→22 [0.1ms]
[2026-05-06 12:15:17] MOVE chetan (lawn green): 87→100 [0.1ms]
[2026-05-06 12:15:17] MOVE asha (gray0): 20→21 [0.1ms]
[2026-05-06 12:15:17] MOVE chetan (lawn green): 100→98 [0.1ms]
[2026-05-06 12:15:18] MOVE asha (gray0): 22→20 [0.1ms]
[2026-05-06 12:15:18] MOVE chetan (lawn green): 98→86 [0.1ms]
[2026-05-06 12:15:18] MOVE asha (gray0): 21→22 [0.1ms]
[2026-05-06 12:15:18] MOVE chetan (lawn green): 86→98 [0.1ms]
[2026-05-06 12:15:18] MOVE asha (gray0): 20→21 [0.4ms]
[2026-05-06 12:15:18] MOVE chetan (lawn green): 98→86 [0.1ms]
[2026-05-06 12:15:19] MOVE asha (gray0): 22→34 [0.1ms]
[2026-05-06 12:15:19] MOVE chetan (lawn green): 86→75 [0.1ms]
[2026-05-06 12:15:19] MOVE asha (gray0): 21→33 [0.5ms]
[2026-05-06 12:15:19] MOVE chetan (lawn green): 75→65 [0.1ms]
[2026-05-06 12:15:19] MOVE asha (gray0): 34→32 [0.1ms]
[2026-05-06 12:15:19] MOVE chetan (lawn green): 65→88 [0.1ms]
[2026-05-06 12:15:19] MOVE asha (gray0): 33→34 [0.1ms]
[2026-05-06 12:15:20] MOVE chetan (lawn green): 88→87 [0.1ms]
[2026-05-06 12:15:20] MOVE asha (gray0): 32→20 [0.1ms]
[2026-05-06 12:15:20] MOVE chetan (lawn green): 87→100 [0.1ms]
[2026-05-06 12:15:20] MOVE asha (gray0): 34→22 [0.1ms]
[2026-05-06 12:15:20] MOVE chetan (lawn green): 100→98 [0.1ms]
[2026-05-06 12:15:20] MOVE asha (gray0): 20→21 [0.1ms]
[2026-05-06 12:15:21] MOVE chetan (lawn green): 98→86 [0.1ms]
[2026-05-06 12:15:21] MOVE asha (gray0): 22→20 [0.1ms]
[2026-05-06 12:15:21] MOVE chetan (lawn green): 86→98 [0.1ms]
[2026-05-06 12:15:21] MOVE asha (gray0): 21→22 [0.1ms]
[2026-05-06 12:15:21] MOVE chetan (lawn green): 98→86 [0.2ms]
[2026-05-06 12:15:21] MOVE asha (gray0): 20→21 [0.1ms]
[2026-05-06 12:15:22] MOVE chetan (lawn green): 86→75 [0.1ms]
[2026-05-06 12:15:22] MOVE asha (gray0): 22→34 [0.1ms]
[2026-05-06 12:15:22] MOVE chetan (lawn green): 75→65 [0.1ms]
[2026-05-06 12:15:22] MOVE asha (gray0): 21→33 [0.2ms]
[2026-05-06 12:15:22] MOVE chetan (lawn green): 65→88 [0.1ms]
[2026-05-06 12:15:22] MOVE asha (gray0): 34→32 [0.1ms]
[2026-05-06 12:15:23] MOVE chetan (lawn green): 88→87 [0.1ms]
[2026-05-06 12:15:23] MOVE asha (gray0): 33→34 [0.1ms]
[2026-05-06 12:15:23] MOVE chetan (lawn green): 87→100 [0.1ms]
[2026-05-06 12:15:23] MOVE asha (gray0): 32→20 [0.2ms]
[2026-05-06 12:15:23] MOVE chetan (lawn green): 100→98 [0.1ms]
[2026-05-06 12:15:23] MOVE asha (gray0): 34→22 [0.1ms]
[2026-05-06 12:15:23] MOVE chetan (lawn green): 98→86 [0.2ms]
[2026-05-06 12:15:24] MOVE asha (gray0): 20→21 [0.1ms]
[2026-05-06 12:15:24] MOVE chetan (lawn green): 86→98 [0.1ms]
[2026-05-06 12:15:24] MOVE asha (gray0): 22→20 [0.7ms]
[2026-05-06 12:15:24] MOVE chetan (lawn green): 98→86 [0.1ms]
[2026-05-06 12:15:24] MOVE asha (gray0): 21→22 [0.1ms]
[2026-05-06 12:15:24] MOVE chetan (lawn green): 86→75 [0.3ms]
[2026-05-06 12:15:25] MOVE asha (gray0): 20→21 [0.1ms]
[2026-05-06 12:15:25] MOVE chetan (lawn green): 75→65 [0.1ms]
[2026-05-06 12:15:25] MOVE asha (gray0): 22→34 [1.6ms]
[2026-05-06 12:15:25] MOVE chetan (lawn green): 65→88 [0.1ms]
[2026-05-06 12:15:25] MOVE asha (gray0): 21→33 [0.1ms]
[2026-05-06 12:15:25] MOVE chetan (lawn green): 88→87 [0.1ms]
[2026-05-06 12:15:26] MOVE asha (gray0): 34→32 [0.2ms]
[2026-05-06 12:15:26] MOVE chetan (lawn green): 87→100 [0.1ms]
[2026-05-06 12:15:26] MOVE asha (gray0): 33→34 [0.2ms]
[2026-05-06 12:15:26] MOVE chetan (lawn green): 100→98 [0.5ms]
[2026-05-06 12:15:26] MOVE asha (gray0): 32→20 [0.1ms]
[2026-05-06 12:15:26] MOVE chetan (lawn green): 98→86 [0.1ms]
[2026-05-06 12:15:26] MOVE asha (gray0): 34→22 [0.1ms]
[2026-05-06 12:15:27] MOVE chetan (lawn green): 86→98 [0.2ms]
[2026-05-06 12:15:27] MOVE asha (gray0): 20→21 [0.1ms]
[2026-05-06 12:15:27] MOVE chetan (lawn green): 98→86 [0.1ms]
[2026-05-06 12:15:27] MOVE asha (gray0): 22→20 [0.1ms]
[2026-05-06 12:15:27] MOVE chetan (lawn green): 86→75 [0.1ms]
[2026-05-06 12:15:27] MOVE asha (gray0): 21→22 [0.1ms]
[2026-05-06 12:15:28] MOVE chetan (lawn green): 75→65 [0.1ms]
[2026-05-06 12:15:28] MOVE asha (gray0): 20→21 [0.9ms]
[2026-05-06 12:15:28] MOVE chetan (lawn green): 65→88 [0.1ms]
[2026-05-06 12:15:28] MOVE asha (gray0): 22→34 [0.1ms]
[2026-05-06 12:15:28] MOVE chetan (lawn green): 88→87 [0.4ms]
[2026-05-06 12:15:28] MOVE asha (gray0): 21→33 [0.1ms]
[2026-05-06 12:15:29] MOVE chetan (lawn green): 87→100 [0.1ms]
[2026-05-06 12:15:29] MOVE asha (gray0): 34→32 [0.1ms]
[2026-05-06 12:15:29] MOVE chetan (lawn green): 100→98 [0.1ms]
[2026-05-06 12:15:29] MOVE asha (gray0): 33→34 [0.3ms]
[2026-05-06 12:15:29] MOVE chetan (lawn green): 98→86 [0.2ms]
[2026-05-06 12:15:29] MOVE asha (gray0): 32→20 [0.1ms]
[2026-05-06 12:15:30] MOVE chetan (lawn green): 86→98 [0.1ms]
[2026-05-06 12:15:30] MOVE asha (gray0): 34→22 [0.1ms]
[2026-05-06 12:15:30] MOVE chetan (lawn green): 98→86 [0.2ms]
[2026-05-06 12:15:30] MOVE asha (gray0): 20→21 [0.1ms]
[2026-05-06 12:15:30] MOVE chetan (lawn green): 86→75 [0.1ms]
[2026-05-06 12:15:30] MOVE asha (gray0): 22→20 [0.1ms]
[2026-05-06 12:15:31] MOVE chetan (lawn green): 75→65 [0.1ms]
[2026-05-06 12:15:31] MOVE asha (gray0): 21→22 [0.1ms]
[2026-05-06 12:15:31] MOVE chetan (lawn green): 65→88 [0.3ms]
[2026-05-06 12:15:31] MOVE asha (gray0): 20→21 [0.1ms]
[2026-05-06 12:15:31] MOVE chetan (lawn green): 88→87 [0.2ms]
[2026-05-06 12:15:31] MOVE asha (gray0): 22→34 [0.1ms]
[2026-05-06 12:15:31] MOVE chetan (lawn green): 87→100 [0.1ms]
[2026-05-06 12:15:32] MOVE asha (gray0): 21→33 [0.1ms]
[2026-05-06 12:15:32] MOVE chetan (lawn green): 100→98 [0.1ms]
[2026-05-06 12:15:32] MOVE asha (gray0): 34→32 [0.1ms]
[2026-05-06 12:15:32] MOVE chetan (lawn green): 98→86 [0.1ms]
[2026-05-06 12:15:32] MOVE asha (gray0): 33→34 [0.1ms]
[2026-05-06 12:15:32] MOVE chetan (lawn green): 86→98 [0.1ms]
[2026-05-06 12:15:32] MOVE asha (gray0): 32→20 [0.1ms]
[2026-05-06 12:15:33] MOVE chetan (lawn green): 98→86 [0.1ms]
[2026-05-06 12:15:33] MOVE asha (gray0): 34→22 [0.1ms]
[2026-05-06 12:15:33] MOVE chetan (lawn green): 86→75 [0.1ms]
[2026-05-06 12:15:33] MOVE asha (gray0): 20→21 [0.1ms]
[2026-05-06 12:15:33] MOVE chetan (lawn green): 75→65 [0.1ms]
[2026-05-06 12:15:33] MOVE asha (gray0): 22→20 [0.1ms]
[2026-05-06 12:15:34] MOVE chetan (lawn green): 65→88 [0.1ms]
[2026-05-06 12:15:34] MOVE asha (gray0): 21→22 [0.5ms]
[2026-05-06 12:15:34] MOVE chetan (lawn green): 88→87 [0.1ms]
[2026-05-06 12:15:34] MOVE asha (gray0): 20→21 [0.1ms]
[2026-05-06 12:15:34] MOVE chetan (lawn green): 87→100 [0.1ms]
[2026-05-06 12:15:34] MOVE asha (gray0): 22→34 [0.1ms]
[2026-05-06 12:15:35] MOVE chetan (lawn green): 100→98 [0.1ms]
[2026-05-06 12:15:35] MOVE asha (gray0): 21→33 [0.3ms]
[2026-05-06 12:15:35] MOVE chetan (lawn green): 98→86 [0.1ms]
[2026-05-06 12:15:35] MOVE asha (gray0): 34→32 [0.1ms]
[2026-05-06 12:15:35] MOVE chetan (lawn green): 86→98 [0.1ms]
[2026-05-06 12:15:35] MOVE asha (gray0): 33→34 [0.1ms]
[2026-05-06 12:15:36] MOVE chetan (lawn green): 98→86 [0.2ms]
[2026-05-06 12:15:36] MOVE asha (gray0): 32→20 [0.1ms]
[2026-05-06 12:15:36] MOVE chetan (lawn green): 86→75 [0.1ms]
[2026-05-06 12:15:36] MOVE asha (gray0): 34→22 [0.1ms]
[2026-05-06 12:15:36] MOVE chetan (lawn green): 75→65 [0.1ms]
[2026-05-06 12:15:36] MOVE asha (gray0): 20→21 [0.1ms]
[2026-05-06 12:15:37] MOVE chetan (lawn green): 65→88 [0.3ms]
[2026-05-06 12:15:37] MOVE asha (gray0): 22→20 [0.1ms]
[2026-05-06 12:15:37] MOVE chetan (lawn green): 88→87 [0.1ms]
[2026-05-06 12:15:37] MOVE asha (gray0): 21→22 [0.1ms]
[2026-05-06 12:15:37] MOVE chetan (lawn green): 87→100 [0.1ms]
[2026-05-06 12:15:37] MOVE asha (gray0): 20→21 [0.1ms]
[2026-05-06 12:15:38] MOVE chetan (lawn green): 100→98 [0.1ms]
[2026-05-06 12:15:38] MOVE asha (gray0): 22→34 [0.1ms]
[2026-05-06 12:15:38] MOVE chetan (lawn green): 98→86 [0.1ms]
[2026-05-06 12:15:38] MOVE asha (gray0): 21→33 [0.1ms]
[2026-05-06 12:15:38] MOVE chetan (lawn green): 86→98 [0.1ms]
[2026-05-06 12:15:38] MOVE asha (gray0): 34→32 [0.1ms]
[2026-05-06 12:15:38] MOVE chetan (lawn green): 98→86 [0.1ms]
[2026-05-06 12:15:39] MOVE asha (gray0): 33→34 [0.1ms]
[2026-05-06 12:15:39] MOVE chetan (lawn green): 86→75 [0.5ms]
[2026-05-06 12:15:39] MOVE asha (gray0): 32→20 [0.1ms]
[2026-05-06 12:15:39] MOVE chetan (lawn green): 75→65 [0.1ms]
[2026-05-06 12:15:39] MOVE asha (gray0): 34→22 [0.1ms]
[2026-05-06 12:15:39] MOVE chetan (lawn green): 65→88 [0.1ms]
[2026-05-06 12:15:39] MOVE asha (gray0): 20→21 [0.1ms]
[2026-05-06 12:15:40] MOVE chetan (lawn green): 88→87 [0.1ms]
[2026-05-06 12:15:40] MOVE asha (gray0): 22→20 [0.1ms]
[2026-05-06 12:15:40] MOVE chetan (lawn green): 87→100 [0.2ms]
[2026-05-06 12:15:40] MOVE asha (gray0): 21→22 [0.1ms]
[2026-05-06 12:15:40] MOVE chetan (lawn green): 100→98 [0.1ms]
[2026-05-06 12:15:40] MOVE asha (gray0): 20→21 [0.1ms]
[2026-05-06 12:15:41] MOVE chetan (lawn green): 98→86 [0.1ms]
[2026-05-06 12:15:41] MOVE asha (gray0): 22→34 [0.1ms]
[2026-05-06 12:15:41] MOVE chetan (lawn green): 86→98 [0.1ms]
[2026-05-06 12:15:41] MOVE asha (gray0): 21→33 [0.1ms]
[2026-05-06 12:15:41] MOVE chetan (lawn green): 98→86 [0.1ms]
[2026-05-06 12:15:41] MOVE asha (gray0): 34→32 [0.1ms]
[2026-05-06 12:15:42] MOVE chetan (lawn green): 86→75 [0.4ms]
[2026-05-06 12:15:42] MOVE asha (gray0): 33→34 [0.1ms]
[2026-05-06 12:15:42] MOVE chetan (lawn green): 75→65 [0.1ms]
[2026-05-06 12:15:42] MOVE asha (gray0): 32→20 [0.1ms]
[2026-05-06 12:15:42] MOVE chetan (lawn green): 65→88 [0.2ms]
[2026-05-06 12:15:42] MOVE asha (gray0): 34→22 [0.2ms]
[2026-05-06 12:15:43] MOVE chetan (lawn green): 88→87 [0.4ms]
[2026-05-06 12:15:43] MOVE asha (gray0): 20→21 [0.1ms]
[2026-05-06 12:15:43] MOVE chetan (lawn green): 87→100 [0.1ms]
[2026-05-06 12:15:43] MOVE asha (gray0): 22→20 [0.1ms]
[2026-05-06 12:15:43] MOVE chetan (lawn green): 100→98 [0.1ms]
[2026-05-06 12:15:43] MOVE asha (gray0): 21→22 [0.1ms]
[2026-05-06 12:15:44] MOVE chetan (lawn green): 98→86 [0.1ms]
[2026-05-06 12:15:44] MOVE asha (gray0): 20→21 [0.1ms]
[2026-05-06 12:15:44] MOVE chetan (lawn green): 86→98 [0.2ms]
[2026-05-06 12:15:44] MOVE asha (gray0): 22→34 [0.1ms]
[2026-05-06 12:15:44] MOVE chetan (lawn green): 98→86 [0.1ms]
[2026-05-06 12:15:44] MOVE asha (gray0): 21→33 [0.2ms]
[2026-05-06 12:15:45] MOVE chetan (lawn green): 86→75 [0.1ms]
[2026-05-06 12:15:45] MOVE asha (gray0): 34→32 [0.1ms]
[2026-05-06 12:15:45] MOVE chetan (lawn green): 75→65 [0.1ms]
[2026-05-06 12:15:45] MOVE asha (gray0): 33→34 [0.1ms]
[2026-05-06 12:15:45] MOVE chetan (lawn green): 65→88 [0.1ms]
[2026-05-06 12:15:45] MOVE asha (gray0): 32→20 [0.1ms]
[2026-05-06 12:15:46] MOVE chetan (lawn green): 88→87 [0.3ms]
[2026-05-06 12:15:46] MOVE asha (gray0): 34→22 [0.3ms]
[2026-05-06 12:15:46] MOVE chetan (lawn green): 87→100 [0.1ms]
[2026-05-06 12:15:46] MOVE asha (gray0): 20→21 [0.1ms]
[2026-05-06 12:15:46] MOVE chetan (lawn green): 100→98 [0.2ms]
[2026-05-06 12:15:46] MOVE asha (gray0): 22→20 [0.3ms]
[2026-05-06 12:15:46] MOVE chetan (lawn green): 98→86 [0.1ms]
[2026-05-06 12:15:47] MOVE asha (gray0): 21→22 [0.1ms]
[2026-05-06 12:15:47] MOVE chetan (lawn green): 86→98 [0.1ms]
[2026-05-06 12:15:47] MOVE asha (gray0): 20→21 [0.1ms]
[2026-05-06 12:15:47] MOVE chetan (lawn green): 98→86 [0.2ms]
[2026-05-06 12:15:47] MOVE asha (gray0): 22→34 [0.1ms]
[2026-05-06 12:15:47] MOVE chetan (lawn green): 86→75 [0.1ms]
[2026-05-06 12:15:48] MOVE asha (gray0): 21→33 [0.1ms]
[2026-05-06 12:15:48] MOVE chetan (lawn green): 75→65 [0.1ms]
[2026-05-06 12:15:48] MOVE asha (gray0): 34→32 [0.1ms]
[2026-05-06 12:15:48] MOVE chetan (lawn green): 65→88 [0.1ms]
[2026-05-06 12:15:48] MOVE asha (gray0): 33→34 [0.3ms]
[2026-05-06 12:15:48] MOVE chetan (lawn green): 88→87 [0.1ms]
[2026-05-06 12:15:49] MOVE asha (gray0): 32→20 [0.1ms]
[2026-05-06 12:15:49] MOVE chetan (lawn green): 87→100 [0.1ms]
[2026-05-06 12:15:49] MOVE asha (gray0): 34→22 [0.1ms]
[2026-05-06 12:15:49] MOVE chetan (lawn green): 100→98 [0.1ms]
[2026-05-06 12:15:49] MOVE asha (gray0): 20→21 [0.1ms]
[2026-05-06 12:15:49] MOVE chetan (lawn green): 98→86 [0.1ms]
[2026-05-06 12:15:49] MOVE asha (gray0): 22→20 [0.1ms]
[2026-05-06 12:15:50] MOVE chetan (lawn green): 86→98 [0.1ms]
[2026-05-06 12:15:50] MOVE asha (gray0): 21→22 [0.1ms]
[2026-05-06 12:15:50] MOVE chetan (lawn green): 98→86 [0.1ms]
[2026-05-06 12:15:50] MOVE asha (gray0): 20→21 [0.1ms]
[2026-05-06 12:15:50] MOVE chetan (lawn green): 86→75 [0.1ms]
[2026-05-06 12:15:50] MOVE asha (gray0): 22→34 [0.1ms]
[2026-05-06 12:15:51] MOVE chetan (lawn green): 75→65 [0.1ms]
[2026-05-06 12:15:51] MOVE asha (gray0): 21→33 [0.1ms]
[2026-05-06 12:15:51] MOVE chetan (lawn green): 65→88 [0.1ms]
[2026-05-06 12:15:51] MOVE asha (gray0): 34→32 [0.1ms]
[2026-05-06 12:15:51] MOVE chetan (lawn green): 88→87 [0.1ms]
[2026-05-06 12:15:51] MOVE asha (gray0): 33→34 [0.1ms]
[2026-05-06 12:15:52] MOVE chetan (lawn green): 87→100 [0.2ms]
[2026-05-06 12:15:52] MOVE asha (gray0): 32→20 [0.1ms]
[2026-05-06 12:15:52] MOVE chetan (lawn green): 100→98 [0.1ms]
[2026-05-06 12:15:52] MOVE asha (gray0): 34→22 [0.1ms]
[2026-05-06 12:15:52] MOVE chetan (lawn green): 98→86 [0.1ms]
[2026-05-06 12:15:52] MOVE asha (gray0): 20→21 [0.1ms]
[2026-05-06 12:15:52] MOVE chetan (lawn green): 86→98 [0.1ms]
[2026-05-06 12:15:53] MOVE asha (gray0): 22→20 [0.1ms]
[2026-05-06 12:15:53] MOVE chetan (lawn green): 98→86 [0.1ms]
[2026-05-06 12:15:53] MOVE asha (gray0): 21→22 [0.1ms]
[2026-05-06 12:15:53] MOVE chetan (lawn green): 86→75 [0.1ms]
[2026-05-06 12:15:53] MOVE asha (gray0): 20→21 [0.1ms]
[2026-05-06 12:15:53] MOVE chetan (lawn green): 75→65 [0.1ms]
[2026-05-06 12:15:54] MOVE asha (gray0): 22→34 [0.1ms]
[2026-05-06 12:15:54] MOVE chetan (lawn green): 65→88 [0.1ms]
[2026-05-06 12:15:54] MOVE asha (gray0): 21→33 [0.1ms]
[2026-05-06 12:15:54] MOVE chetan (lawn green): 88→87 [0.1ms]
[2026-05-06 12:15:54] MOVE asha (gray0): 34→32 [0.1ms]
[2026-05-06 12:15:55] MOVE chetan (lawn green): 87→100 [0.2ms]
[2026-05-06 12:15:55] MOVE asha (gray0): 33→34 [0.1ms]
[2026-05-06 12:15:55] MOVE chetan (lawn green): 100→98 [0.1ms]
[2026-05-06 12:15:55] MOVE asha (gray0): 32→20 [0.1ms]
[2026-05-06 12:15:55] MOVE chetan (lawn green): 98→86 [0.1ms]
[2026-05-06 12:15:55] MOVE asha (gray0): 34→22 [0.1ms]
[2026-05-06 12:15:56] MOVE chetan (lawn green): 86→98 [0.1ms]
[2026-05-06 12:15:56] MOVE asha (gray0): 20→21 [0.1ms]
[2026-05-06 12:15:56] MOVE chetan (lawn green): 98→86 [0.2ms]
[2026-05-06 12:15:56] MOVE asha (gray0): 22→20 [0.1ms]
[2026-05-06 12:15:56] MOVE chetan (lawn green): 86→75 [0.1ms]
[2026-05-06 12:15:56] MOVE asha (gray0): 21→22 [0.1ms]
[2026-05-06 12:15:57] MOVE chetan (lawn green): 75→65 [0.1ms]
[2026-05-06 12:15:57] MOVE asha (gray0): 20→21 [0.2ms]
[2026-05-06 12:15:57] MOVE chetan (lawn green): 65→88 [0.1ms]
[2026-05-06 12:15:57] MOVE asha (gray0): 22→34 [0.2ms]
[2026-05-06 12:15:57] MOVE chetan (lawn green): 88→87 [0.1ms]
[2026-05-06 12:15:57] MOVE asha (gray0): 21→33 [0.1ms]
[2026-05-06 12:15:57] MOVE chetan (lawn green): 87→100 [0.1ms]
[2026-05-06 12:15:58] MOVE asha (gray0): 34→32 [0.4ms]
[2026-05-06 12:15:58] MOVE chetan (lawn green): 100→98 [0.1ms]
[2026-05-06 12:15:58] MOVE asha (gray0): 33→34 [0.1ms]
[2026-05-06 12:15:58] MOVE chetan (lawn green): 98→86 [0.2ms]
[2026-05-06 12:15:58] MOVE asha (gray0): 32→20 [0.2ms]
[2026-05-06 12:15:58] MOVE chetan (lawn green): 86→98 [0.2ms]
[2026-05-06 12:15:59] MOVE asha (gray0): 34→22 [0.1ms]
[2026-05-06 12:15:59] MOVE chetan (lawn green): 98→86 [0.3ms]
[2026-05-06 12:15:59] MOVE asha (gray0): 20→21 [0.1ms]
[2026-05-06 12:15:59] MOVE chetan (lawn green): 86→75 [0.1ms]
[2026-05-06 12:15:59] MOVE asha (gray0): 22→20 [0.1ms]
[2026-05-06 12:15:59] MOVE chetan (lawn green): 75→65 [0.1ms]
[2026-05-06 12:15:59] MOVE asha (gray0): 21→22 [0.1ms]
[2026-05-06 12:16:00] MOVE chetan (lawn green): 65→88 [0.1ms]
[2026-05-06 12:16:00] MOVE asha (gray0): 20→21 [0.1ms]
[2026-05-06 12:16:00] MOVE chetan (lawn green): 88→87 [0.1ms]
[2026-05-06 12:16:00] MOVE asha (gray0): 22→34 [0.1ms]
[2026-05-06 12:16:00] MOVE chetan (lawn green): 87→100 [0.1ms]
[2026-05-06 12:16:00] MOVE asha (gray0): 21→33 [0.1ms]
[2026-05-06 12:16:01] MOVE chetan (lawn green): 100→98 [0.1ms]
[2026-05-06 12:16:01] MOVE asha (gray0): 34→32 [0.1ms]
[2026-05-06 12:16:01] MOVE chetan (lawn green): 98→86 [0.1ms]
[2026-05-06 12:16:01] MOVE asha (gray0): 33→34 [0.1ms]
[2026-05-06 12:16:01] MOVE chetan (lawn green): 86→98 [0.2ms]
[2026-05-06 12:16:01] MOVE asha (gray0): 32→20 [0.1ms]
[2026-05-06 12:16:02] MOVE chetan (lawn green): 98→86 [0.3ms]
[2026-05-06 12:16:02] MOVE asha (gray0): 34→22 [0.1ms]
[2026-05-06 12:16:02] MOVE chetan (lawn green): 86→75 [0.1ms]
[2026-05-06 12:16:02] MOVE asha (gray0): 20→21 [0.1ms]
[2026-05-06 12:16:02] MOVE chetan (lawn green): 75→65 [0.1ms]
[2026-05-06 12:16:02] MOVE asha (gray0): 22→20 [0.4ms]
[2026-05-06 12:16:03] MOVE chetan (lawn green): 65→88 [0.1ms]
[2026-05-06 12:16:03] MOVE asha (gray0): 21→22 [0.1ms]
[2026-05-06 12:16:03] MOVE chetan (lawn green): 88→87 [0.2ms]
[2026-05-06 12:16:03] MOVE asha (gray0): 20→21 [0.1ms]
[2026-05-06 12:16:03] MOVE chetan (lawn green): 87→100 [0.2ms]
[2026-05-06 12:16:03] MOVE asha (gray0): 22→34 [0.1ms]
[2026-05-06 12:16:03] MOVE chetan (lawn green): 100→98 [0.1ms]
[2026-05-06 12:16:04] MOVE asha (gray0): 21→33 [0.2ms]
[2026-05-06 12:16:04] MOVE chetan (lawn green): 98→86 [0.1ms]
[2026-05-06 12:16:04] MOVE asha (gray0): 34→32 [0.1ms]
[2026-05-06 12:16:04] MOVE chetan (lawn green): 86→98 [0.1ms]
[2026-05-06 12:16:04] MOVE asha (gray0): 33→34 [0.1ms]
[2026-05-06 12:16:04] MOVE chetan (lawn green): 98→86 [0.1ms]
[2026-05-06 12:16:05] MOVE asha (gray0): 32→20 [0.4ms]
[2026-05-06 12:16:05] MOVE chetan (lawn green): 86→75 [0.1ms]
[2026-05-06 12:16:05] MOVE asha (gray0): 34→22 [0.1ms]
[2026-05-06 12:16:05] MOVE chetan (lawn green): 75→65 [0.1ms]
[2026-05-06 12:16:05] MOVE asha (gray0): 20→21 [0.1ms]
[2026-05-06 12:16:05] MOVE chetan (lawn green): 65→88 [0.1ms]
[2026-05-06 12:16:06] MOVE asha (gray0): 22→20 [0.1ms]
[2026-05-06 12:16:06] MOVE chetan (lawn green): 88→87 [0.1ms]
[2026-05-06 12:16:06] MOVE asha (gray0): 21→22 [0.1ms]
[2026-05-06 12:16:06] MOVE chetan (lawn green): 87→100 [0.1ms]
[2026-05-06 12:16:06] MOVE asha (gray0): 20→21 [0.3ms]
[2026-05-06 12:16:06] MOVE chetan (lawn green): 100→98 [0.1ms]
[2026-05-06 12:16:07] MOVE asha (gray0): 22→34 [0.2ms]
[2026-05-06 12:16:07] MOVE chetan (lawn green): 98→86 [0.1ms]
[2026-05-06 12:16:07] MOVE asha (gray0): 21→33 [0.1ms]
[2026-05-06 12:16:07] MOVE chetan (lawn green): 86→98 [0.1ms]
[2026-05-06 12:16:07] MOVE asha (gray0): 34→32 [0.1ms]
[2026-05-06 12:16:07] MOVE chetan (lawn green): 98→86 [0.1ms]
[2026-05-06 12:16:08] MOVE asha (gray0): 33→34 [0.1ms]
[2026-05-06 12:16:08] MOVE chetan (lawn green): 86→75 [0.6ms]
[2026-05-06 12:16:08] MOVE asha (gray0): 32→20 [0.1ms]
[2026-05-06 12:16:08] MOVE chetan (lawn green): 75→65 [0.1ms]
[2026-05-06 12:16:08] MOVE asha (gray0): 34→22 [0.8ms]
[2026-05-06 12:16:08] MOVE chetan (lawn green): 65→88 [0.7ms]
[2026-05-06 12:16:09] MOVE asha (gray0): 20→21 [0.1ms]
[2026-05-06 12:16:09] MOVE chetan (lawn green): 88→87 [0.1ms]
[2026-05-06 12:16:09] MOVE asha (gray0): 22→20 [0.1ms]
[2026-05-06 12:16:09] MOVE chetan (lawn green): 87→100 [0.1ms]
[2026-05-06 12:16:09] MOVE asha (gray0): 21→22 [0.1ms]
[2026-05-06 12:16:09] MOVE chetan (lawn green): 100→98 [0.1ms]
[2026-05-06 12:16:09] MOVE asha (gray0): 20→21 [0.1ms]
[2026-05-06 12:16:10] MOVE chetan (lawn green): 98→86 [0.1ms]
[2026-05-06 12:16:10] MOVE asha (gray0): 22→34 [0.1ms]
[2026-05-06 12:16:10] MOVE chetan (lawn green): 86→98 [0.1ms]
[2026-05-06 12:16:10] MOVE asha (gray0): 21→33 [0.1ms]
[2026-05-06 12:16:10] MOVE chetan (lawn green): 98→86 [0.1ms]
[2026-05-06 12:16:10] MOVE asha (gray0): 34→32 [0.1ms]
[2026-05-06 12:16:11] MOVE chetan (lawn green): 86→75 [0.2ms]
[2026-05-06 12:16:11] MOVE asha (gray0): 33→34 [0.1ms]
[2026-05-06 12:16:11] MOVE chetan (lawn green): 75→65 [0.3ms]
[2026-05-06 12:16:11] MOVE asha (gray0): 32→20 [0.1ms]
[2026-05-06 12:16:11] MOVE chetan (lawn green): 65→88 [0.5ms]
[2026-05-06 12:16:12] MOVE asha (gray0): 34→22 [0.5ms]
[2026-05-06 12:16:12] MOVE chetan (lawn green): 88→87 [0.1ms]
[2026-05-06 12:16:12] MOVE asha (gray0): 20→21 [0.1ms]
[2026-05-06 12:16:12] MOVE chetan (lawn green): 87→100 [0.1ms]
[2026-05-06 12:16:12] MOVE asha (gray0): 22→20 [0.1ms]
[2026-05-06 12:16:12] MOVE chetan (lawn green): 100→98 [0.1ms]
[2026-05-06 12:16:13] MOVE asha (gray0): 21→22 [0.1ms]
[2026-05-06 12:16:13] MOVE chetan (lawn green): 98→86 [0.1ms]
[2026-05-06 12:16:13] MOVE asha (gray0): 20→21 [0.1ms]
[2026-05-06 12:16:13] MOVE chetan (lawn green): 86→98 [0.1ms]
[2026-05-06 12:16:13] MOVE asha (gray0): 22→34 [0.1ms]
[2026-05-06 12:16:13] MOVE chetan (lawn green): 98→86 [0.1ms]
[2026-05-06 12:16:14] MOVE asha (gray0): 21→33 [0.1ms]
[2026-05-06 12:16:14] MOVE chetan (lawn green): 86→75 [0.1ms]
[2026-05-06 12:16:14] MOVE asha (gray0): 34→32 [0.1ms]
[2026-05-06 12:16:14] MOVE chetan (lawn green): 75→65 [0.1ms]
[2026-05-06 12:16:14] MOVE asha (gray0): 33→34 [0.6ms]
[2026-05-06 12:16:14] MOVE chetan (lawn green): 65→88 [0.1ms]
[2026-05-06 12:16:15] MOVE asha (gray0): 32→20 [0.1ms]
[2026-05-06 12:16:15] MOVE chetan (lawn green): 88→87 [0.1ms]
[2026-05-06 12:16:15] MOVE asha (gray0): 34→22 [0.1ms]
[2026-05-06 12:16:15] MOVE chetan (lawn green): 87→100 [0.1ms]
[2026-05-06 12:16:15] MOVE asha (gray0): 20→21 [0.1ms]
[2026-05-06 12:16:15] MOVE chetan (lawn green): 100→98 [0.1ms]
[2026-05-06 12:16:16] MOVE asha (gray0): 22→20 [0.2ms]
[2026-05-06 12:16:16] MOVE chetan (lawn green): 98→86 [0.1ms]
[2026-05-06 12:16:16] MOVE asha (gray0): 21→22 [0.1ms]
[2026-05-06 12:16:16] MOVE chetan (lawn green): 86→98 [41.9ms]
[2026-05-06 12:16:16] MOVE asha (gray0): 20→21 [0.1ms]
[2026-05-06 12:16:16] MOVE chetan (lawn green): 98→86 [0.1ms]
[2026-05-06 12:16:16] MOVE asha (gray0): 22→34 [0.1ms]
[2026-05-06 12:16:17] MOVE chetan (lawn green): 86→75 [0.1ms]
[2026-05-06 12:16:17] MOVE asha (gray0): 21→33 [0.1ms]
[2026-05-06 12:16:17] MOVE chetan (lawn green): 75→65 [0.1ms]
[2026-05-06 12:16:17] MOVE asha (gray0): 34→32 [0.1ms]
[2026-05-06 12:16:17] MOVE chetan (lawn green): 65→88 [0.3ms]
[2026-05-06 12:16:18] MOVE asha (gray0): 33→34 [0.1ms]
[2026-05-06 12:16:18] MOVE chetan (lawn green): 88→87 [0.1ms]
[2026-05-06 12:16:18] MOVE asha (gray0): 32→20 [0.2ms]
[2026-05-06 12:16:18] MOVE chetan (lawn green): 87→100 [0.4ms]
[2026-05-06 12:16:18] MOVE asha (gray0): 34→22 [0.1ms]
[2026-05-06 12:16:19] MOVE chetan (lawn green): 100→98 [0.1ms]
[2026-05-06 12:16:19] MOVE asha (gray0): 20→21 [0.1ms]
[2026-05-06 12:16:19] MOVE chetan (lawn green): 98→86 [0.2ms]
[2026-05-06 12:16:19] MOVE asha (gray0): 22→20 [0.1ms]
[2026-05-06 12:16:19] MOVE chetan (lawn green): 86→98 [0.2ms]
[2026-05-06 12:16:20] MOVE asha (gray0): 21→22 [0.1ms]
[2026-05-06 12:16:20] MOVE chetan (lawn green): 98→86 [0.1ms]
[2026-05-06 12:16:20] MOVE asha (gray0): 20→21 [0.1ms]
[2026-05-06 12:16:20] MOVE chetan (lawn green): 86→75 [0.1ms]
[2026-05-06 12:16:20] MOVE asha (gray0): 22→34 [0.1ms]
[2026-05-06 12:16:21] MOVE chetan (lawn green): 75→65 [0.1ms]
[2026-05-06 12:16:21] MOVE asha (gray0): 21→33 [0.2ms]
[2026-05-06 12:16:21] MOVE chetan (lawn green): 65→88 [0.1ms]
[2026-05-06 12:16:21] MOVE asha (gray0): 34→32 [0.1ms]
[2026-05-06 12:16:21] MOVE chetan (lawn green): 88→87 [0.1ms]
[2026-05-06 12:16:21] MOVE asha (gray0): 33→34 [0.1ms]
[2026-05-06 12:16:21] MOVE chetan (lawn green): 87→100 [0.1ms]
[2026-05-06 12:16:22] MOVE asha (gray0): 32→20 [0.3ms]
[2026-05-06 12:16:22] MOVE chetan (lawn green): 100→98 [0.1ms]
[2026-05-06 12:16:22] MOVE asha (gray0): 34→22 [0.1ms]
[2026-05-06 12:16:22] MOVE chetan (lawn green): 98→86 [0.1ms]
[2026-05-06 12:16:22] MOVE asha (gray0): 20→21 [0.1ms]
[2026-05-06 12:16:22] MOVE chetan (lawn green): 86→98 [0.1ms]
[2026-05-06 12:16:22] MOVE asha (gray0): 22→20 [0.1ms]
[2026-05-06 12:16:23] MOVE chetan (lawn green): 98→86 [0.1ms]
[2026-05-06 12:16:23] MOVE asha (gray0): 21→22 [0.1ms]
[2026-05-06 12:16:23] MOVE chetan (lawn green): 86→75 [0.1ms]
[2026-05-06 12:16:23] MOVE asha (gray0): 20→21 [0.1ms]
[2026-05-06 12:16:23] MOVE chetan (lawn green): 75→65 [0.1ms]
[2026-05-06 12:16:23] MOVE asha (gray0): 22→34 [0.2ms]
[2026-05-06 12:16:24] MOVE chetan (lawn green): 65→88 [0.1ms]
[2026-05-06 12:16:24] MOVE asha (gray0): 21→33 [0.1ms]
[2026-05-06 12:16:24] MOVE chetan (lawn green): 88→87 [0.1ms]
[2026-05-06 12:16:24] MOVE asha (gray0): 34→32 [0.1ms]
[2026-05-06 12:16:24] MOVE chetan (lawn green): 87→100 [0.1ms]
[2026-05-06 12:16:24] MOVE asha (gray0): 33→34 [0.1ms]
[2026-05-06 12:16:25] MOVE chetan (lawn green): 100→98 [0.1ms]
[2026-05-06 12:16:25] MOVE asha (gray0): 32→20 [0.3ms]
[2026-05-06 12:16:25] MOVE chetan (lawn green): 98→86 [0.1ms]
[2026-05-06 12:16:25] MOVE asha (gray0): 34→22 [0.1ms]
[2026-05-06 12:16:25] MOVE chetan (lawn green): 86→98 [0.6ms]
[2026-05-06 12:16:25] MOVE asha (gray0): 20→21 [0.1ms]
[2026-05-06 12:16:26] MOVE chetan (lawn green): 98→86 [0.1ms]
[2026-05-06 12:16:26] MOVE asha (gray0): 22→20 [0.1ms]
[2026-05-06 12:16:26] MOVE chetan (lawn green): 86→75 [0.1ms]
[2026-05-06 12:16:26] MOVE asha (gray0): 21→22 [0.1ms]
[2026-05-06 12:16:26] MOVE chetan (lawn green): 75→65 [0.1ms]
[2026-05-06 12:16:26] MOVE asha (gray0): 20→21 [0.1ms]
[2026-05-06 12:16:27] MOVE chetan (lawn green): 65→88 [0.4ms]
[2026-05-06 12:16:27] MOVE asha (gray0): 22→34 [0.1ms]
[2026-05-06 12:16:27] MOVE chetan (lawn green): 88→87 [0.1ms]
[2026-05-06 12:16:27] MOVE asha (gray0): 21→33 [0.1ms]
[2026-05-06 12:16:27] MOVE chetan (lawn green): 87→100 [0.1ms]
[2026-05-06 12:16:27] MOVE asha (gray0): 34→32 [0.1ms]
[2026-05-06 12:16:27] MOVE chetan (lawn green): 100→98 [0.1ms]
[2026-05-06 12:16:28] MOVE asha (gray0): 33→34 [0.6ms]
[2026-05-06 12:16:28] MOVE chetan (lawn green): 98→86 [0.1ms]
[2026-05-06 12:16:28] MOVE asha (gray0): 32→20 [0.1ms]
[2026-05-06 12:16:28] MOVE chetan (lawn green): 86→98 [0.1ms]
[2026-05-06 12:16:28] MOVE asha (gray0): 34→22 [0.1ms]
[2026-05-06 12:16:28] MOVE chetan (lawn green): 98→86 [0.1ms]
[2026-05-06 12:16:29] MOVE asha (gray0): 20→21 [0.1ms]
[2026-05-06 12:16:29] MOVE chetan (lawn green): 86→75 [0.1ms]
[2026-05-06 12:16:29] MOVE asha (gray0): 22→20 [0.1ms]
[2026-05-06 12:16:29] MOVE chetan (lawn green): 75→65 [0.1ms]
[2026-05-06 12:16:29] MOVE asha (gray0): 21→22 [0.1ms]
[2026-05-06 12:16:29] MOVE chetan (lawn green): 65→88 [0.1ms]
[2026-05-06 12:16:30] MOVE asha (gray0): 20→21 [0.1ms]
[2026-05-06 12:16:30] MOVE chetan (lawn green): 88→87 [0.1ms]
[2026-05-06 12:16:30] MOVE asha (gray0): 22→34 [0.2ms]
[2026-05-06 12:16:30] MOVE chetan (lawn green): 87→100 [0.1ms]
[2026-05-06 12:16:30] MOVE asha (gray0): 21→33 [0.1ms]
[2026-05-06 12:16:30] MOVE chetan (lawn green): 100→98 [0.2ms]
[2026-05-06 12:16:30] MOVE asha (gray0): 34→32 [0.1ms]
[2026-05-06 12:16:31] MOVE chetan (lawn green): 98→86 [0.1ms]
[2026-05-06 12:16:31] MOVE asha (gray0): 33→34 [0.1ms]
[2026-05-06 12:16:31] MOVE chetan (lawn green): 86→98 [0.1ms]
[2026-05-06 12:16:31] MOVE asha (gray0): 32→20 [0.1ms]
[2026-05-06 12:16:31] MOVE chetan (lawn green): 98→86 [0.2ms]
[2026-05-06 12:16:31] MOVE asha (gray0): 34→22 [0.1ms]
[2026-05-06 12:16:32] MOVE chetan (lawn green): 86→75 [0.1ms]
[2026-05-06 12:16:32] MOVE asha (gray0): 20→21 [0.1ms]
[2026-05-06 12:16:32] MOVE chetan (lawn green): 75→65 [0.4ms]
[2026-05-06 12:16:32] MOVE asha (gray0): 22→20 [0.1ms]
[2026-05-06 12:16:32] MOVE chetan (lawn green): 65→88 [0.1ms]
[2026-05-06 12:16:32] MOVE asha (gray0): 21→22 [0.1ms]
[2026-05-06 12:16:33] MOVE chetan (lawn green): 88→87 [0.1ms]
[2026-05-06 12:16:33] MOVE asha (gray0): 20→21 [0.1ms]
[2026-05-06 12:16:33] MOVE chetan (lawn green): 87→100 [0.1ms]
[2026-05-06 12:16:33] MOVE asha (gray0): 22→34 [0.1ms]
[2026-05-06 12:16:33] MOVE chetan (lawn green): 100→98 [0.1ms]
[2026-05-06 12:16:33] MOVE asha (gray0): 21→33 [0.2ms]
[2026-05-06 12:16:33] MOVE chetan (lawn green): 98→86 [0.1ms]
[2026-05-06 12:16:34] MOVE asha (gray0): 34→32 [0.4ms]
[2026-05-06 12:16:34] MOVE chetan (lawn green): 86→98 [0.1ms]
[2026-05-06 12:16:34] MOVE asha (gray0): 33→34 [0.1ms]
[2026-05-06 12:16:34] MOVE chetan (lawn green): 98→86 [0.1ms]
[2026-05-06 12:16:34] MOVE asha (gray0): 32→20 [0.2ms]
[2026-05-06 12:16:34] MOVE chetan (lawn green): 86→75 [0.1ms]
[2026-05-06 12:16:35] MOVE asha (gray0): 34→22 [0.1ms]
[2026-05-06 12:16:35] MOVE chetan (lawn green): 75→65 [0.1ms]
[2026-05-06 12:16:35] MOVE asha (gray0): 20→21 [0.1ms]
[2026-05-06 12:16:35] MOVE chetan (lawn green): 65→88 [0.1ms]
[2026-05-06 12:16:35] MOVE asha (gray0): 22→20 [0.2ms]
[2026-05-06 12:16:35] MOVE chetan (lawn green): 88→87 [0.1ms]
[2026-05-06 12:16:36] MOVE asha (gray0): 21→22 [0.1ms]
[2026-05-06 12:16:36] MOVE chetan (lawn green): 87→100 [0.1ms]
[2026-05-06 12:16:36] MOVE asha (gray0): 20→21 [0.1ms]
[2026-05-06 12:16:36] MOVE chetan (lawn green): 100→98 [0.1ms]
[2026-05-06 12:16:36] MOVE asha (gray0): 22→34 [1.6ms]
[2026-05-06 12:16:36] MOVE chetan (lawn green): 98→86 [0.1ms]
[2026-05-06 12:16:37] MOVE asha (gray0): 21→33 [0.3ms]
[2026-05-06 12:16:37] MOVE chetan (lawn green): 86→98 [0.1ms]
[2026-05-06 12:16:37] MOVE asha (gray0): 34→32 [0.2ms]
[2026-05-06 12:16:37] MOVE chetan (lawn green): 98→86 [0.1ms]
[2026-05-06 12:16:37] MOVE asha (gray0): 33→34 [0.1ms]
[2026-05-06 12:16:37] MOVE chetan (lawn green): 86→75 [0.1ms]
[2026-05-06 12:16:37] MOVE asha (gray0): 32→20 [0.1ms]
[2026-05-06 12:16:38] MOVE chetan (lawn green): 75→65 [0.1ms]
[2026-05-06 12:16:38] MOVE asha (gray0): 34→22 [0.1ms]
[2026-05-06 12:16:38] MOVE chetan (lawn green): 65→88 [0.2ms]
[2026-05-06 12:16:38] MOVE asha (gray0): 20→21 [0.1ms]
[2026-05-06 12:16:38] MOVE chetan (lawn green): 88→87 [0.1ms]
[2026-05-06 12:16:38] MOVE asha (gray0): 22→20 [0.1ms]
[2026-05-06 12:16:38] MOVE chetan (lawn green): 87→100 [0.1ms]
[2026-05-06 12:16:39] MOVE asha (gray0): 21→22 [0.1ms]
[2026-05-06 12:16:39] MOVE chetan (lawn green): 100→98 [0.1ms]
[2026-05-06 12:16:39] MOVE asha (gray0): 20→21 [0.1ms]
[2026-05-06 12:16:39] MOVE chetan (lawn green): 98→86 [0.1ms]
[2026-05-06 12:16:39] MOVE asha (gray0): 22→34 [0.1ms]
[2026-05-06 12:16:39] MOVE chetan (lawn green): 86→98 [0.1ms]
[2026-05-06 12:16:40] MOVE asha (gray0): 21→33 [0.1ms]
[2026-05-06 12:16:40] MOVE chetan (lawn green): 98→86 [0.1ms]
[2026-05-06 12:16:40] MOVE asha (gray0): 34→32 [0.1ms]
[2026-05-06 12:16:40] MOVE chetan (lawn green): 86→75 [0.1ms]
[2026-05-06 12:16:40] MOVE asha (gray0): 33→34 [0.1ms]
[2026-05-06 12:16:40] MOVE chetan (lawn green): 75→65 [0.1ms]
[2026-05-06 12:16:41] MOVE asha (gray0): 32→20 [0.1ms]
[2026-05-06 12:16:41] MOVE chetan (lawn green): 65→88 [0.1ms]
[2026-05-06 12:16:41] MOVE asha (gray0): 34→22 [0.1ms]
[2026-05-06 12:16:41] MOVE chetan (lawn green): 88→87 [0.1ms]
[2026-05-06 12:16:41] MOVE asha (gray0): 20→21 [0.1ms]
[2026-05-06 12:16:41] MOVE chetan (lawn green): 87→100 [0.1ms]
[2026-05-06 12:16:42] MOVE asha (gray0): 22→20 [0.1ms]
[2026-05-06 12:16:42] MOVE chetan (lawn green): 100→98 [0.1ms]
[2026-05-06 12:16:42] MOVE asha (gray0): 21→22 [0.1ms]
[2026-05-06 12:16:42] MOVE chetan (lawn green): 98→86 [0.1ms]
[2026-05-06 12:16:42] MOVE asha (gray0): 20→21 [0.1ms]
[2026-05-06 12:16:42] MOVE chetan (lawn green): 86→98 [0.1ms]
[2026-05-06 12:16:43] MOVE asha (gray0): 22→34 [0.1ms]
[2026-05-06 12:16:43] MOVE chetan (lawn green): 98→86 [0.1ms]
[2026-05-06 12:16:43] MOVE asha (gray0): 21→33 [0.1ms]
[2026-05-06 12:16:43] MOVE chetan (lawn green): 86→75 [0.1ms]
[2026-05-06 12:16:43] MOVE asha (gray0): 34→32 [0.2ms]
[2026-05-06 12:16:43] MOVE chetan (lawn green): 75→65 [0.1ms]
[2026-05-06 12:16:44] MOVE asha (gray0): 33→34 [0.1ms]
[2026-05-06 12:16:44] MOVE chetan (lawn green): 65→88 [0.1ms]
[2026-05-06 12:16:44] MOVE asha (gray0): 32→20 [0.1ms]
[2026-05-06 12:16:44] MOVE chetan (lawn green): 88→87 [0.1ms]
[2026-05-06 12:16:44] MOVE asha (gray0): 34→22 [0.1ms]
[2026-05-06 12:16:44] MOVE chetan (lawn green): 87→100 [0.6ms]
[2026-05-06 12:16:44] MOVE asha (gray0): 20→21 [0.2ms]
[2026-05-06 12:16:45] MOVE chetan (lawn green): 100→98 [0.1ms]
[2026-05-06 12:16:45] MOVE asha (gray0): 22→20 [0.1ms]
[2026-05-06 12:16:45] MOVE chetan (lawn green): 98→86 [0.1ms]
[2026-05-06 12:16:45] MOVE asha (gray0): 21→22 [0.1ms]
[2026-05-06 12:16:45] MOVE chetan (lawn green): 86→98 [0.1ms]
[2026-05-06 12:16:45] MOVE asha (gray0): 20→21 [0.1ms]
[2026-05-06 12:16:46] MOVE chetan (lawn green): 98→86 [0.3ms]
[2026-05-06 12:16:46] MOVE asha (gray0): 22→34 [0.1ms]
[2026-05-06 12:16:46] MOVE chetan (lawn green): 86→75 [0.1ms]
[2026-05-06 12:16:46] MOVE asha (gray0): 21→33 [0.1ms]
[2026-05-06 12:16:46] MOVE chetan (lawn green): 75→65 [0.1ms]
[2026-05-06 12:16:46] MOVE asha (gray0): 34→32 [0.1ms]
[2026-05-06 12:16:46] MOVE chetan (lawn green): 65→88 [0.1ms]
[2026-05-06 12:16:47] MOVE asha (gray0): 33→34 [0.1ms]
[2026-05-06 12:16:47] MOVE chetan (lawn green): 88→87 [0.1ms]
[2026-05-06 12:16:47] MOVE asha (gray0): 32→20 [0.2ms]
[2026-05-06 12:16:47] MOVE chetan (lawn green): 87→100 [0.1ms]
[2026-05-06 12:16:47] MOVE asha (gray0): 34→22 [0.1ms]
[2026-05-06 12:16:47] MOVE chetan (lawn green): 100→98 [0.4ms]
[2026-05-06 12:16:48] MOVE asha (gray0): 20→21 [0.1ms]
[2026-05-06 12:16:48] MOVE chetan (lawn green): 98→86 [0.1ms]
[2026-05-06 12:16:48] MOVE asha (gray0): 22→20 [0.1ms]
