[2026-05-06 10:46:42] GAME CREATED
[2026-05-06 10:46:55] PLAYER JOINED: chetan as lawn green
[2026-05-06 10:47:01] PLAYER JOINED: chetan as gray0
[2026-05-06 10:47:04] GAME STARTED — turn order: ['lawn green', 'gray0']
[2026-05-06 10:47:04] MOVE chetan (lawn green): 19→18 [0.1ms]
[2026-05-06 10:47:04] MOVE chetan (gray0): 75→56 [0.1ms]
[2026-05-06 10:47:04] MOVE chetan (lawn green): 21→17 [0.2ms]
[2026-05-06 10:47:05] MOVE chetan (gray0): 98→77 [0.3ms]
[2026-05-06 10:47:05] MOVE chetan (lawn green): 33→29 [0.1ms]
[2026-05-06 10:47:05] MOVE chetan (gray0): 65→47 [0.1ms]
[2026-05-06 10:47:05] MOVE chetan (lawn green): 17→40 [0.1ms]
[2026-05-06 10:47:05] MOVE chetan (gray0): 87→48 [0.1ms]
[2026-05-06 10:47:05] MOVE chetan (lawn green): 29→50 [0.2ms]
[2026-05-06 10:47:06] MOVE chetan (gray0): 47→28 [0.1ms]
[2026-05-06 10:47:06] MOVE chetan (lawn green): 40→59 [0.1ms]
[2026-05-06 10:47:06] MOVE chetan (gray0): 88→51 [0.1ms]
[2026-05-06 10:47:06] MOVE chetan (lawn green): 50→68 [0.2ms]
[2026-05-06 10:47:06] MOVE chetan (gray0): 28→16 [0.1ms]
[2026-05-06 10:47:07] MOVE chetan (lawn green): 44→15 [0.2ms]
[2026-05-06 10:47:07] MOVE chetan (gray0): 51→41 [0.2ms]
[2026-05-06 10:47:07] MOVE chetan (lawn green): 59→78 [0.1ms]
[2026-05-06 10:47:07] MOVE chetan (gray0): 16→17 [0.1ms]
[2026-05-06 10:47:07] MOVE chetan (lawn green): 68→87 [0.1ms]
[2026-05-06 10:47:08] MOVE chetan (gray0): 17→19 [0.1ms]
[2026-05-06 10:47:08] MOVE chetan (lawn green): 87→75 [0.1ms]
[2026-05-06 10:47:08] MOVE chetan (gray0): 19→21 [0.1ms]
[2026-05-06 10:47:08] MOVE chetan (lawn green): 75→65 [0.1ms]
[2026-05-06 10:47:08] MOVE chetan (gray0): 21→19 [0.2ms]
[2026-05-06 10:47:08] MOVE chetan (lawn green): 65→75 [0.1ms]
[2026-05-06 10:47:09] MOVE chetan (gray0): 19→21 [0.1ms]
[2026-05-06 10:47:09] MOVE chetan (lawn green): 75→65 [0.2ms]
[2026-05-06 10:47:09] MOVE chetan (gray0): 21→19 [0.1ms]
[2026-05-06 10:47:09] MOVE chetan (lawn green): 65→75 [0.2ms]
[2026-05-06 10:47:09] MOVE chetan (gray0): 19→21 [0.1ms]
[2026-05-06 10:47:09] MOVE chetan (lawn green): 75→65 [0.1ms]
[2026-05-06 10:47:10] MOVE chetan (gray0): 21→19 [0.1ms]
[2026-05-06 10:47:10] MOVE chetan (lawn green): 65→75 [0.1ms]
[2026-05-06 10:47:10] MOVE chetan (gray0): 19→21 [0.1ms]
[2026-05-06 10:47:10] MOVE chetan (lawn green): 75→65 [0.1ms]
[2026-05-06 10:47:10] MOVE chetan (gray0): 21→19 [0.1ms]
[2026-05-06 10:47:10] MOVE chetan (lawn green): 65→75 [0.1ms]
[2026-05-06 10:47:10] MOVE chetan (gray0): 19→21 [0.1ms]
[2026-05-06 10:47:11] MOVE chetan (lawn green): 75→65 [0.1ms]
[2026-05-06 10:47:11] MOVE chetan (gray0): 21→19 [0.1ms]
[2026-05-06 10:47:11] MOVE chetan (lawn green): 65→75 [0.1ms]
[2026-05-06 10:47:11] MOVE chetan (gray0): 19→21 [0.1ms]
[2026-05-06 10:47:11] MOVE chetan (lawn green): 75→65 [0.1ms]
[2026-05-06 10:47:11] MOVE chetan (gray0): 21→19 [0.1ms]
[2026-05-06 10:47:12] MOVE chetan (lawn green): 65→75 [0.1ms]
[2026-05-06 10:47:12] MOVE chetan (gray0): 19→21 [0.2ms]
[2026-05-06 10:47:12] MOVE chetan (lawn green): 75→65 [0.2ms]
[2026-05-06 10:47:12] MOVE chetan (gray0): 21→19 [0.1ms]
[2026-05-06 10:47:12] MOVE chetan (lawn green): 65→75 [0.2ms]
[2026-05-06 10:47:12] MOVE chetan (gray0): 19→21 [0.1ms]
[2026-05-06 10:47:13] MOVE chetan (lawn green): 75→65 [0.2ms]
[2026-05-06 10:47:13] MOVE chetan (gray0): 21→19 [0.1ms]
[2026-05-06 10:47:13] MOVE chetan (lawn green): 65→75 [0.1ms]
[2026-05-06 10:47:13] MOVE chetan (gray0): 19→21 [0.1ms]
[2026-05-06 10:47:13] MOVE chetan (lawn green): 75→65 [0.1ms]
[2026-05-06 10:47:13] MOVE chetan (gray0): 21→19 [0.1ms]
[2026-05-06 10:47:13] MOVE chetan (lawn green): 65→75 [0.1ms]
[2026-05-06 10:47:14] MOVE chetan (gray0): 19→21 [0.1ms]
[2026-05-06 10:47:14] MOVE chetan (lawn green): 75→65 [0.2ms]
[2026-05-06 10:47:14] MOVE chetan (gray0): 21→19 [0.1ms]
[2026-05-06 10:47:14] MOVE chetan (lawn green): 65→75 [0.1ms]
[2026-05-06 10:47:14] MOVE chetan (gray0): 19→21 [0.1ms]
[2026-05-06 10:47:14] MOVE chetan (lawn green): 75→65 [0.1ms]
[2026-05-06 10:47:15] MOVE chetan (gray0): 21→19 [0.2ms]
[2026-05-06 10:47:15] MOVE chetan (lawn green): 65→75 [0.1ms]
[2026-05-06 10:47:15] MOVE chetan (gray0): 19→21 [0.1ms]
[2026-05-06 10:47:15] MOVE chetan (lawn green): 75→65 [0.1ms]
[2026-05-06 10:47:15] MOVE chetan (gray0): 21→19 [0.1ms]
[2026-05-06 10:47:16] MOVE chetan (lawn green): 65→75 [0.1ms]
[2026-05-06 10:47:16] MOVE chetan (gray0): 19→21 [0.1ms]
[2026-05-06 10:47:16] MOVE chetan (lawn green): 75→65 [0.1ms]
[2026-05-06 10:47:16] MOVE chetan (gray0): 21→19 [0.1ms]
[2026-05-06 10:47:17] MOVE chetan (lawn green): 65→75 [0.1ms]
[2026-05-06 10:47:17] MOVE chetan (gray0): 19→21 [0.4ms]
[2026-05-06 10:47:17] MOVE chetan (lawn green): 75→65 [0.1ms]
[2026-05-06 10:47:17] MOVE chetan (gray0): 21→19 [0.1ms]
[2026-05-06 10:47:17] MOVE chetan (lawn green): 65→75 [0.1ms]
[2026-05-06 10:47:18] MOVE chetan (gray0): 19→21 [0.1ms]
[2026-05-06 10:47:18] MOVE chetan (lawn green): 75→65 [0.1ms]
[2026-05-06 10:47:18] MOVE chetan (gray0): 21→19 [0.1ms]
[2026-05-06 10:47:18] MOVE chetan (lawn green): 65→75 [0.3ms]
[2026-05-06 10:47:18] MOVE chetan (gray0): 19→21 [0.2ms]
[2026-05-06 10:47:18] MOVE chetan (lawn green): 75→65 [0.1ms]
[2026-05-06 10:47:19] MOVE chetan (gray0): 21→19 [0.1ms]
[2026-05-06 10:47:19] MOVE chetan (lawn green): 65→75 [0.1ms]
[2026-05-06 10:47:19] MOVE chetan (gray0): 19→21 [0.1ms]
[2026-05-06 10:47:19] MOVE chetan (lawn green): 75→65 [0.1ms]
[2026-05-06 10:47:19] MOVE chetan (gray0): 21→19 [0.1ms]
[2026-05-06 10:47:20] MOVE chetan (lawn green): 65→75 [0.1ms]
[2026-05-06 10:47:20] MOVE chetan (gray0): 19→21 [0.1ms]
[2026-05-06 10:47:20] MOVE chetan (lawn green): 75→65 [0.2ms]
[2026-05-06 10:47:20] MOVE chetan (gray0): 21→19 [0.2ms]
[2026-05-06 10:47:20] MOVE chetan (lawn green): 65→75 [0.1ms]
[2026-05-06 10:47:21] MOVE chetan (gray0): 19→21 [0.1ms]
[2026-05-06 10:47:21] MOVE chetan (lawn green): 75→65 [0.1ms]
[2026-05-06 10:47:21] MOVE chetan (gray0): 21→19 [0.1ms]
[2026-05-06 10:47:21] MOVE chetan (lawn green): 65→75 [0.1ms]
[2026-05-06 10:47:21] MOVE chetan (gray0): 19→21 [0.1ms]
[2026-05-06 10:47:21] MOVE chetan (lawn green): 75→65 [0.1ms]
[2026-05-06 10:47:22] MOVE chetan (gray0): 21→19 [0.1ms]
[2026-05-06 10:47:22] MOVE chetan (lawn green): 65→75 [0.2ms]
[2026-05-06 10:47:22] MOVE chetan (gray0): 19→21 [0.1ms]
[2026-05-06 10:47:22] MOVE chetan (lawn green): 75→65 [0.1ms]
[2026-05-06 10:47:22] MOVE chetan (gray0): 21→19 [0.1ms]
[2026-05-06 10:47:22] MOVE chetan (lawn green): 65→75 [0.1ms]
[2026-05-06 10:47:23] MOVE chetan (gray0): 19→21 [0.2ms]
[2026-05-06 10:47:23] MOVE chetan (lawn green): 75→65 [0.2ms]
[2026-05-06 10:47:23] MOVE chetan (gray0): 21→19 [0.1ms]
[2026-05-06 10:47:23] MOVE chetan (lawn green): 65→75 [0.1ms]
[2026-05-06 10:47:23] MOVE chetan (gray0): 19→21 [0.2ms]
[2026-05-06 10:47:24] MOVE chetan (lawn green): 75→65 [0.1ms]
[2026-05-06 10:47:24] MOVE chetan (gray0): 21→19 [0.2ms]
[2026-05-06 10:47:24] MOVE chetan (lawn green): 65→75 [0.1ms]
[2026-05-06 10:47:24] MOVE chetan (gray0): 19→21 [0.1ms]
[2026-05-06 10:47:24] MOVE chetan (lawn green): 75→65 [0.3ms]
[2026-05-06 10:47:24] MOVE chetan (gray0): 21→19 [0.1ms]
[2026-05-06 10:47:25] MOVE chetan (lawn green): 65→75 [0.2ms]
[2026-05-06 10:47:25] MOVE chetan (gray0): 19→21 [0.1ms]
[2026-05-06 10:47:25] MOVE chetan (lawn green): 75→65 [0.1ms]
[2026-05-06 10:47:25] MOVE chetan (gray0): 21→19 [0.1ms]
[2026-05-06 10:47:25] MOVE chetan (lawn green): 65→75 [0.1ms]
[2026-05-06 10:47:25] MOVE chetan (gray0): 19→21 [0.1ms]
[2026-05-06 10:47:25] MOVE chetan (lawn green): 75→65 [0.1ms]
[2026-05-06 10:47:26] MOVE chetan (gray0): 21→19 [0.1ms]
[2026-05-06 10:47:26] MOVE chetan (lawn green): 65→75 [0.1ms]
[2026-05-06 10:47:26] MOVE chetan (gray0): 19→21 [0.3ms]
[2026-05-06 10:47:26] MOVE chetan (lawn green): 75→65 [0.1ms]
[2026-05-06 10:47:26] MOVE chetan (gray0): 21→19 [0.2ms]
[2026-05-06 10:47:26] MOVE chetan (lawn green): 65→75 [0.1ms]
[2026-05-06 10:47:27] MOVE chetan (gray0): 19→21 [0.1ms]
[2026-05-06 10:47:27] MOVE chetan (lawn green): 75→65 [0.1ms]
[2026-05-06 10:47:27] MOVE chetan (gray0): 21→19 [0.1ms]
[2026-05-06 10:47:27] MOVE chetan (lawn green): 65→75 [0.1ms]
[2026-05-06 10:47:27] MOVE chetan (gray0): 19→21 [0.1ms]
[2026-05-06 10:47:27] MOVE chetan (lawn green): 75→65 [0.1ms]
[2026-05-06 10:47:28] MOVE chetan (gray0): 21→19 [0.1ms]
[2026-05-06 10:47:28] MOVE chetan (lawn green): 65→75 [0.1ms]
[2026-05-06 10:47:28] MOVE chetan (gray0): 19→21 [0.1ms]
[2026-05-06 10:47:28] MOVE chetan (lawn green): 75→65 [0.1ms]
[2026-05-06 10:47:28] MOVE chetan (gray0): 21→19 [0.1ms]
[2026-05-06 10:47:28] MOVE chetan (lawn green): 65→75 [0.1ms]
[2026-05-06 10:47:28] MOVE chetan (gray0): 19→21 [0.1ms]
[2026-05-06 10:47:29] MOVE chetan (lawn green): 75→65 [0.1ms]
[2026-05-06 10:47:29] MOVE chetan (gray0): 21→19 [0.1ms]
[2026-05-06 10:47:29] MOVE chetan (lawn green): 65→75 [0.1ms]
[2026-05-06 10:47:29] MOVE chetan (gray0): 19→21 [0.2ms]
[2026-05-06 10:47:29] MOVE chetan (lawn green): 75→65 [0.4ms]
[2026-05-06 10:47:29] MOVE chetan (gray0): 21→19 [0.2ms]
[2026-05-06 10:47:30] MOVE chetan (lawn green): 65→75 [0.1ms]
[2026-05-06 10:47:30] MOVE chetan (gray0): 19→21 [0.1ms]
[2026-05-06 10:47:30] MOVE chetan (lawn green): 75→65 [0.1ms]
[2026-05-06 10:47:30] MOVE chetan (gray0): 21→19 [0.1ms]
[2026-05-06 10:47:30] MOVE chetan (lawn green): 65→75 [0.1ms]
[2026-05-06 10:47:30] MOVE chetan (gray0): 19→21 [0.1ms]
[2026-05-06 10:47:31] MOVE chetan (lawn green): 75→65 [0.1ms]
[2026-05-06 10:47:31] MOVE chetan (gray0): 21→19 [0.1ms]
[2026-05-06 10:47:31] MOVE chetan (lawn green): 65→75 [0.1ms]
[2026-05-06 10:47:31] MOVE chetan (gray0): 19→21 [0.1ms]
[2026-05-06 10:47:31] MOVE chetan (lawn green): 75→65 [0.1ms]
[2026-05-06 10:47:31] MOVE chetan (gray0): 21→19 [0.2ms]
[2026-05-06 10:47:32] MOVE chetan (lawn green): 65→75 [0.1ms]
[2026-05-06 10:47:32] MOVE chetan (gray0): 19→21 [0.1ms]
[2026-05-06 10:47:32] MOVE chetan (lawn green): 75→65 [0.1ms]
[2026-05-06 10:47:32] MOVE chetan (gray0): 21→19 [0.2ms]
[2026-05-06 10:47:32] MOVE chetan (lawn green): 65→75 [0.1ms]
[2026-05-06 10:47:32] MOVE chetan (gray0): 19→21 [0.1ms]
[2026-05-06 10:47:33] MOVE chetan (lawn green): 75→65 [0.1ms]
[2026-05-06 10:47:33] MOVE chetan (gray0): 21→19 [0.1ms]
[2026-05-06 10:47:33] MOVE chetan (lawn green): 65→75 [0.1ms]
[2026-05-06 10:47:33] MOVE chetan (gray0): 19→21 [0.1ms]
[2026-05-06 10:47:33] MOVE chetan (lawn green): 75→65 [0.1ms]
[2026-05-06 10:47:33] MOVE chetan (gray0): 21→19 [0.1ms]
[2026-05-06 10:47:33] MOVE chetan (lawn green): 65→75 [0.2ms]
[2026-05-06 10:47:34] MOVE chetan (gray0): 19→21 [0.1ms]
[2026-05-06 10:47:34] MOVE chetan (lawn green): 75→65 [0.1ms]
[2026-05-06 10:47:34] MOVE chetan (gray0): 21→19 [0.1ms]
[2026-05-06 10:47:34] MOVE chetan (lawn green): 65→75 [0.1ms]
[2026-05-06 10:47:34] MOVE chetan (gray0): 19→21 [0.1ms]
[2026-05-06 10:47:34] MOVE chetan (lawn green): 75→65 [0.1ms]
[2026-05-06 10:47:35] MOVE chetan (gray0): 21→19 [0.1ms]
[2026-05-06 10:47:35] MOVE chetan (lawn green): 65→75 [0.1ms]
[2026-05-06 10:47:35] MOVE chetan (gray0): 19→21 [0.1ms]
[2026-05-06 10:47:35] MOVE chetan (lawn green): 75→65 [0.1ms]
[2026-05-06 10:47:35] MOVE chetan (gray0): 21→19 [0.1ms]
[2026-05-06 10:47:35] MOVE chetan (lawn green): 65→75 [0.1ms]
[2026-05-06 10:47:36] MOVE chetan (gray0): 19→21 [0.1ms]
[2026-05-06 10:47:36] MOVE chetan (lawn green): 75→65 [0.1ms]
[2026-05-06 10:47:36] MOVE chetan (gray0): 21→19 [0.2ms]
[2026-05-06 10:47:36] MOVE chetan (lawn green): 65→75 [0.1ms]
[2026-05-06 10:47:36] MOVE chetan (gray0): 19→21 [0.1ms]
[2026-05-06 10:47:36] MOVE chetan (lawn green): 75→65 [0.2ms]
[2026-05-06 10:47:37] MOVE chetan (gray0): 21→19 [0.1ms]
[2026-05-06 10:47:37] MOVE chetan (lawn green): 65→75 [0.1ms]
[2026-05-06 10:47:37] MOVE chetan (gray0): 19→21 [0.2ms]
[2026-05-06 10:47:37] MOVE chetan (lawn green): 75→65 [0.1ms]
[2026-05-06 10:47:37] MOVE chetan (gray0): 21→19 [0.1ms]
[2026-05-06 10:47:37] MOVE chetan (lawn green): 65→75 [0.1ms]
[2026-05-06 10:47:38] MOVE chetan (gray0): 19→21 [0.2ms]
[2026-05-06 10:47:38] MOVE chetan (lawn green): 75→65 [0.1ms]
[2026-05-06 10:47:38] MOVE chetan (gray0): 21→19 [0.1ms]
[2026-05-06 10:47:38] MOVE chetan (lawn green): 65→75 [0.1ms]
[2026-05-06 10:47:38] MOVE chetan (gray0): 19→21 [0.1ms]
[2026-05-06 10:47:38] MOVE chetan (lawn green): 75→65 [0.1ms]
[2026-05-06 10:47:39] MOVE chetan (gray0): 21→19 [0.1ms]
[2026-05-06 10:47:39] MOVE chetan (lawn green): 65→75 [0.2ms]
[2026-05-06 10:47:39] MOVE chetan (gray0): 19→21 [0.2ms]
[2026-05-06 10:47:39] MOVE chetan (lawn green): 75→65 [0.1ms]
[2026-05-06 10:47:39] MOVE chetan (gray0): 21→19 [0.1ms]
[2026-05-06 10:47:39] MOVE chetan (lawn green): 65→75 [0.2ms]
[2026-05-06 10:47:40] MOVE chetan (gray0): 19→21 [0.3ms]
[2026-05-06 10:47:40] MOVE chetan (lawn green): 75→65 [0.1ms]
[2026-05-06 10:47:40] MOVE chetan (gray0): 21→19 [0.2ms]
[2026-05-06 10:47:40] MOVE chetan (lawn green): 65→75 [0.2ms]
[2026-05-06 10:47:40] MOVE chetan (gray0): 19→21 [0.1ms]
[2026-05-06 10:47:40] MOVE chetan (lawn green): 75→65 [0.1ms]
[2026-05-06 10:47:41] MOVE chetan (gray0): 21→19 [0.1ms]
[2026-05-06 10:47:41] MOVE chetan (lawn green): 65→75 [0.2ms]
[2026-05-06 10:47:41] MOVE chetan (gray0): 19→21 [0.2ms]
[2026-05-06 10:47:41] MOVE chetan (lawn green): 75→65 [0.1ms]
[2026-05-06 10:47:41] MOVE chetan (gray0): 21→19 [0.1ms]
[2026-05-06 10:47:41] MOVE chetan (lawn green): 65→75 [0.1ms]
[2026-05-06 10:47:41] MOVE chetan (gray0): 19→21 [0.1ms]
[2026-05-06 10:47:42] MOVE chetan (lawn green): 75→65 [0.1ms]
[2026-05-06 10:47:42] MOVE chetan (gray0): 21→19 [0.1ms]
[2026-05-06 10:47:42] MOVE chetan (lawn green): 65→75 [0.1ms]
[2026-05-06 10:47:42] MOVE chetan (gray0): 19→21 [0.1ms]
[2026-05-06 10:47:42] MOVE chetan (lawn green): 75→65 [0.1ms]
[2026-05-06 10:47:42] MOVE chetan (gray0): 21→19 [0.1ms]
[2026-05-06 10:47:43] MOVE chetan (lawn green): 65→75 [0.1ms]
[2026-05-06 10:47:43] MOVE chetan (gray0): 19→21 [0.1ms]
[2026-05-06 10:47:43] MOVE chetan (lawn green): 75→65 [0.2ms]
[2026-05-06 10:47:43] MOVE chetan (gray0): 21→19 [0.1ms]
[2026-05-06 10:47:43] MOVE chetan (lawn green): 65→75 [1.2ms]
[2026-05-06 10:47:43] MOVE chetan (gray0): 19→21 [1.4ms]
[2026-05-06 10:47:44] MOVE chetan (lawn green): 75→65 [0.1ms]
[2026-05-06 10:47:44] MOVE chetan (gray0): 21→19 [0.2ms]
[2026-05-06 10:47:44] MOVE chetan (lawn green): 65→75 [0.2ms]
[2026-05-06 10:47:44] MOVE chetan (gray0): 19→21 [0.2ms]
[2026-05-06 10:47:44] MOVE chetan (lawn green): 75→65 [0.1ms]
[2026-05-06 10:47:44] MOVE chetan (gray0): 21→19 [0.1ms]
[2026-05-06 10:47:45] MOVE chetan (lawn green): 65→75 [0.1ms]
[2026-05-06 10:47:45] MOVE chetan (gray0): 19→21 [0.3ms]
[2026-05-06 10:47:45] MOVE chetan (lawn green): 75→65 [0.1ms]
[2026-05-06 10:47:45] MOVE chetan (gray0): 21→19 [0.1ms]
[2026-05-06 10:47:45] MOVE chetan (lawn green): 65→75 [0.1ms]
[2026-05-06 10:47:45] MOVE chetan (gray0): 19→21 [0.3ms]
[2026-05-06 10:47:46] MOVE chetan (lawn green): 75→65 [0.1ms]
[2026-05-06 10:47:46] MOVE chetan (gray0): 21→19 [0.2ms]
[2026-05-06 10:47:46] MOVE chetan (lawn green): 65→75 [0.1ms]
[2026-05-06 10:47:46] MOVE chetan (gray0): 19→21 [0.1ms]
[2026-05-06 10:47:46] MOVE chetan (lawn green): 75→65 [0.1ms]
[2026-05-06 10:47:46] MOVE chetan (gray0): 21→19 [0.1ms]
[2026-05-06 10:47:47] MOVE chetan (lawn green): 65→75 [0.1ms]
[2026-05-06 10:47:47] MOVE chetan (gray0): 19→21 [0.1ms]
[2026-05-06 10:47:47] MOVE chetan (lawn green): 75→65 [0.1ms]
[2026-05-06 10:47:47] MOVE chetan (gray0): 21→19 [0.1ms]
[2026-05-06 10:47:47] MOVE chetan (lawn green): 65→75 [0.1ms]
[2026-05-06 10:47:47] MOVE chetan (gray0): 19→21 [0.2ms]
[2026-05-06 10:47:47] MOVE chetan (lawn green): 75→65 [0.3ms]
[2026-05-06 10:47:48] MOVE chetan (gray0): 21→19 [0.1ms]
[2026-05-06 10:47:48] MOVE chetan (lawn green): 65→75 [0.1ms]
[2026-05-06 10:47:48] MOVE chetan (gray0): 19→21 [0.1ms]
[2026-05-06 10:47:48] MOVE chetan (lawn green): 75→65 [0.1ms]
[2026-05-06 10:47:48] MOVE chetan (gray0): 21→19 [0.1ms]
[2026-05-06 10:47:48] MOVE chetan (lawn green): 65→75 [0.1ms]
[2026-05-06 10:47:49] MOVE chetan (gray0): 19→21 [0.1ms]
[2026-05-06 10:47:49] MOVE chetan (lawn green): 75→65 [0.1ms]
[2026-05-06 10:47:49] MOVE chetan (gray0): 21→19 [0.2ms]
[2026-05-06 10:47:49] MOVE chetan (lawn green): 65→75 [0.1ms]
[2026-05-06 10:47:49] MOVE chetan (gray0): 19→21 [0.1ms]
[2026-05-06 10:47:49] MOVE chetan (lawn green): 75→65 [0.1ms]
[2026-05-06 10:47:50] MOVE chetan (gray0): 21→19 [0.1ms]
[2026-05-06 10:47:50] MOVE chetan (lawn green): 65→75 [0.1ms]
[2026-05-06 10:47:50] MOVE chetan (gray0): 19→21 [2.2ms]
[2026-05-06 10:47:50] MOVE chetan (lawn green): 75→65 [0.1ms]
[2026-05-06 10:47:50] MOVE chetan (gray0): 21→19 [0.2ms]
[2026-05-06 10:47:50] MOVE chetan (lawn green): 65→75 [0.2ms]
[2026-05-06 10:47:51] MOVE chetan (gray0): 19→21 [2.4ms]
[2026-05-06 10:47:51] MOVE chetan (lawn green): 75→65 [0.1ms]
[2026-05-06 10:47:51] MOVE chetan (gray0): 21→19 [1.9ms]
[2026-05-06 10:47:51] MOVE chetan (lawn green): 65→75 [0.1ms]
[2026-05-06 10:47:51] MOVE chetan (gray0): 19→21 [0.1ms]
[2026-05-06 10:47:51] MOVE chetan (lawn green): 75→65 [0.1ms]
[2026-05-06 10:47:52] MOVE chetan (gray0): 21→19 [1.0ms]
[2026-05-06 10:47:52] MOVE chetan (lawn green): 65→75 [0.2ms]
[2026-05-06 10:47:52] MOVE chetan (gray0): 19→21 [0.1ms]
[2026-05-06 10:47:52] MOVE chetan (lawn green): 75→65 [1.0ms]
[2026-05-06 10:47:52] MOVE chetan (gray0): 21→19 [0.1ms]
[2026-05-06 10:47:52] MOVE chetan (lawn green): 65→75 [0.2ms]
[2026-05-06 10:47:53] MOVE chetan (gray0): 19→21 [0.2ms]
[2026-05-06 10:47:53] MOVE chetan (lawn green): 75→65 [0.1ms]
[2026-05-06 10:47:53] MOVE chetan (gray0): 21→19 [0.1ms]
[2026-05-06 10:47:53] MOVE chetan (lawn green): 65→75 [0.2ms]
[2026-05-06 10:47:53] MOVE chetan (gray0): 19→21 [0.1ms]
[2026-05-06 10:47:53] MOVE chetan (lawn green): 75→65 [0.1ms]
[2026-05-06 10:47:53] MOVE chetan (gray0): 21→19 [0.2ms]
[2026-05-06 10:47:54] MOVE chetan (lawn green): 65→75 [0.1ms]
[2026-05-06 10:47:54] MOVE chetan (gray0): 19→21 [0.1ms]
[2026-05-06 10:47:54] MOVE chetan (lawn green): 75→65 [0.1ms]
[2026-05-06 10:47:54] MOVE chetan (gray0): 21→19 [0.1ms]
[2026-05-06 10:47:54] MOVE chetan (lawn green): 65→75 [0.1ms]
[2026-05-06 10:47:54] MOVE chetan (gray0): 19→21 [0.1ms]
[2026-05-06 10:47:55] MOVE chetan (lawn green): 75→65 [0.1ms]
[2026-05-06 10:47:55] MOVE chetan (gray0): 21→19 [0.1ms]
[2026-05-06 10:47:55] MOVE chetan (lawn green): 65→75 [0.2ms]
[2026-05-06 10:47:55] MOVE chetan (gray0): 19→21 [0.1ms]
[2026-05-06 10:47:55] MOVE chetan (lawn green): 75→65 [0.1ms]
[2026-05-06 10:47:55] MOVE chetan (gray0): 21→19 [0.2ms]
[2026-05-06 10:47:55] MOVE chetan (lawn green): 65→75 [0.1ms]
[2026-05-06 10:47:56] MOVE chetan (gray0): 19→21 [0.1ms]
[2026-05-06 10:47:56] MOVE chetan (lawn green): 75→65 [0.1ms]
[2026-05-06 10:47:56] MOVE chetan (gray0): 21→19 [0.1ms]
[2026-05-06 10:47:56] MOVE chetan (lawn green): 65→75 [0.1ms]
[2026-05-06 10:47:56] MOVE chetan (gray0): 19→21 [0.1ms]
[2026-05-06 10:47:56] MOVE chetan (lawn green): 75→65 [0.1ms]
[2026-05-06 10:47:57] MOVE chetan (gray0): 21→19 [0.1ms]
[2026-05-06 10:47:57] MOVE chetan (lawn green): 65→75 [0.1ms]
[2026-05-06 10:47:57] MOVE chetan (gray0): 19→21 [0.2ms]
[2026-05-06 10:47:57] MOVE chetan (lawn green): 75→65 [0.1ms]
[2026-05-06 10:47:57] MOVE chetan (gray0): 21→19 [0.1ms]
[2026-05-06 10:47:57] MOVE chetan (lawn green): 65→75 [0.1ms]
[2026-05-06 10:47:58] MOVE chetan (gray0): 19→21 [0.1ms]
[2026-05-06 10:47:58] MOVE chetan (lawn green): 75→65 [0.1ms]
[2026-05-06 10:47:58] MOVE chetan (gray0): 21→19 [0.1ms]
[2026-05-06 10:47:58] MOVE chetan (lawn green): 65→75 [0.1ms]
[2026-05-06 10:47:58] MOVE chetan (gray0): 19→21 [0.2ms]
[2026-05-06 10:47:58] MOVE chetan (lawn green): 75→65 [0.1ms]
[2026-05-06 10:47:59] MOVE chetan (gray0): 21→19 [0.2ms]
[2026-05-06 10:47:59] MOVE chetan (lawn green): 65→75 [0.1ms]
[2026-05-06 10:47:59] MOVE chetan (gray0): 19→21 [0.1ms]
[2026-05-06 10:47:59] MOVE chetan (lawn green): 75→65 [0.2ms]
[2026-05-06 10:47:59] MOVE chetan (gray0): 21→19 [0.1ms]
[2026-05-06 10:47:59] MOVE chetan (lawn green): 65→75 [0.1ms]
[2026-05-06 10:48:00] MOVE chetan (gray0): 19→21 [0.1ms]
[2026-05-06 10:48:00] MOVE chetan (lawn green): 75→65 [0.2ms]
[2026-05-06 10:48:00] MOVE chetan (gray0): 21→19 [0.1ms]
[2026-05-06 10:48:00] MOVE chetan (lawn green): 65→75 [0.1ms]
[2026-05-06 10:48:00] MOVE chetan (gray0): 19→21 [0.1ms]
[2026-05-06 10:48:00] MOVE chetan (lawn green): 75→65 [0.1ms]
[2026-05-06 10:48:01] MOVE chetan (gray0): 21→19 [0.1ms]
[2026-05-06 10:48:01] MOVE chetan (lawn green): 65→75 [0.1ms]
[2026-05-06 10:48:01] MOVE chetan (gray0): 19→21 [0.1ms]
[2026-05-06 10:48:01] MOVE chetan (lawn green): 75→65 [0.2ms]
[2026-05-06 10:48:01] MOVE chetan (gray0): 21→19 [0.1ms]
[2026-05-06 10:48:01] MOVE chetan (lawn green): 65→75 [0.1ms]
[2026-05-06 10:48:01] MOVE chetan (gray0): 19→21 [0.1ms]
[2026-05-06 10:48:02] MOVE chetan (lawn green): 75→65 [0.1ms]
[2026-05-06 10:48:02] MOVE chetan (gray0): 21→19 [0.1ms]
[2026-05-06 10:48:02] MOVE chetan (lawn green): 65→75 [0.1ms]
[2026-05-06 10:48:02] MOVE chetan (gray0): 19→21 [0.1ms]
[2026-05-06 10:48:02] MOVE chetan (lawn green): 75→65 [0.2ms]
[2026-05-06 10:48:02] MOVE chetan (gray0): 21→19 [0.2ms]
[2026-05-06 10:48:03] MOVE chetan (lawn green): 65→75 [0.1ms]
[2026-05-06 10:48:03] MOVE chetan (gray0): 19→21 [0.1ms]
[2026-05-06 10:48:03] MOVE chetan (lawn green): 75→65 [0.1ms]
[2026-05-06 10:48:03] MOVE chetan (gray0): 21→19 [0.1ms]
[2026-05-06 10:48:03] MOVE chetan (lawn green): 65→75 [0.2ms]
[2026-05-06 10:48:03] MOVE chetan (gray0): 19→21 [0.1ms]
[2026-05-06 10:48:04] MOVE chetan (lawn green): 75→65 [0.1ms]
[2026-05-06 10:48:04] MOVE chetan (gray0): 21→19 [0.3ms]
[2026-05-06 10:48:04] MOVE chetan (lawn green): 65→75 [0.1ms]
[2026-05-06 10:48:04] MOVE chetan (gray0): 19→21 [0.1ms]
[2026-05-06 10:48:04] MOVE chetan (lawn green): 75→65 [0.1ms]
[2026-05-06 10:48:04] MOVE chetan (gray0): 21→19 [0.1ms]
[2026-05-06 10:48:05] MOVE chetan (lawn green): 65→75 [0.2ms]
[2026-05-06 10:48:05] MOVE chetan (gray0): 19→21 [0.1ms]
[2026-05-06 10:48:05] MOVE chetan (lawn green): 75→65 [0.1ms]
[2026-05-06 10:48:05] MOVE chetan (gray0): 21→19 [0.1ms]
[2026-05-06 10:48:05] MOVE chetan (lawn green): 65→75 [0.1ms]
[2026-05-06 10:48:05] MOVE chetan (gray0): 19→21 [0.1ms]
[2026-05-06 10:48:05] MOVE chetan (lawn green): 75→65 [0.3ms]
[2026-05-06 10:48:06] MOVE chetan (gray0): 21→19 [0.1ms]
[2026-05-06 10:48:06] MOVE chetan (lawn green): 65→75 [0.1ms]
[2026-05-06 10:48:06] MOVE chetan (gray0): 19→21 [0.1ms]
[2026-05-06 10:48:06] MOVE chetan (lawn green): 75→65 [0.2ms]
[2026-05-06 10:48:06] MOVE chetan (gray0): 21→19 [0.1ms]
[2026-05-06 10:48:06] MOVE chetan (lawn green): 65→75 [0.1ms]
[2026-05-06 10:48:07] MOVE chetan (gray0): 19→21 [0.2ms]
[2026-05-06 10:48:07] MOVE chetan (lawn green): 75→65 [0.1ms]
[2026-05-06 10:48:07] MOVE chetan (gray0): 21→19 [0.1ms]
[2026-05-06 10:48:07] MOVE chetan (lawn green): 65→75 [0.2ms]
[2026-05-06 10:48:07] MOVE chetan (gray0): 19→21 [0.1ms]
[2026-05-06 10:48:07] MOVE chetan (lawn green): 75→65 [0.1ms]
[2026-05-06 10:48:08] MOVE chetan (gray0): 21→19 [0.1ms]
[2026-05-06 10:48:08] MOVE chetan (lawn green): 65→75 [0.1ms]
[2026-05-06 10:48:08] MOVE chetan (gray0): 19→21 [0.1ms]
[2026-05-06 10:48:08] MOVE chetan (lawn green): 75→65 [0.1ms]
[2026-05-06 10:48:08] MOVE chetan (gray0): 21→19 [0.2ms]
[2026-05-06 10:48:08] MOVE chetan (lawn green): 65→75 [0.1ms]
[2026-05-06 10:48:09] MOVE chetan (gray0): 19→21 [0.1ms]
[2026-05-06 10:48:09] MOVE chetan (lawn green): 75→65 [0.1ms]
[2026-05-06 10:48:09] MOVE chetan (gray0): 21→19 [0.1ms]
[2026-05-06 10:48:09] MOVE chetan (lawn green): 65→75 [0.1ms]
[2026-05-06 10:48:09] MOVE chetan (gray0): 19→21 [0.1ms]
[2026-05-06 10:48:09] MOVE chetan (lawn green): 75→65 [0.1ms]
[2026-05-06 10:48:10] MOVE chetan (gray0): 21→19 [0.2ms]
[2026-05-06 10:48:10] MOVE chetan (lawn green): 65→75 [0.1ms]
[2026-05-06 10:48:10] MOVE chetan (gray0): 19→21 [0.1ms]
[2026-05-06 10:48:10] MOVE chetan (lawn green): 75→65 [0.2ms]
[2026-05-06 10:48:10] MOVE chetan (gray0): 21→19 [0.1ms]
[2026-05-06 10:48:10] MOVE chetan (lawn green): 65→75 [0.1ms]
[2026-05-06 10:48:11] MOVE chetan (gray0): 19→21 [0.1ms]
[2026-05-06 10:48:11] MOVE chetan (lawn green): 75→65 [0.2ms]
[2026-05-06 10:48:11] MOVE chetan (gray0): 21→19 [0.2ms]
[2026-05-06 10:48:11] MOVE chetan (lawn green): 65→75 [0.1ms]
[2026-05-06 10:48:11] MOVE chetan (gray0): 19→21 [0.2ms]
[2026-05-06 10:48:11] MOVE chetan (lawn green): 75→65 [0.2ms]
[2026-05-06 10:48:12] MOVE chetan (gray0): 21→19 [0.1ms]
[2026-05-06 10:48:12] MOVE chetan (lawn green): 65→75 [0.1ms]
[2026-05-06 10:48:12] MOVE chetan (gray0): 19→21 [0.1ms]
[2026-05-06 10:48:12] MOVE chetan (lawn green): 75→65 [0.1ms]
[2026-05-06 10:48:12] MOVE chetan (gray0): 21→19 [0.1ms]
[2026-05-06 10:48:12] MOVE chetan (lawn green): 65→75 [0.1ms]
[2026-05-06 10:48:12] MOVE chetan (gray0): 19→21 [0.1ms]
[2026-05-06 10:48:13] MOVE chetan (lawn green): 75→65 [0.1ms]
[2026-05-06 10:48:13] MOVE chetan (gray0): 21→19 [0.1ms]
[2026-05-06 10:48:13] MOVE chetan (lawn green): 65→75 [0.1ms]
[2026-05-06 10:48:13] MOVE chetan (gray0): 19→21 [0.1ms]
[2026-05-06 10:48:13] MOVE chetan (lawn green): 75→65 [0.1ms]
[2026-05-06 10:48:13] MOVE chetan (gray0): 21→19 [0.1ms]
[2026-05-06 10:48:14] MOVE chetan (lawn green): 65→75 [0.1ms]
[2026-05-06 10:48:14] MOVE chetan (gray0): 19→21 [0.1ms]
[2026-05-06 10:48:14] MOVE chetan (lawn green): 75→65 [0.2ms]
[2026-05-06 10:48:14] MOVE chetan (gray0): 21→19 [0.2ms]
[2026-05-06 10:48:14] MOVE chetan (lawn green): 65→75 [0.1ms]
[2026-05-06 10:48:14] MOVE chetan (gray0): 19→21 [0.1ms]
[2026-05-06 10:48:15] MOVE chetan (lawn green): 75→65 [0.1ms]
[2026-05-06 10:48:15] MOVE chetan (gray0): 21→19 [0.1ms]
[2026-05-06 10:48:15] MOVE chetan (lawn green): 65→75 [0.1ms]
[2026-05-06 10:48:15] MOVE chetan (gray0): 19→21 [0.1ms]
[2026-05-06 10:48:15] MOVE chetan (lawn green): 75→65 [0.1ms]
[2026-05-06 10:48:15] MOVE chetan (gray0): 21→19 [0.1ms]
[2026-05-06 10:48:16] MOVE chetan (lawn green): 65→75 [0.1ms]
[2026-05-06 10:48:16] MOVE chetan (gray0): 19→21 [0.1ms]
[2026-05-06 10:48:16] MOVE chetan (lawn green): 75→65 [0.1ms]
[2026-05-06 10:48:16] MOVE chetan (gray0): 21→19 [0.1ms]
[2026-05-06 10:48:16] MOVE chetan (lawn green): 65→75 [0.1ms]
[2026-05-06 10:48:16] MOVE chetan (gray0): 19→21 [0.2ms]
[2026-05-06 10:48:16] MOVE chetan (lawn green): 75→65 [0.2ms]
[2026-05-06 10:48:17] MOVE chetan (gray0): 21→19 [0.1ms]
[2026-05-06 10:48:17] MOVE chetan (lawn green): 65→75 [0.1ms]
[2026-05-06 10:48:17] MOVE chetan (gray0): 19→21 [0.2ms]
[2026-05-06 10:48:17] MOVE chetan (lawn green): 75→65 [0.1ms]
[2026-05-06 10:48:17] MOVE chetan (gray0): 21→19 [0.1ms]
[2026-05-06 10:48:17] MOVE chetan (lawn green): 65→75 [0.1ms]
[2026-05-06 10:48:18] MOVE chetan (gray0): 19→21 [0.1ms]
[2026-05-06 10:48:18] MOVE chetan (lawn green): 75→65 [0.2ms]
[2026-05-06 10:48:18] MOVE chetan (gray0): 21→19 [0.5ms]
[2026-05-06 10:48:18] MOVE chetan (lawn green): 65→75 [0.1ms]
[2026-05-06 10:48:18] MOVE chetan (gray0): 19→21 [0.1ms]
[2026-05-06 10:48:18] MOVE chetan (lawn green): 75→65 [0.2ms]
[2026-05-06 10:48:19] MOVE chetan (gray0): 21→19 [0.1ms]
[2026-05-06 10:48:19] MOVE chetan (lawn green): 65→75 [0.1ms]
[2026-05-06 10:48:19] MOVE chetan (gray0): 19→21 [0.1ms]
[2026-05-06 10:48:19] MOVE chetan (lawn green): 75→65 [0.1ms]
[2026-05-06 10:48:19] MOVE chetan (gray0): 21→19 [0.1ms]
[2026-05-06 10:48:19] MOVE chetan (lawn green): 65→75 [0.1ms]
[2026-05-06 10:48:20] MOVE chetan (gray0): 19→21 [0.1ms]
[2026-05-06 10:48:20] MOVE chetan (lawn green): 75→65 [0.1ms]
[2026-05-06 10:48:20] MOVE chetan (gray0): 21→19 [0.1ms]
[2026-05-06 10:48:20] MOVE chetan (lawn green): 65→75 [0.1ms]
[2026-05-06 10:48:20] MOVE chetan (gray0): 19→21 [0.1ms]
[2026-05-06 10:48:20] MOVE chetan (lawn green): 75→65 [0.1ms]
[2026-05-06 10:48:21] MOVE chetan (gray0): 21→19 [0.1ms]
[2026-05-06 10:48:21] MOVE chetan (lawn green): 65→75 [0.1ms]
[2026-05-06 10:48:21] MOVE chetan (gray0): 19→21 [0.1ms]
[2026-05-06 10:48:21] MOVE chetan (lawn green): 75→65 [0.1ms]
[2026-05-06 10:48:21] MOVE chetan (gray0): 21→19 [0.1ms]
[2026-05-06 10:48:21] MOVE chetan (lawn green): 65→75 [1.9ms]
[2026-05-06 10:48:22] MOVE chetan (gray0): 19→21 [0.2ms]
[2026-05-06 10:48:22] MOVE chetan (lawn green): 75→65 [0.1ms]
[2026-05-06 10:48:22] MOVE chetan (gray0): 21→19 [0.2ms]
[2026-05-06 10:48:22] MOVE chetan (lawn green): 65→75 [0.1ms]
[2026-05-06 10:48:22] MOVE chetan (gray0): 19→21 [0.1ms]
[2026-05-06 10:48:22] MOVE chetan (lawn green): 75→65 [0.1ms]
[2026-05-06 10:48:23] MOVE chetan (gray0): 21→19 [0.1ms]
[2026-05-06 10:48:23] MOVE chetan (lawn green): 65→75 [0.1ms]
[2026-05-06 10:48:23] MOVE chetan (gray0): 19→21 [0.1ms]
[2026-05-06 10:48:23] MOVE chetan (lawn green): 75→65 [0.2ms]
[2026-05-06 10:48:23] MOVE chetan (gray0): 21→19 [0.1ms]
[2026-05-06 10:48:23] MOVE chetan (lawn green): 65→75 [0.1ms]
[2026-05-06 10:48:23] MOVE chetan (gray0): 19→21 [0.1ms]
[2026-05-06 10:48:24] MOVE chetan (lawn green): 75→65 [0.1ms]
[2026-05-06 10:48:24] MOVE chetan (gray0): 21→19 [0.1ms]
[2026-05-06 10:48:24] MOVE chetan (lawn green): 65→75 [0.1ms]
[2026-05-06 10:48:24] MOVE chetan (gray0): 19→21 [0.1ms]
[2026-05-06 10:48:24] MOVE chetan (lawn green): 75→65 [0.1ms]
[2026-05-06 10:48:24] MOVE chetan (gray0): 21→19 [0.2ms]
[2026-05-06 10:48:25] MOVE chetan (lawn green): 65→75 [0.1ms]
[2026-05-06 10:48:25] MOVE chetan (gray0): 19→21 [0.3ms]
[2026-05-06 10:48:25] MOVE chetan (lawn green): 75→65 [0.2ms]
[2026-05-06 10:48:25] MOVE chetan (gray0): 21→19 [0.2ms]
[2026-05-06 10:48:25] MOVE chetan (lawn green): 65→75 [0.3ms]
[2026-05-06 10:48:25] MOVE chetan (gray0): 19→21 [0.1ms]
[2026-05-06 10:48:26] MOVE chetan (lawn green): 75→65 [0.1ms]
[2026-05-06 10:48:26] MOVE chetan (gray0): 21→19 [0.1ms]
[2026-05-06 10:48:26] MOVE chetan (lawn green): 65→75 [0.3ms]
[2026-05-06 10:48:26] MOVE chetan (gray0): 19→21 [0.1ms]
[2026-05-06 10:48:26] MOVE chetan (lawn green): 75→65 [0.1ms]
[2026-05-06 10:48:26] MOVE chetan (gray0): 21→19 [0.1ms]
[2026-05-06 10:48:27] MOVE chetan (lawn green): 65→75 [0.1ms]
[2026-05-06 10:48:27] MOVE chetan (gray0): 19→21 [0.1ms]
[2026-05-06 10:48:27] MOVE chetan (lawn green): 75→65 [0.2ms]
[2026-05-06 10:48:27] MOVE chetan (gray0): 21→19 [0.1ms]
[2026-05-06 10:48:27] MOVE chetan (lawn green): 65→75 [0.1ms]
[2026-05-06 10:48:27] MOVE chetan (gray0): 19→21 [0.1ms]
[2026-05-06 10:48:28] MOVE chetan (lawn green): 75→65 [0.1ms]
[2026-05-06 10:48:28] MOVE chetan (gray0): 21→19 [0.1ms]
[2026-05-06 10:48:28] MOVE chetan (lawn green): 65→75 [0.1ms]
[2026-05-06 10:48:28] MOVE chetan (gray0): 19→21 [0.1ms]
[2026-05-06 10:48:28] MOVE chetan (lawn green): 75→65 [0.1ms]
[2026-05-06 10:48:28] MOVE chetan (gray0): 21→19 [0.1ms]
[2026-05-06 10:48:29] MOVE chetan (lawn green): 65→75 [0.1ms]
[2026-05-06 10:48:29] MOVE chetan (gray0): 19→21 [0.1ms]
[2026-05-06 10:48:29] MOVE chetan (lawn green): 75→65 [0.1ms]
[2026-05-06 10:48:29] MOVE chetan (gray0): 21→19 [0.1ms]
[2026-05-06 10:48:29] MOVE chetan (lawn green): 65→75 [0.1ms]
[2026-05-06 10:48:29] MOVE chetan (gray0): 19→21 [0.1ms]
[2026-05-06 10:48:29] MOVE chetan (lawn green): 75→65 [0.1ms]
[2026-05-06 10:48:29] MOVE chetan (gray0): 21→19 [0.1ms]
[2026-05-06 10:48:30] MOVE chetan (lawn green): 65→75 [0.1ms]
[2026-05-06 10:48:30] MOVE chetan (gray0): 19→21 [0.2ms]
[2026-05-06 10:48:30] MOVE chetan (lawn green): 75→65 [0.1ms]
[2026-05-06 10:48:30] MOVE chetan (gray0): 21→19 [0.1ms]
[2026-05-06 10:48:31] MOVE chetan (lawn green): 65→75 [0.1ms]
[2026-05-06 10:48:31] MOVE chetan (gray0): 19→21 [0.1ms]
[2026-05-06 10:48:31] MOVE chetan (lawn green): 75→65 [0.1ms]
[2026-05-06 10:48:31] MOVE chetan (gray0): 21→19 [0.2ms]
[2026-05-06 10:48:31] MOVE chetan (lawn green): 65→75 [0.3ms]
[2026-05-06 10:48:32] MOVE chetan (gray0): 19→21 [0.1ms]
[2026-05-06 10:48:32] MOVE chetan (lawn green): 75→65 [0.1ms]
[2026-05-06 10:48:32] MOVE chetan (gray0): 21→19 [0.1ms]
[2026-05-06 10:48:32] MOVE chetan (lawn green): 65→75 [0.1ms]
[2026-05-06 10:48:32] MOVE chetan (gray0): 19→21 [0.1ms]
[2026-05-06 10:48:33] MOVE chetan (lawn green): 75→65 [0.1ms]
[2026-05-06 10:48:33] MOVE chetan (gray0): 21→19 [0.2ms]
[2026-05-06 10:48:33] MOVE chetan (lawn green): 65→75 [0.1ms]
[2026-05-06 10:48:33] MOVE chetan (gray0): 19→21 [0.2ms]
[2026-05-06 10:48:33] MOVE chetan (lawn green): 75→65 [0.1ms]
[2026-05-06 10:48:33] MOVE chetan (gray0): 21→19 [0.1ms]
[2026-05-06 10:48:34] MOVE chetan (lawn green): 65→75 [0.1ms]
[2026-05-06 10:48:34] MOVE chetan (gray0): 19→21 [0.1ms]
[2026-05-06 10:48:34] MOVE chetan (lawn green): 75→65 [0.1ms]
[2026-05-06 10:48:34] MOVE chetan (gray0): 21→19 [0.1ms]
[2026-05-06 10:48:34] MOVE chetan (lawn green): 65→75 [0.1ms]
[2026-05-06 10:48:34] MOVE chetan (gray0): 19→21 [0.3ms]
[2026-05-06 10:48:35] MOVE chetan (lawn green): 75→65 [0.2ms]
[2026-05-06 10:48:35] MOVE chetan (gray0): 21→19 [0.2ms]
[2026-05-06 10:48:35] MOVE chetan (lawn green): 65→75 [0.1ms]
[2026-05-06 10:48:35] MOVE chetan (gray0): 19→21 [0.1ms]
[2026-05-06 10:48:35] MOVE chetan (lawn green): 75→65 [0.1ms]
[2026-05-06 10:48:35] MOVE chetan (gray0): 21→19 [0.1ms]
[2026-05-06 10:48:36] MOVE chetan (lawn green): 65→75 [0.1ms]
[2026-05-06 10:48:36] MOVE chetan (gray0): 19→21 [0.1ms]
[2026-05-06 10:48:36] MOVE chetan (lawn green): 75→65 [0.1ms]
[2026-05-06 10:48:36] MOVE chetan (gray0): 21→19 [0.2ms]
[2026-05-06 10:48:36] MOVE chetan (lawn green): 65→75 [0.1ms]
[2026-05-06 10:48:36] MOVE chetan (gray0): 19→21 [0.1ms]
[2026-05-06 10:48:36] MOVE chetan (lawn green): 75→65 [0.2ms]
[2026-05-06 10:48:37] MOVE chetan (gray0): 21→19 [0.1ms]
[2026-05-06 10:48:37] MOVE chetan (lawn green): 65→75 [0.1ms]
[2026-05-06 10:48:37] MOVE chetan (gray0): 19→21 [0.2ms]
[2026-05-06 10:48:37] MOVE chetan (lawn green): 75→65 [0.1ms]
[2026-05-06 10:48:37] MOVE chetan (gray0): 21→19 [0.1ms]
[2026-05-06 10:48:37] MOVE chetan (lawn green): 65→75 [0.2ms]
[2026-05-06 10:48:38] MOVE chetan (gray0): 19→21 [0.1ms]
[2026-05-06 10:48:38] MOVE chetan (lawn green): 75→65 [0.1ms]
[2026-05-06 10:48:38] MOVE chetan (gray0): 21→19 [0.1ms]
[2026-05-06 10:48:38] MOVE chetan (lawn green): 65→75 [0.3ms]
[2026-05-06 10:48:38] MOVE chetan (gray0): 19→21 [0.1ms]
[2026-05-06 10:48:38] MOVE chetan (lawn green): 75→65 [0.1ms]
[2026-05-06 10:48:39] MOVE chetan (gray0): 21→19 [0.1ms]
[2026-05-06 10:48:39] MOVE chetan (lawn green): 65→75 [0.2ms]
[2026-05-06 10:48:39] MOVE chetan (gray0): 19→21 [0.1ms]
[2026-05-06 10:48:39] MOVE chetan (lawn green): 75→65 [0.1ms]
[2026-05-06 10:48:39] MOVE chetan (gray0): 21→19 [0.2ms]
[2026-05-06 10:48:39] MOVE chetan (lawn green): 65→75 [0.1ms]
[2026-05-06 10:48:39] MOVE chetan (gray0): 19→21 [0.1ms]
[2026-05-06 10:48:40] MOVE chetan (lawn green): 75→65 [0.1ms]
[2026-05-06 10:48:40] MOVE chetan (gray0): 21→19 [0.1ms]
[2026-05-06 10:48:40] MOVE chetan (lawn green): 65→75 [0.1ms]
[2026-05-06 10:48:40] MOVE chetan (gray0): 19→21 [0.1ms]
[2026-05-06 10:48:40] MOVE chetan (lawn green): 75→65 [0.1ms]
[2026-05-06 10:48:40] MOVE chetan (gray0): 21→19 [0.1ms]
[2026-05-06 10:48:41] MOVE chetan (lawn green): 65→75 [0.2ms]
[2026-05-06 10:48:41] MOVE chetan (gray0): 19→21 [0.3ms]
[2026-05-06 10:48:41] MOVE chetan (lawn green): 75→65 [0.1ms]
[2026-05-06 10:48:41] MOVE chetan (gray0): 21→19 [0.1ms]
[2026-05-06 10:48:41] MOVE chetan (lawn green): 65→75 [0.1ms]
[2026-05-06 10:48:41] MOVE chetan (gray0): 19→21 [0.1ms]
[2026-05-06 10:48:42] MOVE chetan (lawn green): 75→65 [0.3ms]
[2026-05-06 10:48:42] MOVE chetan (gray0): 21→19 [0.1ms]
[2026-05-06 10:48:42] MOVE chetan (lawn green): 65→75 [0.4ms]
[2026-05-06 10:48:42] MOVE chetan (gray0): 19→21 [0.1ms]
[2026-05-06 10:48:42] MOVE chetan (lawn green): 75→65 [0.1ms]
[2026-05-06 10:48:43] MOVE chetan (gray0): 21→19 [0.3ms]
[2026-05-06 10:48:43] MOVE chetan (lawn green): 65→75 [0.1ms]
[2026-05-06 10:48:43] MOVE chetan (gray0): 19→21 [0.1ms]
[2026-05-06 10:48:43] MOVE chetan (lawn green): 75→65 [0.1ms]
[2026-05-06 10:48:44] MOVE chetan (gray0): 21→19 [0.2ms]
[2026-05-06 10:48:44] MOVE chetan (lawn green): 65→75 [0.1ms]
[2026-05-06 10:48:44] MOVE chetan (gray0): 19→21 [0.2ms]
[2026-05-06 10:48:44] MOVE chetan (lawn green): 75→65 [0.1ms]
[2026-05-06 10:48:44] MOVE chetan (gray0): 21→19 [0.1ms]
[2026-05-06 10:48:45] MOVE chetan (lawn green): 65→75 [0.1ms]
[2026-05-06 10:48:45] MOVE chetan (gray0): 19→21 [0.1ms]
[2026-05-06 10:48:45] MOVE chetan (lawn green): 75→65 [0.1ms]
[2026-05-06 10:48:45] MOVE chetan (gray0): 21→19 [2.4ms]
[2026-05-06 10:48:45] MOVE chetan (lawn green): 65→75 [0.2ms]
[2026-05-06 10:48:46] MOVE chetan (gray0): 19→21 [0.1ms]
[2026-05-06 10:48:46] MOVE chetan (lawn green): 75→65 [0.1ms]
[2026-05-06 10:48:46] MOVE chetan (gray0): 21→19 [0.1ms]
[2026-05-06 10:48:46] MOVE chetan (lawn green): 65→75 [0.1ms]
[2026-05-06 10:48:46] MOVE chetan (gray0): 19→21 [0.1ms]
[2026-05-06 10:48:46] MOVE chetan (lawn green): 75→65 [0.1ms]
[2026-05-06 10:48:46] MOVE chetan (gray0): 21→19 [0.2ms]
[2026-05-06 10:48:46] MOVE chetan (lawn green): 65→75 [0.1ms]
[2026-05-06 10:48:47] MOVE chetan (gray0): 19→21 [0.1ms]
[2026-05-06 10:48:47] MOVE chetan (lawn green): 75→65 [0.1ms]
[2026-05-06 10:48:47] MOVE chetan (gray0): 21→19 [0.1ms]
[2026-05-06 10:48:47] MOVE chetan (lawn green): 65→75 [0.1ms]
[2026-05-06 10:48:47] MOVE chetan (gray0): 19→21 [0.1ms]
[2026-05-06 10:48:48] MOVE chetan (lawn green): 75→65 [0.1ms]
[2026-05-06 10:48:48] MOVE chetan (gray0): 21→19 [0.1ms]
[2026-05-06 10:48:48] MOVE chetan (lawn green): 65→75 [0.1ms]
[2026-05-06 10:48:48] MOVE chetan (gray0): 19→21 [0.1ms]
[2026-05-06 10:48:48] MOVE chetan (lawn green): 75→65 [0.1ms]
[2026-05-06 10:48:48] MOVE chetan (gray0): 21→19 [0.1ms]
[2026-05-06 10:48:49] MOVE chetan (lawn green): 65→75 [0.1ms]
[2026-05-06 10:48:49] MOVE chetan (gray0): 19→21 [0.2ms]
[2026-05-06 10:48:49] MOVE chetan (lawn green): 75→65 [0.1ms]
[2026-05-06 10:48:49] MOVE chetan (gray0): 21→19 [0.3ms]
[2026-05-06 10:48:49] MOVE chetan (lawn green): 65→75 [0.2ms]
[2026-05-06 10:48:49] MOVE chetan (gray0): 19→21 [0.1ms]
[2026-05-06 10:48:50] MOVE chetan (lawn green): 75→65 [0.1ms]
[2026-05-06 10:48:50] MOVE chetan (gray0): 21→19 [0.1ms]
[2026-05-06 10:48:50] MOVE chetan (lawn green): 65→75 [0.1ms]
[2026-05-06 10:48:50] MOVE chetan (gray0): 19→21 [0.1ms]
[2026-05-06 10:48:50] MOVE chetan (lawn green): 75→65 [0.2ms]
[2026-05-06 10:48:50] MOVE chetan (gray0): 21→19 [0.1ms]
[2026-05-06 10:48:51] MOVE chetan (lawn green): 65→75 [0.1ms]
[2026-05-06 10:48:51] MOVE chetan (gray0): 19→21 [0.1ms]
[2026-05-06 10:48:51] MOVE chetan (lawn green): 75→65 [0.1ms]
[2026-05-06 10:48:51] MOVE chetan (gray0): 21→19 [0.1ms]
[2026-05-06 10:48:51] MOVE chetan (lawn green): 65→75 [0.1ms]
[2026-05-06 10:48:51] MOVE chetan (gray0): 19→21 [0.2ms]
[2026-05-06 10:48:52] MOVE chetan (lawn green): 75→65 [0.1ms]
[2026-05-06 10:48:52] MOVE chetan (gray0): 21→19 [0.2ms]
[2026-05-06 10:48:52] MOVE chetan (lawn green): 65→75 [0.1ms]
[2026-05-06 10:48:52] MOVE chetan (gray0): 19→21 [11.5ms]
[2026-05-06 10:48:52] MOVE chetan (lawn green): 75→65 [0.1ms]
[2026-05-06 10:48:52] MOVE chetan (gray0): 21→19 [0.1ms]
[2026-05-06 10:48:53] MOVE chetan (lawn green): 65→75 [0.2ms]
[2026-05-06 10:48:53] MOVE chetan (gray0): 19→21 [0.1ms]
[2026-05-06 10:48:53] MOVE chetan (lawn green): 75→65 [0.1ms]
[2026-05-06 10:48:53] MOVE chetan (gray0): 21→19 [0.1ms]
[2026-05-06 10:48:53] MOVE chetan (lawn green): 65→75 [0.1ms]
[2026-05-06 10:48:53] MOVE chetan (gray0): 19→21 [0.2ms]
[2026-05-06 10:48:54] MOVE chetan (lawn green): 75→65 [0.1ms]
[2026-05-06 10:48:54] MOVE chetan (gray0): 21→19 [0.1ms]
[2026-05-06 10:48:54] MOVE chetan (lawn green): 65→75 [0.1ms]
[2026-05-06 10:48:54] MOVE chetan (gray0): 19→21 [0.1ms]
[2026-05-06 10:48:54] MOVE chetan (lawn green): 75→65 [0.1ms]
[2026-05-06 10:48:54] MOVE chetan (gray0): 21→19 [0.1ms]
[2026-05-06 10:48:55] MOVE chetan (lawn green): 65→75 [0.1ms]
[2026-05-06 10:48:55] MOVE chetan (gray0): 19→21 [0.1ms]
[2026-05-06 10:48:55] MOVE chetan (lawn green): 75→65 [0.1ms]
[2026-05-06 10:48:55] MOVE chetan (gray0): 21→19 [0.1ms]
[2026-05-06 10:48:55] MOVE chetan (lawn green): 65→75 [0.1ms]
[2026-05-06 10:48:55] MOVE chetan (gray0): 19→21 [0.1ms]
[2026-05-06 10:48:55] MOVE chetan (lawn green): 75→65 [0.1ms]
[2026-05-06 10:48:56] MOVE chetan (gray0): 21→19 [0.1ms]
[2026-05-06 10:48:56] MOVE chetan (lawn green): 65→75 [0.2ms]
[2026-05-06 10:48:56] MOVE chetan (gray0): 19→21 [0.1ms]
[2026-05-06 10:48:56] MOVE chetan (lawn green): 75→65 [0.1ms]
[2026-05-06 10:48:56] MOVE chetan (gray0): 21→19 [0.1ms]
[2026-05-06 10:48:56] MOVE chetan (lawn green): 65→75 [0.1ms]
[2026-05-06 10:48:57] MOVE chetan (gray0): 19→21 [0.2ms]
[2026-05-06 10:48:57] MOVE chetan (lawn green): 75→65 [0.1ms]
[2026-05-06 10:48:57] MOVE chetan (gray0): 21→19 [0.1ms]
[2026-05-06 10:48:57] MOVE chetan (lawn green): 65→75 [0.1ms]
[2026-05-06 10:48:57] MOVE chetan (gray0): 19→21 [0.1ms]
[2026-05-06 10:48:57] MOVE chetan (lawn green): 75→65 [0.3ms]
[2026-05-06 10:48:58] MOVE chetan (gray0): 21→19 [0.1ms]
[2026-05-06 10:48:58] MOVE chetan (lawn green): 65→75 [0.1ms]
[2026-05-06 10:48:58] MOVE chetan (gray0): 19→21 [0.1ms]
[2026-05-06 10:48:58] MOVE chetan (lawn green): 75→65 [0.1ms]
[2026-05-06 10:48:58] MOVE chetan (gray0): 21→19 [0.2ms]
[2026-05-06 10:48:58] MOVE chetan (lawn green): 65→75 [0.1ms]
[2026-05-06 10:48:59] MOVE chetan (gray0): 19→21 [0.1ms]
[2026-05-06 10:48:59] MOVE chetan (lawn green): 75→65 [0.2ms]
[2026-05-06 10:48:59] MOVE chetan (gray0): 21→19 [0.2ms]
[2026-05-06 10:48:59] MOVE chetan (lawn green): 65→75 [0.1ms]
[2026-05-06 10:48:59] MOVE chetan (gray0): 19→21 [0.1ms]
[2026-05-06 10:48:59] MOVE chetan (lawn green): 75→65 [0.1ms]
[2026-05-06 10:49:00] MOVE chetan (gray0): 21→19 [0.1ms]
[2026-05-06 10:49:00] MOVE chetan (lawn green): 65→75 [0.1ms]
[2026-05-06 10:49:00] MOVE chetan (gray0): 19→21 [0.1ms]
[2026-05-06 10:49:00] MOVE chetan (lawn green): 75→65 [0.1ms]
[2026-05-06 10:49:00] MOVE chetan (gray0): 21→19 [0.2ms]
[2026-05-06 10:49:00] MOVE chetan (lawn green): 65→75 [0.1ms]
[2026-05-06 10:49:00] MOVE chetan (gray0): 19→21 [0.1ms]
[2026-05-06 10:49:01] MOVE chetan (lawn green): 75→65 [0.2ms]
[2026-05-06 10:49:01] MOVE chetan (gray0): 21→19 [0.1ms]
[2026-05-06 10:49:01] MOVE chetan (lawn green): 65→75 [0.1ms]
[2026-05-06 10:49:01] MOVE chetan (gray0): 19→21 [0.1ms]
[2026-05-06 10:49:01] MOVE chetan (lawn green): 75→65 [0.1ms]
[2026-05-06 10:49:01] MOVE chetan (gray0): 21→19 [0.1ms]
[2026-05-06 10:49:02] MOVE chetan (lawn green): 65→75 [0.1ms]
[2026-05-06 10:49:02] MOVE chetan (gray0): 19→21 [0.1ms]
[2026-05-06 10:49:02] MOVE chetan (lawn green): 75→65 [0.1ms]
[2026-05-06 10:49:02] MOVE chetan (gray0): 21→19 [0.1ms]
[2026-05-06 10:49:02] MOVE chetan (lawn green): 65→75 [0.1ms]
[2026-05-06 10:49:02] MOVE chetan (gray0): 19→21 [0.1ms]
[2026-05-06 10:49:02] MOVE chetan (lawn green): 75→65 [0.1ms]
[2026-05-06 10:49:03] MOVE chetan (gray0): 21→19 [0.2ms]
[2026-05-06 10:49:03] MOVE chetan (lawn green): 65→75 [0.1ms]
[2026-05-06 10:49:03] MOVE chetan (gray0): 19→21 [0.1ms]
[2026-05-06 10:49:03] MOVE chetan (lawn green): 75→65 [0.1ms]
[2026-05-06 10:49:03] MOVE chetan (gray0): 21→19 [0.1ms]
[2026-05-06 10:49:03] MOVE chetan (lawn green): 65→75 [0.1ms]
[2026-05-06 10:49:04] MOVE chetan (gray0): 19→21 [0.1ms]
[2026-05-06 10:49:04] MOVE chetan (lawn green): 75→65 [0.1ms]
[2026-05-06 10:49:04] MOVE chetan (gray0): 21→19 [0.1ms]
[2026-05-06 10:49:04] MOVE chetan (lawn green): 65→75 [0.2ms]
[2026-05-06 10:49:04] MOVE chetan (gray0): 19→21 [0.1ms]
[2026-05-06 10:49:04] MOVE chetan (lawn green): 75→65 [0.1ms]
[2026-05-06 10:49:05] MOVE chetan (gray0): 21→19 [0.1ms]
[2026-05-06 10:49:05] MOVE chetan (lawn green): 65→75 [0.2ms]
[2026-05-06 10:49:05] MOVE chetan (gray0): 19→21 [0.1ms]
[2026-05-06 10:49:05] MOVE chetan (lawn green): 75→65 [0.1ms]
[2026-05-06 10:49:05] MOVE chetan (gray0): 21→19 [0.1ms]
[2026-05-06 10:49:05] MOVE chetan (lawn green): 65→75 [0.1ms]
[2026-05-06 10:49:06] MOVE chetan (gray0): 19→21 [0.1ms]
[2026-05-06 10:49:06] MOVE chetan (lawn green): 75→65 [0.1ms]
[2026-05-06 10:49:06] MOVE chetan (gray0): 21→19 [0.1ms]
[2026-05-06 10:49:06] MOVE chetan (lawn green): 65→75 [0.1ms]
[2026-05-06 10:49:06] MOVE chetan (gray0): 19→21 [0.1ms]
[2026-05-06 10:49:06] MOVE chetan (lawn green): 75→65 [0.1ms]
[2026-05-06 10:49:07] MOVE chetan (gray0): 21→19 [0.1ms]
[2026-05-06 10:49:07] MOVE chetan (lawn green): 65→75 [0.1ms]
[2026-05-06 10:49:07] MOVE chetan (gray0): 19→21 [0.1ms]
[2026-05-06 10:49:07] MOVE chetan (lawn green): 75→65 [0.1ms]
[2026-05-06 10:49:07] MOVE chetan (gray0): 21→19 [0.1ms]
[2026-05-06 10:49:07] MOVE chetan (lawn green): 65→75 [0.2ms]
[2026-05-06 10:49:08] MOVE chetan (gray0): 19→21 [0.2ms]
[2026-05-06 10:49:08] MOVE chetan (lawn green): 75→65 [0.1ms]
[2026-05-06 10:49:08] MOVE chetan (gray0): 21→19 [0.1ms]
[2026-05-06 10:49:08] MOVE chetan (lawn green): 65→75 [0.1ms]
[2026-05-06 10:49:08] MOVE chetan (gray0): 19→21 [0.1ms]
[2026-05-06 10:49:08] MOVE chetan (lawn green): 75→65 [0.1ms]
[2026-05-06 10:49:09] MOVE chetan (gray0): 21→19 [0.1ms]
[2026-05-06 10:49:09] MOVE chetan (lawn green): 65→75 [0.1ms]
[2026-05-06 10:49:09] MOVE chetan (gray0): 19→21 [0.1ms]
[2026-05-06 10:49:09] MOVE chetan (lawn green): 75→65 [0.1ms]
[2026-05-06 10:49:09] MOVE chetan (gray0): 21→19 [0.1ms]
[2026-05-06 10:49:09] MOVE chetan (lawn green): 65→75 [0.3ms]
[2026-05-06 10:49:10] MOVE chetan (gray0): 19→21 [0.1ms]
[2026-05-06 10:49:10] MOVE chetan (lawn green): 75→65 [0.2ms]
[2026-05-06 10:49:10] MOVE chetan (gray0): 21→19 [0.1ms]
[2026-05-06 10:49:10] MOVE chetan (lawn green): 65→75 [0.1ms]
[2026-05-06 10:49:10] MOVE chetan (gray0): 19→21 [0.2ms]
[2026-05-06 10:49:10] MOVE chetan (lawn green): 75→65 [0.1ms]
[2026-05-06 10:49:10] MOVE chetan (gray0): 21→19 [0.1ms]
[2026-05-06 10:49:11] MOVE chetan (lawn green): 65→75 [0.1ms]
[2026-05-06 10:49:11] MOVE chetan (gray0): 19→21 [0.1ms]
[2026-05-06 10:49:11] MOVE chetan (lawn green): 75→65 [0.1ms]
[2026-05-06 10:49:11] MOVE chetan (gray0): 21→19 [0.3ms]
[2026-05-06 10:49:11] MOVE chetan (lawn green): 65→75 [0.2ms]
[2026-05-06 10:49:11] MOVE chetan (gray0): 19→21 [0.1ms]
[2026-05-06 10:49:12] MOVE chetan (lawn green): 75→65 [0.1ms]
[2026-05-06 10:49:12] MOVE chetan (gray0): 21→19 [0.1ms]
[2026-05-06 10:49:12] MOVE chetan (lawn green): 65→75 [0.1ms]
[2026-05-06 10:49:12] MOVE chetan (gray0): 19→21 [0.2ms]
[2026-05-06 10:49:12] MOVE chetan (lawn green): 75→65 [0.1ms]
[2026-05-06 10:49:12] MOVE chetan (gray0): 21→19 [0.1ms]
[2026-05-06 10:49:13] MOVE chetan (lawn green): 65→75 [0.1ms]
[2026-05-06 10:49:13] MOVE chetan (gray0): 19→21 [0.4ms]
[2026-05-06 10:49:13] MOVE chetan (lawn green): 75→65 [0.1ms]
[2026-05-06 10:49:13] MOVE chetan (gray0): 21→19 [0.2ms]
[2026-05-06 10:49:13] MOVE chetan (lawn green): 65→75 [0.1ms]
[2026-05-06 10:49:13] MOVE chetan (gray0): 19→21 [0.2ms]
[2026-05-06 10:49:13] MOVE chetan (lawn green): 75→65 [0.1ms]
[2026-05-06 10:49:14] MOVE chetan (gray0): 21→19 [0.2ms]
[2026-05-06 10:49:14] MOVE chetan (lawn green): 65→75 [0.1ms]
[2026-05-06 10:49:14] MOVE chetan (gray0): 19→21 [0.1ms]
[2026-05-06 10:49:14] MOVE chetan (lawn green): 75→65 [0.1ms]
[2026-05-06 10:49:14] MOVE chetan (gray0): 21→19 [0.1ms]
[2026-05-06 10:49:14] MOVE chetan (lawn green): 65→75 [0.2ms]
[2026-05-06 10:49:15] MOVE chetan (gray0): 19→21 [0.1ms]
[2026-05-06 10:49:15] MOVE chetan (lawn green): 75→65 [0.2ms]
[2026-05-06 10:49:15] MOVE chetan (gray0): 21→19 [0.1ms]
[2026-05-06 10:49:15] MOVE chetan (lawn green): 65→75 [0.1ms]
[2026-05-06 10:49:15] MOVE chetan (gray0): 19→21 [0.1ms]
[2026-05-06 10:49:15] MOVE chetan (lawn green): 75→65 [0.1ms]
[2026-05-06 10:49:16] MOVE chetan (gray0): 21→19 [0.1ms]
[2026-05-06 10:49:16] MOVE chetan (lawn green): 65→75 [0.1ms]
[2026-05-06 10:49:16] MOVE chetan (gray0): 19→21 [0.1ms]
[2026-05-06 10:49:16] MOVE chetan (lawn green): 75→65 [0.1ms]
[2026-05-06 10:49:16] MOVE chetan (gray0): 21→19 [0.1ms]
[2026-05-06 10:49:16] MOVE chetan (lawn green): 65→75 [0.1ms]
[2026-05-06 10:49:17] MOVE chetan (gray0): 19→21 [0.1ms]
[2026-05-06 10:49:17] MOVE chetan (lawn green): 75→65 [0.1ms]
[2026-05-06 10:49:17] MOVE chetan (gray0): 21→19 [0.1ms]
[2026-05-06 10:49:17] MOVE chetan (lawn green): 65→75 [1.9ms]
[2026-05-06 10:49:17] MOVE chetan (gray0): 19→21 [0.1ms]
[2026-05-06 10:49:17] MOVE chetan (lawn green): 75→65 [0.1ms]
[2026-05-06 10:49:18] MOVE chetan (gray0): 21→19 [0.1ms]
[2026-05-06 10:49:18] MOVE chetan (lawn green): 65→75 [0.1ms]
[2026-05-06 10:49:18] MOVE chetan (gray0): 19→21 [0.1ms]
[2026-05-06 10:49:18] MOVE chetan (lawn green): 75→65 [0.1ms]
[2026-05-06 10:49:18] MOVE chetan (gray0): 21→19 [0.3ms]
[2026-05-06 10:49:18] MOVE chetan (lawn green): 65→75 [0.1ms]
[2026-05-06 10:49:18] MOVE chetan (gray0): 19→21 [0.1ms]
[2026-05-06 10:49:19] MOVE chetan (lawn green): 75→65 [0.1ms]
[2026-05-06 10:49:19] MOVE chetan (gray0): 21→19 [0.1ms]
[2026-05-06 10:49:19] MOVE chetan (lawn green): 65→75 [0.1ms]
[2026-05-06 10:49:19] MOVE chetan (gray0): 19→21 [0.2ms]
[2026-05-06 10:49:19] MOVE chetan (lawn green): 75→65 [0.1ms]
[2026-05-06 10:49:19] MOVE chetan (gray0): 21→19 [0.1ms]
[2026-05-06 10:49:20] MOVE chetan (lawn green): 65→75 [0.1ms]
[2026-05-06 10:49:20] MOVE chetan (gray0): 19→21 [0.1ms]
[2026-05-06 10:49:20] MOVE chetan (lawn green): 75→65 [0.4ms]
[2026-05-06 10:49:20] MOVE chetan (gray0): 21→19 [0.1ms]
[2026-05-06 10:49:20] MOVE chetan (lawn green): 65→75 [0.2ms]
[2026-05-06 10:49:20] MOVE chetan (gray0): 19→21 [0.1ms]
[2026-05-06 10:49:21] MOVE chetan (lawn green): 75→65 [0.1ms]
[2026-05-06 10:49:21] MOVE chetan (gray0): 21→19 [0.1ms]
[2026-05-06 10:49:21] MOVE chetan (lawn green): 65→75 [0.1ms]
[2026-05-06 10:49:21] MOVE chetan (gray0): 19→21 [0.1ms]
[2026-05-06 10:49:21] MOVE chetan (lawn green): 75→65 [0.1ms]
[2026-05-06 10:49:21] MOVE chetan (gray0): 21→19 [0.1ms]
[2026-05-06 10:49:22] MOVE chetan (lawn green): 65→75 [0.1ms]
[2026-05-06 10:49:22] MOVE chetan (gray0): 19→21 [0.1ms]
[2026-05-06 10:49:22] MOVE chetan (lawn green): 75→65 [0.1ms]
[2026-05-06 10:49:22] MOVE chetan (gray0): 21→19 [0.1ms]
[2026-05-06 10:49:22] MOVE chetan (lawn green): 65→75 [0.1ms]
[2026-05-06 10:49:22] MOVE chetan (gray0): 19→21 [0.1ms]
[2026-05-06 10:49:22] MOVE chetan (lawn green): 75→65 [0.1ms]
[2026-05-06 10:49:23] MOVE chetan (gray0): 21→19 [0.1ms]
[2026-05-06 10:49:23] MOVE chetan (lawn green): 65→75 [0.1ms]
[2026-05-06 10:49:23] MOVE chetan (gray0): 19→21 [0.2ms]
[2026-05-06 10:49:23] MOVE chetan (lawn green): 75→65 [0.1ms]
[2026-05-06 10:49:23] MOVE chetan (gray0): 21→19 [0.1ms]
[2026-05-06 10:49:23] MOVE chetan (lawn green): 65→75 [0.1ms]
[2026-05-06 10:49:24] MOVE chetan (gray0): 19→21 [0.1ms]
[2026-05-06 10:49:24] MOVE chetan (lawn green): 75→65 [0.1ms]
[2026-05-06 10:49:24] MOVE chetan (gray0): 21→19 [0.1ms]
[2026-05-06 10:49:24] MOVE chetan (lawn green): 65→75 [0.1ms]
[2026-05-06 10:49:24] MOVE chetan (gray0): 19→21 [0.2ms]
[2026-05-06 10:49:24] MOVE chetan (lawn green): 75→65 [0.1ms]
[2026-05-06 10:49:25] MOVE chetan (gray0): 21→19 [0.3ms]
[2026-05-06 10:49:25] MOVE chetan (lawn green): 65→75 [0.1ms]
[2026-05-06 10:49:25] MOVE chetan (gray0): 19→21 [0.1ms]
[2026-05-06 10:49:25] MOVE chetan (lawn green): 75→65 [0.1ms]
[2026-05-06 10:49:25] MOVE chetan (gray0): 21→19 [0.1ms]
[2026-05-06 10:49:25] MOVE chetan (lawn green): 65→75 [0.1ms]
[2026-05-06 10:49:26] MOVE chetan (gray0): 19→21 [0.1ms]
[2026-05-06 10:49:26] MOVE chetan (lawn green): 75→65 [0.2ms]
[2026-05-06 10:49:26] MOVE chetan (gray0): 21→19 [0.1ms]
[2026-05-06 10:49:26] MOVE chetan (lawn green): 65→75 [0.1ms]
[2026-05-06 10:49:26] MOVE chetan (gray0): 19→21 [0.1ms]
[2026-05-06 10:49:26] MOVE chetan (lawn green): 75→65 [0.1ms]
[2026-05-06 10:49:27] MOVE chetan (gray0): 21→19 [0.1ms]
[2026-05-06 10:49:27] MOVE chetan (lawn green): 65→75 [0.2ms]
[2026-05-06 10:49:27] MOVE chetan (gray0): 19→21 [0.1ms]
[2026-05-06 10:49:27] MOVE chetan (lawn green): 75→65 [0.1ms]
[2026-05-06 10:49:27] MOVE chetan (gray0): 21→19 [0.1ms]
[2026-05-06 10:49:27] MOVE chetan (lawn green): 65→75 [0.1ms]
[2026-05-06 10:49:27] MOVE chetan (gray0): 19→21 [0.1ms]
[2026-05-06 10:49:28] MOVE chetan (lawn green): 75→65 [0.1ms]
[2026-05-06 10:49:28] MOVE chetan (gray0): 21→19 [0.1ms]
[2026-05-06 10:49:28] MOVE chetan (lawn green): 65→75 [0.1ms]
[2026-05-06 10:49:28] MOVE chetan (gray0): 19→21 [0.1ms]
[2026-05-06 10:49:28] MOVE chetan (lawn green): 75→65 [0.1ms]
[2026-05-06 10:49:28] MOVE chetan (gray0): 21→19 [0.2ms]
[2026-05-06 10:49:29] MOVE chetan (lawn green): 65→75 [0.1ms]
[2026-05-06 10:49:29] MOVE chetan (gray0): 19→21 [0.1ms]
[2026-05-06 10:49:29] MOVE chetan (lawn green): 75→65 [0.1ms]
[2026-05-06 10:49:29] MOVE chetan (gray0): 21→19 [0.1ms]
[2026-05-06 10:49:29] MOVE chetan (lawn green): 65→75 [0.1ms]
[2026-05-06 10:49:29] MOVE chetan (gray0): 19→21 [0.1ms]
[2026-05-06 10:49:29] MOVE chetan (lawn green): 75→65 [0.1ms]
[2026-05-06 10:49:30] MOVE chetan (gray0): 21→19 [0.1ms]
[2026-05-06 10:49:30] MOVE chetan (lawn green): 65→75 [0.1ms]
[2026-05-06 10:49:30] MOVE chetan (gray0): 19→21 [0.1ms]
[2026-05-06 10:49:30] MOVE chetan (lawn green): 75→65 [0.1ms]
[2026-05-06 10:49:30] MOVE chetan (gray0): 21→19 [0.1ms]
[2026-05-06 10:49:30] MOVE chetan (lawn green): 65→75 [0.1ms]
[2026-05-06 10:49:31] MOVE chetan (gray0): 19→21 [0.1ms]
[2026-05-06 10:49:31] MOVE chetan (lawn green): 75→65 [0.1ms]
[2026-05-06 10:49:31] MOVE chetan (gray0): 21→19 [0.1ms]
[2026-05-06 10:49:31] MOVE chetan (lawn green): 65→75 [0.2ms]
[2026-05-06 10:49:31] MOVE chetan (gray0): 19→21 [0.1ms]
[2026-05-06 10:49:31] MOVE chetan (lawn green): 75→65 [0.2ms]
[2026-05-06 10:49:32] MOVE chetan (gray0): 21→19 [0.1ms]
[2026-05-06 10:49:32] MOVE chetan (lawn green): 65→75 [0.1ms]
[2026-05-06 10:49:32] MOVE chetan (gray0): 19→21 [0.1ms]
[2026-05-06 10:49:32] MOVE chetan (lawn green): 75→65 [0.1ms]
[2026-05-06 10:49:32] MOVE chetan (gray0): 21→19 [0.1ms]
[2026-05-06 10:49:32] MOVE chetan (lawn green): 65→75 [0.1ms]
[2026-05-06 10:49:33] MOVE chetan (gray0): 19→21 [0.1ms]
[2026-05-06 10:49:33] MOVE chetan (lawn green): 75→65 [0.1ms]
[2026-05-06 10:49:33] MOVE chetan (gray0): 21→19 [0.1ms]
[2026-05-06 10:49:33] MOVE chetan (lawn green): 65→75 [0.1ms]
[2026-05-06 10:49:33] MOVE chetan (gray0): 19→21 [0.1ms]
[2026-05-06 10:49:33] MOVE chetan (lawn green): 75→65 [0.2ms]
[2026-05-06 10:49:34] MOVE chetan (gray0): 21→19 [0.1ms]
[2026-05-06 10:49:34] MOVE chetan (lawn green): 65→75 [0.2ms]
[2026-05-06 10:49:34] MOVE chetan (gray0): 19→21 [0.1ms]
[2026-05-06 10:49:34] MOVE chetan (lawn green): 75→65 [0.1ms]
[2026-05-06 10:49:34] MOVE chetan (gray0): 21→19 [0.1ms]
[2026-05-06 10:49:34] MOVE chetan (lawn green): 65→75 [0.1ms]
[2026-05-06 10:49:34] MOVE chetan (gray0): 19→21 [0.1ms]
[2026-05-06 10:49:35] MOVE chetan (lawn green): 75→65 [0.1ms]
[2026-05-06 10:49:35] MOVE chetan (gray0): 21→19 [0.1ms]
[2026-05-06 10:49:35] MOVE chetan (lawn green): 65→75 [0.1ms]
[2026-05-06 10:49:35] MOVE chetan (gray0): 19→21 [0.1ms]
[2026-05-06 10:49:35] MOVE chetan (lawn green): 75→65 [0.2ms]
[2026-05-06 10:49:35] MOVE chetan (gray0): 21→19 [0.1ms]
[2026-05-06 10:49:36] MOVE chetan (lawn green): 65→75 [0.1ms]
[2026-05-06 10:49:36] MOVE chetan (gray0): 19→21 [0.1ms]
[2026-05-06 10:49:36] MOVE chetan (lawn green): 75→65 [0.1ms]
[2026-05-06 10:49:36] MOVE chetan (gray0): 21→19 [0.1ms]
[2026-05-06 10:49:36] MOVE chetan (lawn green): 65→75 [0.1ms]
[2026-05-06 10:49:36] MOVE chetan (gray0): 19→21 [0.1ms]
[2026-05-06 10:49:37] MOVE chetan (lawn green): 75→65 [0.3ms]
[2026-05-06 10:49:37] MOVE chetan (gray0): 21→19 [0.1ms]
[2026-05-06 10:49:37] MOVE chetan (lawn green): 65→75 [0.1ms]
[2026-05-06 10:49:37] MOVE chetan (gray0): 19→21 [0.1ms]
[2026-05-06 10:49:37] MOVE chetan (lawn green): 75→65 [0.1ms]
[2026-05-06 10:49:37] MOVE chetan (gray0): 21→19 [0.1ms]
[2026-05-06 10:49:38] MOVE chetan (lawn green): 65→75 [0.1ms]
[2026-05-06 10:49:38] MOVE chetan (gray0): 19→21 [0.1ms]
[2026-05-06 10:49:38] MOVE chetan (lawn green): 75→65 [0.2ms]
[2026-05-06 10:49:38] MOVE chetan (gray0): 21→19 [0.1ms]
[2026-05-06 10:49:38] MOVE chetan (lawn green): 65→75 [0.1ms]
[2026-05-06 10:49:38] MOVE chetan (gray0): 19→21 [0.1ms]
[2026-05-06 10:49:39] MOVE chetan (lawn green): 75→65 [0.4ms]
[2026-05-06 10:49:39] MOVE chetan (gray0): 21→19 [0.1ms]
[2026-05-06 10:49:39] MOVE chetan (lawn green): 65→75 [0.1ms]
[2026-05-06 10:49:39] MOVE chetan (gray0): 19→21 [0.4ms]
[2026-05-06 10:49:39] MOVE chetan (lawn green): 75→65 [0.1ms]
[2026-05-06 10:49:39] MOVE chetan (gray0): 21→19 [0.1ms]
[2026-05-06 10:49:39] MOVE chetan (lawn green): 65→75 [0.1ms]
[2026-05-06 10:49:40] MOVE chetan (gray0): 19→21 [0.2ms]
[2026-05-06 10:49:40] MOVE chetan (lawn green): 75→65 [0.1ms]
[2026-05-06 10:49:40] MOVE chetan (gray0): 21→19 [0.1ms]
[2026-05-06 10:49:40] MOVE chetan (lawn green): 65→75 [0.2ms]
[2026-05-06 10:49:40] MOVE chetan (gray0): 19→21 [0.1ms]
[2026-05-06 10:49:40] MOVE chetan (lawn green): 75→65 [0.2ms]
[2026-05-06 10:49:41] MOVE chetan (gray0): 21→19 [0.1ms]
[2026-05-06 10:49:41] MOVE chetan (lawn green): 65→75 [0.1ms]
[2026-05-06 10:49:41] MOVE chetan (gray0): 19→21 [0.4ms]
[2026-05-06 10:49:41] MOVE chetan (lawn green): 75→65 [0.1ms]
[2026-05-06 10:49:41] MOVE chetan (gray0): 21→19 [0.2ms]
[2026-05-06 10:49:41] MOVE chetan (lawn green): 65→75 [0.1ms]
[2026-05-06 10:49:42] MOVE chetan (gray0): 19→21 [0.1ms]
[2026-05-06 10:49:42] MOVE chetan (lawn green): 75→65 [0.1ms]
[2026-05-06 10:49:42] MOVE chetan (gray0): 21→19 [0.1ms]
[2026-05-06 10:49:42] MOVE chetan (lawn green): 65→75 [0.1ms]
[2026-05-06 10:49:42] MOVE chetan (gray0): 19→21 [0.2ms]
[2026-05-06 10:49:42] MOVE chetan (lawn green): 75→65 [0.1ms]
[2026-05-06 10:49:42] MOVE chetan (gray0): 21→19 [0.1ms]
[2026-05-06 10:49:43] MOVE chetan (lawn green): 65→75 [0.1ms]
[2026-05-06 10:49:43] MOVE chetan (gray0): 19→21 [0.1ms]
[2026-05-06 10:49:43] MOVE chetan (lawn green): 75→65 [0.1ms]
[2026-05-06 10:49:43] MOVE chetan (gray0): 21→19 [0.1ms]
[2026-05-06 10:49:43] MOVE chetan (lawn green): 65→75 [0.1ms]
[2026-05-06 10:49:43] MOVE chetan (gray0): 19→21 [0.1ms]
[2026-05-06 10:49:44] MOVE chetan (lawn green): 75→65 [0.2ms]
[2026-05-06 10:49:44] MOVE chetan (gray0): 21→19 [0.1ms]
[2026-05-06 10:49:44] MOVE chetan (lawn green): 65→75 [0.1ms]
[2026-05-06 10:49:44] MOVE chetan (gray0): 19→21 [0.1ms]
[2026-05-06 10:49:44] MOVE chetan (lawn green): 75→65 [0.1ms]
[2026-05-06 10:49:44] MOVE chetan (gray0): 21→19 [0.1ms]
[2026-05-06 10:49:45] MOVE chetan (lawn green): 65→75 [0.1ms]
[2026-05-06 10:49:45] MOVE chetan (gray0): 19→21 [0.3ms]
[2026-05-06 10:49:45] MOVE chetan (lawn green): 75→65 [0.1ms]
[2026-05-06 10:49:45] MOVE chetan (gray0): 21→19 [0.1ms]
[2026-05-06 10:49:45] MOVE chetan (lawn green): 65→75 [0.1ms]
[2026-05-06 10:49:45] MOVE chetan (gray0): 19→21 [0.1ms]
[2026-05-06 10:49:45] MOVE chetan (lawn green): 75→65 [0.1ms]
[2026-05-06 10:49:46] MOVE chetan (gray0): 21→19 [0.1ms]
[2026-05-06 10:49:46] MOVE chetan (lawn green): 65→75 [0.1ms]
[2026-05-06 10:49:46] MOVE chetan (gray0): 19→21 [0.1ms]
[2026-05-06 10:49:46] MOVE chetan (lawn green): 75→65 [0.1ms]
[2026-05-06 10:49:46] MOVE chetan (gray0): 21→19 [0.1ms]
[2026-05-06 10:49:46] MOVE chetan (lawn green): 65→75 [0.1ms]
[2026-05-06 10:49:47] MOVE chetan (gray0): 19→21 [0.1ms]
[2026-05-06 10:49:47] MOVE chetan (lawn green): 75→65 [0.1ms]
[2026-05-06 10:49:47] MOVE chetan (gray0): 21→19 [0.1ms]
[2026-05-06 10:49:47] MOVE chetan (lawn green): 65→75 [0.2ms]
[2026-05-06 10:49:47] MOVE chetan (gray0): 19→21 [0.1ms]
[2026-05-06 10:49:47] MOVE chetan (lawn green): 75→65 [0.1ms]
[2026-05-06 10:49:48] MOVE chetan (gray0): 21→19 [0.1ms]
[2026-05-06 10:49:48] MOVE chetan (lawn green): 65→75 [0.2ms]
[2026-05-06 10:49:48] MOVE chetan (gray0): 19→21 [0.2ms]
[2026-05-06 10:49:48] MOVE chetan (lawn green): 75→65 [0.2ms]
[2026-05-06 10:49:48] MOVE chetan (gray0): 21→19 [0.2ms]
[2026-05-06 10:49:48] MOVE chetan (lawn green): 65→75 [0.1ms]
[2026-05-06 10:49:49] MOVE chetan (gray0): 19→21 [0.1ms]
[2026-05-06 10:49:49] MOVE chetan (lawn green): 75→65 [0.1ms]
[2026-05-06 10:49:49] MOVE chetan (gray0): 21→19 [0.1ms]
[2026-05-06 10:49:49] MOVE chetan (lawn green): 65→75 [0.1ms]
[2026-05-06 10:49:49] MOVE chetan (gray0): 19→21 [0.1ms]
[2026-05-06 10:49:49] MOVE chetan (lawn green): 75→65 [0.1ms]
[2026-05-06 10:49:50] MOVE chetan (gray0): 21→19 [0.1ms]
[2026-05-06 10:49:50] MOVE chetan (lawn green): 65→75 [0.2ms]
[2026-05-06 10:49:50] MOVE chetan (gray0): 19→21 [0.1ms]
[2026-05-06 10:49:50] MOVE chetan (lawn green): 75→65 [0.1ms]
[2026-05-06 10:49:50] MOVE chetan (gray0): 21→19 [0.2ms]
[2026-05-06 10:49:50] MOVE chetan (lawn green): 65→75 [0.1ms]
[2026-05-06 10:49:51] MOVE chetan (gray0): 19→21 [0.1ms]
[2026-05-06 10:49:51] MOVE chetan (lawn green): 75→65 [0.1ms]
[2026-05-06 10:49:51] MOVE chetan (gray0): 21→19 [0.1ms]
[2026-05-06 10:49:51] MOVE chetan (lawn green): 65→75 [0.1ms]
[2026-05-06 10:49:51] MOVE chetan (gray0): 19→21 [0.1ms]
[2026-05-06 10:49:51] MOVE chetan (lawn green): 75→65 [0.1ms]
[2026-05-06 10:49:52] MOVE chetan (gray0): 21→19 [0.1ms]
[2026-05-06 10:49:52] MOVE chetan (lawn green): 65→75 [0.1ms]
[2026-05-06 10:49:52] MOVE chetan (gray0): 19→21 [0.2ms]
[2026-05-06 10:49:52] MOVE chetan (lawn green): 75→65 [0.1ms]
[2026-05-06 10:49:52] MOVE chetan (gray0): 21→19 [0.1ms]
[2026-05-06 10:49:52] MOVE chetan (lawn green): 65→75 [0.3ms]
[2026-05-06 10:49:53] MOVE chetan (gray0): 19→21 [0.1ms]
[2026-05-06 10:49:53] MOVE chetan (lawn green): 75→65 [0.1ms]
[2026-05-06 10:49:53] MOVE chetan (gray0): 21→19 [0.1ms]
[2026-05-06 10:49:53] MOVE chetan (lawn green): 65→75 [0.1ms]
[2026-05-06 10:49:53] MOVE chetan (gray0): 19→21 [0.2ms]
[2026-05-06 10:49:54] MOVE chetan (lawn green): 75→65 [0.1ms]
[2026-05-06 10:49:54] MOVE chetan (gray0): 21→19 [0.1ms]
[2026-05-06 10:49:54] MOVE chetan (lawn green): 65→75 [0.1ms]
[2026-05-06 10:49:54] MOVE chetan (gray0): 19→21 [0.1ms]
[2026-05-06 10:49:54] MOVE chetan (lawn green): 75→65 [0.4ms]
[2026-05-06 10:49:54] MOVE chetan (gray0): 21→19 [0.1ms]
[2026-05-06 10:49:55] MOVE chetan (lawn green): 65→75 [0.1ms]
[2026-05-06 10:49:55] MOVE chetan (gray0): 19→21 [0.1ms]
[2026-05-06 10:49:55] MOVE chetan (lawn green): 75→65 [0.2ms]
[2026-05-06 10:49:55] MOVE chetan (gray0): 21→19 [0.1ms]
[2026-05-06 10:49:56] MOVE chetan (lawn green): 65→75 [0.1ms]
[2026-05-06 10:49:56] MOVE chetan (gray0): 19→21 [0.1ms]
[2026-05-06 10:49:56] MOVE chetan (lawn green): 75→65 [0.1ms]
[2026-05-06 10:49:56] MOVE chetan (gray0): 21→19 [0.2ms]
[2026-05-06 10:49:56] MOVE chetan (lawn green): 65→75 [0.1ms]
[2026-05-06 10:49:56] MOVE chetan (gray0): 19→21 [0.1ms]
[2026-05-06 10:49:57] MOVE chetan (lawn green): 75→65 [0.1ms]
[2026-05-06 10:49:57] MOVE chetan (gray0): 21→19 [0.1ms]
[2026-05-06 10:49:57] MOVE chetan (lawn green): 65→75 [0.1ms]
[2026-05-06 10:49:57] MOVE chetan (gray0): 19→21 [0.6ms]
[2026-05-06 10:49:57] MOVE chetan (lawn green): 75→65 [0.1ms]
[2026-05-06 10:49:58] MOVE chetan (gray0): 21→19 [0.1ms]
[2026-05-06 10:49:58] MOVE chetan (lawn green): 65→75 [0.1ms]
[2026-05-06 10:49:58] MOVE chetan (gray0): 19→21 [0.1ms]
[2026-05-06 10:49:58] MOVE chetan (lawn green): 75→65 [0.1ms]
[2026-05-06 10:49:58] MOVE chetan (gray0): 21→19 [0.2ms]
[2026-05-06 10:49:59] MOVE chetan (lawn green): 65→75 [0.1ms]
[2026-05-06 10:49:59] MOVE chetan (gray0): 19→21 [0.1ms]
[2026-05-06 10:49:59] MOVE chetan (lawn green): 75→65 [0.1ms]
[2026-05-06 10:49:59] MOVE chetan (gray0): 21→19 [0.1ms]
[2026-05-06 10:49:59] MOVE chetan (lawn green): 65→75 [0.1ms]
[2026-05-06 10:49:59] MOVE chetan (gray0): 19→21 [0.1ms]
[2026-05-06 10:49:59] MOVE chetan (lawn green): 75→65 [0.2ms]
[2026-05-06 10:50:00] MOVE chetan (gray0): 21→19 [0.1ms]
[2026-05-06 10:50:00] MOVE chetan (lawn green): 65→75 [0.1ms]
[2026-05-06 10:50:00] MOVE chetan (gray0): 19→21 [0.1ms]
[2026-05-06 10:50:00] MOVE chetan (lawn green): 75→65 [0.1ms]
[2026-05-06 10:50:00] MOVE chetan (gray0): 21→19 [0.1ms]
[2026-05-06 10:50:00] MOVE chetan (lawn green): 65→75 [0.1ms]
[2026-05-06 10:50:01] MOVE chetan (gray0): 19→21 [0.1ms]
[2026-05-06 10:50:01] MOVE chetan (lawn green): 75→65 [0.1ms]
[2026-05-06 10:50:01] MOVE chetan (gray0): 21→19 [0.1ms]
[2026-05-06 10:50:01] MOVE chetan (lawn green): 65→75 [0.3ms]
[2026-05-06 10:50:01] MOVE chetan (gray0): 19→21 [0.1ms]
[2026-05-06 10:50:01] MOVE chetan (lawn green): 75→65 [0.1ms]
[2026-05-06 10:50:02] MOVE chetan (gray0): 21→19 [0.1ms]
[2026-05-06 10:50:02] MOVE chetan (lawn green): 65→75 [0.1ms]
[2026-05-06 10:50:02] MOVE chetan (gray0): 19→21 [0.1ms]
[2026-05-06 10:50:02] MOVE chetan (lawn green): 75→65 [0.1ms]
[2026-05-06 10:50:02] MOVE chetan (gray0): 21→19 [0.1ms]
[2026-05-06 10:50:02] MOVE chetan (lawn green): 65→75 [0.1ms]
[2026-05-06 10:50:03] MOVE chetan (gray0): 19→21 [0.1ms]
[2026-05-06 10:50:03] MOVE chetan (lawn green): 75→65 [0.1ms]
[2026-05-06 10:50:03] MOVE chetan (gray0): 21→19 [0.1ms]
[2026-05-06 10:50:03] MOVE chetan (lawn green): 65→75 [0.1ms]
[2026-05-06 10:50:03] MOVE chetan (gray0): 19→21 [0.1ms]
[2026-05-06 10:50:03] MOVE chetan (lawn green): 75→65 [0.3ms]
[2026-05-06 10:50:04] MOVE chetan (gray0): 21→19 [0.1ms]
[2026-05-06 10:50:04] MOVE chetan (lawn green): 65→75 [0.1ms]
[2026-05-06 10:50:04] MOVE chetan (gray0): 19→21 [0.1ms]
[2026-05-06 10:50:04] MOVE chetan (lawn green): 75→65 [0.1ms]
[2026-05-06 10:50:04] MOVE chetan (gray0): 21→19 [0.1ms]
[2026-05-06 10:50:04] MOVE chetan (lawn green): 65→75 [0.2ms]
[2026-05-06 10:50:05] MOVE chetan (gray0): 19→21 [0.1ms]
[2026-05-06 10:50:05] MOVE chetan (lawn green): 75→65 [0.1ms]
[2026-05-06 10:50:05] MOVE chetan (gray0): 21→19 [0.1ms]
[2026-05-06 10:50:05] MOVE chetan (lawn green): 65→75 [0.1ms]
[2026-05-06 10:50:05] MOVE chetan (gray0): 19→21 [0.1ms]
[2026-05-06 10:50:05] MOVE chetan (lawn green): 75→65 [0.1ms]
[2026-05-06 10:50:05] MOVE chetan (gray0): 21→19 [0.1ms]
[2026-05-06 10:50:06] MOVE chetan (lawn green): 65→75 [0.1ms]
[2026-05-06 10:50:06] MOVE chetan (gray0): 19→21 [0.1ms]
[2026-05-06 10:50:06] MOVE chetan (lawn green): 75→65 [0.1ms]
[2026-05-06 10:50:06] MOVE chetan (gray0): 21→19 [0.1ms]
[2026-05-06 10:50:06] MOVE chetan (lawn green): 65→75 [0.1ms]
[2026-05-06 10:50:06] MOVE chetan (gray0): 19→21 [0.1ms]
[2026-05-06 10:50:07] MOVE chetan (lawn green): 75→65 [0.1ms]
[2026-05-06 10:50:07] MOVE chetan (gray0): 21→19 [0.1ms]
[2026-05-06 10:50:07] MOVE chetan (lawn green): 65→75 [0.7ms]
[2026-05-06 10:50:07] MOVE chetan (gray0): 19→21 [0.1ms]
[2026-05-06 10:50:07] MOVE chetan (lawn green): 75→65 [0.2ms]
[2026-05-06 10:50:07] MOVE chetan (gray0): 21→19 [0.1ms]
[2026-05-06 10:50:08] MOVE chetan (lawn green): 65→75 [0.1ms]
[2026-05-06 10:50:08] MOVE chetan (gray0): 19→21 [0.2ms]
[2026-05-06 10:50:08] MOVE chetan (lawn green): 75→65 [0.1ms]
[2026-05-06 10:50:08] MOVE chetan (gray0): 21→19 [0.1ms]
[2026-05-06 10:50:08] MOVE chetan (lawn green): 65→75 [0.1ms]
[2026-05-06 10:50:08] MOVE chetan (gray0): 19→21 [0.1ms]
[2026-05-06 10:50:09] MOVE chetan (lawn green): 75→65 [0.1ms]
[2026-05-06 10:50:09] MOVE chetan (gray0): 21→19 [0.2ms]
[2026-05-06 10:50:09] MOVE chetan (lawn green): 65→75 [0.1ms]
[2026-05-06 10:50:09] MOVE chetan (gray0): 19→21 [0.2ms]
[2026-05-06 10:50:09] MOVE chetan (lawn green): 75→65 [0.1ms]
[2026-05-06 10:50:09] MOVE chetan (gray0): 21→19 [0.1ms]
[2026-05-06 10:50:09] MOVE chetan (lawn green): 65→75 [0.2ms]
[2026-05-06 10:50:10] MOVE chetan (gray0): 19→21 [0.1ms]
[2026-05-06 10:50:10] MOVE chetan (lawn green): 75→65 [0.1ms]
[2026-05-06 10:50:10] MOVE chetan (gray0): 21→19 [0.2ms]
[2026-05-06 10:50:10] MOVE chetan (lawn green): 65→75 [0.1ms]
[2026-05-06 10:50:10] MOVE chetan (gray0): 19→21 [0.1ms]
[2026-05-06 10:50:10] MOVE chetan (lawn green): 75→65 [0.1ms]
[2026-05-06 10:50:11] MOVE chetan (gray0): 21→19 [0.1ms]
[2026-05-06 10:50:11] MOVE chetan (lawn green): 65→75 [0.1ms]
[2026-05-06 10:50:11] MOVE chetan (gray0): 19→21 [0.1ms]
[2026-05-06 10:50:11] MOVE chetan (lawn green): 75→65 [0.1ms]
[2026-05-06 10:50:11] MOVE chetan (gray0): 21→19 [0.1ms]
[2026-05-06 10:50:11] MOVE chetan (lawn green): 65→75 [0.1ms]
[2026-05-06 10:50:12] MOVE chetan (gray0): 19→21 [0.1ms]
[2026-05-06 10:50:12] MOVE chetan (lawn green): 75→65 [0.2ms]
[2026-05-06 10:50:12] MOVE chetan (gray0): 21→19 [0.1ms]
[2026-05-06 10:50:12] MOVE chetan (lawn green): 65→75 [0.1ms]
[2026-05-06 10:50:13] MOVE chetan (gray0): 19→21 [0.1ms]
[2026-05-06 10:50:13] MOVE chetan (lawn green): 75→65 [0.2ms]
[2026-05-06 10:50:13] MOVE chetan (gray0): 21→19 [0.1ms]
[2026-05-06 10:50:13] MOVE chetan (lawn green): 65→75 [0.2ms]
[2026-05-06 10:50:14] MOVE chetan (gray0): 19→21 [0.1ms]
[2026-05-06 10:50:14] MOVE chetan (lawn green): 75→65 [0.1ms]
[2026-05-06 10:50:14] MOVE chetan (gray0): 21→19 [0.2ms]
[2026-05-06 10:50:14] MOVE chetan (lawn green): 65→75 [0.9ms]
[2026-05-06 10:50:15] MOVE chetan (gray0): 19→21 [0.1ms]
[2026-05-06 10:50:15] MOVE chetan (lawn green): 75→65 [0.1ms]
[2026-05-06 10:50:15] MOVE chetan (gray0): 21→19 [0.4ms]
[2026-05-06 10:50:15] MOVE chetan (lawn green): 65→75 [0.1ms]
[2026-05-06 10:50:16] MOVE chetan (gray0): 19→21 [0.1ms]
[2026-05-06 10:50:16] MOVE chetan (lawn green): 75→65 [0.1ms]
[2026-05-06 10:50:16] MOVE chetan (gray0): 21→19 [0.1ms]
[2026-05-06 10:50:16] MOVE chetan (lawn green): 65→75 [0.1ms]
[2026-05-06 10:50:16] MOVE chetan (gray0): 19→21 [0.1ms]
[2026-05-06 10:50:16] MOVE chetan (lawn green): 75→65 [0.2ms]
[2026-05-06 10:50:16] MOVE chetan (gray0): 21→19 [0.1ms]
[2026-05-06 10:50:16] MOVE chetan (lawn green): 65→75 [0.1ms]
[2026-05-06 10:50:17] MOVE chetan (gray0): 19→21 [0.1ms]
[2026-05-06 10:50:17] MOVE chetan (lawn green): 75→65 [0.2ms]
[2026-05-06 10:50:17] MOVE chetan (gray0): 21→19 [0.1ms]
[2026-05-06 10:50:17] MOVE chetan (lawn green): 65→75 [0.1ms]
[2026-05-06 10:50:17] MOVE chetan (gray0): 19→21 [0.1ms]
[2026-05-06 10:50:17] MOVE chetan (lawn green): 75→65 [0.1ms]
[2026-05-06 10:50:18] MOVE chetan (gray0): 21→19 [0.1ms]
[2026-05-06 10:50:18] MOVE chetan (lawn green): 65→75 [0.2ms]
[2026-05-06 10:50:18] MOVE chetan (gray0): 19→21 [0.1ms]
[2026-05-06 10:50:18] MOVE chetan (lawn green): 75→65 [0.1ms]
[2026-05-06 10:50:19] MOVE chetan (gray0): 21→19 [0.1ms]
[2026-05-06 10:50:19] MOVE chetan (lawn green): 65→75 [0.1ms]
[2026-05-06 10:50:19] MOVE chetan (gray0): 19→21 [0.1ms]
[2026-05-06 10:50:19] MOVE chetan (lawn green): 75→65 [0.1ms]
[2026-05-06 10:50:20] MOVE chetan (gray0): 21→19 [0.1ms]
[2026-05-06 10:50:20] MOVE chetan (lawn green): 65→75 [0.1ms]
[2026-05-06 10:50:20] MOVE chetan (gray0): 19→21 [0.3ms]
[2026-05-06 10:50:20] MOVE chetan (lawn green): 75→65 [0.1ms]
[2026-05-06 10:50:20] MOVE chetan (gray0): 21→19 [0.1ms]
[2026-05-06 10:50:20] MOVE chetan (lawn green): 65→75 [0.1ms]
[2026-05-06 10:50:21] MOVE chetan (gray0): 19→21 [0.4ms]
[2026-05-06 10:50:21] MOVE chetan (lawn green): 75→65 [0.1ms]
[2026-05-06 10:50:21] MOVE chetan (gray0): 21→19 [0.1ms]
[2026-05-06 10:50:21] MOVE chetan (lawn green): 65→75 [0.2ms]
[2026-05-06 10:50:21] MOVE chetan (gray0): 19→21 [0.1ms]
[2026-05-06 10:50:21] MOVE chetan (lawn green): 75→65 [0.1ms]
[2026-05-06 10:50:22] MOVE chetan (gray0): 21→19 [0.3ms]
[2026-05-06 10:50:22] MOVE chetan (lawn green): 65→75 [0.1ms]
[2026-05-06 10:50:22] MOVE chetan (gray0): 19→21 [0.1ms]
[2026-05-06 10:50:22] MOVE chetan (lawn green): 75→65 [0.1ms]
[2026-05-06 10:50:22] MOVE chetan (gray0): 21→19 [0.1ms]
[2026-05-06 10:50:22] MOVE chetan (lawn green): 65→75 [0.1ms]
[2026-05-06 10:50:23] MOVE chetan (gray0): 19→21 [0.2ms]
[2026-05-06 10:50:23] MOVE chetan (lawn green): 75→65 [0.2ms]
[2026-05-06 10:50:23] MOVE chetan (gray0): 21→19 [0.1ms]
[2026-05-06 10:50:23] MOVE chetan (lawn green): 65→75 [0.2ms]
[2026-05-06 10:50:23] MOVE chetan (gray0): 19→21 [0.1ms]
[2026-05-06 10:50:24] MOVE chetan (lawn green): 75→65 [0.1ms]
[2026-05-06 10:50:24] MOVE chetan (gray0): 21→19 [0.5ms]
[2026-05-06 10:50:24] MOVE chetan (lawn green): 65→75 [0.1ms]
[2026-05-06 10:50:24] MOVE chetan (gray0): 19→21 [0.2ms]
[2026-05-06 10:50:24] MOVE chetan (lawn green): 75→65 [0.2ms]
[2026-05-06 10:50:24] MOVE chetan (gray0): 21→19 [0.1ms]
[2026-05-06 10:50:25] MOVE chetan (lawn green): 65→75 [0.1ms]
[2026-05-06 10:50:25] MOVE chetan (gray0): 19→21 [0.1ms]
[2026-05-06 10:50:25] MOVE chetan (lawn green): 75→65 [0.1ms]
[2026-05-06 10:50:25] MOVE chetan (gray0): 21→19 [0.2ms]
[2026-05-06 10:50:26] MOVE chetan (lawn green): 65→75 [0.1ms]
[2026-05-06 10:50:26] MOVE chetan (gray0): 19→21 [0.1ms]
[2026-05-06 10:50:26] MOVE chetan (lawn green): 75→65 [0.1ms]
[2026-05-06 10:50:26] MOVE chetan (gray0): 21→19 [0.2ms]
[2026-05-06 10:50:27] MOVE chetan (lawn green): 65→75 [0.1ms]
[2026-05-06 10:50:27] MOVE chetan (gray0): 19→21 [0.1ms]
[2026-05-06 10:50:27] MOVE chetan (lawn green): 75→65 [0.1ms]
[2026-05-06 10:50:27] MOVE chetan (gray0): 21→19 [0.1ms]
[2026-05-06 10:50:27] MOVE chetan (lawn green): 65→75 [0.1ms]
[2026-05-06 10:50:27] MOVE chetan (gray0): 19→21 [0.1ms]
[2026-05-06 10:50:28] MOVE chetan (lawn green): 75→65 [0.1ms]
[2026-05-06 10:50:28] MOVE chetan (gray0): 21→19 [0.1ms]
[2026-05-06 10:50:28] MOVE chetan (lawn green): 65→75 [1.0ms]
[2026-05-06 10:50:28] MOVE chetan (gray0): 19→21 [2.8ms]
[2026-05-06 10:50:28] MOVE chetan (lawn green): 75→65 [0.1ms]
[2026-05-06 10:50:28] MOVE chetan (gray0): 21→19 [0.1ms]
[2026-05-06 10:50:29] MOVE chetan (lawn green): 65→75 [0.2ms]
[2026-05-06 10:50:29] MOVE chetan (gray0): 19→21 [0.1ms]
[2026-05-06 10:50:29] MOVE chetan (lawn green): 75→65 [0.1ms]
[2026-05-06 10:50:29] MOVE chetan (gray0): 21→19 [0.1ms]
[2026-05-06 10:50:30] MOVE chetan (lawn green): 65→75 [0.1ms]
[2026-05-06 10:50:30] MOVE chetan (gray0): 19→21 [0.1ms]
[2026-05-06 10:50:30] MOVE chetan (lawn green): 75→65 [0.1ms]
[2026-05-06 10:50:30] MOVE chetan (gray0): 21→19 [0.2ms]
[2026-05-06 10:50:31] MOVE chetan (lawn green): 65→75 [0.1ms]
[2026-05-06 10:50:31] MOVE chetan (gray0): 19→21 [0.1ms]
[2026-05-06 10:50:31] MOVE chetan (lawn green): 75→65 [0.1ms]
[2026-05-06 10:50:31] MOVE chetan (gray0): 21→19 [0.1ms]
[2026-05-06 10:50:31] MOVE chetan (lawn green): 65→75 [0.1ms]
[2026-05-06 10:50:31] MOVE chetan (gray0): 19→21 [0.1ms]
[2026-05-06 10:50:31] MOVE chetan (lawn green): 75→65 [0.1ms]
[2026-05-06 10:50:32] MOVE chetan (gray0): 21→19 [0.1ms]
[2026-05-06 10:50:32] MOVE chetan (lawn green): 65→75 [0.2ms]
[2026-05-06 10:50:32] MOVE chetan (gray0): 19→21 [0.1ms]
[2026-05-06 10:50:32] MOVE chetan (lawn green): 75→65 [0.1ms]
[2026-05-06 10:50:32] MOVE chetan (gray0): 21→19 [0.1ms]
[2026-05-06 10:50:32] MOVE chetan (lawn green): 65→75 [0.2ms]
[2026-05-06 10:50:32] MOVE chetan (gray0): 19→21 [0.1ms]
[2026-05-06 10:50:33] MOVE chetan (lawn green): 75→65 [0.1ms]
[2026-05-06 10:50:33] MOVE chetan (gray0): 21→19 [0.2ms]
[2026-05-06 10:50:33] MOVE chetan (lawn green): 65→75 [0.1ms]
[2026-05-06 10:50:33] MOVE chetan (gray0): 19→21 [0.1ms]
[2026-05-06 10:50:33] MOVE chetan (lawn green): 75→65 [0.2ms]
[2026-05-06 10:50:33] MOVE chetan (gray0): 21→19 [0.1ms]
[2026-05-06 10:50:34] MOVE chetan (lawn green): 65→75 [0.1ms]
[2026-05-06 10:50:34] MOVE chetan (gray0): 19→21 [0.2ms]
[2026-05-06 10:50:34] MOVE chetan (lawn green): 75→65 [0.1ms]
[2026-05-06 10:50:34] MOVE chetan (gray0): 21→19 [0.1ms]
[2026-05-06 10:50:34] MOVE chetan (lawn green): 65→75 [1.0ms]
[2026-05-06 10:50:34] MOVE chetan (gray0): 19→21 [0.1ms]
[2026-05-06 10:50:35] MOVE chetan (lawn green): 75→65 [0.2ms]
[2026-05-06 10:50:35] MOVE chetan (gray0): 21→19 [0.2ms]
[2026-05-06 10:50:35] MOVE chetan (lawn green): 65→75 [0.1ms]
[2026-05-06 10:50:35] MOVE chetan (gray0): 19→21 [0.2ms]
[2026-05-06 10:50:36] MOVE chetan (lawn green): 75→65 [0.2ms]
[2026-05-06 10:50:36] MOVE chetan (gray0): 21→19 [0.1ms]
[2026-05-06 10:50:36] MOVE chetan (lawn green): 65→75 [0.1ms]
[2026-05-06 10:50:36] MOVE chetan (gray0): 19→21 [0.2ms]
[2026-05-06 10:50:36] MOVE chetan (lawn green): 75→65 [0.3ms]
[2026-05-06 10:50:37] MOVE chetan (gray0): 21→19 [0.1ms]
[2026-05-06 10:50:37] MOVE chetan (lawn green): 65→75 [0.1ms]
[2026-05-06 10:50:37] MOVE chetan (gray0): 19→21 [0.1ms]
[2026-05-06 10:50:37] MOVE chetan (lawn green): 75→65 [0.1ms]
[2026-05-06 10:50:37] MOVE chetan (gray0): 21→19 [0.1ms]
[2026-05-06 10:50:37] MOVE chetan (lawn green): 65→75 [0.3ms]
[2026-05-06 10:50:38] MOVE chetan (gray0): 19→21 [0.1ms]
[2026-05-06 10:50:38] MOVE chetan (lawn green): 75→65 [0.1ms]
[2026-05-06 10:50:38] MOVE chetan (gray0): 21→19 [0.1ms]
[2026-05-06 10:50:38] MOVE chetan (lawn green): 65→75 [0.1ms]
[2026-05-06 10:50:38] MOVE chetan (gray0): 19→21 [0.1ms]
[2026-05-06 10:50:38] MOVE chetan (lawn green): 75→65 [0.2ms]
[2026-05-06 10:50:39] MOVE chetan (gray0): 21→19 [0.3ms]
[2026-05-06 10:50:39] MOVE chetan (lawn green): 65→75 [0.1ms]
[2026-05-06 10:50:39] MOVE chetan (gray0): 19→21 [0.1ms]
[2026-05-06 10:50:39] MOVE chetan (lawn green): 75→65 [0.2ms]
[2026-05-06 10:50:39] MOVE chetan (gray0): 21→19 [0.1ms]
[2026-05-06 10:50:39] MOVE chetan (lawn green): 65→75 [0.1ms]
[2026-05-06 10:50:39] MOVE chetan (gray0): 19→21 [0.1ms]
[2026-05-06 10:50:40] MOVE chetan (lawn green): 75→65 [0.1ms]
[2026-05-06 10:50:40] MOVE chetan (gray0): 21→19 [0.1ms]
[2026-05-06 10:50:40] MOVE chetan (lawn green): 65→75 [0.1ms]
[2026-05-06 10:50:40] MOVE chetan (gray0): 19→21 [0.1ms]
[2026-05-06 10:50:40] MOVE chetan (lawn green): 75→65 [0.1ms]
[2026-05-06 10:50:40] MOVE chetan (gray0): 21→19 [0.1ms]
[2026-05-06 10:50:41] MOVE chetan (lawn green): 65→75 [0.1ms]
[2026-05-06 10:50:41] MOVE chetan (gray0): 19→21 [0.1ms]
[2026-05-06 10:50:41] MOVE chetan (lawn green): 75→65 [0.1ms]
[2026-05-06 10:50:41] MOVE chetan (gray0): 21→19 [0.3ms]
[2026-05-06 10:50:41] MOVE chetan (lawn green): 65→75 [0.3ms]
[2026-05-06 10:50:41] MOVE chetan (gray0): 19→21 [0.2ms]
[2026-05-06 10:50:42] MOVE chetan (lawn green): 75→65 [0.1ms]
[2026-05-06 10:50:42] MOVE chetan (gray0): 21→19 [0.2ms]
[2026-05-06 10:50:42] MOVE chetan (lawn green): 65→75 [0.1ms]
[2026-05-06 10:50:42] MOVE chetan (gray0): 19→21 [0.1ms]
[2026-05-06 10:50:42] MOVE chetan (lawn green): 75→65 [0.1ms]
[2026-05-06 10:50:42] MOVE chetan (gray0): 21→19 [0.1ms]
[2026-05-06 10:50:43] MOVE chetan (lawn green): 65→75 [0.3ms]
[2026-05-06 10:50:43] MOVE chetan (gray0): 19→21 [0.1ms]
[2026-05-06 10:50:43] MOVE chetan (lawn green): 75→65 [0.1ms]
[2026-05-06 10:50:43] MOVE chetan (gray0): 21→19 [0.1ms]
[2026-05-06 10:50:43] MOVE chetan (lawn green): 65→75 [0.1ms]
[2026-05-06 10:50:43] MOVE chetan (gray0): 19→21 [0.1ms]
[2026-05-06 10:50:44] MOVE chetan (lawn green): 75→65 [0.1ms]
[2026-05-06 10:50:44] MOVE chetan (gray0): 21→19 [0.1ms]
[2026-05-06 10:50:44] MOVE chetan (lawn green): 65→75 [0.1ms]
[2026-05-06 10:50:44] MOVE chetan (gray0): 19→21 [0.1ms]
[2026-05-06 10:50:44] MOVE chetan (lawn green): 75→65 [0.2ms]
[2026-05-06 10:50:44] MOVE chetan (gray0): 21→19 [0.3ms]
[2026-05-06 10:50:45] MOVE chetan (lawn green): 65→75 [0.1ms]
[2026-05-06 10:50:45] MOVE chetan (gray0): 19→21 [0.1ms]
[2026-05-06 10:50:45] MOVE chetan (lawn green): 75→65 [0.1ms]
[2026-05-06 10:50:45] MOVE chetan (gray0): 21→19 [0.1ms]
[2026-05-06 10:50:45] MOVE chetan (lawn green): 65→75 [0.2ms]
[2026-05-06 10:50:45] MOVE chetan (gray0): 19→21 [0.1ms]
[2026-05-06 10:50:46] MOVE chetan (lawn green): 75→65 [0.1ms]
[2026-05-06 10:50:46] MOVE chetan (gray0): 21→19 [0.1ms]
[2026-05-06 10:50:46] MOVE chetan (lawn green): 65→75 [0.1ms]
[2026-05-06 10:50:46] MOVE chetan (gray0): 19→21 [0.2ms]
[2026-05-06 10:50:46] MOVE chetan (lawn green): 75→65 [0.5ms]
[2026-05-06 10:50:46] MOVE chetan (gray0): 21→19 [0.1ms]
[2026-05-06 10:50:46] MOVE chetan (lawn green): 65→75 [0.2ms]
[2026-05-06 10:50:47] MOVE chetan (gray0): 19→21 [0.1ms]
[2026-05-06 10:50:47] MOVE chetan (lawn green): 75→65 [0.1ms]
[2026-05-06 10:50:47] MOVE chetan (gray0): 21→19 [0.1ms]
[2026-05-06 10:50:47] MOVE chetan (lawn green): 65→75 [0.2ms]
[2026-05-06 10:50:47] MOVE chetan (gray0): 19→21 [0.1ms]
[2026-05-06 10:50:47] MOVE chetan (lawn green): 75→65 [0.1ms]
[2026-05-06 10:50:48] MOVE chetan (gray0): 21→19 [0.1ms]
[2026-05-06 10:50:48] MOVE chetan (lawn green): 65→75 [10.6ms]
[2026-05-06 10:50:48] MOVE chetan (gray0): 19→21 [0.2ms]
[2026-05-06 10:50:48] MOVE chetan (lawn green): 75→65 [0.1ms]
[2026-05-06 10:50:48] MOVE chetan (gray0): 21→19 [0.1ms]
[2026-05-06 10:50:48] MOVE chetan (lawn green): 65→75 [0.1ms]
[2026-05-06 10:50:49] MOVE chetan (gray0): 19→21 [0.1ms]
[2026-05-06 10:50:49] MOVE chetan (lawn green): 75→65 [0.1ms]
[2026-05-06 10:50:49] MOVE chetan (gray0): 21→19 [0.1ms]
[2026-05-06 10:50:49] MOVE chetan (lawn green): 65→75 [0.1ms]
[2026-05-06 10:50:49] MOVE chetan (gray0): 19→21 [0.1ms]
[2026-05-06 10:50:49] MOVE chetan (lawn green): 75→65 [0.1ms]
[2026-05-06 10:50:49] MOVE chetan (gray0): 21→19 [0.1ms]
[2026-05-06 10:50:50] MOVE chetan (lawn green): 65→75 [0.2ms]
[2026-05-06 10:50:50] MOVE chetan (gray0): 19→21 [0.1ms]
[2026-05-06 10:50:50] MOVE chetan (lawn green): 75→65 [0.1ms]
[2026-05-06 10:50:50] MOVE chetan (gray0): 21→19 [0.1ms]
[2026-05-06 10:50:50] MOVE chetan (lawn green): 65→75 [0.2ms]
[2026-05-06 10:50:50] MOVE chetan (gray0): 19→21 [0.1ms]
[2026-05-06 10:50:51] MOVE chetan (lawn green): 75→65 [0.1ms]
[2026-05-06 10:50:51] MOVE chetan (gray0): 21→19 [0.1ms]
[2026-05-06 10:50:51] MOVE chetan (lawn green): 65→75 [0.1ms]
[2026-05-06 10:50:51] MOVE chetan (gray0): 19→21 [0.1ms]
[2026-05-06 10:50:51] MOVE chetan (lawn green): 75→65 [0.2ms]
[2026-05-06 10:50:51] MOVE chetan (gray0): 21→19 [0.2ms]
[2026-05-06 10:50:52] MOVE chetan (lawn green): 65→75 [0.2ms]
[2026-05-06 10:50:52] MOVE chetan (gray0): 19→21 [0.1ms]
[2026-05-06 10:50:52] MOVE chetan (lawn green): 75→65 [0.1ms]
[2026-05-06 10:50:52] MOVE chetan (gray0): 21→19 [0.1ms]
[2026-05-06 10:50:52] MOVE chetan (lawn green): 65→75 [0.1ms]
[2026-05-06 10:50:52] MOVE chetan (gray0): 19→21 [0.1ms]
[2026-05-06 10:50:53] MOVE chetan (lawn green): 75→65 [0.1ms]
[2026-05-06 10:50:53] MOVE chetan (gray0): 21→19 [0.2ms]
[2026-05-06 10:50:53] MOVE chetan (lawn green): 65→75 [0.1ms]
[2026-05-06 10:50:53] MOVE chetan (gray0): 19→21 [0.1ms]
[2026-05-06 10:50:53] MOVE chetan (lawn green): 75→65 [0.1ms]
[2026-05-06 10:50:53] MOVE chetan (gray0): 21→19 [0.3ms]
[2026-05-06 10:50:54] MOVE chetan (lawn green): 65→75 [0.1ms]
[2026-05-06 10:50:54] MOVE chetan (gray0): 19→21 [0.1ms]
[2026-05-06 10:50:54] MOVE chetan (lawn green): 75→65 [0.2ms]
[2026-05-06 10:50:54] MOVE chetan (gray0): 21→19 [0.1ms]
[2026-05-06 10:50:54] MOVE chetan (lawn green): 65→75 [0.1ms]
[2026-05-06 10:50:54] MOVE chetan (gray0): 19→21 [0.1ms]
[2026-05-06 10:50:55] MOVE chetan (lawn green): 75→65 [0.1ms]
[2026-05-06 10:50:55] MOVE chetan (gray0): 21→19 [0.1ms]
[2026-05-06 10:50:55] MOVE chetan (lawn green): 65→75 [0.1ms]
[2026-05-06 10:50:55] MOVE chetan (gray0): 19→21 [0.1ms]
[2026-05-06 10:50:55] MOVE chetan (lawn green): 75→65 [0.4ms]
[2026-05-06 10:50:55] MOVE chetan (gray0): 21→19 [0.1ms]
[2026-05-06 10:50:56] MOVE chetan (lawn green): 65→75 [0.1ms]
[2026-05-06 10:50:56] MOVE chetan (gray0): 19→21 [0.1ms]
[2026-05-06 10:50:56] MOVE chetan (lawn green): 75→65 [0.1ms]
[2026-05-06 10:50:56] MOVE chetan (gray0): 21→19 [0.2ms]
[2026-05-06 10:50:56] MOVE chetan (lawn green): 65→75 [0.1ms]
[2026-05-06 10:50:56] MOVE chetan (gray0): 19→21 [0.1ms]
[2026-05-06 10:50:56] MOVE chetan (lawn green): 75→65 [0.1ms]
[2026-05-06 10:50:57] MOVE chetan (gray0): 21→19 [0.1ms]
[2026-05-06 10:50:57] MOVE chetan (lawn green): 65→75 [5.1ms]
[2026-05-06 10:50:57] MOVE chetan (gray0): 19→21 [0.1ms]
[2026-05-06 10:50:57] MOVE chetan (lawn green): 75→65 [0.1ms]
[2026-05-06 10:50:57] MOVE chetan (gray0): 21→19 [0.1ms]
[2026-05-06 10:50:57] MOVE chetan (lawn green): 65→75 [0.1ms]
[2026-05-06 10:50:58] MOVE chetan (gray0): 19→21 [0.1ms]
[2026-05-06 10:50:58] MOVE chetan (lawn green): 75→65 [0.1ms]
[2026-05-06 10:50:58] MOVE chetan (gray0): 21→19 [0.1ms]
[2026-05-06 10:50:58] MOVE chetan (lawn green): 65→75 [0.1ms]
[2026-05-06 10:50:58] MOVE chetan (gray0): 19→21 [0.1ms]
[2026-05-06 10:50:58] MOVE chetan (lawn green): 75→65 [0.1ms]
[2026-05-06 10:50:59] MOVE chetan (gray0): 21→19 [0.1ms]
[2026-05-06 10:50:59] MOVE chetan (lawn green): 65→75 [0.1ms]
[2026-05-06 10:50:59] MOVE chetan (gray0): 19→21 [0.1ms]
[2026-05-06 10:50:59] MOVE chetan (lawn green): 75→65 [0.1ms]
[2026-05-06 10:50:59] MOVE chetan (gray0): 21→19 [0.1ms]
[2026-05-06 10:50:59] MOVE chetan (lawn green): 65→75 [0.3ms]
[2026-05-06 10:51:00] MOVE chetan (gray0): 19→21 [0.1ms]
[2026-05-06 10:51:00] MOVE chetan (lawn green): 75→65 [0.2ms]
[2026-05-06 10:51:00] MOVE chetan (gray0): 21→19 [0.2ms]
[2026-05-06 10:51:00] MOVE chetan (lawn green): 65→75 [0.1ms]
[2026-05-06 10:51:00] MOVE chetan (gray0): 19→21 [0.4ms]
[2026-05-06 10:51:00] MOVE chetan (lawn green): 75→65 [0.2ms]
[2026-05-06 10:51:01] MOVE chetan (gray0): 21→19 [0.2ms]
[2026-05-06 10:51:01] MOVE chetan (lawn green): 65→75 [0.2ms]
[2026-05-06 10:51:01] MOVE chetan (gray0): 19→21 [0.2ms]
[2026-05-06 10:51:01] MOVE chetan (lawn green): 75→65 [0.3ms]
[2026-05-06 10:51:01] MOVE chetan (gray0): 21→19 [0.1ms]
[2026-05-06 10:51:01] MOVE chetan (lawn green): 65→75 [0.1ms]
[2026-05-06 10:51:01] MOVE chetan (gray0): 19→21 [0.2ms]
[2026-05-06 10:51:02] MOVE chetan (lawn green): 75→65 [0.1ms]
[2026-05-06 10:51:02] MOVE chetan (gray0): 21→19 [0.1ms]
[2026-05-06 10:51:02] MOVE chetan (lawn green): 65→75 [0.1ms]
[2026-05-06 10:51:02] MOVE chetan (gray0): 19→21 [0.2ms]
[2026-05-06 10:51:02] MOVE chetan (lawn green): 75→65 [0.1ms]
[2026-05-06 10:51:02] MOVE chetan (gray0): 21→19 [0.1ms]
[2026-05-06 10:51:03] MOVE chetan (lawn green): 65→75 [0.1ms]
[2026-05-06 10:51:03] MOVE chetan (gray0): 19→21 [0.1ms]
[2026-05-06 10:51:03] MOVE chetan (lawn green): 75→65 [0.1ms]
[2026-05-06 10:51:03] MOVE chetan (gray0): 21→19 [0.1ms]
[2026-05-06 10:51:03] MOVE chetan (lawn green): 65→75 [0.3ms]
[2026-05-06 10:51:03] MOVE chetan (gray0): 19→21 [0.1ms]
[2026-05-06 10:51:04] MOVE chetan (lawn green): 75→65 [0.2ms]
[2026-05-06 10:51:04] MOVE chetan (gray0): 21→19 [0.1ms]
[2026-05-06 10:51:04] MOVE chetan (lawn green): 65→75 [0.3ms]
[2026-05-06 10:51:04] MOVE chetan (gray0): 19→21 [0.3ms]
[2026-05-06 10:51:04] MOVE chetan (lawn green): 75→65 [0.1ms]
[2026-05-06 10:51:04] MOVE chetan (gray0): 21→19 [0.1ms]
[2026-05-06 10:51:05] MOVE chetan (lawn green): 65→75 [0.1ms]
[2026-05-06 10:51:05] MOVE chetan (gray0): 19→21 [0.1ms]
[2026-05-06 10:51:05] MOVE chetan (lawn green): 75→65 [0.1ms]
[2026-05-06 10:51:05] MOVE chetan (gray0): 21→19 [0.1ms]
[2026-05-06 10:51:05] MOVE chetan (lawn green): 65→75 [0.1ms]
[2026-05-06 10:51:05] MOVE chetan (gray0): 19→21 [0.1ms]
[2026-05-06 10:51:06] MOVE chetan (lawn green): 75→65 [0.1ms]
[2026-05-06 10:51:06] MOVE chetan (gray0): 21→19 [0.1ms]
[2026-05-06 10:51:06] MOVE chetan (lawn green): 65→75 [0.1ms]
[2026-05-06 10:51:06] MOVE chetan (gray0): 19→21 [0.1ms]
[2026-05-06 10:51:06] MOVE chetan (lawn green): 75→65 [0.1ms]
[2026-05-06 10:51:06] MOVE chetan (gray0): 21→19 [0.1ms]
[2026-05-06 10:51:07] MOVE chetan (lawn green): 65→75 [0.4ms]
[2026-05-06 10:51:07] MOVE chetan (gray0): 19→21 [0.2ms]
[2026-05-06 10:51:07] MOVE chetan (lawn green): 75→65 [0.2ms]
[2026-05-06 10:51:07] MOVE chetan (gray0): 21→19 [0.1ms]
[2026-05-06 10:51:07] MOVE chetan (lawn green): 65→75 [0.3ms]
[2026-05-06 10:51:07] MOVE chetan (gray0): 19→21 [0.1ms]
[2026-05-06 10:51:08] MOVE chetan (lawn green): 75→65 [0.1ms]
[2026-05-06 10:51:08] MOVE chetan (gray0): 21→19 [0.1ms]
[2026-05-06 10:51:08] MOVE chetan (lawn green): 65→75 [0.1ms]
[2026-05-06 10:51:08] MOVE chetan (gray0): 19→21 [0.1ms]
[2026-05-06 10:51:08] MOVE chetan (lawn green): 75→65 [0.1ms]
[2026-05-06 10:51:08] MOVE chetan (gray0): 21→19 [0.1ms]
[2026-05-06 10:51:09] MOVE chetan (lawn green): 65→75 [0.2ms]
[2026-05-06 10:51:09] MOVE chetan (gray0): 19→21 [0.1ms]
[2026-05-06 10:51:09] MOVE chetan (lawn green): 75→65 [0.2ms]
[2026-05-06 10:51:09] MOVE chetan (gray0): 21→19 [0.1ms]
[2026-05-06 10:51:09] MOVE chetan (lawn green): 65→75 [0.1ms]
[2026-05-06 10:51:09] MOVE chetan (gray0): 19→21 [0.1ms]
[2026-05-06 10:51:10] MOVE chetan (lawn green): 75→65 [0.1ms]
[2026-05-06 10:51:10] MOVE chetan (gray0): 21→19 [0.3ms]
[2026-05-06 10:51:10] MOVE chetan (lawn green): 65→75 [0.1ms]
[2026-05-06 10:51:10] MOVE chetan (gray0): 19→21 [0.2ms]
[2026-05-06 10:51:10] MOVE chetan (lawn green): 75→65 [0.1ms]
[2026-05-06 10:51:10] MOVE chetan (gray0): 21→19 [0.1ms]
[2026-05-06 10:51:10] MOVE chetan (lawn green): 65→75 [0.1ms]
[2026-05-06 10:51:11] MOVE chetan (gray0): 19→21 [0.2ms]
[2026-05-06 10:51:11] MOVE chetan (lawn green): 75→65 [0.1ms]
[2026-05-06 10:51:11] MOVE chetan (gray0): 21→19 [0.1ms]
[2026-05-06 10:51:11] MOVE chetan (lawn green): 65→75 [0.2ms]
[2026-05-06 10:51:11] MOVE chetan (gray0): 19→21 [0.1ms]
[2026-05-06 10:51:11] MOVE chetan (lawn green): 75→65 [0.1ms]
[2026-05-06 10:51:12] MOVE chetan (gray0): 21→19 [0.1ms]
[2026-05-06 10:51:12] MOVE chetan (lawn green): 65→75 [0.1ms]
[2026-05-06 10:51:12] MOVE chetan (gray0): 19→21 [0.2ms]
[2026-05-06 10:51:12] MOVE chetan (lawn green): 75→65 [0.1ms]
[2026-05-06 10:51:12] MOVE chetan (gray0): 21→19 [0.1ms]
[2026-05-06 10:51:12] MOVE chetan (lawn green): 65→75 [0.1ms]
[2026-05-06 10:51:13] MOVE chetan (gray0): 19→21 [0.1ms]
[2026-05-06 10:51:13] MOVE chetan (lawn green): 75→65 [0.1ms]
[2026-05-06 10:51:13] MOVE chetan (gray0): 21→19 [0.1ms]
[2026-05-06 10:51:13] MOVE chetan (lawn green): 65→75 [0.1ms]
[2026-05-06 10:51:13] MOVE chetan (gray0): 19→21 [0.1ms]
[2026-05-06 10:51:13] MOVE chetan (lawn green): 75→65 [0.2ms]
[2026-05-06 10:51:14] MOVE chetan (gray0): 21→19 [0.2ms]
[2026-05-06 10:51:14] MOVE chetan (lawn green): 65→75 [0.1ms]
[2026-05-06 10:51:14] MOVE chetan (gray0): 19→21 [0.1ms]
[2026-05-06 10:51:14] MOVE chetan (lawn green): 75→65 [0.2ms]
[2026-05-06 10:51:14] MOVE chetan (gray0): 21→19 [0.1ms]
[2026-05-06 10:51:14] MOVE chetan (lawn green): 65→75 [0.1ms]
[2026-05-06 10:51:15] MOVE chetan (gray0): 19→21 [0.1ms]
[2026-05-06 10:51:15] MOVE chetan (lawn green): 75→65 [0.3ms]
[2026-05-06 10:51:15] MOVE chetan (gray0): 21→19 [0.2ms]
[2026-05-06 10:51:15] MOVE chetan (lawn green): 65→75 [0.1ms]
[2026-05-06 10:51:15] MOVE chetan (gray0): 19→21 [0.1ms]
[2026-05-06 10:51:15] MOVE chetan (lawn green): 75→65 [0.1ms]
[2026-05-06 10:51:16] MOVE chetan (gray0): 21→19 [0.1ms]
[2026-05-06 10:51:16] MOVE chetan (lawn green): 65→75 [0.1ms]
[2026-05-06 10:51:16] MOVE chetan (gray0): 19→21 [0.2ms]
[2026-05-06 10:51:16] MOVE chetan (lawn green): 75→65 [0.1ms]
[2026-05-06 10:51:16] MOVE chetan (gray0): 21→19 [0.1ms]
[2026-05-06 10:51:16] MOVE chetan (lawn green): 65→75 [0.3ms]
[2026-05-06 10:51:16] MOVE chetan (gray0): 19→21 [0.1ms]
[2026-05-06 10:51:17] MOVE chetan (lawn green): 75→65 [0.1ms]
[2026-05-06 10:51:17] MOVE chetan (gray0): 21→19 [0.1ms]
[2026-05-06 10:51:17] MOVE chetan (lawn green): 65→75 [0.1ms]
[2026-05-06 10:51:17] MOVE chetan (gray0): 19→21 [0.1ms]
[2026-05-06 10:51:17] MOVE chetan (lawn green): 75→65 [0.1ms]
[2026-05-06 10:51:17] MOVE chetan (gray0): 21→19 [0.3ms]
[2026-05-06 10:51:18] MOVE chetan (lawn green): 65→75 [0.1ms]
[2026-05-06 10:51:18] MOVE chetan (gray0): 19→21 [0.2ms]
[2026-05-06 10:51:18] MOVE chetan (lawn green): 75→65 [0.3ms]
[2026-05-06 10:51:18] MOVE chetan (gray0): 21→19 [0.1ms]
[2026-05-06 10:51:18] MOVE chetan (lawn green): 65→75 [0.2ms]
[2026-05-06 10:51:18] MOVE chetan (gray0): 19→21 [0.1ms]
[2026-05-06 10:51:19] MOVE chetan (lawn green): 75→65 [0.2ms]
[2026-05-06 10:51:19] MOVE chetan (gray0): 21→19 [0.1ms]
[2026-05-06 10:51:19] MOVE chetan (lawn green): 65→75 [0.1ms]
[2026-05-06 10:51:19] MOVE chetan (gray0): 19→21 [0.3ms]
[2026-05-06 10:51:19] MOVE chetan (lawn green): 75→65 [0.1ms]
[2026-05-06 10:51:19] MOVE chetan (gray0): 21→19 [0.2ms]
[2026-05-06 10:51:20] MOVE chetan (lawn green): 65→75 [0.2ms]
[2026-05-06 10:51:20] MOVE chetan (gray0): 19→21 [0.1ms]
[2026-05-06 10:51:20] MOVE chetan (lawn green): 75→65 [0.1ms]
[2026-05-06 10:51:20] MOVE chetan (gray0): 21→19 [0.2ms]
[2026-05-06 10:51:20] MOVE chetan (lawn green): 65→75 [0.2ms]
[2026-05-06 10:51:20] MOVE chetan (gray0): 19→21 [0.1ms]
[2026-05-06 10:51:21] MOVE chetan (lawn green): 75→65 [0.1ms]
[2026-05-06 10:51:21] MOVE chetan (gray0): 21→19 [0.1ms]
[2026-05-06 10:51:21] MOVE chetan (lawn green): 65→75 [0.2ms]
[2026-05-06 10:51:21] MOVE chetan (gray0): 19→21 [0.2ms]
[2026-05-06 10:51:21] MOVE chetan (lawn green): 75→65 [0.1ms]
[2026-05-06 10:51:21] MOVE chetan (gray0): 21→19 [0.1ms]
[2026-05-06 10:51:21] MOVE chetan (lawn green): 65→75 [0.3ms]
[2026-05-06 10:51:22] MOVE chetan (gray0): 19→21 [0.1ms]
[2026-05-06 10:51:22] MOVE chetan (lawn green): 75→65 [0.1ms]
[2026-05-06 10:51:22] MOVE chetan (gray0): 21→19 [0.1ms]
[2026-05-06 10:51:22] MOVE chetan (lawn green): 65→75 [0.1ms]
[2026-05-06 10:51:22] MOVE chetan (gray0): 19→21 [0.1ms]
[2026-05-06 10:51:22] MOVE chetan (lawn green): 75→65 [0.1ms]
[2026-05-06 10:51:23] MOVE chetan (gray0): 21→19 [0.1ms]
[2026-05-06 10:51:23] MOVE chetan (lawn green): 65→75 [0.1ms]
[2026-05-06 10:51:23] MOVE chetan (gray0): 19→21 [0.1ms]
[2026-05-06 10:51:23] MOVE chetan (lawn green): 75→65 [0.1ms]
[2026-05-06 10:51:23] MOVE chetan (gray0): 21→19 [0.1ms]
[2026-05-06 10:51:23] MOVE chetan (lawn green): 65→75 [0.1ms]
[2026-05-06 10:51:23] MOVE chetan (gray0): 19→21 [0.2ms]
[2026-05-06 10:51:24] MOVE chetan (lawn green): 75→65 [0.2ms]
[2026-05-06 10:51:24] MOVE chetan (gray0): 21→19 [0.1ms]
[2026-05-06 10:51:24] MOVE chetan (lawn green): 65→75 [0.1ms]
[2026-05-06 10:51:24] MOVE chetan (gray0): 19→21 [0.4ms]
[2026-05-06 10:51:24] MOVE chetan (lawn green): 75→65 [0.1ms]
[2026-05-06 10:51:24] MOVE chetan (gray0): 21→19 [0.2ms]
[2026-05-06 10:51:25] MOVE chetan (lawn green): 65→75 [0.1ms]
[2026-05-06 10:51:25] MOVE chetan (gray0): 19→21 [0.3ms]
[2026-05-06 10:51:25] MOVE chetan (lawn green): 75→65 [0.1ms]
[2026-05-06 10:51:25] MOVE chetan (gray0): 21→19 [0.1ms]
[2026-05-06 10:51:25] MOVE chetan (lawn green): 65→75 [0.2ms]
[2026-05-06 10:51:25] MOVE chetan (gray0): 19→21 [0.1ms]
[2026-05-06 10:51:26] MOVE chetan (lawn green): 75→65 [0.1ms]
[2026-05-06 10:51:26] MOVE chetan (gray0): 21→19 [0.1ms]
[2026-05-06 10:51:26] MOVE chetan (lawn green): 65→75 [0.1ms]
[2026-05-06 10:51:26] MOVE chetan (gray0): 19→21 [0.1ms]
[2026-05-06 10:51:26] MOVE chetan (lawn green): 75→65 [0.2ms]
[2026-05-06 10:51:26] MOVE chetan (gray0): 21→19 [0.2ms]
[2026-05-06 10:51:27] MOVE chetan (lawn green): 65→75 [0.1ms]
[2026-05-06 10:51:27] MOVE chetan (gray0): 19→21 [0.1ms]
[2026-05-06 10:51:27] MOVE chetan (lawn green): 75→65 [0.2ms]
[2026-05-06 10:51:27] MOVE chetan (gray0): 21→19 [0.1ms]
[2026-05-06 10:51:27] MOVE chetan (lawn green): 65→75 [0.1ms]
[2026-05-06 10:51:27] MOVE chetan (gray0): 19→21 [0.1ms]
[2026-05-06 10:51:28] MOVE chetan (lawn green): 75→65 [0.1ms]
[2026-05-06 10:51:28] MOVE chetan (gray0): 21→19 [0.2ms]
[2026-05-06 10:51:28] MOVE chetan (lawn green): 65→75 [0.1ms]
[2026-05-06 10:51:28] MOVE chetan (gray0): 19→21 [0.1ms]
[2026-05-06 10:51:28] MOVE chetan (lawn green): 75→65 [0.1ms]
[2026-05-06 10:51:28] MOVE chetan (gray0): 21→19 [0.6ms]
[2026-05-06 10:51:29] MOVE chetan (lawn green): 65→75 [0.2ms]
[2026-05-06 10:51:29] MOVE chetan (gray0): 19→21 [0.1ms]
[2026-05-06 10:51:29] MOVE chetan (lawn green): 75→65 [0.1ms]
[2026-05-06 10:51:29] MOVE chetan (gray0): 21→19 [0.1ms]
[2026-05-06 10:51:29] MOVE chetan (lawn green): 65→75 [0.1ms]
[2026-05-06 10:51:29] MOVE chetan (gray0): 19→21 [0.1ms]
[2026-05-06 10:51:30] MOVE chetan (lawn green): 75→65 [0.2ms]
[2026-05-06 10:51:30] MOVE chetan (gray0): 21→19 [0.2ms]
[2026-05-06 10:51:30] MOVE chetan (lawn green): 65→75 [0.1ms]
[2026-05-06 10:51:30] MOVE chetan (gray0): 19→21 [0.1ms]
[2026-05-06 10:51:30] MOVE chetan (lawn green): 75→65 [0.1ms]
[2026-05-06 10:51:30] MOVE chetan (gray0): 21→19 [0.1ms]
[2026-05-06 10:51:31] MOVE chetan (lawn green): 65→75 [0.2ms]
[2026-05-06 10:51:31] MOVE chetan (gray0): 19→21 [0.1ms]
[2026-05-06 10:51:31] MOVE chetan (lawn green): 75→65 [0.1ms]
[2026-05-06 10:51:31] MOVE chetan (gray0): 21→19 [0.2ms]
[2026-05-06 10:51:31] MOVE chetan (lawn green): 65→75 [0.1ms]
[2026-05-06 10:51:31] MOVE chetan (gray0): 19→21 [0.1ms]
[2026-05-06 10:51:32] MOVE chetan (lawn green): 75→65 [0.2ms]
[2026-05-06 10:51:32] MOVE chetan (gray0): 21→19 [0.1ms]
[2026-05-06 10:51:32] MOVE chetan (lawn green): 65→75 [0.1ms]
[2026-05-06 10:51:32] MOVE chetan (gray0): 19→21 [0.2ms]
[2026-05-06 10:51:32] MOVE chetan (lawn green): 75→65 [0.2ms]
[2026-05-06 10:51:32] MOVE chetan (gray0): 21→19 [0.1ms]
[2026-05-06 10:51:33] MOVE chetan (lawn green): 65→75 [0.1ms]
[2026-05-06 10:51:33] MOVE chetan (gray0): 19→21 [0.1ms]
[2026-05-06 10:51:33] MOVE chetan (lawn green): 75→65 [0.1ms]
[2026-05-06 10:51:33] MOVE chetan (gray0): 21→19 [0.2ms]
[2026-05-06 10:51:33] MOVE chetan (lawn green): 65→75 [0.1ms]
[2026-05-06 10:51:33] MOVE chetan (gray0): 19→21 [0.1ms]
[2026-05-06 10:51:34] MOVE chetan (lawn green): 75→65 [0.2ms]
[2026-05-06 10:51:34] MOVE chetan (gray0): 21→19 [0.2ms]
[2026-05-06 10:51:34] MOVE chetan (lawn green): 65→75 [0.1ms]
[2026-05-06 10:51:34] MOVE chetan (gray0): 19→21 [0.1ms]
[2026-05-06 10:51:34] MOVE chetan (lawn green): 75→65 [0.1ms]
[2026-05-06 10:51:34] MOVE chetan (gray0): 21→19 [0.1ms]
[2026-05-06 10:51:35] MOVE chetan (lawn green): 65→75 [0.1ms]
[2026-05-06 10:51:35] MOVE chetan (gray0): 19→21 [0.2ms]
[2026-05-06 10:51:35] MOVE chetan (lawn green): 75→65 [0.1ms]
[2026-05-06 10:51:35] MOVE chetan (gray0): 21→19 [0.1ms]
[2026-05-06 10:51:35] MOVE chetan (lawn green): 65→75 [0.2ms]
[2026-05-06 10:51:35] MOVE chetan (gray0): 19→21 [0.1ms]
[2026-05-06 10:51:36] MOVE chetan (lawn green): 75→65 [0.1ms]
[2026-05-06 10:51:36] MOVE chetan (gray0): 21→19 [0.1ms]
[2026-05-06 10:51:36] MOVE chetan (lawn green): 65→75 [0.2ms]
[2026-05-06 10:51:36] MOVE chetan (gray0): 19→21 [0.1ms]
[2026-05-06 10:51:36] MOVE chetan (lawn green): 75→65 [0.1ms]
[2026-05-06 10:51:36] MOVE chetan (gray0): 21→19 [0.2ms]
[2026-05-06 10:51:37] MOVE chetan (lawn green): 65→75 [0.2ms]
[2026-05-06 10:51:37] MOVE chetan (gray0): 19→21 [0.2ms]
[2026-05-06 10:51:37] MOVE chetan (lawn green): 75→65 [0.2ms]
[2026-05-06 10:51:37] MOVE chetan (gray0): 21→19 [0.1ms]
[2026-05-06 10:51:37] MOVE chetan (lawn green): 65→75 [0.1ms]
[2026-05-06 10:51:37] MOVE chetan (gray0): 19→21 [0.1ms]
[2026-05-06 10:51:38] MOVE chetan (lawn green): 75→65 [0.1ms]
[2026-05-06 10:51:38] MOVE chetan (gray0): 21→19 [0.1ms]
[2026-05-06 10:51:38] MOVE chetan (lawn green): 65→75 [0.1ms]
[2026-05-06 10:51:38] MOVE chetan (gray0): 19→21 [0.2ms]
[2026-05-06 10:51:38] MOVE chetan (lawn green): 75→65 [0.1ms]
[2026-05-06 10:51:39] MOVE chetan (gray0): 21→19 [0.1ms]
[2026-05-06 10:51:39] MOVE chetan (lawn green): 65→75 [0.1ms]
[2026-05-06 10:51:39] MOVE chetan (gray0): 19→21 [0.1ms]
[2026-05-06 10:51:39] MOVE chetan (lawn green): 75→65 [0.1ms]
[2026-05-06 10:51:40] MOVE chetan (gray0): 21→19 [0.2ms]
[2026-05-06 10:51:40] MOVE chetan (lawn green): 65→75 [2.0ms]
[2026-05-06 10:51:40] MOVE chetan (gray0): 19→21 [0.2ms]
[2026-05-06 10:51:41] MOVE chetan (lawn green): 75→65 [0.1ms]
[2026-05-06 10:51:41] MOVE chetan (gray0): 21→19 [0.2ms]
[2026-05-06 10:51:41] MOVE chetan (lawn green): 65→75 [0.1ms]
[2026-05-06 10:51:41] MOVE chetan (gray0): 19→21 [0.1ms]
[2026-05-06 10:51:41] MOVE chetan (lawn green): 75→65 [0.1ms]
[2026-05-06 10:51:41] MOVE chetan (gray0): 21→19 [0.1ms]
[2026-05-06 10:51:42] MOVE chetan (lawn green): 65→75 [0.2ms]
[2026-05-06 10:51:42] MOVE chetan (gray0): 19→21 [0.1ms]
[2026-05-06 10:51:42] MOVE chetan (lawn green): 75→65 [0.2ms]
[2026-05-06 10:51:42] MOVE chetan (gray0): 21→19 [0.1ms]
[2026-05-06 10:51:42] MOVE chetan (lawn green): 65→75 [0.1ms]
[2026-05-06 10:51:42] MOVE chetan (gray0): 19→21 [0.1ms]
[2026-05-06 10:51:43] MOVE chetan (lawn green): 75→65 [0.2ms]
[2026-05-06 10:51:43] MOVE chetan (gray0): 21→19 [0.1ms]
[2026-05-06 10:51:43] MOVE chetan (lawn green): 65→75 [0.1ms]
[2026-05-06 10:51:43] MOVE chetan (gray0): 19→21 [0.1ms]
[2026-05-06 10:51:43] MOVE chetan (lawn green): 75→65 [0.1ms]
[2026-05-06 10:51:43] MOVE chetan (gray0): 21→19 [0.2ms]
[2026-05-06 10:51:44] MOVE chetan (lawn green): 65→75 [0.3ms]
[2026-05-06 10:51:44] MOVE chetan (gray0): 19→21 [0.1ms]
[2026-05-06 10:51:44] MOVE chetan (lawn green): 75→65 [0.1ms]
[2026-05-06 10:51:44] MOVE chetan (gray0): 21→19 [0.1ms]
[2026-05-06 10:51:44] MOVE chetan (lawn green): 65→75 [0.1ms]
[2026-05-06 10:51:45] MOVE chetan (gray0): 19→21 [0.2ms]
[2026-05-06 10:51:45] MOVE chetan (lawn green): 75→65 [0.1ms]
[2026-05-06 10:51:45] MOVE chetan (gray0): 21→19 [0.1ms]
[2026-05-06 10:51:45] MOVE chetan (lawn green): 65→75 [0.2ms]
[2026-05-06 10:51:45] MOVE chetan (gray0): 19→21 [0.3ms]
[2026-05-06 10:51:46] MOVE chetan (lawn green): 75→65 [0.2ms]
[2026-05-06 10:51:46] MOVE chetan (gray0): 21→19 [0.2ms]
[2026-05-06 10:51:46] MOVE chetan (lawn green): 65→75 [0.1ms]
[2026-05-06 10:51:46] MOVE chetan (gray0): 19→21 [0.1ms]
[2026-05-06 10:51:46] MOVE chetan (lawn green): 75→65 [0.1ms]
[2026-05-06 10:51:46] MOVE chetan (gray0): 21→19 [0.1ms]
[2026-05-06 10:51:47] MOVE chetan (lawn green): 65→75 [0.1ms]
[2026-05-06 10:51:47] MOVE chetan (gray0): 19→21 [0.1ms]
[2026-05-06 10:51:47] MOVE chetan (lawn green): 75→65 [0.2ms]
[2026-05-06 10:51:47] MOVE chetan (gray0): 21→19 [0.1ms]
[2026-05-06 10:51:47] MOVE chetan (lawn green): 65→75 [0.1ms]
[2026-05-06 10:51:47] MOVE chetan (gray0): 19→21 [0.1ms]
[2026-05-06 10:51:48] MOVE chetan (lawn green): 75→65 [0.1ms]
[2026-05-06 10:51:48] MOVE chetan (gray0): 21→19 [0.2ms]
[2026-05-06 10:51:48] MOVE chetan (lawn green): 65→75 [0.2ms]
[2026-05-06 10:51:48] MOVE chetan (gray0): 19→21 [0.1ms]
[2026-05-06 10:51:48] MOVE chetan (lawn green): 75→65 [0.2ms]
[2026-05-06 10:51:48] MOVE chetan (gray0): 21→19 [0.1ms]
[2026-05-06 10:51:48] MOVE chetan (lawn green): 65→75 [0.1ms]
[2026-05-06 10:51:49] MOVE chetan (gray0): 19→21 [0.1ms]
[2026-05-06 10:51:49] MOVE chetan (lawn green): 75→65 [0.1ms]
[2026-05-06 10:51:49] MOVE chetan (gray0): 21→19 [0.2ms]
[2026-05-06 10:51:49] MOVE chetan (lawn green): 65→75 [0.1ms]
[2026-05-06 10:51:49] MOVE chetan (gray0): 19→21 [0.1ms]
[2026-05-06 10:51:49] MOVE chetan (lawn green): 75→65 [0.3ms]
[2026-05-06 10:51:49] MOVE chetan (gray0): 21→19 [0.1ms]
[2026-05-06 10:51:50] MOVE chetan (lawn green): 65→75 [0.1ms]
[2026-05-06 10:51:50] MOVE chetan (gray0): 19→21 [0.1ms]
[2026-05-06 10:51:50] MOVE chetan (lawn green): 75→65 [0.1ms]
[2026-05-06 10:51:50] MOVE chetan (gray0): 21→19 [0.2ms]
[2026-05-06 10:51:50] MOVE chetan (lawn green): 65→75 [0.1ms]
[2026-05-06 10:51:50] MOVE chetan (gray0): 19→21 [0.5ms]
[2026-05-06 10:51:51] MOVE chetan (lawn green): 75→65 [0.1ms]
[2026-05-06 10:51:51] MOVE chetan (gray0): 21→19 [0.1ms]
[2026-05-06 10:51:51] MOVE chetan (lawn green): 65→75 [0.1ms]
[2026-05-06 10:51:51] MOVE chetan (gray0): 19→21 [0.1ms]
[2026-05-06 10:51:51] MOVE chetan (lawn green): 75→65 [0.3ms]
[2026-05-06 10:51:51] MOVE chetan (gray0): 21→19 [0.1ms]
[2026-05-06 10:51:52] MOVE chetan (lawn green): 65→75 [0.1ms]
[2026-05-06 10:51:52] MOVE chetan (gray0): 19→21 [0.1ms]
[2026-05-06 10:51:52] MOVE chetan (lawn green): 75→65 [0.2ms]
[2026-05-06 10:51:52] MOVE chetan (gray0): 21→19 [0.1ms]
[2026-05-06 10:51:52] MOVE chetan (lawn green): 65→75 [0.1ms]
[2026-05-06 10:51:52] MOVE chetan (gray0): 19→21 [0.1ms]
[2026-05-06 10:51:53] MOVE chetan (lawn green): 75→65 [0.1ms]
[2026-05-06 10:51:53] MOVE chetan (gray0): 21→19 [0.1ms]
[2026-05-06 10:51:53] MOVE chetan (lawn green): 65→75 [0.1ms]
[2026-05-06 10:51:53] MOVE chetan (gray0): 19→21 [0.1ms]
[2026-05-06 10:51:53] MOVE chetan (lawn green): 75→65 [0.1ms]
[2026-05-06 10:51:53] MOVE chetan (gray0): 21→19 [0.1ms]
[2026-05-06 10:51:54] MOVE chetan (lawn green): 65→75 [0.2ms]
[2026-05-06 10:51:54] MOVE chetan (gray0): 19→21 [0.1ms]
[2026-05-06 10:51:54] MOVE chetan (lawn green): 75→65 [0.1ms]
[2026-05-06 10:51:54] MOVE chetan (gray0): 21→19 [0.1ms]
[2026-05-06 10:51:54] MOVE chetan (lawn green): 65→75 [0.1ms]
[2026-05-06 10:51:54] MOVE chetan (gray0): 19→21 [0.1ms]
[2026-05-06 10:51:55] MOVE chetan (lawn green): 75→65 [0.2ms]
[2026-05-06 10:51:55] MOVE chetan (gray0): 21→19 [0.1ms]
[2026-05-06 10:51:55] MOVE chetan (lawn green): 65→75 [0.1ms]
[2026-05-06 10:51:55] MOVE chetan (gray0): 19→21 [0.1ms]
[2026-05-06 10:51:55] MOVE chetan (lawn green): 75→65 [0.1ms]
[2026-05-06 10:51:55] MOVE chetan (gray0): 21→19 [0.1ms]
[2026-05-06 10:51:55] MOVE chetan (lawn green): 65→75 [0.1ms]
[2026-05-06 10:51:56] MOVE chetan (gray0): 19→21 [0.1ms]
[2026-05-06 10:51:56] MOVE chetan (lawn green): 75→65 [0.1ms]
[2026-05-06 10:51:56] MOVE chetan (gray0): 21→19 [0.1ms]
[2026-05-06 10:51:56] MOVE chetan (lawn green): 65→75 [0.1ms]
[2026-05-06 10:51:56] MOVE chetan (gray0): 19→21 [0.1ms]
[2026-05-06 10:51:56] MOVE chetan (lawn green): 75→65 [0.1ms]
[2026-05-06 10:51:57] MOVE chetan (gray0): 21→19 [0.2ms]
[2026-05-06 10:51:57] MOVE chetan (lawn green): 65→75 [0.2ms]
[2026-05-06 10:51:57] MOVE chetan (gray0): 19→21 [0.1ms]
[2026-05-06 10:51:57] MOVE chetan (lawn green): 75→65 [0.3ms]
[2026-05-06 10:51:57] MOVE chetan (gray0): 21→19 [0.1ms]
[2026-05-06 10:51:57] MOVE chetan (lawn green): 65→75 [0.1ms]
[2026-05-06 10:51:58] MOVE chetan (gray0): 19→21 [0.1ms]
[2026-05-06 10:51:58] MOVE chetan (lawn green): 75→65 [0.1ms]
[2026-05-06 10:51:58] MOVE chetan (gray0): 21→19 [0.2ms]
[2026-05-06 10:51:58] MOVE chetan (lawn green): 65→75 [0.2ms]
[2026-05-06 10:51:58] MOVE chetan (gray0): 19→21 [0.4ms]
[2026-05-06 10:51:58] MOVE chetan (lawn green): 75→65 [0.2ms]
[2026-05-06 10:51:59] MOVE chetan (gray0): 21→19 [0.1ms]
[2026-05-06 10:51:59] MOVE chetan (lawn green): 65→75 [0.1ms]
[2026-05-06 10:51:59] MOVE chetan (gray0): 19→21 [0.1ms]
[2026-05-06 10:51:59] MOVE chetan (lawn green): 75→65 [0.1ms]
[2026-05-06 10:51:59] MOVE chetan (gray0): 21→19 [0.4ms]
[2026-05-06 10:51:59] MOVE chetan (lawn green): 65→75 [0.1ms]
[2026-05-06 10:51:59] MOVE chetan (gray0): 19→21 [0.1ms]
[2026-05-06 10:52:00] MOVE chetan (lawn green): 75→65 [0.2ms]
[2026-05-06 10:52:00] MOVE chetan (gray0): 21→19 [0.2ms]
[2026-05-06 10:52:00] MOVE chetan (lawn green): 65→75 [0.1ms]
[2026-05-06 10:52:00] MOVE chetan (gray0): 19→21 [0.1ms]
[2026-05-06 10:52:00] MOVE chetan (lawn green): 75→65 [0.1ms]
[2026-05-06 10:52:00] MOVE chetan (gray0): 21→19 [0.1ms]
[2026-05-06 10:52:01] MOVE chetan (lawn green): 65→75 [0.1ms]
[2026-05-06 10:52:01] MOVE chetan (gray0): 19→21 [0.1ms]
[2026-05-06 10:52:01] MOVE chetan (lawn green): 75→65 [0.1ms]
[2026-05-06 10:52:01] MOVE chetan (gray0): 21→19 [0.2ms]
[2026-05-06 10:52:01] MOVE chetan (lawn green): 65→75 [0.1ms]
[2026-05-06 10:52:02] MOVE chetan (gray0): 19→21 [0.1ms]
[2026-05-06 10:52:02] MOVE chetan (lawn green): 75→65 [0.2ms]
[2026-05-06 10:52:02] MOVE chetan (gray0): 21→19 [0.2ms]
[2026-05-06 10:52:02] MOVE chetan (lawn green): 65→75 [0.1ms]
[2026-05-06 10:52:02] MOVE chetan (gray0): 19→21 [0.1ms]
[2026-05-06 10:52:02] MOVE chetan (lawn green): 75→65 [0.2ms]
[2026-05-06 10:52:02] MOVE chetan (gray0): 21→19 [0.1ms]
[2026-05-06 10:52:03] MOVE chetan (lawn green): 65→75 [0.2ms]
[2026-05-06 10:52:03] MOVE chetan (gray0): 19→21 [0.1ms]
[2026-05-06 10:52:03] MOVE chetan (lawn green): 75→65 [0.1ms]
[2026-05-06 10:52:03] MOVE chetan (gray0): 21→19 [0.2ms]
[2026-05-06 10:52:03] MOVE chetan (lawn green): 65→75 [0.1ms]
[2026-05-06 10:52:04] MOVE chetan (gray0): 19→21 [0.1ms]
[2026-05-06 10:52:04] MOVE chetan (lawn green): 75→65 [0.1ms]
[2026-05-06 10:52:04] MOVE chetan (gray0): 21→19 [0.1ms]
[2026-05-06 10:52:04] MOVE chetan (lawn green): 65→75 [0.4ms]
[2026-05-06 10:52:04] MOVE chetan (gray0): 19→21 [0.1ms]
[2026-05-06 10:52:04] MOVE chetan (lawn green): 75→65 [0.1ms]
[2026-05-06 10:52:04] MOVE chetan (gray0): 21→19 [0.1ms]
[2026-05-06 10:52:05] MOVE chetan (lawn green): 65→75 [0.1ms]
[2026-05-06 10:52:05] MOVE chetan (gray0): 19→21 [0.4ms]
[2026-05-06 10:52:05] MOVE chetan (lawn green): 75→65 [0.1ms]
[2026-05-06 10:52:05] MOVE chetan (gray0): 21→19 [0.1ms]
[2026-05-06 10:52:05] MOVE chetan (lawn green): 65→75 [0.1ms]
[2026-05-06 10:52:05] MOVE chetan (gray0): 19→21 [0.1ms]
[2026-05-06 10:52:06] MOVE chetan (lawn green): 75→65 [0.1ms]
[2026-05-06 10:52:06] MOVE chetan (gray0): 21→19 [0.2ms]
[2026-05-06 10:52:06] MOVE chetan (lawn green): 65→75 [0.1ms]
[2026-05-06 10:52:06] MOVE chetan (gray0): 19→21 [0.1ms]
[2026-05-06 10:52:06] MOVE chetan (lawn green): 75→65 [0.2ms]
[2026-05-06 10:52:06] MOVE chetan (gray0): 21→19 [0.2ms]
[2026-05-06 10:52:07] MOVE chetan (lawn green): 65→75 [0.1ms]
[2026-05-06 10:52:07] MOVE chetan (gray0): 19→21 [0.1ms]
[2026-05-06 10:52:07] MOVE chetan (lawn green): 75→65 [0.2ms]
[2026-05-06 10:52:07] MOVE chetan (gray0): 21→19 [0.1ms]
[2026-05-06 10:52:07] MOVE chetan (lawn green): 65→75 [0.2ms]
[2026-05-06 10:52:07] MOVE chetan (gray0): 19→21 [0.1ms]
[2026-05-06 10:52:07] MOVE chetan (lawn green): 75→65 [0.1ms]
[2026-05-06 10:52:08] MOVE chetan (gray0): 21→19 [0.1ms]
[2026-05-06 10:52:08] MOVE chetan (lawn green): 65→75 [0.1ms]
[2026-05-06 10:52:08] MOVE chetan (gray0): 19→21 [0.1ms]
[2026-05-06 10:52:08] MOVE chetan (lawn green): 75→65 [0.1ms]
[2026-05-06 10:52:08] MOVE chetan (gray0): 21→19 [0.2ms]
[2026-05-06 10:52:08] MOVE chetan (lawn green): 65→75 [0.3ms]
[2026-05-06 10:52:09] MOVE chetan (gray0): 19→21 [0.1ms]
[2026-05-06 10:52:09] MOVE chetan (lawn green): 75→65 [0.1ms]
[2026-05-06 10:52:09] MOVE chetan (gray0): 21→19 [0.2ms]
[2026-05-06 10:52:09] MOVE chetan (lawn green): 65→75 [0.1ms]
[2026-05-06 10:52:09] MOVE chetan (gray0): 19→21 [0.2ms]
[2026-05-06 10:52:09] MOVE chetan (lawn green): 75→65 [0.1ms]
[2026-05-06 10:52:10] MOVE chetan (gray0): 21→19 [0.1ms]
[2026-05-06 10:52:10] MOVE chetan (lawn green): 65→75 [0.1ms]
[2026-05-06 10:52:10] MOVE chetan (gray0): 19→21 [0.2ms]
[2026-05-06 10:52:10] MOVE chetan (lawn green): 75→65 [0.1ms]
[2026-05-06 10:52:10] MOVE chetan (gray0): 21→19 [0.1ms]
[2026-05-06 10:52:10] MOVE chetan (lawn green): 65→75 [0.2ms]
[2026-05-06 10:52:11] MOVE chetan (gray0): 19→21 [0.1ms]
[2026-05-06 10:52:11] MOVE chetan (lawn green): 75→65 [0.1ms]
[2026-05-06 10:52:11] MOVE chetan (gray0): 21→19 [0.1ms]
[2026-05-06 10:52:11] MOVE chetan (lawn green): 65→75 [0.1ms]
[2026-05-06 10:52:11] MOVE chetan (gray0): 19→21 [0.1ms]
[2026-05-06 10:52:11] MOVE chetan (lawn green): 75→65 [0.2ms]
[2026-05-06 10:52:12] MOVE chetan (gray0): 21→19 [0.2ms]
[2026-05-06 10:52:12] MOVE chetan (lawn green): 65→75 [0.2ms]
[2026-05-06 10:52:12] MOVE chetan (gray0): 19→21 [0.1ms]
[2026-05-06 10:52:12] MOVE chetan (lawn green): 75→65 [0.1ms]
[2026-05-06 10:52:12] MOVE chetan (gray0): 21→19 [0.1ms]
[2026-05-06 10:52:12] MOVE chetan (lawn green): 65→75 [0.1ms]
[2026-05-06 10:52:13] MOVE chetan (gray0): 19→21 [0.2ms]
[2026-05-06 10:52:13] MOVE chetan (lawn green): 75→65 [0.1ms]
[2026-05-06 10:52:13] MOVE chetan (gray0): 21→19 [0.2ms]
[2026-05-06 10:52:13] MOVE chetan (lawn green): 65→75 [0.1ms]
[2026-05-06 10:52:13] MOVE chetan (gray0): 19→21 [0.2ms]
[2026-05-06 10:52:13] MOVE chetan (lawn green): 75→65 [0.1ms]
[2026-05-06 10:52:13] MOVE chetan (gray0): 21→19 [0.1ms]
[2026-05-06 10:52:14] MOVE chetan (lawn green): 65→75 [0.1ms]
[2026-05-06 10:52:14] MOVE chetan (gray0): 19→21 [0.1ms]
[2026-05-06 10:52:14] MOVE chetan (lawn green): 75→65 [0.2ms]
[2026-05-06 10:52:14] MOVE chetan (gray0): 21→19 [0.1ms]
[2026-05-06 10:52:14] MOVE chetan (lawn green): 65→75 [0.1ms]
[2026-05-06 10:52:14] MOVE chetan (gray0): 19→21 [0.1ms]
[2026-05-06 10:52:15] MOVE chetan (lawn green): 75→65 [0.2ms]
[2026-05-06 10:52:15] MOVE chetan (gray0): 21→19 [0.1ms]
[2026-05-06 10:52:15] MOVE chetan (lawn green): 65→75 [0.1ms]
[2026-05-06 10:52:15] MOVE chetan (gray0): 19→21 [0.1ms]
[2026-05-06 10:52:15] MOVE chetan (lawn green): 75→65 [0.1ms]
[2026-05-06 10:52:15] MOVE chetan (gray0): 21→19 [0.3ms]
[2026-05-06 10:52:16] MOVE chetan (lawn green): 65→75 [0.2ms]
[2026-05-06 10:52:16] MOVE chetan (gray0): 19→21 [0.1ms]
[2026-05-06 10:52:16] MOVE chetan (lawn green): 75→65 [0.2ms]
[2026-05-06 10:52:16] MOVE chetan (gray0): 21→19 [0.1ms]
[2026-05-06 10:52:16] MOVE chetan (lawn green): 65→75 [0.1ms]
[2026-05-06 10:52:16] MOVE chetan (gray0): 19→21 [0.1ms]
[2026-05-06 10:52:17] MOVE chetan (lawn green): 75→65 [0.1ms]
[2026-05-06 10:52:17] MOVE chetan (gray0): 21→19 [0.4ms]
[2026-05-06 10:52:17] MOVE chetan (lawn green): 65→75 [0.1ms]
[2026-05-06 10:52:17] MOVE chetan (gray0): 19→21 [0.1ms]
[2026-05-06 10:52:17] MOVE chetan (lawn green): 75→65 [1.2ms]
[2026-05-06 10:52:17] MOVE chetan (gray0): 21→19 [0.1ms]
[2026-05-06 10:52:18] MOVE chetan (lawn green): 65→75 [0.1ms]
[2026-05-06 10:52:18] MOVE chetan (gray0): 19→21 [0.1ms]
[2026-05-06 10:52:18] MOVE chetan (lawn green): 75→65 [0.1ms]
[2026-05-06 10:52:18] MOVE chetan (gray0): 21→19 [0.1ms]
[2026-05-06 10:52:18] MOVE chetan (lawn green): 65→75 [0.1ms]
[2026-05-06 10:52:18] MOVE chetan (gray0): 19→21 [0.2ms]
[2026-05-06 10:52:18] MOVE chetan (lawn green): 75→65 [0.1ms]
[2026-05-06 10:52:19] MOVE chetan (gray0): 21→19 [0.3ms]
[2026-05-06 10:52:19] MOVE chetan (lawn green): 65→75 [0.2ms]
[2026-05-06 10:52:19] MOVE chetan (gray0): 19→21 [0.1ms]
[2026-05-06 10:52:19] MOVE chetan (lawn green): 75→65 [0.1ms]
[2026-05-06 10:52:19] MOVE chetan (gray0): 21→19 [0.1ms]
[2026-05-06 10:52:19] MOVE chetan (lawn green): 65→75 [0.1ms]
[2026-05-06 10:52:20] MOVE chetan (gray0): 19→21 [0.1ms]
[2026-05-06 10:52:20] MOVE chetan (lawn green): 75→65 [0.1ms]
[2026-05-06 10:52:20] MOVE chetan (gray0): 21→19 [0.1ms]
[2026-05-06 10:52:20] MOVE chetan (lawn green): 65→75 [0.1ms]
[2026-05-06 10:52:20] MOVE chetan (gray0): 19→21 [0.1ms]
[2026-05-06 10:52:20] MOVE chetan (lawn green): 75→65 [0.2ms]
[2026-05-06 10:52:21] MOVE chetan (gray0): 21→19 [0.1ms]
[2026-05-06 10:52:21] MOVE chetan (lawn green): 65→75 [0.1ms]
[2026-05-06 10:52:21] MOVE chetan (gray0): 19→21 [0.2ms]
[2026-05-06 10:52:21] MOVE chetan (lawn green): 75→65 [0.1ms]
[2026-05-06 10:52:21] MOVE chetan (gray0): 21→19 [0.1ms]
[2026-05-06 10:52:21] MOVE chetan (lawn green): 65→75 [0.1ms]
[2026-05-06 10:52:22] MOVE chetan (gray0): 19→21 [0.2ms]
[2026-05-06 10:52:22] MOVE chetan (lawn green): 75→65 [0.1ms]
[2026-05-06 10:52:22] MOVE chetan (gray0): 21→19 [0.1ms]
[2026-05-06 10:52:22] MOVE chetan (lawn green): 65→75 [0.1ms]
[2026-05-06 10:52:22] MOVE chetan (gray0): 19→21 [0.1ms]
[2026-05-06 10:52:22] MOVE chetan (lawn green): 75→65 [0.1ms]
[2026-05-06 10:52:23] MOVE chetan (gray0): 21→19 [0.1ms]
[2026-05-06 10:52:23] MOVE chetan (lawn green): 65→75 [0.1ms]
[2026-05-06 10:52:23] MOVE chetan (gray0): 19→21 [0.2ms]
[2026-05-06 10:52:23] MOVE chetan (lawn green): 75→65 [0.1ms]
[2026-05-06 10:52:23] MOVE chetan (gray0): 21→19 [0.1ms]
[2026-05-06 10:52:23] MOVE chetan (lawn green): 65→75 [0.1ms]
[2026-05-06 10:52:24] MOVE chetan (gray0): 19→21 [0.1ms]
[2026-05-06 10:52:24] MOVE chetan (lawn green): 75→65 [0.1ms]
[2026-05-06 10:52:24] MOVE chetan (gray0): 21→19 [0.1ms]
[2026-05-06 10:52:24] MOVE chetan (lawn green): 65→75 [0.1ms]
[2026-05-06 10:52:24] MOVE chetan (gray0): 19→21 [0.1ms]
[2026-05-06 10:52:25] MOVE chetan (lawn green): 75→65 [0.3ms]
[2026-05-06 10:52:25] MOVE chetan (gray0): 21→19 [0.1ms]
[2026-05-06 10:52:25] MOVE chetan (lawn green): 65→75 [0.2ms]
[2026-05-06 10:52:25] MOVE chetan (gray0): 19→21 [0.1ms]
[2026-05-06 10:52:25] MOVE chetan (lawn green): 75→65 [0.1ms]
[2026-05-06 10:52:25] MOVE chetan (gray0): 21→19 [0.1ms]
[2026-05-06 10:52:25] MOVE chetan (lawn green): 65→75 [0.1ms]
[2026-05-06 10:52:26] MOVE chetan (gray0): 19→21 [0.1ms]
[2026-05-06 10:52:26] MOVE chetan (lawn green): 75→65 [0.1ms]
[2026-05-06 10:52:26] MOVE chetan (gray0): 21→19 [0.2ms]
[2026-05-06 10:52:26] MOVE chetan (lawn green): 65→75 [0.1ms]
[2026-05-06 10:52:26] MOVE chetan (gray0): 19→21 [0.1ms]
[2026-05-06 10:52:27] MOVE chetan (lawn green): 75→65 [0.1ms]
[2026-05-06 10:52:27] MOVE chetan (gray0): 21→19 [0.1ms]
[2026-05-06 10:52:27] MOVE chetan (lawn green): 65→75 [0.1ms]
[2026-05-06 10:52:27] MOVE chetan (gray0): 19→21 [0.1ms]
[2026-05-06 10:52:27] MOVE chetan (lawn green): 75→65 [0.1ms]
[2026-05-06 10:52:27] MOVE chetan (gray0): 21→19 [0.2ms]
[2026-05-06 10:52:28] MOVE chetan (lawn green): 65→75 [0.2ms]
[2026-05-06 10:52:28] MOVE chetan (gray0): 19→21 [0.1ms]
[2026-05-06 10:52:28] MOVE chetan (lawn green): 75→65 [0.1ms]
[2026-05-06 10:52:28] MOVE chetan (gray0): 21→19 [0.3ms]
[2026-05-06 10:52:28] MOVE chetan (lawn green): 65→75 [0.1ms]
[2026-05-06 10:52:28] MOVE chetan (gray0): 19→21 [0.1ms]
[2026-05-06 10:52:29] MOVE chetan (lawn green): 75→65 [0.1ms]
[2026-05-06 10:52:29] MOVE chetan (gray0): 21→19 [0.1ms]
[2026-05-06 10:52:29] MOVE chetan (lawn green): 65→75 [0.1ms]
[2026-05-06 10:52:29] MOVE chetan (gray0): 19→21 [0.1ms]
[2026-05-06 10:52:29] MOVE chetan (lawn green): 75→65 [0.1ms]
[2026-05-06 10:52:29] MOVE chetan (gray0): 21→19 [0.1ms]
[2026-05-06 10:52:30] MOVE chetan (lawn green): 65→75 [0.1ms]
[2026-05-06 10:52:30] MOVE chetan (gray0): 19→21 [0.1ms]
[2026-05-06 10:52:30] MOVE chetan (lawn green): 75→65 [0.1ms]
[2026-05-06 10:52:30] MOVE chetan (gray0): 21→19 [0.2ms]
[2026-05-06 10:52:30] MOVE chetan (lawn green): 65→75 [0.1ms]
[2026-05-06 10:52:30] MOVE chetan (gray0): 19→21 [0.2ms]
[2026-05-06 10:52:31] MOVE chetan (lawn green): 75→65 [0.1ms]
[2026-05-06 10:52:31] MOVE chetan (gray0): 21→19 [0.2ms]
[2026-05-06 10:52:31] MOVE chetan (lawn green): 65→75 [0.1ms]
[2026-05-06 10:52:31] MOVE chetan (gray0): 19→21 [0.2ms]
[2026-05-06 10:52:31] MOVE chetan (lawn green): 75→65 [0.1ms]
[2026-05-06 10:52:31] MOVE chetan (gray0): 21→19 [0.2ms]
[2026-05-06 10:52:32] MOVE chetan (lawn green): 65→75 [0.1ms]
[2026-05-06 10:52:32] MOVE chetan (gray0): 19→21 [0.2ms]
[2026-05-06 10:52:32] MOVE chetan (lawn green): 75→65 [0.1ms]
[2026-05-06 10:52:32] MOVE chetan (gray0): 21→19 [0.1ms]
[2026-05-06 10:52:32] MOVE chetan (lawn green): 65→75 [0.1ms]
[2026-05-06 10:52:32] MOVE chetan (gray0): 19→21 [0.2ms]
[2026-05-06 10:52:32] MOVE chetan (lawn green): 75→65 [0.2ms]
[2026-05-06 10:52:33] MOVE chetan (gray0): 21→19 [0.1ms]
[2026-05-06 10:52:33] MOVE chetan (lawn green): 65→75 [0.1ms]
[2026-05-06 10:52:33] MOVE chetan (gray0): 19→21 [0.1ms]
[2026-05-06 10:52:33] MOVE chetan (lawn green): 75→65 [0.1ms]
[2026-05-06 10:52:33] MOVE chetan (gray0): 21→19 [0.1ms]
[2026-05-06 10:52:33] MOVE chetan (lawn green): 65→75 [0.1ms]
[2026-05-06 10:52:34] MOVE chetan (gray0): 19→21 [0.1ms]
[2026-05-06 10:52:34] MOVE chetan (lawn green): 75→65 [0.1ms]
[2026-05-06 10:52:34] MOVE chetan (gray0): 21→19 [0.1ms]
[2026-05-06 10:52:34] MOVE chetan (lawn green): 65→75 [0.1ms]
[2026-05-06 10:52:34] MOVE chetan (gray0): 19→21 [0.1ms]
[2026-05-06 10:52:34] MOVE chetan (lawn green): 75→65 [0.2ms]
[2026-05-06 10:52:34] MOVE chetan (gray0): 21→19 [0.1ms]
[2026-05-06 10:52:35] MOVE chetan (lawn green): 65→75 [0.1ms]
[2026-05-06 10:52:35] MOVE chetan (gray0): 19→21 [0.3ms]
[2026-05-06 10:52:35] MOVE chetan (lawn green): 75→65 [0.1ms]
[2026-05-06 10:52:35] MOVE chetan (gray0): 21→19 [0.1ms]
[2026-05-06 10:52:35] MOVE chetan (lawn green): 65→75 [0.1ms]
[2026-05-06 10:52:35] MOVE chetan (gray0): 19→21 [0.1ms]
[2026-05-06 10:52:36] MOVE chetan (lawn green): 75→65 [0.1ms]
[2026-05-06 10:52:36] MOVE chetan (gray0): 21→19 [0.1ms]
[2026-05-06 10:52:36] MOVE chetan (lawn green): 65→75 [0.1ms]
[2026-05-06 10:52:36] MOVE chetan (gray0): 19→21 [0.1ms]
[2026-05-06 10:52:36] MOVE chetan (lawn green): 75→65 [0.1ms]
[2026-05-06 10:52:37] MOVE chetan (gray0): 21→19 [0.1ms]
[2026-05-06 10:52:37] MOVE chetan (lawn green): 65→75 [0.1ms]
[2026-05-06 10:52:37] MOVE chetan (gray0): 19→21 [0.2ms]
[2026-05-06 10:52:37] MOVE chetan (lawn green): 75→65 [0.2ms]
[2026-05-06 10:52:37] MOVE chetan (gray0): 21→19 [0.1ms]
[2026-05-06 10:52:38] MOVE chetan (lawn green): 65→75 [0.1ms]
[2026-05-06 10:52:38] MOVE chetan (gray0): 19→21 [0.1ms]
[2026-05-06 10:52:38] MOVE chetan (lawn green): 75→65 [0.1ms]
[2026-05-06 10:52:38] MOVE chetan (gray0): 21→19 [0.2ms]
[2026-05-06 10:52:38] MOVE chetan (lawn green): 65→75 [0.1ms]
[2026-05-06 10:52:38] MOVE chetan (gray0): 19→21 [0.1ms]
[2026-05-06 10:52:39] MOVE chetan (lawn green): 75→65 [0.2ms]
[2026-05-06 10:52:39] MOVE chetan (gray0): 21→19 [0.1ms]
[2026-05-06 10:52:39] MOVE chetan (lawn green): 65→75 [0.1ms]
[2026-05-06 10:52:39] MOVE chetan (gray0): 19→21 [0.1ms]
[2026-05-06 10:52:39] MOVE chetan (lawn green): 75→65 [0.1ms]
[2026-05-06 10:52:39] MOVE chetan (gray0): 21→19 [0.1ms]
[2026-05-06 10:52:40] MOVE chetan (lawn green): 65→75 [0.1ms]
[2026-05-06 10:52:40] MOVE chetan (gray0): 19→21 [0.2ms]
[2026-05-06 10:52:40] MOVE chetan (lawn green): 75→65 [0.2ms]
[2026-05-06 10:52:40] MOVE chetan (gray0): 21→19 [0.1ms]
[2026-05-06 10:52:40] MOVE chetan (lawn green): 65→75 [0.1ms]
[2026-05-06 10:52:40] MOVE chetan (gray0): 19→21 [0.1ms]
[2026-05-06 10:52:40] MOVE chetan (lawn green): 75→65 [0.1ms]
[2026-05-06 10:52:40] MOVE chetan (gray0): 21→19 [0.1ms]
[2026-05-06 10:52:41] MOVE chetan (lawn green): 65→75 [0.1ms]
[2026-05-06 10:52:41] MOVE chetan (gray0): 19→21 [0.1ms]
[2026-05-06 10:52:41] MOVE chetan (lawn green): 75→65 [0.2ms]
[2026-05-06 10:52:42] MOVE chetan (gray0): 21→19 [0.1ms]
[2026-05-06 10:52:42] MOVE chetan (lawn green): 65→75 [0.1ms]
[2026-05-06 10:52:42] MOVE chetan (gray0): 19→21 [0.1ms]
[2026-05-06 10:52:42] MOVE chetan (lawn green): 75→65 [0.2ms]
[2026-05-06 10:52:42] MOVE chetan (gray0): 21→19 [0.1ms]
[2026-05-06 10:52:42] MOVE chetan (lawn green): 65→75 [0.2ms]
[2026-05-06 10:52:43] MOVE chetan (gray0): 19→21 [0.1ms]
[2026-05-06 10:52:43] MOVE chetan (lawn green): 75→65 [0.1ms]
[2026-05-06 10:52:43] MOVE chetan (gray0): 21→19 [0.2ms]
[2026-05-06 10:52:43] MOVE chetan (lawn green): 65→75 [0.1ms]
[2026-05-06 10:52:43] MOVE chetan (gray0): 19→21 [0.1ms]
[2026-05-06 10:52:43] MOVE chetan (lawn green): 75→65 [0.1ms]
[2026-05-06 10:52:44] MOVE chetan (gray0): 21→19 [0.1ms]
[2026-05-06 10:52:44] MOVE chetan (lawn green): 65→75 [0.1ms]
[2026-05-06 10:52:44] MOVE chetan (gray0): 19→21 [0.1ms]
[2026-05-06 10:52:44] MOVE chetan (lawn green): 75→65 [0.1ms]
[2026-05-06 10:52:44] MOVE chetan (gray0): 21→19 [0.3ms]
[2026-05-06 10:52:44] MOVE chetan (lawn green): 65→75 [0.1ms]
[2026-05-06 10:52:45] MOVE chetan (gray0): 19→21 [0.1ms]
[2026-05-06 10:52:45] MOVE chetan (lawn green): 75→65 [0.2ms]
[2026-05-06 10:52:45] MOVE chetan (gray0): 21→19 [0.1ms]
[2026-05-06 10:52:45] MOVE chetan (lawn green): 65→75 [0.1ms]
[2026-05-06 10:52:45] MOVE chetan (gray0): 19→21 [0.1ms]
[2026-05-06 10:52:45] MOVE chetan (lawn green): 75→65 [0.1ms]
[2026-05-06 10:52:46] MOVE chetan (gray0): 21→19 [0.2ms]
[2026-05-06 10:52:46] MOVE chetan (lawn green): 65→75 [0.2ms]
[2026-05-06 10:52:46] MOVE chetan (gray0): 19→21 [0.1ms]
[2026-05-06 10:52:46] MOVE chetan (lawn green): 75→65 [0.1ms]
[2026-05-06 10:52:46] MOVE chetan (gray0): 21→19 [0.1ms]
[2026-05-06 10:52:46] MOVE chetan (lawn green): 65→75 [0.1ms]
[2026-05-06 10:52:47] MOVE chetan (gray0): 19→21 [0.1ms]
[2026-05-06 10:52:47] MOVE chetan (lawn green): 75→65 [0.1ms]
[2026-05-06 10:52:47] MOVE chetan (gray0): 21→19 [0.1ms]
[2026-05-06 10:52:47] MOVE chetan (lawn green): 65→75 [0.1ms]
[2026-05-06 10:52:47] MOVE chetan (gray0): 19→21 [0.1ms]
[2026-05-06 10:52:47] MOVE chetan (lawn green): 75→65 [0.1ms]
[2026-05-06 10:52:48] MOVE chetan (gray0): 21→19 [0.4ms]
[2026-05-06 10:52:48] MOVE chetan (lawn green): 65→75 [0.1ms]
[2026-05-06 10:52:48] MOVE chetan (gray0): 19→21 [0.4ms]
[2026-05-06 10:52:48] MOVE chetan (lawn green): 75→65 [0.1ms]
[2026-05-06 10:52:48] MOVE chetan (gray0): 21→19 [0.1ms]
[2026-05-06 10:52:49] MOVE chetan (lawn green): 65→75 [0.1ms]
[2026-05-06 10:52:49] MOVE chetan (gray0): 19→21 [0.1ms]
[2026-05-06 10:52:49] MOVE chetan (lawn green): 75→65 [0.1ms]
[2026-05-06 10:52:49] MOVE chetan (gray0): 21→19 [0.2ms]
[2026-05-06 10:52:49] MOVE chetan (lawn green): 65→75 [0.2ms]
[2026-05-06 10:52:50] MOVE chetan (gray0): 19→21 [0.2ms]
[2026-05-06 10:52:50] MOVE chetan (lawn green): 75→65 [0.1ms]
[2026-05-06 10:52:50] MOVE chetan (gray0): 21→19 [0.1ms]
[2026-05-06 10:52:50] MOVE chetan (lawn green): 65→75 [0.1ms]
[2026-05-06 10:52:50] MOVE chetan (gray0): 19→21 [0.1ms]
[2026-05-06 10:52:50] MOVE chetan (lawn green): 75→65 [0.1ms]
[2026-05-06 10:52:50] MOVE chetan (gray0): 21→19 [0.1ms]
[2026-05-06 10:52:51] MOVE chetan (lawn green): 65→75 [0.1ms]
[2026-05-06 10:52:51] MOVE chetan (gray0): 19→21 [0.1ms]
[2026-05-06 10:52:51] MOVE chetan (lawn green): 75→65 [0.1ms]
[2026-05-06 10:52:51] MOVE chetan (gray0): 21→19 [0.1ms]
[2026-05-06 10:52:52] MOVE chetan (lawn green): 65→75 [0.1ms]
[2026-05-06 10:52:52] MOVE chetan (gray0): 19→21 [0.2ms]
[2026-05-06 10:52:52] MOVE chetan (lawn green): 75→65 [0.1ms]
[2026-05-06 10:52:52] MOVE chetan (gray0): 21→19 [0.1ms]
[2026-05-06 10:52:52] MOVE chetan (lawn green): 65→75 [0.1ms]
[2026-05-06 10:52:53] MOVE chetan (gray0): 19→21 [0.1ms]
[2026-05-06 10:52:53] MOVE chetan (lawn green): 75→65 [0.1ms]
[2026-05-06 10:52:53] MOVE chetan (gray0): 21→19 [0.1ms]
[2026-05-06 10:52:53] MOVE chetan (lawn green): 65→75 [0.1ms]
[2026-05-06 10:52:53] MOVE chetan (gray0): 19→21 [0.1ms]
[2026-05-06 10:52:54] MOVE chetan (lawn green): 75→65 [0.1ms]
[2026-05-06 10:52:54] MOVE chetan (gray0): 21→19 [0.1ms]
[2026-05-06 10:52:54] MOVE chetan (lawn green): 65→75 [0.1ms]
[2026-05-06 10:52:54] MOVE chetan (gray0): 19→21 [0.1ms]
[2026-05-06 10:52:54] MOVE chetan (lawn green): 75→65 [0.1ms]
[2026-05-06 10:52:54] MOVE chetan (gray0): 21→19 [0.1ms]
[2026-05-06 10:52:55] MOVE chetan (lawn green): 65→75 [0.2ms]
[2026-05-06 10:52:55] MOVE chetan (gray0): 19→21 [0.1ms]
[2026-05-06 10:52:55] MOVE chetan (lawn green): 75→65 [0.1ms]
[2026-05-06 10:52:55] MOVE chetan (gray0): 21→19 [0.4ms]
[2026-05-06 10:52:55] MOVE chetan (lawn green): 65→75 [0.1ms]
[2026-05-06 10:52:56] MOVE chetan (gray0): 19→21 [0.1ms]
[2026-05-06 10:52:56] MOVE chetan (lawn green): 75→65 [0.1ms]
[2026-05-06 10:52:56] MOVE chetan (gray0): 21→19 [0.1ms]
[2026-05-06 10:52:56] MOVE chetan (lawn green): 65→75 [0.2ms]
[2026-05-06 10:52:57] MOVE chetan (gray0): 19→21 [0.8ms]
[2026-05-06 10:52:57] MOVE chetan (lawn green): 75→65 [0.1ms]
[2026-05-06 10:52:57] MOVE chetan (gray0): 21→19 [0.1ms]
[2026-05-06 10:52:57] MOVE chetan (lawn green): 65→75 [0.4ms]
[2026-05-06 10:52:58] MOVE chetan (gray0): 19→21 [0.1ms]
[2026-05-06 10:52:58] MOVE chetan (lawn green): 75→65 [0.1ms]
[2026-05-06 10:52:58] MOVE chetan (gray0): 21→19 [0.2ms]
[2026-05-06 10:52:58] MOVE chetan (lawn green): 65→75 [0.1ms]
[2026-05-06 10:52:58] MOVE chetan (gray0): 19→21 [0.1ms]
[2026-05-06 10:52:59] MOVE chetan (lawn green): 75→65 [0.2ms]
[2026-05-06 10:52:59] MOVE chetan (gray0): 21→19 [0.1ms]
[2026-05-06 10:52:59] MOVE chetan (lawn green): 65→75 [0.1ms]
[2026-05-06 10:52:59] MOVE chetan (gray0): 19→21 [0.2ms]
[2026-05-06 10:52:59] MOVE chetan (lawn green): 75→65 [0.1ms]
[2026-05-06 10:52:59] MOVE chetan (gray0): 21→19 [0.2ms]
[2026-05-06 10:53:00] MOVE chetan (lawn green): 65→75 [0.3ms]
[2026-05-06 10:53:00] MOVE chetan (gray0): 19→21 [0.1ms]
[2026-05-06 10:53:00] MOVE chetan (lawn green): 75→65 [0.4ms]
[2026-05-06 10:53:00] MOVE chetan (gray0): 21→19 [0.1ms]
[2026-05-06 10:53:00] MOVE chetan (lawn green): 65→75 [0.1ms]
[2026-05-06 10:53:01] MOVE chetan (gray0): 19→21 [0.1ms]
[2026-05-06 10:53:01] MOVE chetan (lawn green): 75→65 [0.1ms]
[2026-05-06 10:53:01] MOVE chetan (gray0): 21→19 [0.1ms]
[2026-05-06 10:53:01] MOVE chetan (lawn green): 65→75 [0.1ms]
[2026-05-06 10:53:01] MOVE chetan (gray0): 19→21 [0.4ms]
[2026-05-06 10:53:01] MOVE chetan (lawn green): 75→65 [0.1ms]
[2026-05-06 10:53:02] MOVE chetan (gray0): 21→19 [0.1ms]
[2026-05-06 10:53:02] MOVE chetan (lawn green): 65→75 [0.1ms]
[2026-05-06 10:53:02] MOVE chetan (gray0): 19→21 [0.1ms]
[2026-05-06 10:53:02] MOVE chetan (lawn green): 75→65 [0.1ms]
[2026-05-06 10:53:02] MOVE chetan (gray0): 21→19 [0.1ms]
[2026-05-06 10:53:02] MOVE chetan (lawn green): 65→75 [0.1ms]
[2026-05-06 10:53:03] MOVE chetan (gray0): 19→21 [0.1ms]
[2026-05-06 10:53:03] MOVE chetan (lawn green): 75→65 [0.1ms]
[2026-05-06 10:53:03] MOVE chetan (gray0): 21→19 [0.1ms]
[2026-05-06 10:53:03] MOVE chetan (lawn green): 65→75 [0.1ms]
[2026-05-06 10:53:03] MOVE chetan (gray0): 19→21 [0.1ms]
[2026-05-06 10:53:03] MOVE chetan (lawn green): 75→65 [0.1ms]
[2026-05-06 10:53:04] MOVE chetan (gray0): 21→19 [0.1ms]
[2026-05-06 10:53:04] MOVE chetan (lawn green): 65→75 [0.1ms]
[2026-05-06 10:53:04] MOVE chetan (gray0): 19→21 [0.2ms]
[2026-05-06 10:53:04] MOVE chetan (lawn green): 75→65 [0.1ms]
[2026-05-06 10:53:04] MOVE chetan (gray0): 21→19 [0.1ms]
[2026-05-06 10:53:04] MOVE chetan (lawn green): 65→75 [0.1ms]
[2026-05-06 10:53:05] MOVE chetan (gray0): 19→21 [0.1ms]
[2026-05-06 10:53:05] MOVE chetan (lawn green): 75→65 [0.1ms]
[2026-05-06 10:53:05] MOVE chetan (gray0): 21→19 [0.1ms]
[2026-05-06 10:53:05] MOVE chetan (lawn green): 65→75 [0.1ms]
[2026-05-06 10:53:06] MOVE chetan (gray0): 19→21 [0.3ms]
[2026-05-06 10:53:06] MOVE chetan (lawn green): 75→65 [0.1ms]
[2026-05-06 10:53:06] MOVE chetan (gray0): 21→19 [0.1ms]
[2026-05-06 10:53:06] MOVE chetan (lawn green): 65→75 [0.2ms]
[2026-05-06 10:53:06] MOVE chetan (gray0): 19→21 [0.1ms]
[2026-05-06 10:53:06] MOVE chetan (lawn green): 75→65 [0.1ms]
[2026-05-06 10:53:07] MOVE chetan (gray0): 21→19 [0.1ms]
[2026-05-06 10:53:07] MOVE chetan (lawn green): 65→75 [0.2ms]
[2026-05-06 10:53:07] MOVE chetan (gray0): 19→21 [0.1ms]
[2026-05-06 10:53:07] MOVE chetan (lawn green): 75→65 [0.3ms]
[2026-05-06 10:53:07] MOVE chetan (gray0): 21→19 [0.1ms]
[2026-05-06 10:53:08] MOVE chetan (lawn green): 65→75 [0.2ms]
[2026-05-06 10:53:08] MOVE chetan (gray0): 19→21 [0.1ms]
[2026-05-06 10:53:08] MOVE chetan (lawn green): 75→65 [0.1ms]
[2026-05-06 10:53:08] MOVE chetan (gray0): 21→19 [0.1ms]
[2026-05-06 10:53:09] MOVE chetan (lawn green): 65→75 [0.3ms]
[2026-05-06 10:53:09] MOVE chetan (gray0): 19→21 [0.1ms]
[2026-05-06 10:53:09] MOVE chetan (lawn green): 75→65 [0.1ms]
[2026-05-06 10:53:09] MOVE chetan (gray0): 21→19 [0.1ms]
[2026-05-06 10:53:09] MOVE chetan (lawn green): 65→75 [0.1ms]
[2026-05-06 10:53:09] MOVE chetan (gray0): 19→21 [0.1ms]
[2026-05-06 10:53:10] MOVE chetan (lawn green): 75→65 [0.1ms]
[2026-05-06 10:53:10] MOVE chetan (gray0): 21→19 [0.1ms]
[2026-05-06 10:53:10] MOVE chetan (lawn green): 65→75 [0.3ms]
[2026-05-06 10:53:10] MOVE chetan (gray0): 19→21 [0.2ms]
[2026-05-06 10:53:11] MOVE chetan (lawn green): 75→65 [0.1ms]
[2026-05-06 10:53:11] MOVE chetan (gray0): 21→19 [0.1ms]
[2026-05-06 10:53:11] MOVE chetan (lawn green): 65→75 [0.1ms]
[2026-05-06 10:53:11] MOVE chetan (gray0): 19→21 [0.1ms]
[2026-05-06 10:53:11] MOVE chetan (lawn green): 75→65 [0.1ms]
[2026-05-06 10:53:11] MOVE chetan (gray0): 21→19 [0.2ms]
[2026-05-06 10:53:12] MOVE chetan (lawn green): 65→75 [0.2ms]
[2026-05-06 10:53:12] MOVE chetan (gray0): 19→21 [0.1ms]
[2026-05-06 10:53:12] MOVE chetan (lawn green): 75→65 [0.2ms]
[2026-05-06 10:53:12] MOVE chetan (gray0): 21→19 [0.1ms]
[2026-05-06 10:53:12] MOVE chetan (lawn green): 65→75 [0.1ms]
[2026-05-06 10:53:13] MOVE chetan (gray0): 19→21 [0.1ms]
[2026-05-06 10:53:13] MOVE chetan (lawn green): 75→65 [0.1ms]
[2026-05-06 10:53:13] MOVE chetan (gray0): 21→19 [0.1ms]
[2026-05-06 10:53:13] MOVE chetan (lawn green): 65→75 [0.3ms]
[2026-05-06 10:53:13] MOVE chetan (gray0): 19→21 [0.1ms]
[2026-05-06 10:53:13] MOVE chetan (lawn green): 75→65 [0.1ms]
[2026-05-06 10:53:14] MOVE chetan (gray0): 21→19 [0.1ms]
[2026-05-06 10:53:14] MOVE chetan (lawn green): 65→75 [0.1ms]
[2026-05-06 10:53:14] MOVE chetan (gray0): 19→21 [0.1ms]
[2026-05-06 10:53:14] MOVE chetan (lawn green): 75→65 [0.1ms]
[2026-05-06 10:53:14] MOVE chetan (gray0): 21→19 [0.1ms]
[2026-05-06 10:53:14] MOVE chetan (lawn green): 65→75 [0.2ms]
[2026-05-06 10:53:15] MOVE chetan (gray0): 19→21 [0.1ms]
[2026-05-06 10:53:15] MOVE chetan (lawn green): 75→65 [0.1ms]
[2026-05-06 10:53:15] MOVE chetan (gray0): 21→19 [0.1ms]
[2026-05-06 10:53:15] MOVE chetan (lawn green): 65→75 [0.1ms]
[2026-05-06 10:53:15] MOVE chetan (gray0): 19→21 [0.1ms]
[2026-05-06 10:53:15] MOVE chetan (lawn green): 75→65 [0.1ms]
[2026-05-06 10:53:15] MOVE chetan (gray0): 21→19 [0.1ms]
[2026-05-06 10:53:16] MOVE chetan (lawn green): 65→75 [0.1ms]
[2026-05-06 10:53:16] MOVE chetan (gray0): 19→21 [0.1ms]
[2026-05-06 10:53:16] MOVE chetan (lawn green): 75→65 [0.1ms]
[2026-05-06 10:53:16] MOVE chetan (gray0): 21→19 [0.1ms]
[2026-05-06 10:53:16] MOVE chetan (lawn green): 65→75 [0.1ms]
[2026-05-06 10:53:16] MOVE chetan (gray0): 19→21 [0.1ms]
[2026-05-06 10:53:17] MOVE chetan (lawn green): 75→65 [0.1ms]
[2026-05-06 10:53:17] MOVE chetan (gray0): 21→19 [0.1ms]
[2026-05-06 10:53:17] MOVE chetan (lawn green): 65→75 [0.1ms]
[2026-05-06 10:53:17] MOVE chetan (gray0): 19→21 [0.2ms]
[2026-05-06 10:53:18] MOVE chetan (lawn green): 75→65 [0.1ms]
[2026-05-06 10:53:18] MOVE chetan (gray0): 21→19 [0.2ms]
[2026-05-06 10:53:18] MOVE chetan (lawn green): 65→75 [0.1ms]
[2026-05-06 10:53:18] MOVE chetan (gray0): 19→21 [0.1ms]
[2026-05-06 10:53:18] MOVE chetan (lawn green): 75→65 [0.1ms]
[2026-05-06 10:53:18] MOVE chetan (gray0): 21→19 [0.4ms]
[2026-05-06 10:53:19] MOVE chetan (lawn green): 65→75 [0.1ms]
[2026-05-06 10:53:19] MOVE chetan (gray0): 19→21 [0.3ms]
[2026-05-06 10:53:19] MOVE chetan (lawn green): 75→65 [0.1ms]
[2026-05-06 10:53:19] MOVE chetan (gray0): 21→19 [0.1ms]
[2026-05-06 10:53:19] MOVE chetan (lawn green): 65→75 [0.2ms]
[2026-05-06 10:53:19] MOVE chetan (gray0): 19→21 [0.1ms]
[2026-05-06 10:53:20] MOVE chetan (lawn green): 75→65 [0.3ms]
[2026-05-06 10:53:20] MOVE chetan (gray0): 21→19 [0.4ms]
[2026-05-06 10:53:20] MOVE chetan (lawn green): 65→75 [0.1ms]
[2026-05-06 10:53:20] MOVE chetan (gray0): 19→21 [0.1ms]
[2026-05-06 10:53:20] MOVE chetan (lawn green): 75→65 [0.1ms]
[2026-05-06 10:53:20] MOVE chetan (gray0): 21→19 [0.2ms]
[2026-05-06 10:53:21] MOVE chetan (lawn green): 65→75 [0.1ms]
[2026-05-06 10:53:21] MOVE chetan (gray0): 19→21 [0.1ms]
[2026-05-06 10:53:21] MOVE chetan (lawn green): 75→65 [0.2ms]
[2026-05-06 10:53:21] MOVE chetan (gray0): 21→19 [0.1ms]
[2026-05-06 10:53:21] MOVE chetan (lawn green): 65→75 [0.1ms]
[2026-05-06 10:53:22] MOVE chetan (gray0): 19→21 [0.1ms]
[2026-05-06 10:53:22] MOVE chetan (lawn green): 75→65 [0.1ms]
[2026-05-06 10:53:22] MOVE chetan (gray0): 21→19 [0.1ms]
[2026-05-06 10:53:22] MOVE chetan (lawn green): 65→75 [0.1ms]
[2026-05-06 10:53:22] MOVE chetan (gray0): 19→21 [0.1ms]
[2026-05-06 10:53:22] MOVE chetan (lawn green): 75→65 [0.1ms]
[2026-05-06 10:53:23] MOVE chetan (gray0): 21→19 [0.2ms]
[2026-05-06 10:53:23] MOVE chetan (lawn green): 65→75 [0.1ms]
[2026-05-06 10:53:23] MOVE chetan (gray0): 19→21 [0.1ms]
[2026-05-06 10:53:23] MOVE chetan (lawn green): 75→65 [0.1ms]
[2026-05-06 10:53:23] MOVE chetan (gray0): 21→19 [0.1ms]
[2026-05-06 10:53:23] MOVE chetan (lawn green): 65→75 [0.1ms]
[2026-05-06 10:53:24] MOVE chetan (gray0): 19→21 [0.1ms]
[2026-05-06 10:53:24] MOVE chetan (lawn green): 75→65 [0.1ms]
[2026-05-06 10:53:24] MOVE chetan (gray0): 21→19 [0.2ms]
[2026-05-06 10:53:24] MOVE chetan (lawn green): 65→75 [0.1ms]
[2026-05-06 10:53:24] MOVE chetan (gray0): 19→21 [0.1ms]
[2026-05-06 10:53:24] MOVE chetan (lawn green): 75→65 [0.1ms]
[2026-05-06 10:53:24] MOVE chetan (gray0): 21→19 [0.1ms]
[2026-05-06 10:53:25] MOVE chetan (lawn green): 65→75 [0.1ms]
[2026-05-06 10:53:25] MOVE chetan (gray0): 19→21 [0.1ms]
[2026-05-06 10:53:25] MOVE chetan (lawn green): 75→65 [0.1ms]
[2026-05-06 10:53:25] MOVE chetan (gray0): 21→19 [0.1ms]
[2026-05-06 10:53:25] MOVE chetan (lawn green): 65→75 [0.1ms]
[2026-05-06 10:53:25] MOVE chetan (gray0): 19→21 [0.2ms]
[2026-05-06 10:53:26] MOVE chetan (lawn green): 75→65 [0.1ms]
[2026-05-06 10:53:26] MOVE chetan (gray0): 21→19 [0.1ms]
[2026-05-06 10:53:26] MOVE chetan (lawn green): 65→75 [0.1ms]
[2026-05-06 10:53:26] MOVE chetan (gray0): 19→21 [0.3ms]
[2026-05-06 10:53:26] MOVE chetan (lawn green): 75→65 [0.1ms]
[2026-05-06 10:53:26] MOVE chetan (gray0): 21→19 [0.1ms]
[2026-05-06 10:53:26] MOVE chetan (lawn green): 65→75 [0.1ms]
[2026-05-06 10:53:27] MOVE chetan (gray0): 19→21 [0.1ms]
[2026-05-06 10:53:27] MOVE chetan (lawn green): 75→65 [0.2ms]
[2026-05-06 10:53:27] MOVE chetan (gray0): 21→19 [0.1ms]
[2026-05-06 10:53:27] MOVE chetan (lawn green): 65→75 [0.1ms]
[2026-05-06 10:53:27] MOVE chetan (gray0): 19→21 [0.1ms]
[2026-05-06 10:53:27] MOVE chetan (lawn green): 75→65 [0.1ms]
[2026-05-06 10:53:28] MOVE chetan (gray0): 21→19 [0.2ms]
[2026-05-06 10:53:28] MOVE chetan (lawn green): 65→75 [0.1ms]
[2026-05-06 10:53:28] MOVE chetan (gray0): 19→21 [0.1ms]
[2026-05-06 10:53:28] MOVE chetan (lawn green): 75→65 [0.1ms]
[2026-05-06 10:53:28] MOVE chetan (gray0): 21→19 [0.2ms]
[2026-05-06 10:53:29] MOVE chetan (lawn green): 65→75 [0.1ms]
[2026-05-06 10:53:29] MOVE chetan (gray0): 19→21 [0.1ms]
[2026-05-06 10:53:29] MOVE chetan (lawn green): 75→65 [0.1ms]
[2026-05-06 10:53:29] MOVE chetan (gray0): 21→19 [0.1ms]
[2026-05-06 10:53:29] MOVE chetan (lawn green): 65→75 [0.1ms]
[2026-05-06 10:53:29] MOVE chetan (gray0): 19→21 [0.1ms]
[2026-05-06 10:53:30] MOVE chetan (lawn green): 75→65 [0.1ms]
[2026-05-06 10:53:30] MOVE chetan (gray0): 21→19 [0.1ms]
[2026-05-06 10:53:30] MOVE chetan (lawn green): 65→75 [0.1ms]
[2026-05-06 10:53:30] MOVE chetan (gray0): 19→21 [0.2ms]
[2026-05-06 10:53:30] MOVE chetan (lawn green): 75→65 [0.1ms]
[2026-05-06 10:53:30] MOVE chetan (gray0): 21→19 [0.1ms]
[2026-05-06 10:53:31] MOVE chetan (lawn green): 65→75 [0.1ms]
[2026-05-06 10:53:31] MOVE chetan (gray0): 19→21 [0.2ms]
[2026-05-06 10:53:31] MOVE chetan (lawn green): 75→65 [0.1ms]
[2026-05-06 10:53:31] MOVE chetan (gray0): 21→19 [0.1ms]
[2026-05-06 10:53:31] MOVE chetan (lawn green): 65→75 [0.1ms]
[2026-05-06 10:53:31] MOVE chetan (gray0): 19→21 [0.1ms]
[2026-05-06 10:53:32] MOVE chetan (lawn green): 75→65 [0.1ms]
[2026-05-06 10:53:32] MOVE chetan (gray0): 21→19 [0.1ms]
[2026-05-06 10:53:32] MOVE chetan (lawn green): 65→75 [0.1ms]
[2026-05-06 10:53:32] MOVE chetan (gray0): 19→21 [0.1ms]
[2026-05-06 10:53:32] MOVE chetan (lawn green): 75→65 [0.1ms]
[2026-05-06 10:53:32] MOVE chetan (gray0): 21→19 [0.1ms]
[2026-05-06 10:53:33] MOVE chetan (lawn green): 65→75 [0.3ms]
[2026-05-06 10:53:33] MOVE chetan (gray0): 19→21 [0.1ms]
[2026-05-06 10:53:33] MOVE chetan (lawn green): 75→65 [0.1ms]
[2026-05-06 10:53:33] MOVE chetan (gray0): 21→19 [0.3ms]
[2026-05-06 10:53:33] MOVE chetan (lawn green): 65→75 [0.1ms]
[2026-05-06 10:53:33] MOVE chetan (gray0): 19→21 [0.1ms]
[2026-05-06 10:53:34] MOVE chetan (lawn green): 75→65 [0.2ms]
[2026-05-06 10:53:34] MOVE chetan (gray0): 21→19 [0.2ms]
[2026-05-06 10:53:34] MOVE chetan (lawn green): 65→75 [0.1ms]
[2026-05-06 10:53:34] MOVE chetan (gray0): 19→21 [0.1ms]
[2026-05-06 10:53:34] MOVE chetan (lawn green): 75→65 [0.1ms]
[2026-05-06 10:53:34] MOVE chetan (gray0): 21→19 [0.1ms]
[2026-05-06 10:53:34] MOVE chetan (lawn green): 65→75 [0.1ms]
[2026-05-06 10:53:35] MOVE chetan (gray0): 19→21 [0.1ms]
[2026-05-06 10:53:35] MOVE chetan (lawn green): 75→65 [0.3ms]
[2026-05-06 10:53:35] MOVE chetan (gray0): 21→19 [0.1ms]
[2026-05-06 10:53:35] MOVE chetan (lawn green): 65→75 [0.1ms]
[2026-05-06 10:53:35] MOVE chetan (gray0): 19→21 [0.1ms]
[2026-05-06 10:53:35] MOVE chetan (lawn green): 75→65 [0.1ms]
[2026-05-06 10:53:36] MOVE chetan (gray0): 21→19 [0.1ms]
[2026-05-06 10:53:36] MOVE chetan (lawn green): 65→75 [0.2ms]
[2026-05-06 10:53:36] MOVE chetan (gray0): 19→21 [0.1ms]
[2026-05-06 10:53:36] MOVE chetan (lawn green): 75→65 [0.1ms]
[2026-05-06 10:53:36] MOVE chetan (gray0): 21→19 [0.1ms]
[2026-05-06 10:53:36] MOVE chetan (lawn green): 65→75 [0.1ms]
[2026-05-06 10:53:37] MOVE chetan (gray0): 19→21 [0.2ms]
[2026-05-06 10:53:37] MOVE chetan (lawn green): 75→65 [0.1ms]
[2026-05-06 10:53:37] MOVE chetan (gray0): 21→19 [0.2ms]
[2026-05-06 10:53:37] MOVE chetan (lawn green): 65→75 [0.2ms]
[2026-05-06 10:53:37] MOVE chetan (gray0): 19→21 [0.1ms]
[2026-05-06 10:53:37] MOVE chetan (lawn green): 75→65 [0.1ms]
[2026-05-06 10:53:38] MOVE chetan (gray0): 21→19 [0.1ms]
[2026-05-06 10:53:38] MOVE chetan (lawn green): 65→75 [0.1ms]
[2026-05-06 10:53:38] MOVE chetan (gray0): 19→21 [0.2ms]
[2026-05-06 10:53:38] MOVE chetan (lawn green): 75→65 [0.1ms]
[2026-05-06 10:53:38] MOVE chetan (gray0): 21→19 [0.2ms]
[2026-05-06 10:53:38] MOVE chetan (lawn green): 65→75 [0.1ms]
[2026-05-06 10:53:39] MOVE chetan (gray0): 19→21 [0.1ms]
[2026-05-06 10:53:39] MOVE chetan (lawn green): 75→65 [0.2ms]
[2026-05-06 10:53:39] MOVE chetan (gray0): 21→19 [0.1ms]
[2026-05-06 10:53:39] MOVE chetan (lawn green): 65→75 [0.1ms]
[2026-05-06 10:53:39] MOVE chetan (gray0): 19→21 [0.1ms]
[2026-05-06 10:53:39] MOVE chetan (lawn green): 75→65 [0.1ms]
[2026-05-06 10:53:40] MOVE chetan (gray0): 21→19 [0.1ms]
[2026-05-06 10:53:40] MOVE chetan (lawn green): 65→75 [0.2ms]
[2026-05-06 10:53:40] MOVE chetan (gray0): 19→21 [0.2ms]
[2026-05-06 10:53:40] MOVE chetan (lawn green): 75→65 [0.1ms]
[2026-05-06 10:53:40] MOVE chetan (gray0): 21→19 [0.1ms]
[2026-05-06 10:53:40] MOVE chetan (lawn green): 65→75 [0.2ms]
[2026-05-06 10:53:40] MOVE chetan (gray0): 19→21 [0.1ms]
[2026-05-06 10:53:41] MOVE chetan (lawn green): 75→65 [0.1ms]
[2026-05-06 10:53:41] MOVE chetan (gray0): 21→19 [0.2ms]
[2026-05-06 10:53:41] MOVE chetan (lawn green): 65→75 [0.1ms]
[2026-05-06 10:53:41] MOVE chetan (gray0): 19→21 [0.1ms]
[2026-05-06 10:53:41] MOVE chetan (lawn green): 75→65 [0.1ms]
[2026-05-06 10:53:41] MOVE chetan (gray0): 21→19 [0.1ms]
[2026-05-06 10:53:41] MOVE chetan (lawn green): 65→75 [0.1ms]
[2026-05-06 10:53:42] MOVE chetan (gray0): 19→21 [0.1ms]
[2026-05-06 10:53:42] MOVE chetan (lawn green): 75→65 [0.6ms]
[2026-05-06 10:53:42] MOVE chetan (gray0): 21→19 [0.1ms]
[2026-05-06 10:53:42] MOVE chetan (lawn green): 65→75 [0.2ms]
[2026-05-06 10:53:42] MOVE chetan (gray0): 19→21 [0.1ms]
[2026-05-06 10:53:42] MOVE chetan (lawn green): 75→65 [0.1ms]
[2026-05-06 10:53:43] MOVE chetan (gray0): 21→19 [0.1ms]
[2026-05-06 10:53:43] MOVE chetan (lawn green): 65→75 [0.1ms]
[2026-05-06 10:53:43] MOVE chetan (gray0): 19→21 [0.2ms]
[2026-05-06 10:53:43] MOVE chetan (lawn green): 75→65 [0.1ms]
[2026-05-06 10:53:43] MOVE chetan (gray0): 21→19 [0.1ms]
[2026-05-06 10:53:43] MOVE chetan (lawn green): 65→75 [0.2ms]
[2026-05-06 10:53:44] MOVE chetan (gray0): 19→21 [0.1ms]
[2026-05-06 10:53:44] MOVE chetan (lawn green): 75→65 [0.1ms]
[2026-05-06 10:53:44] MOVE chetan (gray0): 21→19 [0.1ms]
[2026-05-06 10:53:44] MOVE chetan (lawn green): 65→75 [0.1ms]
[2026-05-06 10:53:44] SCORE chetan (lawn green): Final=216.0, Time=0.0, Moves(1191)=0.0, Pins(1)=100.0, Dist=116.0
[2026-05-06 10:53:44] SCORE chetan (gray0): Final=217.0, Time=0.0, Moves(1190)=0.0, Pins(1)=100.0, Dist=117.0
[2026-05-06 10:53:44] GAME TIME LIMIT REACHED.
[2026-05-06 10:53:44] SCORE chetan (lawn green): Final=216.0, Time=0.0, Moves(1191)=0.0, Pins(1)=100.0, Dist=116.0
[2026-05-06 10:53:44] SCORE chetan (gray0): Final=217.0, Time=0.0, Moves(1190)=0.0, Pins(1)=100.0, Dist=117.0
[2026-05-06 10:53:44] GAME TIME LIMIT REACHED.
[2026-05-06 10:53:45] SCORE chetan (lawn green): Final=216.0, Time=0.0, Moves(1191)=0.0, Pins(1)=100.0, Dist=116.0
[2026-05-06 10:53:45] SCORE chetan (gray0): Final=217.0, Time=0.0, Moves(1190)=0.0, Pins(1)=100.0, Dist=117.0
[2026-05-06 10:53:45] GAME TIME LIMIT REACHED.
