[2026-05-06 10:38:05] GAME CREATED
[2026-05-06 10:38:11] PLAYER JOINED: chetan as lawn green
[2026-05-06 10:38:19] PLAYER JOINED: asha as gray0
[2026-05-06 10:38:23] GAME STARTED — turn order: ['lawn green', 'gray0']
[2026-05-06 10:38:23] MOVE chetan (lawn green): 20→18 [0.1ms]
[2026-05-06 10:38:23] MOVE asha (gray0): 75→56 [0.1ms]
[2026-05-06 10:38:24] MOVE chetan (lawn green): 22→43 [0.1ms]
[2026-05-06 10:38:24] MOVE asha (gray0): 98→77 [0.2ms]
[2026-05-06 10:38:24] MOVE chetan (lawn green): 19→17 [0.1ms]
[2026-05-06 10:38:24] MOVE asha (gray0): 65→47 [0.1ms]
[2026-05-06 10:38:24] MOVE chetan (lawn green): 33→29 [0.1ms]
[2026-05-06 10:38:24] MOVE asha (gray0): 87→48 [0.1ms]
[2026-05-06 10:38:24] MOVE chetan (lawn green): 17→40 [0.1ms]
[2026-05-06 10:38:25] MOVE asha (gray0): 47→49 [0.1ms]
[2026-05-06 10:38:25] MOVE chetan (lawn green): 29→50 [0.1ms]
[2026-05-06 10:38:25] MOVE asha (gray0): 88→47 [0.1ms]
[2026-05-06 10:38:25] MOVE chetan (lawn green): 40→57 [0.1ms]
[2026-05-06 10:38:25] MOVE asha (gray0): 56→39 [0.1ms]
[2026-05-06 10:38:25] MOVE chetan (lawn green): 50→59 [0.1ms]
[2026-05-06 10:38:26] MOVE asha (gray0): 49→28 [0.1ms]
[2026-05-06 10:38:26] MOVE chetan (lawn green): 57→56 [0.1ms]
[2026-05-06 10:38:26] MOVE asha (gray0): 39→16 [0.1ms]
[2026-05-06 10:38:26] MOVE chetan (lawn green): 56→65 [0.1ms]
[2026-05-06 10:38:26] MOVE asha (gray0): 100→60 [0.1ms]
[2026-05-06 10:38:26] MOVE chetan (lawn green): 44→15 [0.1ms]
[2026-05-06 10:38:27] MOVE asha (gray0): 47→51 [0.1ms]
[2026-05-06 10:38:27] MOVE chetan (lawn green): 59→58 [0.2ms]
[2026-05-06 10:38:27] MOVE asha (gray0): 60→41 [1.5ms]
[2026-05-06 10:38:27] MOVE chetan (lawn green): 15→14 [0.2ms]
[2026-05-06 10:38:27] MOVE asha (gray0): 51→30 [0.1ms]
[2026-05-06 10:38:27] MOVE chetan (lawn green): 58→57 [0.1ms]
[2026-05-06 10:38:28] MOVE asha (gray0): 16→17 [0.1ms]
[2026-05-06 10:38:28] MOVE chetan (lawn green): 18→39 [0.1ms]
[2026-05-06 10:38:28] MOVE asha (gray0): 17→44 [0.8ms]
[2026-05-06 10:38:28] MOVE chetan (lawn green): 57→56 [0.1ms]
[2026-05-06 10:38:28] MOVE asha (gray0): 41→18 [0.1ms]
[2026-05-06 10:38:29] MOVE chetan (lawn green): 56→98 [0.1ms]
[2026-05-06 10:38:29] MOVE asha (gray0): 18→19 [0.1ms]
[2026-05-06 10:38:29] MOVE chetan (lawn green): 45→41 [0.1ms]
[2026-05-06 10:38:29] MOVE asha (gray0): 30→18 [0.1ms]
[2026-05-06 10:38:29] MOVE chetan (lawn green): 39→38 [0.1ms]
[2026-05-06 10:38:29] MOVE asha (gray0): 18→22 [0.1ms]
[2026-05-06 10:38:30] MOVE chetan (lawn green): 14→26 [0.2ms]
[2026-05-06 10:38:30] MOVE asha (gray0): 48→29 [0.1ms]
[2026-05-06 10:38:30] MOVE chetan (lawn green): 41→37 [0.1ms]
[2026-05-06 10:38:30] MOVE asha (gray0): 28→30 [0.1ms]
[2026-05-06 10:38:30] MOVE chetan (lawn green): 26→47 [0.1ms]
[2026-05-06 10:38:30] MOVE asha (gray0): 29→33 [0.1ms]
[2026-05-06 10:38:30] MOVE chetan (lawn green): 37→75 [0.1ms]
[2026-05-06 10:38:31] MOVE asha (gray0): 30→18 [0.2ms]
[2026-05-06 10:38:31] MOVE chetan (lawn green): 47→56 [0.1ms]
[2026-05-06 10:38:31] MOVE asha (gray0): 18→45 [0.1ms]
[2026-05-06 10:38:31] MOVE chetan (lawn green): 38→37 [0.1ms]
[2026-05-06 10:38:31] MOVE asha (gray0): 76→78 [0.2ms]
[2026-05-06 10:38:31] MOVE chetan (lawn green): 32→53 [0.1ms]
[2026-05-06 10:38:32] MOVE asha (gray0): 77→79 [0.1ms]
[2026-05-06 10:38:32] MOVE chetan (lawn green): 37→47 [0.1ms]
[2026-05-06 10:38:32] MOVE asha (gray0): 78→80 [0.1ms]
[2026-05-06 10:38:32] MOVE chetan (lawn green): 43→62 [0.4ms]
[2026-05-06 10:38:32] MOVE asha (gray0): 79→81 [0.1ms]
[2026-05-06 10:38:32] MOVE chetan (lawn green): 53→69 [0.1ms]
[2026-05-06 10:38:33] MOVE asha (gray0): 80→82 [0.1ms]
[2026-05-06 10:38:33] MOVE chetan (lawn green): 62→61 [0.1ms]
[2026-05-06 10:38:33] MOVE asha (gray0): 81→83 [0.1ms]
[2026-05-06 10:38:33] MOVE chetan (lawn green): 69→68 [0.2ms]
[2026-05-06 10:38:33] MOVE asha (gray0): 82→84 [0.1ms]
[2026-05-06 10:38:33] MOVE chetan (lawn green): 61→60 [0.1ms]
[2026-05-06 10:38:34] MOVE asha (gray0): 83→73 [0.2ms]
[2026-05-06 10:38:34] MOVE chetan (lawn green): 68→67 [0.1ms]
[2026-05-06 10:38:34] MOVE asha (gray0): 84→63 [0.2ms]
[2026-05-06 10:38:34] MOVE chetan (lawn green): 60→59 [0.1ms]
[2026-05-06 10:38:34] MOVE asha (gray0): 73→64 [0.1ms]
[2026-05-06 10:38:34] MOVE chetan (lawn green): 67→66 [0.1ms]
[2026-05-06 10:38:35] MOVE asha (gray0): 63→54 [0.1ms]
[2026-05-06 10:38:35] MOVE chetan (lawn green): 66→76 [0.1ms]
[2026-05-06 10:38:35] MOVE asha (gray0): 64→43 [0.2ms]
[2026-05-06 10:38:35] MOVE chetan (lawn green): 34→53 [0.1ms]
[2026-05-06 10:38:35] MOVE asha (gray0): 43→32 [0.1ms]
[2026-05-06 10:38:35] MOVE chetan (lawn green): 59→58 [0.1ms]
[2026-05-06 10:38:36] MOVE asha (gray0): 54→43 [0.1ms]
[2026-05-06 10:38:36] MOVE chetan (lawn green): 53→52 [0.1ms]
[2026-05-06 10:38:36] MOVE asha (gray0): 43→20 [0.1ms]
[2026-05-06 10:38:36] MOVE chetan (lawn green): 58→57 [0.1ms]
[2026-05-06 10:38:36] MOVE asha (gray0): 101→89 [0.3ms]
[2026-05-06 10:38:36] MOVE chetan (lawn green): 52→51 [0.1ms]
[2026-05-06 10:38:37] MOVE asha (gray0): 86→87 [0.1ms]
[2026-05-06 10:38:37] MOVE chetan (lawn green): 57→66 [0.1ms]
[2026-05-06 10:38:37] MOVE asha (gray0): 89→78 [0.1ms]
[2026-05-06 10:38:37] MOVE chetan (lawn green): 51→50 [0.1ms]
[2026-05-06 10:38:37] MOVE asha (gray0): 87→88 [0.1ms]
[2026-05-06 10:38:37] MOVE chetan (lawn green): 56→100 [0.1ms]
[2026-05-06 10:38:38] MOVE asha (gray0): 78→68 [0.1ms]
[2026-05-06 10:38:38] MOVE chetan (lawn green): 66→87 [0.1ms]
[2026-05-06 10:38:38] MOVE asha (gray0): 99→101 [0.1ms]
[2026-05-06 10:38:38] MOVE chetan (lawn green): 47→56 [0.1ms]
[2026-05-06 10:38:38] MOVE asha (gray0): 68→59 [0.1ms]
[2026-05-06 10:38:38] MOVE chetan (lawn green): 50→68 [0.1ms]
[2026-05-06 10:38:39] MOVE asha (gray0): 88→77 [0.1ms]
[2026-05-06 10:38:39] MOVE chetan (lawn green): 56→66 [0.1ms]
[2026-05-06 10:38:39] MOVE asha (gray0): 59→50 [0.1ms]
[2026-05-06 10:38:39] MOVE chetan (lawn green): 68→67 [0.1ms]
[2026-05-06 10:38:39] MOVE asha (gray0): 77→58 [0.1ms]
[2026-05-06 10:38:39] MOVE chetan (lawn green): 66→77 [0.1ms]
[2026-05-06 10:38:40] MOVE asha (gray0): 50→40 [0.1ms]
[2026-05-06 10:38:40] MOVE chetan (lawn green): 67→86 [0.2ms]
[2026-05-06 10:38:40] MOVE asha (gray0): 58→49 [0.1ms]
[2026-05-06 10:38:40] MOVE chetan (lawn green): 77→88 [0.2ms]
[2026-05-06 10:38:40] MOVE asha (gray0): 40→29 [0.1ms]
[2026-05-06 10:38:40] MOVE chetan (lawn green): 55→54 [0.1ms]
[2026-05-06 10:38:40] MOVE asha (gray0): 49→39 [0.1ms]
[2026-05-06 10:38:41] MOVE chetan (lawn green): 21→34 [0.1ms]
[2026-05-06 10:38:41] MOVE asha (gray0): 29→17 [0.1ms]
[2026-05-06 10:38:41] MOVE chetan (lawn green): 54→53 [0.1ms]
[2026-05-06 10:38:41] MOVE asha (gray0): 39→28 [0.1ms]
[2026-05-06 10:38:41] MOVE chetan (lawn green): 34→55 [0.2ms]
[2026-05-06 10:38:41] MOVE asha (gray0): 17→18 [0.1ms]
[2026-05-06 10:38:42] MOVE chetan (lawn green): 53→52 [0.1ms]
[2026-05-06 10:38:42] MOVE asha (gray0): 28→16 [0.3ms]
[2026-05-06 10:38:42] MOVE chetan (lawn green): 55→54 [0.2ms]
[2026-05-06 10:38:42] MOVE asha (gray0): 18→31 [0.1ms]
[2026-05-06 10:38:42] MOVE chetan (lawn green): 52→51 [0.1ms]
[2026-05-06 10:38:42] MOVE asha (gray0): 16→17 [0.2ms]
[2026-05-06 10:38:43] MOVE chetan (lawn green): 54→53 [0.1ms]
[2026-05-06 10:38:43] MOVE asha (gray0): 31→43 [0.1ms]
[2026-05-06 10:38:43] MOVE chetan (lawn green): 51→50 [0.2ms]
[2026-05-06 10:38:43] MOVE asha (gray0): 17→18 [0.1ms]
[2026-05-06 10:38:43] MOVE chetan (lawn green): 53→52 [0.2ms]
[2026-05-06 10:38:43] MOVE asha (gray0): 43→54 [0.1ms]
[2026-05-06 10:38:44] MOVE chetan (lawn green): 50→49 [0.1ms]
[2026-05-06 10:38:44] MOVE asha (gray0): 54→55 [0.1ms]
[2026-05-06 10:38:44] MOVE chetan (lawn green): 52→51 [0.2ms]
[2026-05-06 10:38:44] MOVE asha (gray0): 18→31 [0.1ms]
[2026-05-06 10:38:44] MOVE chetan (lawn green): 49→48 [0.2ms]
[2026-05-06 10:38:45] MOVE asha (gray0): 101→89 [0.1ms]
[2026-05-06 10:38:45] MOVE chetan (lawn green): 51→50 [0.1ms]
[2026-05-06 10:38:45] MOVE asha (gray0): 31→43 [0.2ms]
[2026-05-06 10:38:45] MOVE chetan (lawn green): 48→47 [0.1ms]
[2026-05-06 10:38:45] MOVE asha (gray0): 89→78 [0.2ms]
[2026-05-06 10:38:45] MOVE chetan (lawn green): 50→49 [0.3ms]
[2026-05-06 10:38:46] MOVE asha (gray0): 43→54 [0.2ms]
[2026-05-06 10:38:46] MOVE chetan (lawn green): 47→56 [0.1ms]
[2026-05-06 10:38:46] MOVE asha (gray0): 78→68 [0.1ms]
[2026-05-06 10:38:46] MOVE chetan (lawn green): 49→48 [0.2ms]
[2026-05-06 10:38:46] MOVE asha (gray0): 54→64 [0.1ms]
[2026-05-06 10:38:46] MOVE chetan (lawn green): 56→66 [0.1ms]
[2026-05-06 10:38:47] MOVE asha (gray0): 68→59 [0.1ms]
[2026-05-06 10:38:47] MOVE chetan (lawn green): 48→47 [0.1ms]
[2026-05-06 10:38:47] MOVE asha (gray0): 64→63 [0.1ms]
[2026-05-06 10:38:47] MOVE chetan (lawn green): 66→77 [0.1ms]
[2026-05-06 10:38:47] MOVE asha (gray0): 59→50 [0.1ms]
[2026-05-06 10:38:47] MOVE chetan (lawn green): 47→56 [0.1ms]
[2026-05-06 10:38:48] MOVE asha (gray0): 63→53 [0.1ms]
[2026-05-06 10:38:48] MOVE chetan (lawn green): 77→89 [0.2ms]
[2026-05-06 10:38:48] MOVE asha (gray0): 50→40 [0.1ms]
[2026-05-06 10:38:48] MOVE chetan (lawn green): 89→101 [0.3ms]
[2026-05-06 10:38:48] MOVE asha (gray0): 53→43 [0.1ms]
[2026-05-06 10:38:49] MOVE chetan (lawn green): 56→66 [0.1ms]
[2026-05-06 10:38:49] MOVE asha (gray0): 40→29 [0.1ms]
[2026-05-06 10:38:49] MOVE chetan (lawn green): 66→77 [0.2ms]
[2026-05-06 10:38:49] MOVE asha (gray0): 43→31 [0.1ms]
[2026-05-06 10:38:49] MOVE chetan (lawn green): 77→89 [0.1ms]
[2026-05-06 10:38:50] MOVE asha (gray0): 29→17 [0.2ms]
[2026-05-06 10:38:50] MOVE chetan (lawn green): 89→102 [0.1ms]
[2026-05-06 10:38:50] MOVE asha (gray0): 31→18 [0.1ms]
[2026-05-06 10:38:50] MOVE chetan (lawn green): 102→90 [0.1ms]
[2026-05-06 10:38:50] MOVE asha (gray0): 17→9 [0.1ms]
[2026-05-06 10:38:50] MOVE chetan (lawn green): 90→78 [0.1ms]
[2026-05-06 10:38:50] MOVE asha (gray0): 18→17 [0.1ms]
[2026-05-06 10:38:51] MOVE chetan (lawn green): 78→67 [0.3ms]
[2026-05-06 10:38:51] MOVE asha (gray0): 9→18 [0.1ms]
[2026-05-06 10:38:51] MOVE chetan (lawn green): 67→57 [0.2ms]
[2026-05-06 10:38:51] MOVE asha (gray0): 17→9 [0.2ms]
[2026-05-06 10:38:51] MOVE chetan (lawn green): 57→56 [0.1ms]
[2026-05-06 10:38:52] MOVE asha (gray0): 18→31 [0.2ms]
[2026-05-06 10:38:52] MOVE chetan (lawn green): 56→66 [0.1ms]
[2026-05-06 10:38:52] MOVE asha (gray0): 9→18 [0.1ms]
[2026-05-06 10:38:52] MOVE chetan (lawn green): 66→77 [0.2ms]
[2026-05-06 10:38:52] MOVE asha (gray0): 31→43 [0.2ms]
[2026-05-06 10:38:52] MOVE chetan (lawn green): 77→89 [0.1ms]
[2026-05-06 10:38:53] MOVE asha (gray0): 18→31 [0.2ms]
[2026-05-06 10:38:53] MOVE chetan (lawn green): 89→102 [0.2ms]
[2026-05-06 10:38:53] MOVE asha (gray0): 43→54 [0.1ms]
[2026-05-06 10:38:53] MOVE chetan (lawn green): 102→90 [0.1ms]
[2026-05-06 10:38:53] MOVE asha (gray0): 31→43 [0.1ms]
[2026-05-06 10:38:54] MOVE chetan (lawn green): 90→78 [0.1ms]
[2026-05-06 10:38:54] MOVE asha (gray0): 54→64 [0.2ms]
[2026-05-06 10:38:54] MOVE chetan (lawn green): 78→67 [0.1ms]
[2026-05-06 10:38:54] MOVE asha (gray0): 43→54 [0.1ms]
[2026-05-06 10:38:54] MOVE chetan (lawn green): 67→57 [0.1ms]
[2026-05-06 10:38:54] MOVE asha (gray0): 64→63 [0.2ms]
[2026-05-06 10:38:54] MOVE chetan (lawn green): 57→56 [0.3ms]
[2026-05-06 10:38:55] MOVE asha (gray0): 54→64 [0.2ms]
[2026-05-06 10:38:55] MOVE chetan (lawn green): 56→66 [0.1ms]
[2026-05-06 10:38:55] MOVE asha (gray0): 63→53 [0.1ms]
[2026-05-06 10:38:55] MOVE chetan (lawn green): 66→77 [0.1ms]
[2026-05-06 10:38:55] MOVE asha (gray0): 64→63 [0.1ms]
[2026-05-06 10:38:55] MOVE chetan (lawn green): 77→89 [0.1ms]
[2026-05-06 10:38:56] MOVE asha (gray0): 53→43 [0.4ms]
[2026-05-06 10:38:56] MOVE chetan (lawn green): 89→102 [0.2ms]
[2026-05-06 10:38:56] MOVE asha (gray0): 63→53 [0.1ms]
[2026-05-06 10:38:56] MOVE chetan (lawn green): 102→90 [0.1ms]
[2026-05-06 10:38:56] MOVE asha (gray0): 43→31 [0.1ms]
[2026-05-06 10:38:56] MOVE chetan (lawn green): 90→78 [0.3ms]
[2026-05-06 10:38:57] MOVE asha (gray0): 53→43 [0.1ms]
[2026-05-06 10:38:57] MOVE chetan (lawn green): 78→67 [0.2ms]
[2026-05-06 10:38:57] MOVE asha (gray0): 31→54 [0.1ms]
[2026-05-06 10:38:57] MOVE chetan (lawn green): 67→57 [0.2ms]
[2026-05-06 10:38:57] MOVE asha (gray0): 43→31 [0.1ms]
[2026-05-06 10:38:57] MOVE chetan (lawn green): 57→56 [0.1ms]
[2026-05-06 10:38:58] MOVE asha (gray0): 54→64 [0.3ms]
[2026-05-06 10:38:58] MOVE chetan (lawn green): 56→66 [0.1ms]
[2026-05-06 10:38:58] MOVE asha (gray0): 31→18 [0.1ms]
[2026-05-06 10:38:58] MOVE chetan (lawn green): 66→77 [0.1ms]
[2026-05-06 10:38:58] MOVE asha (gray0): 64→63 [0.1ms]
[2026-05-06 10:38:58] MOVE chetan (lawn green): 77→89 [0.3ms]
[2026-05-06 10:38:59] MOVE asha (gray0): 18→9 [0.1ms]
[2026-05-06 10:38:59] MOVE chetan (lawn green): 89→102 [0.1ms]
[2026-05-06 10:38:59] MOVE asha (gray0): 63→53 [0.1ms]
[2026-05-06 10:38:59] MOVE chetan (lawn green): 102→90 [0.2ms]
[2026-05-06 10:38:59] MOVE asha (gray0): 9→17 [0.1ms]
[2026-05-06 10:38:59] MOVE chetan (lawn green): 90→78 [0.1ms]
[2026-05-06 10:39:00] MOVE asha (gray0): 53→43 [0.2ms]
[2026-05-06 10:39:00] MOVE chetan (lawn green): 78→67 [0.1ms]
[2026-05-06 10:39:00] MOVE asha (gray0): 17→30 [0.1ms]
[2026-05-06 10:39:00] MOVE chetan (lawn green): 67→57 [0.1ms]
[2026-05-06 10:39:00] MOVE asha (gray0): 43→31 [0.1ms]
[2026-05-06 10:39:00] MOVE chetan (lawn green): 57→56 [0.1ms]
[2026-05-06 10:39:01] MOVE asha (gray0): 30→42 [0.2ms]
[2026-05-06 10:39:01] MOVE chetan (lawn green): 56→66 [0.2ms]
[2026-05-06 10:39:01] MOVE asha (gray0): 31→18 [0.1ms]
[2026-05-06 10:39:01] MOVE chetan (lawn green): 66→77 [0.1ms]
[2026-05-06 10:39:01] MOVE asha (gray0): 42→31 [0.1ms]
[2026-05-06 10:39:01] MOVE chetan (lawn green): 77→89 [0.2ms]
[2026-05-06 10:39:02] MOVE asha (gray0): 18→9 [0.1ms]
[2026-05-06 10:39:02] MOVE chetan (lawn green): 89→102 [0.1ms]
[2026-05-06 10:39:02] MOVE asha (gray0): 31→18 [0.1ms]
[2026-05-06 10:39:02] MOVE chetan (lawn green): 102→90 [0.3ms]
[2026-05-06 10:39:02] MOVE asha (gray0): 9→31 [0.2ms]
[2026-05-06 10:39:02] MOVE chetan (lawn green): 90→78 [0.1ms]
[2026-05-06 10:39:03] MOVE asha (gray0): 18→43 [0.1ms]
[2026-05-06 10:39:03] MOVE chetan (lawn green): 78→67 [0.1ms]
[2026-05-06 10:39:03] MOVE asha (gray0): 31→54 [0.1ms]
[2026-05-06 10:39:03] MOVE chetan (lawn green): 67→57 [0.2ms]
[2026-05-06 10:39:03] MOVE asha (gray0): 43→64 [0.1ms]
[2026-05-06 10:39:03] MOVE chetan (lawn green): 57→56 [0.1ms]
[2026-05-06 10:39:04] MOVE asha (gray0): 54→43 [0.1ms]
[2026-05-06 10:39:04] MOVE chetan (lawn green): 56→66 [0.2ms]
[2026-05-06 10:39:04] MOVE asha (gray0): 64→54 [0.1ms]
[2026-05-06 10:39:04] MOVE chetan (lawn green): 66→77 [0.1ms]
[2026-05-06 10:39:04] MOVE asha (gray0): 43→64 [0.1ms]
[2026-05-06 10:39:04] MOVE chetan (lawn green): 77→89 [0.2ms]
[2026-05-06 10:39:05] MOVE asha (gray0): 54→74 [0.1ms]
[2026-05-06 10:39:05] MOVE chetan (lawn green): 89→102 [0.2ms]
[2026-05-06 10:39:05] MOVE asha (gray0): 64→63 [0.1ms]
[2026-05-06 10:39:05] MOVE chetan (lawn green): 102→90 [0.2ms]
[2026-05-06 10:39:05] MOVE asha (gray0): 74→73 [0.1ms]
[2026-05-06 10:39:05] MOVE chetan (lawn green): 90→78 [0.5ms]
[2026-05-06 10:39:06] MOVE asha (gray0): 63→53 [0.1ms]
[2026-05-06 10:39:06] MOVE chetan (lawn green): 78→67 [0.2ms]
[2026-05-06 10:39:06] MOVE asha (gray0): 73→63 [0.1ms]
[2026-05-06 10:39:06] MOVE chetan (lawn green): 67→57 [0.1ms]
[2026-05-06 10:39:06] MOVE asha (gray0): 53→54 [0.2ms]
[2026-05-06 10:39:06] MOVE chetan (lawn green): 57→56 [0.1ms]
[2026-05-06 10:39:07] MOVE asha (gray0): 63→64 [0.1ms]
[2026-05-06 10:39:07] MOVE chetan (lawn green): 56→66 [0.1ms]
[2026-05-06 10:39:07] MOVE asha (gray0): 54→43 [0.1ms]
[2026-05-06 10:39:07] MOVE chetan (lawn green): 66→77 [4.5ms]
[2026-05-06 10:39:07] MOVE asha (gray0): 64→54 [0.6ms]
[2026-05-06 10:39:07] MOVE chetan (lawn green): 77→89 [0.1ms]
[2026-05-06 10:39:08] MOVE asha (gray0): 43→64 [0.1ms]
[2026-05-06 10:39:08] MOVE chetan (lawn green): 89→102 [0.1ms]
[2026-05-06 10:39:08] MOVE asha (gray0): 54→43 [0.1ms]
[2026-05-06 10:39:08] MOVE chetan (lawn green): 102→90 [0.1ms]
[2026-05-06 10:39:08] MOVE asha (gray0): 64→63 [0.1ms]
[2026-05-06 10:39:08] MOVE chetan (lawn green): 90→78 [0.2ms]
[2026-05-06 10:39:08] MOVE asha (gray0): 43→31 [0.1ms]
[2026-05-06 10:39:09] MOVE chetan (lawn green): 78→67 [0.1ms]
[2026-05-06 10:39:09] MOVE asha (gray0): 63→53 [0.1ms]
[2026-05-06 10:39:09] MOVE chetan (lawn green): 67→57 [0.1ms]
[2026-05-06 10:39:09] MOVE asha (gray0): 31→18 [0.2ms]
[2026-05-06 10:39:09] MOVE chetan (lawn green): 57→56 [0.2ms]
[2026-05-06 10:39:09] MOVE asha (gray0): 53→54 [0.2ms]
[2026-05-06 10:39:10] MOVE chetan (lawn green): 56→66 [0.1ms]
[2026-05-06 10:39:10] MOVE asha (gray0): 18→9 [0.2ms]
[2026-05-06 10:39:10] MOVE chetan (lawn green): 66→77 [0.1ms]
[2026-05-06 10:39:10] MOVE asha (gray0): 54→43 [0.1ms]
[2026-05-06 10:39:10] MOVE chetan (lawn green): 77→89 [0.1ms]
[2026-05-06 10:39:10] MOVE asha (gray0): 9→17 [0.1ms]
[2026-05-06 10:39:11] MOVE chetan (lawn green): 89→102 [0.1ms]
[2026-05-06 10:39:11] MOVE asha (gray0): 43→31 [0.1ms]
[2026-05-06 10:39:11] MOVE chetan (lawn green): 102→90 [0.1ms]
[2026-05-06 10:39:11] MOVE asha (gray0): 17→30 [0.2ms]
[2026-05-06 10:39:11] MOVE chetan (lawn green): 90→78 [0.1ms]
[2026-05-06 10:39:11] MOVE asha (gray0): 31→18 [0.1ms]
[2026-05-06 10:39:12] MOVE chetan (lawn green): 78→67 [0.1ms]
[2026-05-06 10:39:12] MOVE asha (gray0): 30→31 [0.1ms]
[2026-05-06 10:39:12] MOVE chetan (lawn green): 67→57 [0.2ms]
[2026-05-06 10:39:12] MOVE asha (gray0): 18→9 [0.1ms]
[2026-05-06 10:39:12] MOVE chetan (lawn green): 57→56 [0.1ms]
[2026-05-06 10:39:12] MOVE asha (gray0): 31→18 [0.1ms]
[2026-05-06 10:39:13] MOVE chetan (lawn green): 56→66 [0.1ms]
[2026-05-06 10:39:13] MOVE asha (gray0): 9→31 [0.1ms]
[2026-05-06 10:39:13] MOVE chetan (lawn green): 66→77 [0.1ms]
[2026-05-06 10:39:13] MOVE asha (gray0): 18→43 [0.1ms]
[2026-05-06 10:39:13] MOVE chetan (lawn green): 77→89 [0.1ms]
[2026-05-06 10:39:13] MOVE asha (gray0): 31→54 [0.1ms]
[2026-05-06 10:39:14] MOVE chetan (lawn green): 89→102 [0.1ms]
[2026-05-06 10:39:14] MOVE asha (gray0): 43→64 [0.2ms]
[2026-05-06 10:39:14] MOVE chetan (lawn green): 102→90 [0.1ms]
[2026-05-06 10:39:14] MOVE asha (gray0): 54→43 [0.2ms]
[2026-05-06 10:39:14] MOVE chetan (lawn green): 90→78 [0.1ms]
[2026-05-06 10:39:14] MOVE asha (gray0): 64→54 [0.2ms]
[2026-05-06 10:39:15] MOVE chetan (lawn green): 78→67 [0.1ms]
[2026-05-06 10:39:15] MOVE asha (gray0): 43→64 [0.1ms]
[2026-05-06 10:39:15] MOVE chetan (lawn green): 67→57 [0.2ms]
[2026-05-06 10:39:15] MOVE asha (gray0): 54→74 [0.2ms]
[2026-05-06 10:39:15] MOVE chetan (lawn green): 57→56 [0.2ms]
[2026-05-06 10:39:15] MOVE asha (gray0): 64→63 [0.1ms]
[2026-05-06 10:39:16] MOVE chetan (lawn green): 56→66 [0.2ms]
[2026-05-06 10:39:16] MOVE asha (gray0): 74→73 [0.2ms]
[2026-05-06 10:39:16] MOVE chetan (lawn green): 66→77 [0.2ms]
[2026-05-06 10:39:16] MOVE asha (gray0): 63→53 [0.3ms]
[2026-05-06 10:39:16] MOVE chetan (lawn green): 77→89 [0.1ms]
[2026-05-06 10:39:16] MOVE asha (gray0): 73→63 [0.1ms]
[2026-05-06 10:39:17] MOVE chetan (lawn green): 89→102 [0.1ms]
[2026-05-06 10:39:17] MOVE asha (gray0): 53→54 [0.1ms]
[2026-05-06 10:39:17] MOVE chetan (lawn green): 102→90 [0.1ms]
[2026-05-06 10:39:17] MOVE asha (gray0): 63→64 [0.1ms]
[2026-05-06 10:39:17] MOVE chetan (lawn green): 90→78 [0.1ms]
[2026-05-06 10:39:17] MOVE asha (gray0): 54→43 [0.4ms]
[2026-05-06 10:39:18] MOVE chetan (lawn green): 78→67 [0.1ms]
[2026-05-06 10:39:18] MOVE asha (gray0): 64→54 [0.2ms]
[2026-05-06 10:39:18] MOVE chetan (lawn green): 67→57 [0.1ms]
[2026-05-06 10:39:18] MOVE asha (gray0): 43→64 [0.1ms]
[2026-05-06 10:39:18] MOVE chetan (lawn green): 57→56 [0.1ms]
[2026-05-06 10:39:18] MOVE asha (gray0): 54→43 [0.2ms]
[2026-05-06 10:39:18] MOVE chetan (lawn green): 56→66 [0.1ms]
[2026-05-06 10:39:19] MOVE asha (gray0): 64→63 [0.5ms]
[2026-05-06 10:39:19] MOVE chetan (lawn green): 66→77 [0.1ms]
[2026-05-06 10:39:19] MOVE asha (gray0): 43→31 [0.2ms]
[2026-05-06 10:39:19] MOVE chetan (lawn green): 77→89 [0.2ms]
[2026-05-06 10:39:19] MOVE asha (gray0): 63→53 [0.1ms]
[2026-05-06 10:39:19] MOVE chetan (lawn green): 89→102 [0.4ms]
[2026-05-06 10:39:20] MOVE asha (gray0): 31→18 [0.1ms]
[2026-05-06 10:39:20] MOVE chetan (lawn green): 102→90 [0.3ms]
[2026-05-06 10:39:20] MOVE asha (gray0): 53→54 [0.3ms]
[2026-05-06 10:39:20] MOVE chetan (lawn green): 90→78 [0.2ms]
[2026-05-06 10:39:20] MOVE asha (gray0): 18→9 [0.1ms]
[2026-05-06 10:39:20] MOVE chetan (lawn green): 78→67 [0.3ms]
[2026-05-06 10:39:21] MOVE asha (gray0): 54→43 [0.2ms]
[2026-05-06 10:39:21] MOVE chetan (lawn green): 67→57 [0.1ms]
[2026-05-06 10:39:21] MOVE asha (gray0): 9→17 [0.1ms]
[2026-05-06 10:39:21] MOVE chetan (lawn green): 57→56 [0.5ms]
[2026-05-06 10:39:21] MOVE asha (gray0): 43→31 [0.1ms]
[2026-05-06 10:39:21] MOVE chetan (lawn green): 56→66 [0.1ms]
[2026-05-06 10:39:22] MOVE asha (gray0): 17→30 [0.1ms]
[2026-05-06 10:39:22] MOVE chetan (lawn green): 66→77 [0.1ms]
[2026-05-06 10:39:22] MOVE asha (gray0): 31→18 [0.1ms]
[2026-05-06 10:39:22] MOVE chetan (lawn green): 77→89 [0.1ms]
[2026-05-06 10:39:22] MOVE asha (gray0): 30→31 [0.1ms]
[2026-05-06 10:39:22] MOVE chetan (lawn green): 89→102 [0.1ms]
[2026-05-06 10:39:23] MOVE asha (gray0): 18→9 [0.1ms]
[2026-05-06 10:39:23] MOVE chetan (lawn green): 102→90 [0.1ms]
[2026-05-06 10:39:23] MOVE asha (gray0): 31→18 [0.1ms]
[2026-05-06 10:39:23] MOVE chetan (lawn green): 90→78 [0.1ms]
[2026-05-06 10:39:23] MOVE asha (gray0): 9→31 [0.1ms]
[2026-05-06 10:39:23] MOVE chetan (lawn green): 78→67 [0.2ms]
[2026-05-06 10:39:24] MOVE asha (gray0): 18→43 [0.1ms]
[2026-05-06 10:39:24] MOVE chetan (lawn green): 67→57 [0.1ms]
[2026-05-06 10:39:24] MOVE asha (gray0): 31→54 [0.2ms]
[2026-05-06 10:39:24] MOVE chetan (lawn green): 57→56 [0.1ms]
[2026-05-06 10:39:24] MOVE asha (gray0): 43→64 [0.1ms]
[2026-05-06 10:39:24] MOVE chetan (lawn green): 56→66 [0.2ms]
[2026-05-06 10:39:25] MOVE asha (gray0): 54→43 [0.2ms]
[2026-05-06 10:39:25] MOVE chetan (lawn green): 66→77 [0.1ms]
[2026-05-06 10:39:25] MOVE asha (gray0): 64→54 [0.1ms]
[2026-05-06 10:39:25] MOVE chetan (lawn green): 77→89 [0.2ms]
[2026-05-06 10:39:25] MOVE asha (gray0): 43→64 [0.2ms]
[2026-05-06 10:39:25] MOVE chetan (lawn green): 89→102 [0.1ms]
[2026-05-06 10:39:26] MOVE asha (gray0): 54→74 [0.1ms]
[2026-05-06 10:39:26] MOVE chetan (lawn green): 102→90 [0.1ms]
[2026-05-06 10:39:26] MOVE asha (gray0): 64→63 [0.2ms]
[2026-05-06 10:39:26] MOVE chetan (lawn green): 90→78 [0.1ms]
[2026-05-06 10:39:26] MOVE asha (gray0): 74→73 [0.1ms]
[2026-05-06 10:39:26] MOVE chetan (lawn green): 78→67 [0.1ms]
[2026-05-06 10:39:27] MOVE asha (gray0): 63→53 [0.1ms]
[2026-05-06 10:39:27] MOVE chetan (lawn green): 67→57 [0.1ms]
[2026-05-06 10:39:27] MOVE asha (gray0): 73→63 [0.1ms]
[2026-05-06 10:39:27] MOVE chetan (lawn green): 57→56 [0.1ms]
[2026-05-06 10:39:27] MOVE asha (gray0): 53→54 [0.2ms]
[2026-05-06 10:39:27] MOVE chetan (lawn green): 56→66 [0.1ms]
[2026-05-06 10:39:28] MOVE asha (gray0): 63→64 [0.1ms]
[2026-05-06 10:39:28] MOVE chetan (lawn green): 66→77 [0.1ms]
[2026-05-06 10:39:28] MOVE asha (gray0): 54→43 [0.1ms]
[2026-05-06 10:39:28] MOVE chetan (lawn green): 77→89 [0.5ms]
[2026-05-06 10:39:28] MOVE asha (gray0): 64→54 [0.1ms]
[2026-05-06 10:39:28] MOVE chetan (lawn green): 89→102 [0.2ms]
[2026-05-06 10:39:29] MOVE asha (gray0): 43→64 [0.1ms]
[2026-05-06 10:39:29] MOVE chetan (lawn green): 102→90 [0.2ms]
[2026-05-06 10:39:29] MOVE asha (gray0): 54→43 [1.3ms]
[2026-05-06 10:39:29] MOVE chetan (lawn green): 90→78 [0.1ms]
[2026-05-06 10:39:29] MOVE asha (gray0): 64→63 [0.2ms]
[2026-05-06 10:39:29] MOVE chetan (lawn green): 78→67 [0.1ms]
[2026-05-06 10:39:30] MOVE asha (gray0): 43→31 [0.1ms]
[2026-05-06 10:39:30] MOVE chetan (lawn green): 67→57 [0.1ms]
[2026-05-06 10:39:30] MOVE asha (gray0): 63→53 [0.1ms]
[2026-05-06 10:39:30] MOVE chetan (lawn green): 57→56 [0.4ms]
[2026-05-06 10:39:30] MOVE asha (gray0): 31→18 [0.2ms]
[2026-05-06 10:39:31] MOVE chetan (lawn green): 56→66 [0.1ms]
[2026-05-06 10:39:31] MOVE asha (gray0): 53→54 [0.1ms]
[2026-05-06 10:39:31] MOVE chetan (lawn green): 66→77 [0.2ms]
[2026-05-06 10:39:31] MOVE asha (gray0): 18→9 [0.3ms]
[2026-05-06 10:39:31] MOVE chetan (lawn green): 77→89 [0.1ms]
[2026-05-06 10:39:32] MOVE asha (gray0): 54→43 [0.1ms]
[2026-05-06 10:39:32] MOVE chetan (lawn green): 89→102 [0.1ms]
[2026-05-06 10:39:32] MOVE asha (gray0): 9→17 [0.1ms]
[2026-05-06 10:39:32] MOVE chetan (lawn green): 102→90 [0.2ms]
[2026-05-06 10:39:32] MOVE asha (gray0): 43→31 [0.1ms]
[2026-05-06 10:39:33] MOVE chetan (lawn green): 90→78 [0.1ms]
[2026-05-06 10:39:33] MOVE asha (gray0): 17→30 [0.1ms]
[2026-05-06 10:39:33] MOVE chetan (lawn green): 78→67 [0.1ms]
[2026-05-06 10:39:33] MOVE asha (gray0): 31→18 [0.1ms]
[2026-05-06 10:39:33] MOVE chetan (lawn green): 67→57 [0.1ms]
[2026-05-06 10:39:34] MOVE asha (gray0): 30→31 [0.1ms]
[2026-05-06 10:39:34] MOVE chetan (lawn green): 57→56 [0.1ms]
[2026-05-06 10:39:34] MOVE asha (gray0): 18→9 [0.1ms]
[2026-05-06 10:39:34] MOVE chetan (lawn green): 56→66 [0.1ms]
[2026-05-06 10:39:34] MOVE asha (gray0): 31→18 [0.2ms]
[2026-05-06 10:39:35] MOVE chetan (lawn green): 66→77 [0.1ms]
[2026-05-06 10:39:35] MOVE asha (gray0): 9→31 [0.1ms]
[2026-05-06 10:39:35] MOVE chetan (lawn green): 77→89 [0.2ms]
[2026-05-06 10:39:35] MOVE asha (gray0): 18→43 [0.1ms]
[2026-05-06 10:39:35] MOVE chetan (lawn green): 89→102 [0.1ms]
[2026-05-06 10:39:35] MOVE asha (gray0): 31→54 [0.1ms]
[2026-05-06 10:39:36] MOVE chetan (lawn green): 102→90 [0.2ms]
[2026-05-06 10:39:36] MOVE asha (gray0): 43→64 [0.3ms]
[2026-05-06 10:39:36] MOVE chetan (lawn green): 90→78 [0.2ms]
[2026-05-06 10:39:36] MOVE asha (gray0): 54→43 [0.2ms]
[2026-05-06 10:39:36] MOVE chetan (lawn green): 78→67 [0.1ms]
[2026-05-06 10:39:36] MOVE asha (gray0): 64→54 [0.2ms]
[2026-05-06 10:39:37] MOVE chetan (lawn green): 67→57 [0.1ms]
[2026-05-06 10:39:37] MOVE asha (gray0): 43→64 [0.2ms]
[2026-05-06 10:39:37] MOVE chetan (lawn green): 57→56 [0.1ms]
[2026-05-06 10:39:37] MOVE asha (gray0): 54→74 [0.1ms]
[2026-05-06 10:39:37] MOVE chetan (lawn green): 56→66 [0.2ms]
[2026-05-06 10:39:37] MOVE asha (gray0): 64→63 [0.1ms]
[2026-05-06 10:39:38] MOVE chetan (lawn green): 66→77 [0.1ms]
[2026-05-06 10:39:38] MOVE asha (gray0): 74→73 [0.1ms]
[2026-05-06 10:39:38] MOVE chetan (lawn green): 77→89 [0.1ms]
[2026-05-06 10:39:38] MOVE asha (gray0): 63→53 [0.1ms]
[2026-05-06 10:39:38] MOVE chetan (lawn green): 89→102 [0.1ms]
[2026-05-06 10:39:38] MOVE asha (gray0): 73→63 [0.1ms]
[2026-05-06 10:39:39] MOVE chetan (lawn green): 102→90 [0.1ms]
[2026-05-06 10:39:39] MOVE asha (gray0): 53→54 [0.1ms]
[2026-05-06 10:39:39] MOVE chetan (lawn green): 90→78 [0.2ms]
[2026-05-06 10:39:39] MOVE asha (gray0): 63→64 [0.1ms]
[2026-05-06 10:39:39] MOVE chetan (lawn green): 78→67 [0.2ms]
[2026-05-06 10:39:39] MOVE asha (gray0): 54→43 [0.1ms]
[2026-05-06 10:39:40] MOVE chetan (lawn green): 67→57 [0.3ms]
[2026-05-06 10:39:40] MOVE asha (gray0): 64→54 [0.2ms]
[2026-05-06 10:39:40] MOVE chetan (lawn green): 57→56 [0.1ms]
[2026-05-06 10:39:40] MOVE asha (gray0): 43→64 [0.1ms]
[2026-05-06 10:39:40] MOVE chetan (lawn green): 56→66 [0.1ms]
[2026-05-06 10:39:40] MOVE asha (gray0): 54→43 [0.1ms]
[2026-05-06 10:39:41] MOVE chetan (lawn green): 66→77 [0.1ms]
[2026-05-06 10:39:41] MOVE asha (gray0): 64→63 [0.1ms]
[2026-05-06 10:39:41] MOVE chetan (lawn green): 77→89 [0.1ms]
[2026-05-06 10:39:41] MOVE asha (gray0): 43→31 [0.1ms]
[2026-05-06 10:39:41] MOVE chetan (lawn green): 89→102 [0.1ms]
[2026-05-06 10:39:41] MOVE asha (gray0): 63→53 [0.1ms]
[2026-05-06 10:39:42] MOVE chetan (lawn green): 102→90 [0.2ms]
[2026-05-06 10:39:42] MOVE asha (gray0): 31→18 [0.2ms]
[2026-05-06 10:39:42] MOVE chetan (lawn green): 90→78 [0.1ms]
[2026-05-06 10:39:42] MOVE asha (gray0): 53→54 [0.2ms]
[2026-05-06 10:39:42] MOVE chetan (lawn green): 78→67 [0.1ms]
[2026-05-06 10:39:42] MOVE asha (gray0): 18→9 [0.1ms]
[2026-05-06 10:39:43] MOVE chetan (lawn green): 67→57 [0.1ms]
[2026-05-06 10:39:43] MOVE asha (gray0): 54→43 [0.1ms]
[2026-05-06 10:39:43] MOVE chetan (lawn green): 57→56 [0.2ms]
[2026-05-06 10:39:43] MOVE asha (gray0): 9→17 [0.1ms]
[2026-05-06 10:39:43] MOVE chetan (lawn green): 56→66 [0.3ms]
[2026-05-06 10:39:44] MOVE asha (gray0): 43→31 [0.6ms]
[2026-05-06 10:39:44] MOVE chetan (lawn green): 66→77 [0.1ms]
[2026-05-06 10:39:44] MOVE asha (gray0): 17→30 [0.1ms]
[2026-05-06 10:39:44] MOVE chetan (lawn green): 77→89 [0.1ms]
[2026-05-06 10:39:44] MOVE asha (gray0): 31→18 [0.1ms]
[2026-05-06 10:39:45] MOVE chetan (lawn green): 89→102 [0.1ms]
[2026-05-06 10:39:45] MOVE asha (gray0): 30→31 [0.1ms]
[2026-05-06 10:39:45] MOVE chetan (lawn green): 102→90 [0.1ms]
[2026-05-06 10:39:45] MOVE asha (gray0): 18→9 [0.2ms]
[2026-05-06 10:39:45] MOVE chetan (lawn green): 90→78 [0.1ms]
[2026-05-06 10:39:45] MOVE asha (gray0): 31→18 [0.1ms]
[2026-05-06 10:39:46] MOVE chetan (lawn green): 78→67 [0.2ms]
[2026-05-06 10:39:46] MOVE asha (gray0): 9→31 [0.1ms]
[2026-05-06 10:39:46] MOVE chetan (lawn green): 67→57 [0.2ms]
[2026-05-06 10:39:46] MOVE asha (gray0): 18→43 [0.1ms]
[2026-05-06 10:39:46] MOVE chetan (lawn green): 57→56 [0.4ms]
[2026-05-06 10:39:47] MOVE asha (gray0): 31→54 [0.1ms]
[2026-05-06 10:39:47] MOVE chetan (lawn green): 56→66 [0.1ms]
[2026-05-06 10:39:47] MOVE asha (gray0): 43→64 [0.1ms]
[2026-05-06 10:39:47] MOVE chetan (lawn green): 66→77 [0.1ms]
[2026-05-06 10:39:47] MOVE asha (gray0): 54→43 [0.2ms]
[2026-05-06 10:39:47] MOVE chetan (lawn green): 77→89 [0.1ms]
[2026-05-06 10:39:48] MOVE asha (gray0): 64→54 [0.1ms]
[2026-05-06 10:39:48] MOVE chetan (lawn green): 89→102 [0.2ms]
[2026-05-06 10:39:48] MOVE asha (gray0): 43→64 [0.1ms]
[2026-05-06 10:39:48] MOVE chetan (lawn green): 102→90 [0.1ms]
[2026-05-06 10:39:48] MOVE asha (gray0): 54→74 [0.1ms]
[2026-05-06 10:39:49] MOVE chetan (lawn green): 90→78 [0.1ms]
[2026-05-06 10:39:49] MOVE asha (gray0): 64→63 [0.1ms]
[2026-05-06 10:39:49] MOVE chetan (lawn green): 78→67 [0.1ms]
[2026-05-06 10:39:49] MOVE asha (gray0): 74→73 [0.2ms]
[2026-05-06 10:39:49] MOVE chetan (lawn green): 67→57 [0.1ms]
[2026-05-06 10:39:49] MOVE asha (gray0): 63→53 [0.2ms]
[2026-05-06 10:39:50] MOVE chetan (lawn green): 57→56 [0.2ms]
[2026-05-06 10:39:50] MOVE asha (gray0): 73→63 [0.2ms]
[2026-05-06 10:39:50] MOVE chetan (lawn green): 56→66 [0.1ms]
[2026-05-06 10:39:50] MOVE asha (gray0): 53→54 [0.1ms]
[2026-05-06 10:39:50] MOVE chetan (lawn green): 66→77 [0.2ms]
[2026-05-06 10:39:51] MOVE asha (gray0): 63→64 [0.1ms]
[2026-05-06 10:39:51] MOVE chetan (lawn green): 77→89 [0.1ms]
[2026-05-06 10:39:51] MOVE asha (gray0): 54→43 [0.1ms]
[2026-05-06 10:39:51] MOVE chetan (lawn green): 89→102 [0.2ms]
[2026-05-06 10:39:51] MOVE asha (gray0): 64→54 [0.2ms]
[2026-05-06 10:39:52] MOVE chetan (lawn green): 102→90 [0.1ms]
[2026-05-06 10:39:52] MOVE asha (gray0): 43→64 [0.2ms]
[2026-05-06 10:39:52] MOVE chetan (lawn green): 90→78 [0.1ms]
[2026-05-06 10:39:52] MOVE asha (gray0): 54→43 [0.1ms]
[2026-05-06 10:39:52] MOVE chetan (lawn green): 78→67 [0.1ms]
[2026-05-06 10:39:52] MOVE asha (gray0): 64→63 [0.1ms]
[2026-05-06 10:39:53] MOVE chetan (lawn green): 67→57 [0.3ms]
[2026-05-06 10:39:53] MOVE asha (gray0): 43→31 [0.1ms]
[2026-05-06 10:39:53] MOVE chetan (lawn green): 57→56 [0.1ms]
[2026-05-06 10:39:53] MOVE asha (gray0): 63→53 [0.1ms]
[2026-05-06 10:39:53] MOVE chetan (lawn green): 56→66 [0.1ms]
[2026-05-06 10:39:53] MOVE asha (gray0): 31→18 [0.2ms]
[2026-05-06 10:39:54] MOVE chetan (lawn green): 66→77 [0.2ms]
[2026-05-06 10:39:54] MOVE asha (gray0): 53→54 [0.1ms]
[2026-05-06 10:39:54] MOVE chetan (lawn green): 77→89 [0.1ms]
[2026-05-06 10:39:54] MOVE asha (gray0): 18→9 [0.2ms]
[2026-05-06 10:39:54] MOVE chetan (lawn green): 89→102 [0.1ms]
[2026-05-06 10:39:54] MOVE asha (gray0): 54→43 [0.1ms]
[2026-05-06 10:39:55] MOVE chetan (lawn green): 102→90 [0.2ms]
[2026-05-06 10:39:55] MOVE asha (gray0): 9→17 [0.1ms]
[2026-05-06 10:39:55] MOVE chetan (lawn green): 90→78 [0.3ms]
[2026-05-06 10:39:55] MOVE asha (gray0): 43→31 [0.1ms]
[2026-05-06 10:39:55] MOVE chetan (lawn green): 78→67 [0.1ms]
[2026-05-06 10:39:55] MOVE asha (gray0): 17→30 [0.1ms]
[2026-05-06 10:39:56] MOVE chetan (lawn green): 67→57 [0.1ms]
[2026-05-06 10:39:56] MOVE asha (gray0): 31→18 [0.1ms]
[2026-05-06 10:39:56] MOVE chetan (lawn green): 57→56 [0.1ms]
[2026-05-06 10:39:56] MOVE asha (gray0): 30→31 [0.1ms]
[2026-05-06 10:39:56] MOVE chetan (lawn green): 56→66 [0.1ms]
[2026-05-06 10:39:56] MOVE asha (gray0): 18→9 [0.1ms]
[2026-05-06 10:39:56] MOVE chetan (lawn green): 66→77 [0.1ms]
[2026-05-06 10:39:57] MOVE asha (gray0): 31→18 [0.1ms]
[2026-05-06 10:39:57] MOVE chetan (lawn green): 77→89 [0.1ms]
[2026-05-06 10:39:57] MOVE asha (gray0): 9→31 [0.1ms]
[2026-05-06 10:39:57] MOVE chetan (lawn green): 89→102 [0.1ms]
[2026-05-06 10:39:57] MOVE asha (gray0): 18→43 [0.2ms]
[2026-05-06 10:39:57] MOVE chetan (lawn green): 102→90 [0.1ms]
[2026-05-06 10:39:58] MOVE asha (gray0): 31→54 [0.1ms]
[2026-05-06 10:39:58] MOVE chetan (lawn green): 90→78 [0.1ms]
[2026-05-06 10:39:58] MOVE asha (gray0): 43→64 [0.1ms]
[2026-05-06 10:39:58] MOVE chetan (lawn green): 78→67 [2.8ms]
[2026-05-06 10:39:59] MOVE asha (gray0): 54→43 [0.1ms]
[2026-05-06 10:39:59] MOVE chetan (lawn green): 67→57 [0.1ms]
[2026-05-06 10:39:59] MOVE asha (gray0): 64→54 [0.2ms]
[2026-05-06 10:39:59] MOVE chetan (lawn green): 57→56 [0.1ms]
[2026-05-06 10:39:59] MOVE asha (gray0): 43→64 [0.1ms]
[2026-05-06 10:40:00] MOVE chetan (lawn green): 56→66 [0.1ms]
[2026-05-06 10:40:00] MOVE asha (gray0): 54→74 [0.1ms]
[2026-05-06 10:40:00] MOVE chetan (lawn green): 66→77 [0.5ms]
[2026-05-06 10:40:00] MOVE asha (gray0): 64→63 [0.1ms]
[2026-05-06 10:40:00] MOVE chetan (lawn green): 77→89 [0.1ms]
[2026-05-06 10:40:00] MOVE asha (gray0): 74→73 [0.1ms]
[2026-05-06 10:40:01] MOVE chetan (lawn green): 89→102 [0.2ms]
[2026-05-06 10:40:01] MOVE asha (gray0): 63→53 [0.1ms]
[2026-05-06 10:40:01] MOVE chetan (lawn green): 102→90 [0.1ms]
[2026-05-06 10:40:01] MOVE asha (gray0): 73→63 [0.1ms]
[2026-05-06 10:40:01] MOVE chetan (lawn green): 90→78 [0.1ms]
[2026-05-06 10:40:02] MOVE asha (gray0): 53→54 [0.1ms]
[2026-05-06 10:40:02] MOVE chetan (lawn green): 78→67 [0.1ms]
[2026-05-06 10:40:02] MOVE asha (gray0): 63→64 [0.1ms]
[2026-05-06 10:40:02] MOVE chetan (lawn green): 67→57 [0.1ms]
[2026-05-06 10:40:03] MOVE asha (gray0): 54→43 [0.1ms]
[2026-05-06 10:40:03] MOVE chetan (lawn green): 57→56 [0.1ms]
[2026-05-06 10:40:03] MOVE asha (gray0): 64→54 [0.1ms]
[2026-05-06 10:40:03] MOVE chetan (lawn green): 56→66 [0.1ms]
[2026-05-06 10:40:03] MOVE asha (gray0): 43→64 [0.2ms]
[2026-05-06 10:40:04] MOVE chetan (lawn green): 66→77 [0.1ms]
[2026-05-06 10:40:04] MOVE asha (gray0): 54→43 [0.1ms]
[2026-05-06 10:40:04] MOVE chetan (lawn green): 77→89 [0.2ms]
[2026-05-06 10:40:04] MOVE asha (gray0): 64→63 [0.1ms]
[2026-05-06 10:40:04] MOVE chetan (lawn green): 89→102 [0.1ms]
[2026-05-06 10:40:04] MOVE asha (gray0): 43→31 [0.1ms]
[2026-05-06 10:40:04] MOVE chetan (lawn green): 102→90 [0.1ms]
[2026-05-06 10:40:05] MOVE asha (gray0): 63→53 [0.1ms]
[2026-05-06 10:40:05] MOVE chetan (lawn green): 90→78 [2.3ms]
[2026-05-06 10:40:05] MOVE asha (gray0): 31→18 [0.1ms]
[2026-05-06 10:40:05] MOVE chetan (lawn green): 78→67 [0.1ms]
[2026-05-06 10:40:06] MOVE asha (gray0): 53→54 [0.1ms]
[2026-05-06 10:40:06] MOVE chetan (lawn green): 67→57 [0.3ms]
[2026-05-06 10:40:06] MOVE asha (gray0): 18→9 [0.1ms]
[2026-05-06 10:40:07] MOVE chetan (lawn green): 57→56 [0.1ms]
[2026-05-06 10:40:07] MOVE asha (gray0): 54→43 [0.1ms]
[2026-05-06 10:40:07] MOVE chetan (lawn green): 56→66 [0.1ms]
[2026-05-06 10:40:07] MOVE asha (gray0): 9→17 [0.1ms]
[2026-05-06 10:40:07] MOVE chetan (lawn green): 66→77 [0.1ms]
[2026-05-06 10:40:07] MOVE asha (gray0): 43→31 [0.1ms]
[2026-05-06 10:40:08] MOVE chetan (lawn green): 77→89 [0.1ms]
[2026-05-06 10:40:08] MOVE asha (gray0): 17→30 [0.3ms]
[2026-05-06 10:40:08] MOVE chetan (lawn green): 89→102 [0.1ms]
[2026-05-06 10:40:08] MOVE asha (gray0): 31→18 [0.1ms]
[2026-05-06 10:40:08] MOVE chetan (lawn green): 102→90 [0.1ms]
[2026-05-06 10:40:08] MOVE asha (gray0): 30→31 [0.1ms]
[2026-05-06 10:40:09] MOVE chetan (lawn green): 90→78 [0.2ms]
[2026-05-06 10:40:09] MOVE asha (gray0): 18→9 [0.1ms]
[2026-05-06 10:40:09] MOVE chetan (lawn green): 78→67 [0.1ms]
[2026-05-06 10:40:09] MOVE asha (gray0): 31→18 [0.1ms]
[2026-05-06 10:40:09] MOVE chetan (lawn green): 67→57 [0.1ms]
[2026-05-06 10:40:09] MOVE asha (gray0): 9→31 [0.1ms]
[2026-05-06 10:40:10] MOVE chetan (lawn green): 57→56 [0.2ms]
[2026-05-06 10:40:10] MOVE asha (gray0): 18→43 [0.2ms]
[2026-05-06 10:40:10] MOVE chetan (lawn green): 56→66 [0.1ms]
[2026-05-06 10:40:10] MOVE asha (gray0): 31→54 [0.1ms]
[2026-05-06 10:40:10] MOVE chetan (lawn green): 66→77 [0.1ms]
[2026-05-06 10:40:10] MOVE asha (gray0): 43→64 [0.1ms]
[2026-05-06 10:40:10] MOVE chetan (lawn green): 77→89 [0.1ms]
[2026-05-06 10:40:11] MOVE asha (gray0): 54→43 [0.1ms]
[2026-05-06 10:40:11] MOVE chetan (lawn green): 89→102 [0.1ms]
[2026-05-06 10:40:11] MOVE asha (gray0): 64→54 [0.1ms]
[2026-05-06 10:40:11] MOVE chetan (lawn green): 102→90 [0.1ms]
[2026-05-06 10:40:11] MOVE asha (gray0): 43→64 [0.1ms]
[2026-05-06 10:40:11] MOVE chetan (lawn green): 90→78 [0.4ms]
[2026-05-06 10:40:12] MOVE asha (gray0): 54→74 [0.1ms]
[2026-05-06 10:40:12] MOVE chetan (lawn green): 78→67 [0.2ms]
[2026-05-06 10:40:12] MOVE asha (gray0): 64→63 [0.1ms]
[2026-05-06 10:40:12] MOVE chetan (lawn green): 67→57 [0.2ms]
[2026-05-06 10:40:12] MOVE asha (gray0): 74→73 [0.1ms]
[2026-05-06 10:40:12] MOVE chetan (lawn green): 57→56 [0.1ms]
[2026-05-06 10:40:13] MOVE asha (gray0): 63→53 [0.2ms]
[2026-05-06 10:40:13] MOVE chetan (lawn green): 56→66 [0.1ms]
[2026-05-06 10:40:13] MOVE asha (gray0): 73→63 [0.1ms]
[2026-05-06 10:40:13] MOVE chetan (lawn green): 66→77 [0.1ms]
[2026-05-06 10:40:13] MOVE asha (gray0): 53→54 [0.1ms]
[2026-05-06 10:40:13] MOVE chetan (lawn green): 77→89 [0.2ms]
[2026-05-06 10:40:13] MOVE asha (gray0): 63→64 [0.1ms]
[2026-05-06 10:40:14] MOVE chetan (lawn green): 89→102 [0.1ms]
[2026-05-06 10:40:14] MOVE asha (gray0): 54→43 [0.1ms]
[2026-05-06 10:40:14] MOVE chetan (lawn green): 102→90 [0.1ms]
[2026-05-06 10:40:14] MOVE asha (gray0): 64→54 [0.3ms]
[2026-05-06 10:40:14] MOVE chetan (lawn green): 90→78 [0.1ms]
[2026-05-06 10:40:14] MOVE asha (gray0): 43→64 [0.1ms]
[2026-05-06 10:40:15] MOVE chetan (lawn green): 78→67 [0.1ms]
[2026-05-06 10:40:15] MOVE asha (gray0): 54→43 [0.1ms]
[2026-05-06 10:40:15] MOVE chetan (lawn green): 67→57 [0.1ms]
[2026-05-06 10:40:15] MOVE asha (gray0): 64→63 [0.2ms]
[2026-05-06 10:40:15] MOVE chetan (lawn green): 57→56 [0.1ms]
[2026-05-06 10:40:15] MOVE asha (gray0): 43→31 [0.2ms]
[2026-05-06 10:40:16] MOVE chetan (lawn green): 56→66 [0.1ms]
[2026-05-06 10:40:16] MOVE asha (gray0): 63→53 [0.1ms]
[2026-05-06 10:40:16] MOVE chetan (lawn green): 66→77 [0.1ms]
[2026-05-06 10:40:16] MOVE asha (gray0): 31→18 [0.1ms]
[2026-05-06 10:40:16] MOVE chetan (lawn green): 77→89 [0.1ms]
[2026-05-06 10:40:16] MOVE asha (gray0): 53→54 [0.1ms]
[2026-05-06 10:40:17] MOVE chetan (lawn green): 89→102 [0.2ms]
[2026-05-06 10:40:17] MOVE asha (gray0): 18→9 [0.1ms]
[2026-05-06 10:40:17] MOVE chetan (lawn green): 102→90 [0.1ms]
[2026-05-06 10:40:17] MOVE asha (gray0): 54→43 [0.1ms]
[2026-05-06 10:40:17] MOVE chetan (lawn green): 90→78 [0.1ms]
[2026-05-06 10:40:17] MOVE asha (gray0): 9→17 [0.1ms]
[2026-05-06 10:40:18] MOVE chetan (lawn green): 78→67 [0.1ms]
[2026-05-06 10:40:18] MOVE asha (gray0): 43→31 [0.2ms]
[2026-05-06 10:40:18] MOVE chetan (lawn green): 67→57 [0.1ms]
[2026-05-06 10:40:18] MOVE asha (gray0): 17→30 [0.1ms]
[2026-05-06 10:40:18] MOVE chetan (lawn green): 57→56 [0.1ms]
[2026-05-06 10:40:18] MOVE asha (gray0): 31→18 [0.1ms]
[2026-05-06 10:40:19] MOVE chetan (lawn green): 56→66 [0.1ms]
[2026-05-06 10:40:19] MOVE asha (gray0): 30→31 [0.1ms]
[2026-05-06 10:40:19] MOVE chetan (lawn green): 66→77 [0.1ms]
[2026-05-06 10:40:19] MOVE asha (gray0): 18→9 [0.1ms]
[2026-05-06 10:40:19] MOVE chetan (lawn green): 77→89 [0.1ms]
[2026-05-06 10:40:19] MOVE asha (gray0): 31→18 [0.1ms]
[2026-05-06 10:40:19] MOVE chetan (lawn green): 89→102 [0.2ms]
[2026-05-06 10:40:20] MOVE asha (gray0): 9→31 [0.2ms]
[2026-05-06 10:40:20] MOVE chetan (lawn green): 102→90 [0.1ms]
[2026-05-06 10:40:20] MOVE asha (gray0): 18→43 [0.1ms]
[2026-05-06 10:40:20] MOVE chetan (lawn green): 90→78 [0.2ms]
[2026-05-06 10:40:20] MOVE asha (gray0): 31→54 [0.1ms]
[2026-05-06 10:40:20] MOVE chetan (lawn green): 78→67 [0.2ms]
[2026-05-06 10:40:21] MOVE asha (gray0): 43→64 [0.2ms]
[2026-05-06 10:40:21] MOVE chetan (lawn green): 67→57 [0.1ms]
[2026-05-06 10:40:21] MOVE asha (gray0): 54→43 [0.1ms]
[2026-05-06 10:40:21] MOVE chetan (lawn green): 57→56 [0.1ms]
[2026-05-06 10:40:21] MOVE asha (gray0): 64→54 [0.1ms]
[2026-05-06 10:40:21] MOVE chetan (lawn green): 56→66 [0.1ms]
[2026-05-06 10:40:22] MOVE asha (gray0): 43→64 [0.1ms]
[2026-05-06 10:40:22] MOVE chetan (lawn green): 66→77 [0.1ms]
[2026-05-06 10:40:22] MOVE asha (gray0): 54→74 [0.1ms]
[2026-05-06 10:40:22] MOVE chetan (lawn green): 77→89 [0.1ms]
[2026-05-06 10:40:22] MOVE asha (gray0): 64→63 [0.1ms]
[2026-05-06 10:40:22] MOVE chetan (lawn green): 89→102 [0.2ms]
[2026-05-06 10:40:22] MOVE asha (gray0): 74→73 [0.1ms]
[2026-05-06 10:40:23] MOVE chetan (lawn green): 102→90 [0.1ms]
[2026-05-06 10:40:23] MOVE asha (gray0): 63→53 [0.1ms]
[2026-05-06 10:40:23] MOVE chetan (lawn green): 90→78 [0.1ms]
[2026-05-06 10:40:23] MOVE asha (gray0): 73→63 [0.1ms]
[2026-05-06 10:40:23] MOVE chetan (lawn green): 78→67 [0.1ms]
[2026-05-06 10:40:23] MOVE asha (gray0): 53→54 [0.1ms]
[2026-05-06 10:40:24] MOVE chetan (lawn green): 67→57 [0.1ms]
[2026-05-06 10:40:24] MOVE asha (gray0): 63→64 [0.1ms]
[2026-05-06 10:40:24] MOVE chetan (lawn green): 57→56 [0.1ms]
[2026-05-06 10:40:24] MOVE asha (gray0): 54→43 [0.3ms]
[2026-05-06 10:40:24] MOVE chetan (lawn green): 56→66 [0.2ms]
[2026-05-06 10:40:24] MOVE asha (gray0): 64→54 [0.1ms]
[2026-05-06 10:40:25] MOVE chetan (lawn green): 66→77 [0.1ms]
[2026-05-06 10:40:25] MOVE asha (gray0): 43→64 [0.1ms]
[2026-05-06 10:40:25] MOVE chetan (lawn green): 77→89 [0.2ms]
[2026-05-06 10:40:25] MOVE asha (gray0): 54→43 [0.1ms]
[2026-05-06 10:40:25] MOVE chetan (lawn green): 89→102 [0.1ms]
[2026-05-06 10:40:25] MOVE asha (gray0): 64→63 [0.1ms]
[2026-05-06 10:40:26] MOVE chetan (lawn green): 102→90 [0.1ms]
[2026-05-06 10:40:26] MOVE asha (gray0): 43→31 [0.1ms]
[2026-05-06 10:40:26] MOVE chetan (lawn green): 90→78 [0.1ms]
[2026-05-06 10:40:26] MOVE asha (gray0): 63→53 [0.1ms]
[2026-05-06 10:40:26] MOVE chetan (lawn green): 78→67 [0.1ms]
[2026-05-06 10:40:26] MOVE asha (gray0): 31→18 [0.1ms]
[2026-05-06 10:40:26] MOVE chetan (lawn green): 67→57 [0.1ms]
[2026-05-06 10:40:27] MOVE asha (gray0): 53→54 [0.1ms]
[2026-05-06 10:40:27] MOVE chetan (lawn green): 57→56 [0.1ms]
[2026-05-06 10:40:27] MOVE asha (gray0): 18→9 [0.1ms]
[2026-05-06 10:40:27] MOVE chetan (lawn green): 56→66 [0.1ms]
[2026-05-06 10:40:27] MOVE asha (gray0): 54→43 [0.3ms]
[2026-05-06 10:40:27] MOVE chetan (lawn green): 66→77 [0.2ms]
[2026-05-06 10:40:28] MOVE asha (gray0): 9→17 [0.3ms]
[2026-05-06 10:40:28] MOVE chetan (lawn green): 77→89 [0.1ms]
[2026-05-06 10:40:28] MOVE asha (gray0): 43→31 [0.2ms]
[2026-05-06 10:40:28] MOVE chetan (lawn green): 89→102 [0.2ms]
[2026-05-06 10:40:28] MOVE asha (gray0): 17→30 [0.1ms]
[2026-05-06 10:40:28] MOVE chetan (lawn green): 102→90 [0.1ms]
[2026-05-06 10:40:28] MOVE asha (gray0): 31→18 [0.3ms]
[2026-05-06 10:40:29] MOVE chetan (lawn green): 90→78 [0.1ms]
[2026-05-06 10:40:29] MOVE asha (gray0): 30→31 [0.1ms]
[2026-05-06 10:40:29] MOVE chetan (lawn green): 78→67 [0.1ms]
[2026-05-06 10:40:29] MOVE asha (gray0): 18→9 [0.1ms]
[2026-05-06 10:40:29] MOVE chetan (lawn green): 67→57 [0.3ms]
[2026-05-06 10:40:29] MOVE asha (gray0): 31→18 [0.1ms]
[2026-05-06 10:40:30] MOVE chetan (lawn green): 57→56 [0.1ms]
[2026-05-06 10:40:30] MOVE asha (gray0): 9→31 [0.1ms]
[2026-05-06 10:40:30] MOVE chetan (lawn green): 56→66 [0.1ms]
[2026-05-06 10:40:30] MOVE asha (gray0): 18→43 [0.2ms]
[2026-05-06 10:40:30] MOVE chetan (lawn green): 66→77 [0.1ms]
[2026-05-06 10:40:30] MOVE asha (gray0): 31→54 [0.1ms]
[2026-05-06 10:40:31] MOVE chetan (lawn green): 77→89 [0.1ms]
[2026-05-06 10:40:31] MOVE asha (gray0): 43→64 [0.1ms]
[2026-05-06 10:40:31] MOVE chetan (lawn green): 89→102 [0.2ms]
[2026-05-06 10:40:31] MOVE asha (gray0): 54→43 [0.4ms]
[2026-05-06 10:40:32] MOVE chetan (lawn green): 102→90 [0.1ms]
[2026-05-06 10:40:32] MOVE asha (gray0): 64→54 [0.1ms]
[2026-05-06 10:40:32] MOVE chetan (lawn green): 90→78 [0.1ms]
[2026-05-06 10:40:32] MOVE asha (gray0): 43→64 [0.2ms]
[2026-05-06 10:40:32] MOVE chetan (lawn green): 78→67 [0.2ms]
[2026-05-06 10:40:32] MOVE asha (gray0): 54→74 [0.1ms]
[2026-05-06 10:40:33] MOVE chetan (lawn green): 67→57 [0.1ms]
[2026-05-06 10:40:33] MOVE asha (gray0): 64→63 [0.1ms]
[2026-05-06 10:40:33] MOVE chetan (lawn green): 57→56 [0.1ms]
[2026-05-06 10:40:33] MOVE asha (gray0): 74→73 [0.1ms]
[2026-05-06 10:40:33] MOVE chetan (lawn green): 56→66 [0.1ms]
[2026-05-06 10:40:33] MOVE asha (gray0): 63→53 [0.1ms]
[2026-05-06 10:40:34] MOVE chetan (lawn green): 66→77 [0.2ms]
[2026-05-06 10:40:34] MOVE asha (gray0): 73→63 [0.1ms]
[2026-05-06 10:40:34] MOVE chetan (lawn green): 77→89 [0.1ms]
[2026-05-06 10:40:34] MOVE asha (gray0): 53→54 [0.1ms]
[2026-05-06 10:40:35] MOVE chetan (lawn green): 89→102 [0.1ms]
[2026-05-06 10:40:35] MOVE asha (gray0): 63→64 [0.1ms]
[2026-05-06 10:40:35] MOVE chetan (lawn green): 102→90 [0.1ms]
[2026-05-06 10:40:35] MOVE asha (gray0): 54→43 [0.1ms]
[2026-05-06 10:40:35] MOVE chetan (lawn green): 90→78 [0.1ms]
[2026-05-06 10:40:36] MOVE asha (gray0): 64→54 [0.1ms]
[2026-05-06 10:40:36] MOVE chetan (lawn green): 78→67 [0.1ms]
[2026-05-06 10:40:36] MOVE asha (gray0): 43→64 [0.2ms]
[2026-05-06 10:40:36] MOVE chetan (lawn green): 67→57 [0.3ms]
[2026-05-06 10:40:37] MOVE asha (gray0): 54→43 [0.2ms]
[2026-05-06 10:40:37] MOVE chetan (lawn green): 57→56 [0.1ms]
[2026-05-06 10:40:37] MOVE asha (gray0): 64→63 [0.2ms]
[2026-05-06 10:40:37] MOVE chetan (lawn green): 56→66 [0.1ms]
[2026-05-06 10:40:37] MOVE asha (gray0): 43→31 [0.1ms]
[2026-05-06 10:40:37] MOVE chetan (lawn green): 66→77 [0.1ms]
[2026-05-06 10:40:38] MOVE asha (gray0): 63→53 [0.5ms]
[2026-05-06 10:40:38] MOVE chetan (lawn green): 77→89 [0.2ms]
[2026-05-06 10:40:38] MOVE asha (gray0): 31→18 [0.1ms]
[2026-05-06 10:40:38] MOVE chetan (lawn green): 89→102 [0.1ms]
[2026-05-06 10:40:38] MOVE asha (gray0): 53→54 [0.3ms]
[2026-05-06 10:40:38] MOVE chetan (lawn green): 102→90 [0.1ms]
[2026-05-06 10:40:39] MOVE asha (gray0): 18→9 [0.1ms]
[2026-05-06 10:40:39] MOVE chetan (lawn green): 90→78 [0.1ms]
[2026-05-06 10:40:39] MOVE asha (gray0): 54→43 [0.1ms]
[2026-05-06 10:40:39] MOVE chetan (lawn green): 78→67 [0.1ms]
[2026-05-06 10:40:39] MOVE asha (gray0): 9→17 [0.1ms]
[2026-05-06 10:40:39] MOVE chetan (lawn green): 67→57 [0.1ms]
[2026-05-06 10:40:40] MOVE asha (gray0): 43→31 [0.1ms]
[2026-05-06 10:40:40] MOVE chetan (lawn green): 57→56 [0.1ms]
[2026-05-06 10:40:40] MOVE asha (gray0): 17→30 [0.1ms]
[2026-05-06 10:40:40] MOVE chetan (lawn green): 56→66 [0.1ms]
[2026-05-06 10:40:40] MOVE asha (gray0): 31→18 [0.1ms]
[2026-05-06 10:40:40] MOVE chetan (lawn green): 66→77 [0.1ms]
[2026-05-06 10:40:41] MOVE asha (gray0): 30→31 [0.2ms]
[2026-05-06 10:40:41] MOVE chetan (lawn green): 77→89 [0.2ms]
[2026-05-06 10:40:41] MOVE asha (gray0): 18→9 [0.1ms]
[2026-05-06 10:40:41] MOVE chetan (lawn green): 89→102 [0.2ms]
[2026-05-06 10:40:41] MOVE asha (gray0): 31→18 [0.1ms]
[2026-05-06 10:40:41] MOVE chetan (lawn green): 102→90 [0.1ms]
[2026-05-06 10:40:42] MOVE asha (gray0): 9→31 [0.2ms]
[2026-05-06 10:40:42] MOVE chetan (lawn green): 90→78 [0.2ms]
[2026-05-06 10:40:42] MOVE asha (gray0): 18→43 [0.1ms]
[2026-05-06 10:40:42] MOVE chetan (lawn green): 78→67 [0.5ms]
[2026-05-06 10:40:43] MOVE asha (gray0): 31→54 [0.1ms]
[2026-05-06 10:40:43] MOVE chetan (lawn green): 67→57 [0.1ms]
[2026-05-06 10:40:43] MOVE asha (gray0): 43→64 [0.2ms]
[2026-05-06 10:40:43] MOVE chetan (lawn green): 57→56 [0.1ms]
[2026-05-06 10:40:43] MOVE asha (gray0): 54→43 [0.1ms]
[2026-05-06 10:40:44] MOVE chetan (lawn green): 56→66 [0.1ms]
[2026-05-06 10:40:44] MOVE asha (gray0): 64→54 [0.2ms]
[2026-05-06 10:40:44] MOVE chetan (lawn green): 66→77 [0.1ms]
[2026-05-06 10:40:44] MOVE asha (gray0): 43→64 [0.1ms]
[2026-05-06 10:40:44] MOVE chetan (lawn green): 77→89 [0.1ms]
[2026-05-06 10:40:45] MOVE asha (gray0): 54→74 [0.6ms]
[2026-05-06 10:40:45] MOVE chetan (lawn green): 89→102 [0.3ms]
[2026-05-06 10:40:45] MOVE asha (gray0): 64→63 [0.2ms]
[2026-05-06 10:40:45] MOVE chetan (lawn green): 102→90 [0.2ms]
[2026-05-06 10:40:45] MOVE asha (gray0): 74→73 [0.2ms]
[2026-05-06 10:40:45] MOVE chetan (lawn green): 90→78 [0.1ms]
[2026-05-06 10:40:46] MOVE asha (gray0): 63→53 [0.1ms]
[2026-05-06 10:40:46] MOVE chetan (lawn green): 78→67 [0.1ms]
[2026-05-06 10:40:46] MOVE asha (gray0): 73→63 [0.1ms]
[2026-05-06 10:40:46] MOVE chetan (lawn green): 67→57 [0.1ms]
[2026-05-06 10:40:46] MOVE asha (gray0): 53→54 [0.1ms]
[2026-05-06 10:40:46] MOVE chetan (lawn green): 57→56 [0.1ms]
[2026-05-06 10:40:47] MOVE asha (gray0): 63→64 [0.1ms]
[2026-05-06 10:40:47] MOVE chetan (lawn green): 56→66 [0.2ms]
[2026-05-06 10:40:47] MOVE asha (gray0): 54→43 [0.1ms]
[2026-05-06 10:40:47] MOVE chetan (lawn green): 66→77 [0.1ms]
[2026-05-06 10:40:48] MOVE asha (gray0): 64→54 [0.2ms]
[2026-05-06 10:40:48] MOVE chetan (lawn green): 77→89 [0.1ms]
[2026-05-06 10:40:48] MOVE asha (gray0): 43→64 [0.3ms]
[2026-05-06 10:40:48] MOVE chetan (lawn green): 89→102 [0.1ms]
[2026-05-06 10:40:48] MOVE asha (gray0): 54→43 [0.1ms]
[2026-05-06 10:40:48] MOVE chetan (lawn green): 102→90 [0.1ms]
[2026-05-06 10:40:49] MOVE asha (gray0): 64→63 [0.1ms]
[2026-05-06 10:40:49] MOVE chetan (lawn green): 90→78 [0.1ms]
[2026-05-06 10:40:49] MOVE asha (gray0): 43→31 [0.1ms]
[2026-05-06 10:40:49] MOVE chetan (lawn green): 78→67 [0.1ms]
[2026-05-06 10:40:49] MOVE asha (gray0): 63→53 [0.1ms]
[2026-05-06 10:40:49] MOVE chetan (lawn green): 67→57 [0.2ms]
[2026-05-06 10:40:50] MOVE asha (gray0): 31→18 [0.1ms]
[2026-05-06 10:40:50] MOVE chetan (lawn green): 57→56 [0.1ms]
[2026-05-06 10:40:50] MOVE asha (gray0): 53→54 [0.1ms]
[2026-05-06 10:40:50] MOVE chetan (lawn green): 56→66 [0.1ms]
[2026-05-06 10:40:50] MOVE asha (gray0): 18→9 [0.1ms]
[2026-05-06 10:40:50] MOVE chetan (lawn green): 66→77 [0.1ms]
[2026-05-06 10:40:51] MOVE asha (gray0): 54→43 [0.1ms]
[2026-05-06 10:40:51] MOVE chetan (lawn green): 77→89 [0.1ms]
[2026-05-06 10:40:51] MOVE asha (gray0): 9→17 [0.2ms]
[2026-05-06 10:40:51] MOVE chetan (lawn green): 89→102 [0.1ms]
[2026-05-06 10:40:51] MOVE asha (gray0): 43→31 [0.1ms]
[2026-05-06 10:40:51] MOVE chetan (lawn green): 102→90 [0.1ms]
[2026-05-06 10:40:52] MOVE asha (gray0): 17→30 [0.1ms]
[2026-05-06 10:40:52] MOVE chetan (lawn green): 90→78 [0.1ms]
[2026-05-06 10:40:52] MOVE asha (gray0): 31→18 [0.1ms]
[2026-05-06 10:40:52] MOVE chetan (lawn green): 78→67 [0.5ms]
[2026-05-06 10:40:52] MOVE asha (gray0): 30→31 [0.1ms]
[2026-05-06 10:40:52] MOVE chetan (lawn green): 67→57 [0.3ms]
[2026-05-06 10:40:52] MOVE asha (gray0): 18→9 [0.1ms]
[2026-05-06 10:40:53] MOVE chetan (lawn green): 57→56 [0.1ms]
[2026-05-06 10:40:53] MOVE asha (gray0): 31→18 [0.5ms]
[2026-05-06 10:40:53] MOVE chetan (lawn green): 56→66 [0.1ms]
[2026-05-06 10:40:53] MOVE asha (gray0): 9→31 [0.1ms]
[2026-05-06 10:40:53] MOVE chetan (lawn green): 66→77 [0.1ms]
[2026-05-06 10:40:53] MOVE asha (gray0): 18→43 [0.2ms]
[2026-05-06 10:40:54] MOVE chetan (lawn green): 77→89 [0.1ms]
[2026-05-06 10:40:54] MOVE asha (gray0): 31→54 [0.2ms]
[2026-05-06 10:40:54] MOVE chetan (lawn green): 89→102 [2.3ms]
[2026-05-06 10:40:54] MOVE asha (gray0): 43→64 [0.1ms]
[2026-05-06 10:40:54] MOVE chetan (lawn green): 102→90 [0.1ms]
[2026-05-06 10:40:54] MOVE asha (gray0): 54→43 [0.2ms]
[2026-05-06 10:40:55] MOVE chetan (lawn green): 90→78 [0.1ms]
[2026-05-06 10:40:55] MOVE asha (gray0): 64→54 [0.1ms]
[2026-05-06 10:40:55] MOVE chetan (lawn green): 78→67 [0.1ms]
[2026-05-06 10:40:55] MOVE asha (gray0): 43→64 [0.1ms]
[2026-05-06 10:40:55] MOVE chetan (lawn green): 67→57 [0.1ms]
[2026-05-06 10:40:55] MOVE asha (gray0): 54→74 [0.1ms]
[2026-05-06 10:40:55] MOVE chetan (lawn green): 57→56 [0.1ms]
[2026-05-06 10:40:56] MOVE asha (gray0): 64→63 [0.2ms]
[2026-05-06 10:40:56] MOVE chetan (lawn green): 56→66 [0.1ms]
[2026-05-06 10:40:56] MOVE asha (gray0): 74→73 [0.1ms]
[2026-05-06 10:40:56] MOVE chetan (lawn green): 66→77 [0.1ms]
[2026-05-06 10:40:56] MOVE asha (gray0): 63→53 [0.1ms]
[2026-05-06 10:40:56] MOVE chetan (lawn green): 77→89 [0.1ms]
[2026-05-06 10:40:57] MOVE asha (gray0): 73→63 [0.1ms]
[2026-05-06 10:40:57] MOVE chetan (lawn green): 89→102 [0.1ms]
[2026-05-06 10:40:57] MOVE asha (gray0): 53→54 [0.2ms]
[2026-05-06 10:40:57] MOVE chetan (lawn green): 102→90 [0.1ms]
[2026-05-06 10:40:57] MOVE asha (gray0): 63→64 [0.1ms]
[2026-05-06 10:40:57] MOVE chetan (lawn green): 90→78 [0.1ms]
[2026-05-06 10:40:58] MOVE asha (gray0): 54→43 [0.2ms]
[2026-05-06 10:40:58] MOVE chetan (lawn green): 78→67 [1.6ms]
[2026-05-06 10:40:58] MOVE asha (gray0): 64→54 [0.1ms]
[2026-05-06 10:40:58] MOVE chetan (lawn green): 67→57 [0.1ms]
[2026-05-06 10:40:58] MOVE asha (gray0): 43→64 [0.1ms]
[2026-05-06 10:40:58] MOVE chetan (lawn green): 57→56 [0.1ms]
[2026-05-06 10:40:59] MOVE asha (gray0): 54→43 [0.1ms]
[2026-05-06 10:40:59] MOVE chetan (lawn green): 56→66 [0.1ms]
[2026-05-06 10:40:59] MOVE asha (gray0): 64→63 [0.1ms]
[2026-05-06 10:40:59] MOVE chetan (lawn green): 66→77 [0.1ms]
[2026-05-06 10:40:59] MOVE asha (gray0): 43→31 [0.1ms]
[2026-05-06 10:40:59] MOVE chetan (lawn green): 77→89 [0.1ms]
[2026-05-06 10:41:00] MOVE asha (gray0): 63→53 [0.2ms]
[2026-05-06 10:41:00] MOVE chetan (lawn green): 89→102 [0.2ms]
[2026-05-06 10:41:00] MOVE asha (gray0): 31→18 [0.1ms]
[2026-05-06 10:41:00] MOVE chetan (lawn green): 102→90 [0.1ms]
[2026-05-06 10:41:00] MOVE asha (gray0): 53→54 [0.1ms]
[2026-05-06 10:41:01] MOVE chetan (lawn green): 90→78 [0.1ms]
[2026-05-06 10:41:01] MOVE asha (gray0): 18→9 [0.1ms]
[2026-05-06 10:41:01] MOVE chetan (lawn green): 78→67 [0.1ms]
[2026-05-06 10:41:01] MOVE asha (gray0): 54→43 [0.1ms]
[2026-05-06 10:41:01] MOVE chetan (lawn green): 67→57 [0.1ms]
[2026-05-06 10:41:01] MOVE asha (gray0): 9→17 [0.1ms]
[2026-05-06 10:41:01] MOVE chetan (lawn green): 57→56 [0.1ms]
[2026-05-06 10:41:02] MOVE asha (gray0): 43→31 [0.2ms]
[2026-05-06 10:41:02] MOVE chetan (lawn green): 56→66 [0.1ms]
[2026-05-06 10:41:02] MOVE asha (gray0): 17→30 [0.2ms]
[2026-05-06 10:41:02] MOVE chetan (lawn green): 66→77 [0.1ms]
[2026-05-06 10:41:02] MOVE asha (gray0): 31→18 [0.1ms]
[2026-05-06 10:41:02] MOVE chetan (lawn green): 77→89 [0.1ms]
[2026-05-06 10:41:02] MOVE asha (gray0): 30→31 [0.2ms]
[2026-05-06 10:41:03] MOVE chetan (lawn green): 89→102 [0.1ms]
[2026-05-06 10:41:03] MOVE asha (gray0): 18→9 [0.1ms]
[2026-05-06 10:41:03] MOVE chetan (lawn green): 102→90 [0.1ms]
[2026-05-06 10:41:03] MOVE asha (gray0): 31→18 [0.1ms]
[2026-05-06 10:41:03] MOVE chetan (lawn green): 90→78 [0.1ms]
[2026-05-06 10:41:03] MOVE asha (gray0): 9→31 [0.1ms]
[2026-05-06 10:41:04] MOVE chetan (lawn green): 78→67 [0.1ms]
[2026-05-06 10:41:04] MOVE asha (gray0): 18→43 [0.1ms]
[2026-05-06 10:41:04] MOVE chetan (lawn green): 67→57 [0.1ms]
[2026-05-06 10:41:04] MOVE asha (gray0): 31→54 [0.1ms]
[2026-05-06 10:41:04] MOVE chetan (lawn green): 57→56 [0.1ms]
[2026-05-06 10:41:04] MOVE asha (gray0): 43→64 [0.2ms]
[2026-05-06 10:41:05] MOVE chetan (lawn green): 56→66 [0.1ms]
[2026-05-06 10:41:05] MOVE asha (gray0): 54→43 [0.1ms]
[2026-05-06 10:41:05] MOVE chetan (lawn green): 66→77 [0.1ms]
[2026-05-06 10:41:05] MOVE asha (gray0): 64→54 [0.2ms]
[2026-05-06 10:41:05] MOVE chetan (lawn green): 77→89 [0.5ms]
[2026-05-06 10:41:05] MOVE asha (gray0): 43→64 [0.1ms]
[2026-05-06 10:41:06] MOVE chetan (lawn green): 89→102 [0.2ms]
[2026-05-06 10:41:06] MOVE asha (gray0): 54→74 [0.1ms]
[2026-05-06 10:41:06] MOVE chetan (lawn green): 102→90 [0.1ms]
[2026-05-06 10:41:06] MOVE asha (gray0): 64→63 [0.4ms]
[2026-05-06 10:41:06] MOVE chetan (lawn green): 90→78 [0.1ms]
[2026-05-06 10:41:06] MOVE asha (gray0): 74→73 [0.1ms]
[2026-05-06 10:41:07] MOVE chetan (lawn green): 78→67 [0.2ms]
[2026-05-06 10:41:07] MOVE asha (gray0): 63→53 [0.1ms]
[2026-05-06 10:41:07] MOVE chetan (lawn green): 67→57 [0.2ms]
[2026-05-06 10:41:07] MOVE asha (gray0): 73→63 [0.1ms]
[2026-05-06 10:41:07] MOVE chetan (lawn green): 57→56 [0.1ms]
[2026-05-06 10:41:07] MOVE asha (gray0): 53→54 [0.1ms]
[2026-05-06 10:41:08] MOVE chetan (lawn green): 56→66 [0.2ms]
[2026-05-06 10:41:08] MOVE asha (gray0): 63→64 [0.1ms]
[2026-05-06 10:41:08] MOVE chetan (lawn green): 66→77 [0.1ms]
[2026-05-06 10:41:08] MOVE asha (gray0): 54→43 [0.1ms]
[2026-05-06 10:41:08] MOVE chetan (lawn green): 77→89 [0.1ms]
[2026-05-06 10:41:08] MOVE asha (gray0): 64→54 [0.1ms]
[2026-05-06 10:41:08] MOVE chetan (lawn green): 89→102 [0.1ms]
[2026-05-06 10:41:09] MOVE asha (gray0): 43→64 [0.1ms]
[2026-05-06 10:41:09] MOVE chetan (lawn green): 102→90 [0.1ms]
[2026-05-06 10:41:09] MOVE asha (gray0): 54→43 [0.1ms]
[2026-05-06 10:41:09] MOVE chetan (lawn green): 90→78 [0.1ms]
[2026-05-06 10:41:09] MOVE asha (gray0): 64→63 [0.1ms]
[2026-05-06 10:41:09] MOVE chetan (lawn green): 78→67 [0.1ms]
[2026-05-06 10:41:09] MOVE asha (gray0): 43→31 [0.1ms]
[2026-05-06 10:41:10] MOVE chetan (lawn green): 67→57 [0.1ms]
[2026-05-06 10:41:10] MOVE asha (gray0): 63→53 [0.8ms]
[2026-05-06 10:41:10] MOVE chetan (lawn green): 57→56 [0.1ms]
[2026-05-06 10:41:10] MOVE asha (gray0): 31→18 [0.2ms]
[2026-05-06 10:41:10] MOVE chetan (lawn green): 56→66 [0.1ms]
[2026-05-06 10:41:10] MOVE asha (gray0): 53→54 [0.1ms]
[2026-05-06 10:41:11] MOVE chetan (lawn green): 66→77 [0.1ms]
[2026-05-06 10:41:11] MOVE asha (gray0): 18→9 [0.1ms]
[2026-05-06 10:41:11] MOVE chetan (lawn green): 77→89 [0.1ms]
[2026-05-06 10:41:11] MOVE asha (gray0): 54→43 [0.1ms]
[2026-05-06 10:41:11] MOVE chetan (lawn green): 89→102 [0.1ms]
[2026-05-06 10:41:11] MOVE asha (gray0): 9→17 [0.1ms]
[2026-05-06 10:41:12] MOVE chetan (lawn green): 102→90 [0.1ms]
[2026-05-06 10:41:12] MOVE asha (gray0): 43→31 [0.1ms]
[2026-05-06 10:41:12] MOVE chetan (lawn green): 90→78 [0.1ms]
[2026-05-06 10:41:12] MOVE asha (gray0): 17→30 [0.1ms]
[2026-05-06 10:41:12] MOVE chetan (lawn green): 78→67 [0.1ms]
[2026-05-06 10:41:12] MOVE asha (gray0): 31→18 [0.1ms]
[2026-05-06 10:41:13] MOVE chetan (lawn green): 67→57 [0.1ms]
[2026-05-06 10:41:13] MOVE asha (gray0): 30→31 [0.1ms]
[2026-05-06 10:41:13] MOVE chetan (lawn green): 57→56 [0.1ms]
[2026-05-06 10:41:13] MOVE asha (gray0): 18→9 [0.1ms]
[2026-05-06 10:41:13] MOVE chetan (lawn green): 56→66 [0.1ms]
[2026-05-06 10:41:14] MOVE asha (gray0): 31→18 [0.1ms]
[2026-05-06 10:41:14] MOVE chetan (lawn green): 66→77 [0.1ms]
[2026-05-06 10:41:14] MOVE asha (gray0): 9→31 [0.2ms]
[2026-05-06 10:41:14] MOVE chetan (lawn green): 77→89 [0.1ms]
[2026-05-06 10:41:14] MOVE asha (gray0): 18→43 [0.1ms]
[2026-05-06 10:41:15] MOVE chetan (lawn green): 89→102 [0.3ms]
[2026-05-06 10:41:15] MOVE asha (gray0): 31→54 [0.2ms]
[2026-05-06 10:41:15] MOVE chetan (lawn green): 102→90 [0.1ms]
[2026-05-06 10:41:15] MOVE asha (gray0): 43→64 [0.1ms]
[2026-05-06 10:41:15] MOVE chetan (lawn green): 90→78 [0.1ms]
[2026-05-06 10:41:15] MOVE asha (gray0): 54→43 [0.1ms]
[2026-05-06 10:41:16] MOVE chetan (lawn green): 78→67 [0.1ms]
[2026-05-06 10:41:16] MOVE asha (gray0): 64→54 [0.2ms]
[2026-05-06 10:41:16] MOVE chetan (lawn green): 67→57 [0.1ms]
[2026-05-06 10:41:16] MOVE asha (gray0): 43→64 [0.2ms]
[2026-05-06 10:41:16] MOVE chetan (lawn green): 57→56 [0.1ms]
[2026-05-06 10:41:16] MOVE asha (gray0): 54→74 [0.1ms]
[2026-05-06 10:41:16] MOVE chetan (lawn green): 56→66 [0.1ms]
[2026-05-06 10:41:17] MOVE asha (gray0): 64→63 [0.1ms]
[2026-05-06 10:41:17] MOVE chetan (lawn green): 66→77 [0.1ms]
[2026-05-06 10:41:17] MOVE asha (gray0): 74→73 [0.2ms]
[2026-05-06 10:41:17] MOVE chetan (lawn green): 77→89 [0.2ms]
[2026-05-06 10:41:17] MOVE asha (gray0): 63→53 [0.1ms]
[2026-05-06 10:41:18] MOVE chetan (lawn green): 89→102 [0.5ms]
[2026-05-06 10:41:18] MOVE asha (gray0): 73→63 [0.1ms]
[2026-05-06 10:41:18] MOVE chetan (lawn green): 102→90 [0.2ms]
[2026-05-06 10:41:18] MOVE asha (gray0): 53→54 [0.1ms]
[2026-05-06 10:41:18] MOVE chetan (lawn green): 90→78 [0.1ms]
[2026-05-06 10:41:18] MOVE asha (gray0): 63→64 [0.1ms]
[2026-05-06 10:41:18] MOVE chetan (lawn green): 78→67 [0.1ms]
[2026-05-06 10:41:19] MOVE asha (gray0): 54→43 [0.1ms]
[2026-05-06 10:41:19] MOVE chetan (lawn green): 67→57 [0.1ms]
[2026-05-06 10:41:19] MOVE asha (gray0): 64→54 [0.1ms]
[2026-05-06 10:41:19] MOVE chetan (lawn green): 57→56 [0.1ms]
[2026-05-06 10:41:19] MOVE asha (gray0): 43→64 [0.1ms]
[2026-05-06 10:41:19] MOVE chetan (lawn green): 56→66 [0.2ms]
[2026-05-06 10:41:20] MOVE asha (gray0): 54→43 [0.1ms]
[2026-05-06 10:41:20] MOVE chetan (lawn green): 66→77 [0.1ms]
[2026-05-06 10:41:20] MOVE asha (gray0): 64→63 [0.1ms]
[2026-05-06 10:41:20] MOVE chetan (lawn green): 77→89 [0.1ms]
[2026-05-06 10:41:20] MOVE asha (gray0): 43→31 [0.1ms]
[2026-05-06 10:41:20] MOVE chetan (lawn green): 89→102 [0.1ms]
[2026-05-06 10:41:21] MOVE asha (gray0): 63→53 [0.4ms]
[2026-05-06 10:41:21] MOVE chetan (lawn green): 102→90 [0.1ms]
[2026-05-06 10:41:21] MOVE asha (gray0): 31→18 [0.1ms]
[2026-05-06 10:41:21] MOVE chetan (lawn green): 90→78 [0.1ms]
[2026-05-06 10:41:21] MOVE asha (gray0): 53→54 [0.2ms]
[2026-05-06 10:41:21] MOVE chetan (lawn green): 78→67 [0.2ms]
[2026-05-06 10:41:22] MOVE asha (gray0): 18→9 [0.1ms]
[2026-05-06 10:41:22] MOVE chetan (lawn green): 67→57 [0.1ms]
[2026-05-06 10:41:22] MOVE asha (gray0): 54→43 [0.2ms]
[2026-05-06 10:41:22] MOVE chetan (lawn green): 57→56 [0.1ms]
[2026-05-06 10:41:22] MOVE asha (gray0): 9→17 [0.1ms]
[2026-05-06 10:41:22] MOVE chetan (lawn green): 56→66 [0.1ms]
[2026-05-06 10:41:23] MOVE asha (gray0): 43→31 [0.1ms]
[2026-05-06 10:41:23] MOVE chetan (lawn green): 66→77 [0.1ms]
[2026-05-06 10:41:23] MOVE asha (gray0): 17→30 [0.1ms]
[2026-05-06 10:41:23] MOVE chetan (lawn green): 77→89 [0.1ms]
[2026-05-06 10:41:23] MOVE asha (gray0): 31→18 [0.2ms]
[2026-05-06 10:41:23] MOVE chetan (lawn green): 89→102 [0.1ms]
[2026-05-06 10:41:24] MOVE asha (gray0): 30→31 [0.1ms]
[2026-05-06 10:41:24] MOVE chetan (lawn green): 102→90 [0.2ms]
[2026-05-06 10:41:24] MOVE asha (gray0): 18→9 [0.1ms]
[2026-05-06 10:41:24] MOVE chetan (lawn green): 90→78 [0.2ms]
[2026-05-06 10:41:24] MOVE asha (gray0): 31→18 [0.1ms]
[2026-05-06 10:41:24] MOVE chetan (lawn green): 78→67 [0.2ms]
[2026-05-06 10:41:25] MOVE asha (gray0): 9→31 [0.1ms]
[2026-05-06 10:41:25] MOVE chetan (lawn green): 67→57 [0.1ms]
[2026-05-06 10:41:25] MOVE asha (gray0): 18→43 [0.1ms]
[2026-05-06 10:41:25] MOVE chetan (lawn green): 57→56 [0.1ms]
[2026-05-06 10:41:25] MOVE asha (gray0): 31→54 [0.1ms]
[2026-05-06 10:41:25] MOVE chetan (lawn green): 56→66 [0.1ms]
[2026-05-06 10:41:26] MOVE asha (gray0): 43→64 [0.1ms]
[2026-05-06 10:41:26] MOVE chetan (lawn green): 66→77 [0.1ms]
[2026-05-06 10:41:26] MOVE asha (gray0): 54→43 [0.1ms]
[2026-05-06 10:41:26] MOVE chetan (lawn green): 77→89 [0.1ms]
[2026-05-06 10:41:26] MOVE asha (gray0): 64→54 [0.1ms]
[2026-05-06 10:41:26] MOVE chetan (lawn green): 89→102 [0.3ms]
[2026-05-06 10:41:27] MOVE asha (gray0): 43→64 [0.3ms]
[2026-05-06 10:41:27] MOVE chetan (lawn green): 102→90 [0.1ms]
[2026-05-06 10:41:27] MOVE asha (gray0): 54→74 [0.1ms]
[2026-05-06 10:41:27] MOVE chetan (lawn green): 90→78 [0.2ms]
[2026-05-06 10:41:27] MOVE asha (gray0): 64→63 [0.1ms]
[2026-05-06 10:41:27] MOVE chetan (lawn green): 78→67 [0.2ms]
[2026-05-06 10:41:28] MOVE asha (gray0): 74→73 [0.1ms]
[2026-05-06 10:41:28] MOVE chetan (lawn green): 67→57 [0.1ms]
[2026-05-06 10:41:28] MOVE asha (gray0): 63→53 [0.1ms]
[2026-05-06 10:41:28] MOVE chetan (lawn green): 57→56 [0.1ms]
[2026-05-06 10:41:28] MOVE asha (gray0): 73→63 [0.1ms]
[2026-05-06 10:41:28] MOVE chetan (lawn green): 56→66 [0.1ms]
[2026-05-06 10:41:29] MOVE asha (gray0): 53→54 [0.1ms]
[2026-05-06 10:41:29] MOVE chetan (lawn green): 66→77 [0.1ms]
[2026-05-06 10:41:29] MOVE asha (gray0): 63→64 [0.2ms]
[2026-05-06 10:41:29] MOVE chetan (lawn green): 77→89 [0.1ms]
[2026-05-06 10:41:29] MOVE asha (gray0): 54→43 [0.2ms]
[2026-05-06 10:41:29] MOVE chetan (lawn green): 89→102 [0.1ms]
[2026-05-06 10:41:30] MOVE asha (gray0): 64→54 [0.2ms]
[2026-05-06 10:41:30] MOVE chetan (lawn green): 102→90 [0.1ms]
[2026-05-06 10:41:30] MOVE asha (gray0): 43→64 [0.1ms]
[2026-05-06 10:41:30] MOVE chetan (lawn green): 90→78 [0.1ms]
[2026-05-06 10:41:30] MOVE asha (gray0): 54→43 [0.2ms]
[2026-05-06 10:41:30] MOVE chetan (lawn green): 78→67 [0.1ms]
[2026-05-06 10:41:30] MOVE asha (gray0): 64→63 [0.1ms]
[2026-05-06 10:41:31] MOVE chetan (lawn green): 67→57 [0.3ms]
[2026-05-06 10:41:31] MOVE asha (gray0): 43→31 [0.2ms]
[2026-05-06 10:41:31] MOVE chetan (lawn green): 57→56 [0.2ms]
[2026-05-06 10:41:31] MOVE asha (gray0): 63→53 [0.1ms]
[2026-05-06 10:41:31] MOVE chetan (lawn green): 56→66 [0.2ms]
[2026-05-06 10:41:31] MOVE asha (gray0): 31→18 [0.1ms]
[2026-05-06 10:41:32] MOVE chetan (lawn green): 66→77 [0.1ms]
[2026-05-06 10:41:32] MOVE asha (gray0): 53→54 [0.1ms]
[2026-05-06 10:41:32] MOVE chetan (lawn green): 77→89 [0.1ms]
[2026-05-06 10:41:32] MOVE asha (gray0): 18→9 [0.1ms]
[2026-05-06 10:41:32] MOVE chetan (lawn green): 89→102 [0.1ms]
[2026-05-06 10:41:32] MOVE asha (gray0): 54→43 [0.2ms]
[2026-05-06 10:41:33] MOVE chetan (lawn green): 102→90 [0.1ms]
[2026-05-06 10:41:33] MOVE asha (gray0): 9→17 [0.3ms]
[2026-05-06 10:41:33] MOVE chetan (lawn green): 90→78 [0.1ms]
[2026-05-06 10:41:33] MOVE asha (gray0): 43→31 [0.3ms]
[2026-05-06 10:41:33] MOVE chetan (lawn green): 78→67 [0.1ms]
[2026-05-06 10:41:33] MOVE asha (gray0): 17→30 [0.1ms]
[2026-05-06 10:41:34] MOVE chetan (lawn green): 67→57 [0.1ms]
[2026-05-06 10:41:34] MOVE asha (gray0): 31→18 [0.2ms]
[2026-05-06 10:41:34] MOVE chetan (lawn green): 57→56 [0.1ms]
[2026-05-06 10:41:34] MOVE asha (gray0): 30→31 [0.1ms]
[2026-05-06 10:41:34] MOVE chetan (lawn green): 56→66 [0.1ms]
[2026-05-06 10:41:34] MOVE asha (gray0): 18→9 [0.1ms]
[2026-05-06 10:41:34] MOVE chetan (lawn green): 66→77 [0.1ms]
[2026-05-06 10:41:35] MOVE asha (gray0): 31→18 [0.1ms]
[2026-05-06 10:41:35] MOVE chetan (lawn green): 77→89 [0.1ms]
[2026-05-06 10:41:35] MOVE asha (gray0): 9→31 [0.2ms]
[2026-05-06 10:41:35] MOVE chetan (lawn green): 89→102 [0.1ms]
[2026-05-06 10:41:35] MOVE asha (gray0): 18→43 [0.1ms]
[2026-05-06 10:41:35] MOVE chetan (lawn green): 102→90 [0.1ms]
[2026-05-06 10:41:36] MOVE asha (gray0): 31→54 [0.2ms]
[2026-05-06 10:41:36] MOVE chetan (lawn green): 90→78 [0.1ms]
[2026-05-06 10:41:36] MOVE asha (gray0): 43→64 [0.1ms]
[2026-05-06 10:41:36] MOVE chetan (lawn green): 78→67 [0.1ms]
[2026-05-06 10:41:36] MOVE asha (gray0): 54→43 [0.1ms]
[2026-05-06 10:41:36] MOVE chetan (lawn green): 67→57 [0.1ms]
[2026-05-06 10:41:37] MOVE asha (gray0): 64→54 [0.2ms]
[2026-05-06 10:41:37] MOVE chetan (lawn green): 57→56 [0.1ms]
[2026-05-06 10:41:37] MOVE asha (gray0): 43→64 [0.2ms]
[2026-05-06 10:41:37] MOVE chetan (lawn green): 56→66 [0.1ms]
[2026-05-06 10:41:37] MOVE asha (gray0): 54→74 [0.1ms]
[2026-05-06 10:41:37] MOVE chetan (lawn green): 66→77 [0.2ms]
[2026-05-06 10:41:38] MOVE asha (gray0): 64→63 [0.2ms]
[2026-05-06 10:41:38] MOVE chetan (lawn green): 77→89 [0.1ms]
[2026-05-06 10:41:38] MOVE asha (gray0): 74→73 [0.1ms]
[2026-05-06 10:41:38] MOVE chetan (lawn green): 89→102 [0.2ms]
[2026-05-06 10:41:38] MOVE asha (gray0): 63→53 [0.1ms]
[2026-05-06 10:41:38] MOVE chetan (lawn green): 102→90 [0.1ms]
[2026-05-06 10:41:39] MOVE asha (gray0): 73→63 [0.2ms]
[2026-05-06 10:41:39] MOVE chetan (lawn green): 90→78 [0.1ms]
[2026-05-06 10:41:39] MOVE asha (gray0): 53→54 [0.1ms]
[2026-05-06 10:41:39] MOVE chetan (lawn green): 78→67 [0.2ms]
[2026-05-06 10:41:39] MOVE asha (gray0): 63→64 [0.2ms]
[2026-05-06 10:41:39] MOVE chetan (lawn green): 67→57 [0.2ms]
[2026-05-06 10:41:40] MOVE asha (gray0): 54→43 [0.1ms]
[2026-05-06 10:41:40] MOVE chetan (lawn green): 57→56 [0.1ms]
[2026-05-06 10:41:40] MOVE asha (gray0): 64→54 [0.1ms]
[2026-05-06 10:41:40] MOVE chetan (lawn green): 56→66 [0.1ms]
[2026-05-06 10:41:40] MOVE asha (gray0): 43→64 [0.2ms]
[2026-05-06 10:41:40] MOVE chetan (lawn green): 66→77 [0.1ms]
[2026-05-06 10:41:41] MOVE asha (gray0): 54→43 [0.1ms]
[2026-05-06 10:41:41] MOVE chetan (lawn green): 77→89 [0.2ms]
[2026-05-06 10:41:41] MOVE asha (gray0): 64→63 [0.1ms]
[2026-05-06 10:41:41] MOVE chetan (lawn green): 89→102 [0.1ms]
[2026-05-06 10:41:41] MOVE asha (gray0): 43→31 [0.2ms]
[2026-05-06 10:41:41] MOVE chetan (lawn green): 102→90 [0.2ms]
[2026-05-06 10:41:41] MOVE asha (gray0): 63→53 [0.1ms]
[2026-05-06 10:41:42] MOVE chetan (lawn green): 90→78 [0.1ms]
[2026-05-06 10:41:42] MOVE asha (gray0): 31→18 [0.1ms]
[2026-05-06 10:41:42] MOVE chetan (lawn green): 78→67 [0.1ms]
[2026-05-06 10:41:42] MOVE asha (gray0): 53→54 [0.1ms]
[2026-05-06 10:41:42] MOVE chetan (lawn green): 67→57 [0.1ms]
[2026-05-06 10:41:42] MOVE asha (gray0): 18→9 [0.1ms]
[2026-05-06 10:41:43] MOVE chetan (lawn green): 57→56 [0.1ms]
[2026-05-06 10:41:43] MOVE asha (gray0): 54→43 [0.3ms]
[2026-05-06 10:41:43] MOVE chetan (lawn green): 56→66 [0.2ms]
[2026-05-06 10:41:43] MOVE asha (gray0): 9→17 [0.1ms]
[2026-05-06 10:41:44] MOVE chetan (lawn green): 66→77 [0.1ms]
[2026-05-06 10:41:44] MOVE asha (gray0): 43→31 [0.1ms]
[2026-05-06 10:41:44] MOVE chetan (lawn green): 77→89 [0.1ms]
[2026-05-06 10:41:44] MOVE asha (gray0): 17→30 [0.2ms]
[2026-05-06 10:41:44] MOVE chetan (lawn green): 89→102 [0.1ms]
[2026-05-06 10:41:44] MOVE asha (gray0): 31→18 [0.1ms]
[2026-05-06 10:41:45] MOVE chetan (lawn green): 102→90 [0.2ms]
[2026-05-06 10:41:45] MOVE asha (gray0): 30→31 [0.1ms]
[2026-05-06 10:41:45] MOVE chetan (lawn green): 90→78 [0.1ms]
[2026-05-06 10:41:45] MOVE asha (gray0): 18→9 [0.2ms]
[2026-05-06 10:41:45] MOVE chetan (lawn green): 78→67 [0.1ms]
[2026-05-06 10:41:45] MOVE asha (gray0): 31→18 [0.1ms]
[2026-05-06 10:41:46] MOVE chetan (lawn green): 67→57 [0.2ms]
[2026-05-06 10:41:46] MOVE asha (gray0): 9→31 [0.1ms]
[2026-05-06 10:41:46] MOVE chetan (lawn green): 57→56 [0.1ms]
[2026-05-06 10:41:46] MOVE asha (gray0): 18→43 [0.1ms]
[2026-05-06 10:41:46] MOVE chetan (lawn green): 56→66 [0.1ms]
[2026-05-06 10:41:46] MOVE asha (gray0): 31→54 [0.1ms]
[2026-05-06 10:41:47] MOVE chetan (lawn green): 66→77 [0.2ms]
[2026-05-06 10:41:47] MOVE asha (gray0): 43→64 [0.2ms]
[2026-05-06 10:41:47] MOVE chetan (lawn green): 77→89 [0.1ms]
[2026-05-06 10:41:47] MOVE asha (gray0): 54→43 [0.1ms]
[2026-05-06 10:41:47] MOVE chetan (lawn green): 89→102 [0.1ms]
[2026-05-06 10:41:47] MOVE asha (gray0): 64→54 [0.1ms]
[2026-05-06 10:41:48] MOVE chetan (lawn green): 102→90 [0.1ms]
[2026-05-06 10:41:48] MOVE asha (gray0): 43→64 [0.1ms]
[2026-05-06 10:41:48] MOVE chetan (lawn green): 90→78 [0.1ms]
[2026-05-06 10:41:48] MOVE asha (gray0): 54→74 [0.1ms]
[2026-05-06 10:41:48] MOVE chetan (lawn green): 78→67 [0.2ms]
[2026-05-06 10:41:48] MOVE asha (gray0): 64→63 [0.1ms]
[2026-05-06 10:41:48] MOVE chetan (lawn green): 67→57 [0.1ms]
[2026-05-06 10:41:49] MOVE asha (gray0): 74→73 [0.1ms]
[2026-05-06 10:41:49] MOVE chetan (lawn green): 57→56 [0.3ms]
[2026-05-06 10:41:49] MOVE asha (gray0): 63→53 [0.1ms]
[2026-05-06 10:41:49] MOVE chetan (lawn green): 56→66 [0.1ms]
[2026-05-06 10:41:49] MOVE asha (gray0): 73→63 [0.1ms]
[2026-05-06 10:41:49] MOVE chetan (lawn green): 66→77 [0.1ms]
[2026-05-06 10:41:50] MOVE asha (gray0): 53→54 [0.1ms]
[2026-05-06 10:41:50] MOVE chetan (lawn green): 77→89 [0.3ms]
[2026-05-06 10:41:50] MOVE asha (gray0): 63→64 [0.1ms]
[2026-05-06 10:41:50] MOVE chetan (lawn green): 89→102 [0.1ms]
[2026-05-06 10:41:50] MOVE asha (gray0): 54→43 [0.1ms]
[2026-05-06 10:41:50] MOVE chetan (lawn green): 102→90 [0.1ms]
[2026-05-06 10:41:51] MOVE asha (gray0): 64→54 [0.1ms]
[2026-05-06 10:41:51] MOVE chetan (lawn green): 90→78 [0.1ms]
[2026-05-06 10:41:51] MOVE asha (gray0): 43→64 [0.1ms]
[2026-05-06 10:41:51] MOVE chetan (lawn green): 78→67 [0.1ms]
[2026-05-06 10:41:51] MOVE asha (gray0): 54→43 [0.1ms]
[2026-05-06 10:41:51] MOVE chetan (lawn green): 67→57 [0.2ms]
[2026-05-06 10:41:51] MOVE asha (gray0): 64→63 [0.1ms]
[2026-05-06 10:41:52] MOVE chetan (lawn green): 57→56 [0.1ms]
[2026-05-06 10:41:52] MOVE asha (gray0): 43→31 [0.2ms]
[2026-05-06 10:41:52] MOVE chetan (lawn green): 56→66 [0.1ms]
[2026-05-06 10:41:52] MOVE asha (gray0): 63→53 [0.1ms]
[2026-05-06 10:41:52] MOVE chetan (lawn green): 66→77 [0.1ms]
[2026-05-06 10:41:52] MOVE asha (gray0): 31→18 [0.1ms]
[2026-05-06 10:41:53] MOVE chetan (lawn green): 77→89 [0.1ms]
[2026-05-06 10:41:53] MOVE asha (gray0): 53→54 [0.2ms]
[2026-05-06 10:41:53] MOVE chetan (lawn green): 89→102 [0.1ms]
[2026-05-06 10:41:53] MOVE asha (gray0): 18→9 [0.1ms]
[2026-05-06 10:41:53] MOVE chetan (lawn green): 102→90 [0.1ms]
[2026-05-06 10:41:53] MOVE asha (gray0): 54→43 [0.1ms]
[2026-05-06 10:41:54] MOVE chetan (lawn green): 90→78 [0.1ms]
[2026-05-06 10:41:54] MOVE asha (gray0): 9→17 [0.1ms]
[2026-05-06 10:41:54] MOVE chetan (lawn green): 78→67 [0.1ms]
[2026-05-06 10:41:54] MOVE asha (gray0): 43→31 [0.1ms]
[2026-05-06 10:41:54] MOVE chetan (lawn green): 67→57 [0.2ms]
[2026-05-06 10:41:54] MOVE asha (gray0): 17→30 [0.1ms]
[2026-05-06 10:41:55] MOVE chetan (lawn green): 57→56 [0.1ms]
[2026-05-06 10:41:55] MOVE asha (gray0): 31→18 [0.1ms]
[2026-05-06 10:41:55] MOVE chetan (lawn green): 56→66 [0.2ms]
[2026-05-06 10:41:55] MOVE asha (gray0): 30→31 [0.1ms]
[2026-05-06 10:41:55] MOVE chetan (lawn green): 66→77 [0.1ms]
[2026-05-06 10:41:55] MOVE asha (gray0): 18→9 [0.1ms]
[2026-05-06 10:41:56] MOVE chetan (lawn green): 77→89 [0.1ms]
[2026-05-06 10:41:56] MOVE asha (gray0): 31→18 [0.1ms]
[2026-05-06 10:41:56] MOVE chetan (lawn green): 89→102 [0.1ms]
[2026-05-06 10:41:56] MOVE asha (gray0): 9→31 [0.2ms]
[2026-05-06 10:41:56] MOVE chetan (lawn green): 102→90 [0.3ms]
[2026-05-06 10:41:56] MOVE asha (gray0): 18→43 [0.1ms]
[2026-05-06 10:41:57] MOVE chetan (lawn green): 90→78 [0.2ms]
[2026-05-06 10:41:57] MOVE asha (gray0): 31→54 [0.1ms]
[2026-05-06 10:41:57] MOVE chetan (lawn green): 78→67 [0.2ms]
[2026-05-06 10:41:57] MOVE asha (gray0): 43→64 [0.1ms]
[2026-05-06 10:41:57] MOVE chetan (lawn green): 67→57 [0.1ms]
[2026-05-06 10:41:57] MOVE asha (gray0): 54→43 [0.1ms]
[2026-05-06 10:41:58] MOVE chetan (lawn green): 57→56 [0.2ms]
[2026-05-06 10:41:58] MOVE asha (gray0): 64→54 [0.2ms]
[2026-05-06 10:41:58] MOVE chetan (lawn green): 56→66 [0.1ms]
[2026-05-06 10:41:58] MOVE asha (gray0): 43→64 [0.1ms]
[2026-05-06 10:41:58] MOVE chetan (lawn green): 66→77 [0.1ms]
[2026-05-06 10:41:58] MOVE asha (gray0): 54→74 [0.1ms]
[2026-05-06 10:41:59] MOVE chetan (lawn green): 77→89 [0.1ms]
[2026-05-06 10:41:59] MOVE asha (gray0): 64→63 [0.5ms]
[2026-05-06 10:41:59] MOVE chetan (lawn green): 89→102 [0.3ms]
[2026-05-06 10:41:59] MOVE asha (gray0): 74→73 [0.3ms]
[2026-05-06 10:41:59] MOVE chetan (lawn green): 102→90 [0.1ms]
[2026-05-06 10:41:59] MOVE asha (gray0): 63→53 [0.2ms]
[2026-05-06 10:42:00] MOVE chetan (lawn green): 90→78 [0.1ms]
[2026-05-06 10:42:00] MOVE asha (gray0): 73→63 [0.1ms]
[2026-05-06 10:42:00] MOVE chetan (lawn green): 78→67 [0.1ms]
[2026-05-06 10:42:00] MOVE asha (gray0): 53→54 [0.1ms]
[2026-05-06 10:42:00] MOVE chetan (lawn green): 67→57 [0.2ms]
[2026-05-06 10:42:00] MOVE asha (gray0): 63→64 [0.1ms]
[2026-05-06 10:42:00] MOVE chetan (lawn green): 57→56 [0.1ms]
[2026-05-06 10:42:01] MOVE asha (gray0): 54→43 [0.1ms]
[2026-05-06 10:42:01] MOVE chetan (lawn green): 56→66 [0.1ms]
[2026-05-06 10:42:01] MOVE asha (gray0): 64→54 [0.1ms]
[2026-05-06 10:42:01] MOVE chetan (lawn green): 66→77 [0.1ms]
[2026-05-06 10:42:01] MOVE asha (gray0): 43→64 [0.1ms]
[2026-05-06 10:42:01] MOVE chetan (lawn green): 77→89 [0.1ms]
[2026-05-06 10:42:02] MOVE asha (gray0): 54→43 [0.3ms]
[2026-05-06 10:42:02] MOVE chetan (lawn green): 89→102 [0.3ms]
[2026-05-06 10:42:02] MOVE asha (gray0): 64→63 [0.1ms]
[2026-05-06 10:42:02] MOVE chetan (lawn green): 102→90 [0.1ms]
[2026-05-06 10:42:02] MOVE asha (gray0): 43→31 [0.1ms]
[2026-05-06 10:42:02] MOVE chetan (lawn green): 90→78 [0.2ms]
[2026-05-06 10:42:03] MOVE asha (gray0): 63→53 [2.4ms]
[2026-05-06 10:42:03] MOVE chetan (lawn green): 78→67 [0.1ms]
[2026-05-06 10:42:03] MOVE asha (gray0): 31→18 [0.1ms]
[2026-05-06 10:42:03] MOVE chetan (lawn green): 67→57 [0.1ms]
[2026-05-06 10:42:03] MOVE asha (gray0): 53→54 [0.1ms]
[2026-05-06 10:42:03] MOVE chetan (lawn green): 57→56 [0.1ms]
[2026-05-06 10:42:03] MOVE asha (gray0): 18→9 [0.2ms]
[2026-05-06 10:42:04] MOVE chetan (lawn green): 56→66 [0.1ms]
[2026-05-06 10:42:04] MOVE asha (gray0): 54→43 [0.1ms]
[2026-05-06 10:42:04] MOVE chetan (lawn green): 66→77 [0.1ms]
[2026-05-06 10:42:04] MOVE asha (gray0): 9→17 [0.1ms]
[2026-05-06 10:42:04] MOVE chetan (lawn green): 77→89 [0.1ms]
[2026-05-06 10:42:04] MOVE asha (gray0): 43→31 [0.2ms]
[2026-05-06 10:42:05] MOVE chetan (lawn green): 89→102 [0.1ms]
[2026-05-06 10:42:05] MOVE asha (gray0): 17→30 [0.1ms]
[2026-05-06 10:42:05] MOVE chetan (lawn green): 102→90 [0.1ms]
[2026-05-06 10:42:05] MOVE asha (gray0): 31→18 [0.1ms]
[2026-05-06 10:42:05] MOVE chetan (lawn green): 90→78 [0.1ms]
[2026-05-06 10:42:05] MOVE asha (gray0): 30→31 [0.1ms]
[2026-05-06 10:42:06] MOVE chetan (lawn green): 78→67 [0.1ms]
[2026-05-06 10:42:06] MOVE asha (gray0): 18→9 [0.1ms]
[2026-05-06 10:42:06] MOVE chetan (lawn green): 67→57 [0.1ms]
[2026-05-06 10:42:06] MOVE asha (gray0): 31→18 [0.1ms]
[2026-05-06 10:42:06] MOVE chetan (lawn green): 57→56 [0.1ms]
[2026-05-06 10:42:06] MOVE asha (gray0): 9→31 [0.1ms]
[2026-05-06 10:42:07] MOVE chetan (lawn green): 56→66 [0.1ms]
[2026-05-06 10:42:07] MOVE asha (gray0): 18→43 [0.2ms]
[2026-05-06 10:42:07] MOVE chetan (lawn green): 66→77 [0.1ms]
[2026-05-06 10:42:07] MOVE asha (gray0): 31→54 [0.1ms]
[2026-05-06 10:42:07] MOVE chetan (lawn green): 77→89 [0.1ms]
[2026-05-06 10:42:07] MOVE asha (gray0): 43→64 [0.2ms]
[2026-05-06 10:42:07] MOVE chetan (lawn green): 89→102 [0.1ms]
[2026-05-06 10:42:08] MOVE asha (gray0): 54→43 [0.2ms]
[2026-05-06 10:42:08] MOVE chetan (lawn green): 102→90 [0.1ms]
[2026-05-06 10:42:08] MOVE asha (gray0): 64→54 [0.5ms]
[2026-05-06 10:42:08] MOVE chetan (lawn green): 90→78 [0.1ms]
[2026-05-06 10:42:08] MOVE asha (gray0): 43→64 [0.1ms]
[2026-05-06 10:42:08] MOVE chetan (lawn green): 78→67 [0.1ms]
[2026-05-06 10:42:09] MOVE asha (gray0): 54→74 [0.1ms]
[2026-05-06 10:42:09] MOVE chetan (lawn green): 67→57 [0.1ms]
[2026-05-06 10:42:09] MOVE asha (gray0): 64→63 [0.1ms]
[2026-05-06 10:42:09] MOVE chetan (lawn green): 57→56 [0.1ms]
[2026-05-06 10:42:09] MOVE asha (gray0): 74→73 [0.1ms]
[2026-05-06 10:42:09] MOVE chetan (lawn green): 56→66 [0.1ms]
[2026-05-06 10:42:10] MOVE asha (gray0): 63→53 [0.1ms]
[2026-05-06 10:42:10] MOVE chetan (lawn green): 66→77 [0.2ms]
[2026-05-06 10:42:10] MOVE asha (gray0): 73→63 [0.1ms]
[2026-05-06 10:42:10] MOVE chetan (lawn green): 77→89 [0.1ms]
[2026-05-06 10:42:10] MOVE asha (gray0): 53→54 [0.1ms]
[2026-05-06 10:42:10] MOVE chetan (lawn green): 89→102 [0.1ms]
[2026-05-06 10:42:11] MOVE asha (gray0): 63→64 [0.1ms]
[2026-05-06 10:42:11] MOVE chetan (lawn green): 102→90 [0.1ms]
[2026-05-06 10:42:11] MOVE asha (gray0): 54→43 [0.1ms]
[2026-05-06 10:42:11] MOVE chetan (lawn green): 90→78 [0.1ms]
[2026-05-06 10:42:11] MOVE asha (gray0): 64→54 [0.1ms]
[2026-05-06 10:42:11] MOVE chetan (lawn green): 78→67 [0.1ms]
[2026-05-06 10:42:12] MOVE asha (gray0): 43→64 [0.2ms]
[2026-05-06 10:42:12] MOVE chetan (lawn green): 67→57 [0.1ms]
[2026-05-06 10:42:12] MOVE asha (gray0): 54→43 [0.2ms]
[2026-05-06 10:42:12] MOVE chetan (lawn green): 57→56 [0.2ms]
[2026-05-06 10:42:12] MOVE asha (gray0): 64→63 [0.2ms]
[2026-05-06 10:42:12] MOVE chetan (lawn green): 56→66 [0.2ms]
[2026-05-06 10:42:13] MOVE asha (gray0): 43→31 [0.1ms]
[2026-05-06 10:42:13] MOVE chetan (lawn green): 66→77 [0.2ms]
[2026-05-06 10:42:13] MOVE asha (gray0): 63→53 [0.1ms]
[2026-05-06 10:42:13] MOVE chetan (lawn green): 77→89 [0.1ms]
[2026-05-06 10:42:13] MOVE asha (gray0): 31→18 [0.1ms]
[2026-05-06 10:42:13] MOVE chetan (lawn green): 89→102 [0.1ms]
[2026-05-06 10:42:13] MOVE asha (gray0): 53→54 [0.1ms]
[2026-05-06 10:42:14] MOVE chetan (lawn green): 102→90 [0.1ms]
[2026-05-06 10:42:14] MOVE asha (gray0): 18→9 [0.2ms]
[2026-05-06 10:42:14] MOVE chetan (lawn green): 90→78 [0.1ms]
[2026-05-06 10:42:14] MOVE asha (gray0): 54→43 [0.1ms]
[2026-05-06 10:42:14] MOVE chetan (lawn green): 78→67 [0.1ms]
[2026-05-06 10:42:14] MOVE asha (gray0): 9→17 [0.1ms]
[2026-05-06 10:42:15] MOVE chetan (lawn green): 67→57 [0.1ms]
[2026-05-06 10:42:15] MOVE asha (gray0): 43→31 [0.1ms]
[2026-05-06 10:42:15] MOVE chetan (lawn green): 57→56 [0.2ms]
[2026-05-06 10:42:15] MOVE asha (gray0): 17→30 [0.3ms]
[2026-05-06 10:42:15] MOVE chetan (lawn green): 56→66 [0.1ms]
[2026-05-06 10:42:15] MOVE asha (gray0): 31→18 [0.1ms]
[2026-05-06 10:42:16] MOVE chetan (lawn green): 66→77 [0.1ms]
[2026-05-06 10:42:16] MOVE asha (gray0): 30→31 [0.1ms]
[2026-05-06 10:42:16] MOVE chetan (lawn green): 77→89 [0.1ms]
[2026-05-06 10:42:16] MOVE asha (gray0): 18→9 [0.1ms]
[2026-05-06 10:42:16] MOVE chetan (lawn green): 89→102 [0.1ms]
[2026-05-06 10:42:16] MOVE asha (gray0): 31→18 [0.1ms]
[2026-05-06 10:42:17] MOVE chetan (lawn green): 102→90 [0.1ms]
[2026-05-06 10:42:17] MOVE asha (gray0): 9→31 [0.3ms]
[2026-05-06 10:42:17] MOVE chetan (lawn green): 90→78 [0.2ms]
[2026-05-06 10:42:17] MOVE asha (gray0): 18→43 [0.1ms]
[2026-05-06 10:42:17] MOVE chetan (lawn green): 78→67 [0.1ms]
[2026-05-06 10:42:17] MOVE asha (gray0): 31→54 [0.1ms]
[2026-05-06 10:42:18] MOVE chetan (lawn green): 67→57 [0.1ms]
[2026-05-06 10:42:18] MOVE asha (gray0): 43→64 [0.1ms]
[2026-05-06 10:42:18] MOVE chetan (lawn green): 57→56 [0.1ms]
[2026-05-06 10:42:18] MOVE asha (gray0): 54→43 [0.1ms]
[2026-05-06 10:42:18] MOVE chetan (lawn green): 56→66 [0.1ms]
[2026-05-06 10:42:18] MOVE asha (gray0): 64→54 [0.1ms]
[2026-05-06 10:42:19] MOVE chetan (lawn green): 66→77 [0.3ms]
[2026-05-06 10:42:19] MOVE asha (gray0): 43→64 [0.1ms]
[2026-05-06 10:42:19] MOVE chetan (lawn green): 77→89 [0.1ms]
[2026-05-06 10:42:19] MOVE asha (gray0): 54→74 [0.1ms]
[2026-05-06 10:42:19] MOVE chetan (lawn green): 89→102 [0.1ms]
[2026-05-06 10:42:19] MOVE asha (gray0): 64→63 [0.2ms]
[2026-05-06 10:42:20] MOVE chetan (lawn green): 102→90 [0.1ms]
[2026-05-06 10:42:20] MOVE asha (gray0): 74→73 [0.1ms]
[2026-05-06 10:42:20] MOVE chetan (lawn green): 90→78 [0.2ms]
[2026-05-06 10:42:20] MOVE asha (gray0): 63→53 [0.1ms]
[2026-05-06 10:42:20] MOVE chetan (lawn green): 78→67 [0.1ms]
[2026-05-06 10:42:20] MOVE asha (gray0): 73→63 [0.1ms]
[2026-05-06 10:42:21] MOVE chetan (lawn green): 67→57 [0.1ms]
[2026-05-06 10:42:21] MOVE asha (gray0): 53→54 [0.1ms]
[2026-05-06 10:42:21] MOVE chetan (lawn green): 57→56 [0.1ms]
[2026-05-06 10:42:21] MOVE asha (gray0): 63→64 [0.1ms]
[2026-05-06 10:42:21] MOVE chetan (lawn green): 56→66 [0.1ms]
[2026-05-06 10:42:21] MOVE asha (gray0): 54→43 [0.1ms]
[2026-05-06 10:42:22] MOVE chetan (lawn green): 66→77 [0.1ms]
[2026-05-06 10:42:22] MOVE asha (gray0): 64→54 [0.1ms]
[2026-05-06 10:42:22] MOVE chetan (lawn green): 77→89 [0.5ms]
[2026-05-06 10:42:22] MOVE asha (gray0): 43→64 [0.2ms]
[2026-05-06 10:42:22] MOVE chetan (lawn green): 89→102 [0.1ms]
[2026-05-06 10:42:22] MOVE asha (gray0): 54→43 [0.1ms]
[2026-05-06 10:42:23] MOVE chetan (lawn green): 102→90 [0.1ms]
[2026-05-06 10:42:23] MOVE asha (gray0): 64→63 [0.2ms]
[2026-05-06 10:42:23] MOVE chetan (lawn green): 90→78 [0.1ms]
[2026-05-06 10:42:23] MOVE asha (gray0): 43→31 [0.1ms]
[2026-05-06 10:42:23] MOVE chetan (lawn green): 78→67 [0.1ms]
[2026-05-06 10:42:23] MOVE asha (gray0): 63→53 [0.1ms]
[2026-05-06 10:42:24] MOVE chetan (lawn green): 67→57 [0.1ms]
[2026-05-06 10:42:24] MOVE asha (gray0): 31→18 [0.1ms]
[2026-05-06 10:42:24] MOVE chetan (lawn green): 57→56 [0.2ms]
[2026-05-06 10:42:24] MOVE asha (gray0): 53→54 [0.2ms]
[2026-05-06 10:42:24] MOVE chetan (lawn green): 56→66 [0.2ms]
[2026-05-06 10:42:24] MOVE asha (gray0): 18→9 [0.1ms]
[2026-05-06 10:42:25] MOVE chetan (lawn green): 66→77 [0.2ms]
[2026-05-06 10:42:25] MOVE asha (gray0): 54→43 [0.2ms]
[2026-05-06 10:42:25] MOVE chetan (lawn green): 77→89 [0.1ms]
[2026-05-06 10:42:25] MOVE asha (gray0): 9→17 [0.1ms]
[2026-05-06 10:42:25] MOVE chetan (lawn green): 89→102 [0.2ms]
[2026-05-06 10:42:26] MOVE asha (gray0): 43→31 [0.1ms]
[2026-05-06 10:42:26] MOVE chetan (lawn green): 102→90 [0.1ms]
[2026-05-06 10:42:26] MOVE asha (gray0): 17→30 [0.1ms]
[2026-05-06 10:42:26] MOVE chetan (lawn green): 90→78 [0.1ms]
[2026-05-06 10:42:26] MOVE asha (gray0): 31→18 [0.2ms]
[2026-05-06 10:42:27] MOVE chetan (lawn green): 78→67 [0.1ms]
[2026-05-06 10:42:27] MOVE asha (gray0): 30→31 [0.2ms]
[2026-05-06 10:42:27] MOVE chetan (lawn green): 67→57 [0.2ms]
[2026-05-06 10:42:27] MOVE asha (gray0): 18→9 [0.1ms]
[2026-05-06 10:42:27] MOVE chetan (lawn green): 57→56 [0.1ms]
[2026-05-06 10:42:27] MOVE asha (gray0): 31→18 [0.1ms]
[2026-05-06 10:42:28] MOVE chetan (lawn green): 56→66 [0.2ms]
[2026-05-06 10:42:28] MOVE asha (gray0): 9→31 [0.1ms]
[2026-05-06 10:42:28] MOVE chetan (lawn green): 66→77 [0.1ms]
[2026-05-06 10:42:28] MOVE asha (gray0): 18→43 [0.1ms]
[2026-05-06 10:42:28] MOVE chetan (lawn green): 77→89 [0.1ms]
[2026-05-06 10:42:29] MOVE asha (gray0): 31→54 [0.1ms]
[2026-05-06 10:42:29] MOVE chetan (lawn green): 89→102 [0.1ms]
[2026-05-06 10:42:29] MOVE asha (gray0): 43→64 [0.2ms]
[2026-05-06 10:42:29] MOVE chetan (lawn green): 102→90 [0.1ms]
[2026-05-06 10:42:29] MOVE asha (gray0): 54→43 [0.1ms]
[2026-05-06 10:42:30] MOVE chetan (lawn green): 90→78 [0.1ms]
[2026-05-06 10:42:30] MOVE asha (gray0): 64→54 [0.1ms]
[2026-05-06 10:42:30] MOVE chetan (lawn green): 78→67 [0.1ms]
[2026-05-06 10:42:30] MOVE asha (gray0): 43→64 [0.1ms]
[2026-05-06 10:42:30] MOVE chetan (lawn green): 67→57 [0.1ms]
[2026-05-06 10:42:30] MOVE asha (gray0): 54→74 [0.2ms]
[2026-05-06 10:42:30] MOVE chetan (lawn green): 57→56 [0.2ms]
[2026-05-06 10:42:30] MOVE asha (gray0): 64→63 [0.1ms]
[2026-05-06 10:42:31] MOVE chetan (lawn green): 56→66 [0.1ms]
[2026-05-06 10:42:31] MOVE asha (gray0): 74→73 [0.3ms]
[2026-05-06 10:42:31] MOVE chetan (lawn green): 66→77 [0.1ms]
[2026-05-06 10:42:31] MOVE asha (gray0): 63→53 [0.1ms]
[2026-05-06 10:42:31] MOVE chetan (lawn green): 77→89 [0.1ms]
[2026-05-06 10:42:31] MOVE asha (gray0): 73→63 [0.1ms]
[2026-05-06 10:42:32] MOVE chetan (lawn green): 89→102 [0.1ms]
[2026-05-06 10:42:32] MOVE asha (gray0): 53→54 [0.1ms]
[2026-05-06 10:42:32] MOVE chetan (lawn green): 102→90 [0.3ms]
[2026-05-06 10:42:32] MOVE asha (gray0): 63→64 [0.2ms]
[2026-05-06 10:42:32] MOVE chetan (lawn green): 90→78 [0.1ms]
[2026-05-06 10:42:32] MOVE asha (gray0): 54→43 [0.1ms]
[2026-05-06 10:42:33] MOVE chetan (lawn green): 78→67 [0.3ms]
[2026-05-06 10:42:33] MOVE asha (gray0): 64→54 [0.2ms]
[2026-05-06 10:42:33] MOVE chetan (lawn green): 67→57 [0.4ms]
[2026-05-06 10:42:33] MOVE asha (gray0): 43→64 [0.1ms]
[2026-05-06 10:42:33] MOVE chetan (lawn green): 57→56 [0.2ms]
[2026-05-06 10:42:33] MOVE asha (gray0): 54→43 [0.1ms]
[2026-05-06 10:42:34] MOVE chetan (lawn green): 56→66 [0.6ms]
[2026-05-06 10:42:34] MOVE asha (gray0): 64→63 [0.1ms]
[2026-05-06 10:42:34] MOVE chetan (lawn green): 66→77 [0.1ms]
[2026-05-06 10:42:34] MOVE asha (gray0): 43→31 [0.1ms]
[2026-05-06 10:42:34] MOVE chetan (lawn green): 77→89 [0.1ms]
[2026-05-06 10:42:34] MOVE asha (gray0): 63→53 [0.2ms]
[2026-05-06 10:42:35] MOVE chetan (lawn green): 89→102 [0.2ms]
[2026-05-06 10:42:35] MOVE asha (gray0): 31→18 [0.1ms]
[2026-05-06 10:42:35] MOVE chetan (lawn green): 102→90 [0.1ms]
[2026-05-06 10:42:35] MOVE asha (gray0): 53→54 [0.2ms]
[2026-05-06 10:42:35] MOVE chetan (lawn green): 90→78 [0.1ms]
[2026-05-06 10:42:35] MOVE asha (gray0): 18→9 [0.2ms]
[2026-05-06 10:42:36] MOVE chetan (lawn green): 78→67 [0.1ms]
[2026-05-06 10:42:36] MOVE asha (gray0): 54→43 [0.1ms]
[2026-05-06 10:42:36] MOVE chetan (lawn green): 67→57 [0.1ms]
[2026-05-06 10:42:36] MOVE asha (gray0): 9→17 [0.2ms]
[2026-05-06 10:42:36] MOVE chetan (lawn green): 57→56 [0.2ms]
[2026-05-06 10:42:36] MOVE asha (gray0): 43→31 [0.1ms]
[2026-05-06 10:42:37] MOVE chetan (lawn green): 56→66 [0.1ms]
[2026-05-06 10:42:37] MOVE asha (gray0): 17→30 [0.1ms]
[2026-05-06 10:42:37] MOVE chetan (lawn green): 66→77 [0.2ms]
[2026-05-06 10:42:37] MOVE asha (gray0): 31→18 [0.1ms]
[2026-05-06 10:42:37] MOVE chetan (lawn green): 77→89 [0.2ms]
[2026-05-06 10:42:37] MOVE asha (gray0): 30→31 [0.1ms]
[2026-05-06 10:42:38] MOVE chetan (lawn green): 89→102 [0.1ms]
[2026-05-06 10:42:38] MOVE asha (gray0): 18→9 [0.3ms]
[2026-05-06 10:42:38] MOVE chetan (lawn green): 102→90 [0.1ms]
[2026-05-06 10:42:38] MOVE asha (gray0): 31→18 [0.2ms]
[2026-05-06 10:42:38] MOVE chetan (lawn green): 90→78 [0.2ms]
[2026-05-06 10:42:38] MOVE asha (gray0): 9→31 [0.1ms]
[2026-05-06 10:42:39] MOVE chetan (lawn green): 78→67 [0.1ms]
[2026-05-06 10:42:39] MOVE asha (gray0): 18→43 [0.1ms]
[2026-05-06 10:42:39] MOVE chetan (lawn green): 67→57 [0.1ms]
[2026-05-06 10:42:39] MOVE asha (gray0): 31→54 [0.1ms]
[2026-05-06 10:42:39] MOVE chetan (lawn green): 57→56 [0.1ms]
[2026-05-06 10:42:39] MOVE asha (gray0): 43→64 [0.1ms]
[2026-05-06 10:42:40] MOVE chetan (lawn green): 56→66 [0.2ms]
[2026-05-06 10:42:40] MOVE asha (gray0): 54→43 [0.1ms]
[2026-05-06 10:42:40] MOVE chetan (lawn green): 66→77 [0.1ms]
[2026-05-06 10:42:40] MOVE asha (gray0): 64→54 [0.2ms]
[2026-05-06 10:42:40] MOVE chetan (lawn green): 77→89 [0.1ms]
[2026-05-06 10:42:40] MOVE asha (gray0): 43→64 [0.2ms]
[2026-05-06 10:42:41] MOVE chetan (lawn green): 89→102 [0.1ms]
[2026-05-06 10:42:41] MOVE asha (gray0): 54→74 [0.1ms]
[2026-05-06 10:42:41] MOVE chetan (lawn green): 102→90 [0.1ms]
[2026-05-06 10:42:41] MOVE asha (gray0): 64→63 [0.1ms]
[2026-05-06 10:42:41] MOVE chetan (lawn green): 90→78 [0.2ms]
[2026-05-06 10:42:41] MOVE asha (gray0): 74→73 [0.1ms]
[2026-05-06 10:42:41] MOVE chetan (lawn green): 78→67 [0.1ms]
[2026-05-06 10:42:42] MOVE asha (gray0): 63→53 [0.2ms]
[2026-05-06 10:42:42] MOVE chetan (lawn green): 67→57 [0.1ms]
[2026-05-06 10:42:42] MOVE asha (gray0): 73→63 [0.1ms]
[2026-05-06 10:42:42] MOVE chetan (lawn green): 57→56 [0.1ms]
[2026-05-06 10:42:42] MOVE asha (gray0): 53→54 [0.1ms]
[2026-05-06 10:42:42] MOVE chetan (lawn green): 56→66 [0.3ms]
[2026-05-06 10:42:42] MOVE asha (gray0): 63→64 [0.1ms]
[2026-05-06 10:42:43] MOVE chetan (lawn green): 66→77 [0.1ms]
[2026-05-06 10:42:43] MOVE asha (gray0): 54→43 [0.1ms]
[2026-05-06 10:42:43] MOVE chetan (lawn green): 77→89 [0.2ms]
[2026-05-06 10:42:43] MOVE asha (gray0): 64→54 [0.1ms]
[2026-05-06 10:42:43] MOVE chetan (lawn green): 89→102 [0.1ms]
[2026-05-06 10:42:44] MOVE asha (gray0): 43→64 [0.3ms]
[2026-05-06 10:42:44] MOVE chetan (lawn green): 102→90 [0.1ms]
[2026-05-06 10:42:44] MOVE asha (gray0): 54→43 [0.1ms]
[2026-05-06 10:42:44] MOVE chetan (lawn green): 90→78 [0.1ms]
[2026-05-06 10:42:44] MOVE asha (gray0): 64→63 [0.1ms]
[2026-05-06 10:42:45] MOVE chetan (lawn green): 78→67 [0.1ms]
[2026-05-06 10:42:45] MOVE asha (gray0): 43→31 [0.1ms]
[2026-05-06 10:42:45] MOVE chetan (lawn green): 67→57 [0.1ms]
[2026-05-06 10:42:45] MOVE asha (gray0): 63→53 [0.1ms]
[2026-05-06 10:42:45] MOVE chetan (lawn green): 57→56 [0.1ms]
[2026-05-06 10:42:45] MOVE asha (gray0): 31→18 [0.2ms]
[2026-05-06 10:42:46] MOVE chetan (lawn green): 56→66 [0.1ms]
[2026-05-06 10:42:46] MOVE asha (gray0): 53→54 [0.1ms]
[2026-05-06 10:42:46] MOVE chetan (lawn green): 66→77 [0.1ms]
[2026-05-06 10:42:46] MOVE asha (gray0): 18→9 [0.1ms]
[2026-05-06 10:42:46] MOVE chetan (lawn green): 77→89 [0.1ms]
[2026-05-06 10:42:46] MOVE asha (gray0): 54→43 [0.1ms]
[2026-05-06 10:42:47] MOVE chetan (lawn green): 89→102 [0.1ms]
[2026-05-06 10:42:47] MOVE asha (gray0): 9→17 [0.1ms]
[2026-05-06 10:42:47] MOVE chetan (lawn green): 102→90 [0.1ms]
[2026-05-06 10:42:47] MOVE asha (gray0): 43→31 [0.1ms]
[2026-05-06 10:42:47] MOVE chetan (lawn green): 90→78 [0.1ms]
[2026-05-06 10:42:47] MOVE asha (gray0): 17→30 [0.2ms]
[2026-05-06 10:42:48] MOVE chetan (lawn green): 78→67 [0.1ms]
[2026-05-06 10:42:48] MOVE asha (gray0): 31→18 [0.4ms]
[2026-05-06 10:42:48] MOVE chetan (lawn green): 67→57 [0.2ms]
[2026-05-06 10:42:48] MOVE asha (gray0): 30→31 [0.1ms]
[2026-05-06 10:42:49] MOVE chetan (lawn green): 57→56 [0.1ms]
[2026-05-06 10:42:49] MOVE asha (gray0): 18→9 [0.1ms]
[2026-05-06 10:42:49] MOVE chetan (lawn green): 56→66 [0.1ms]
[2026-05-06 10:42:49] MOVE asha (gray0): 31→18 [0.1ms]
[2026-05-06 10:42:49] MOVE chetan (lawn green): 66→77 [0.1ms]
[2026-05-06 10:42:49] MOVE asha (gray0): 9→31 [0.1ms]
[2026-05-06 10:42:50] MOVE chetan (lawn green): 77→89 [0.1ms]
[2026-05-06 10:42:50] MOVE asha (gray0): 18→43 [0.2ms]
[2026-05-06 10:42:50] MOVE chetan (lawn green): 89→102 [0.1ms]
[2026-05-06 10:42:50] MOVE asha (gray0): 31→54 [0.1ms]
[2026-05-06 10:42:50] MOVE chetan (lawn green): 102→90 [0.1ms]
[2026-05-06 10:42:51] MOVE asha (gray0): 43→64 [0.1ms]
[2026-05-06 10:42:51] MOVE chetan (lawn green): 90→78 [0.1ms]
[2026-05-06 10:42:51] MOVE asha (gray0): 54→43 [0.3ms]
[2026-05-06 10:42:51] MOVE chetan (lawn green): 78→67 [0.2ms]
[2026-05-06 10:42:51] MOVE asha (gray0): 64→54 [0.1ms]
[2026-05-06 10:42:51] MOVE chetan (lawn green): 67→57 [0.1ms]
[2026-05-06 10:42:51] MOVE asha (gray0): 43→64 [0.1ms]
[2026-05-06 10:42:52] MOVE chetan (lawn green): 57→56 [0.1ms]
[2026-05-06 10:42:52] MOVE asha (gray0): 54→74 [0.1ms]
[2026-05-06 10:42:52] MOVE chetan (lawn green): 56→66 [0.1ms]
[2026-05-06 10:42:52] MOVE asha (gray0): 64→63 [0.1ms]
[2026-05-06 10:42:52] MOVE chetan (lawn green): 66→77 [0.1ms]
[2026-05-06 10:42:52] MOVE asha (gray0): 74→73 [0.1ms]
[2026-05-06 10:42:53] MOVE chetan (lawn green): 77→89 [0.1ms]
[2026-05-06 10:42:53] MOVE asha (gray0): 63→53 [0.1ms]
[2026-05-06 10:42:53] MOVE chetan (lawn green): 89→102 [0.2ms]
[2026-05-06 10:42:53] MOVE asha (gray0): 73→63 [0.1ms]
[2026-05-06 10:42:53] MOVE chetan (lawn green): 102→90 [0.1ms]
[2026-05-06 10:42:53] MOVE asha (gray0): 53→54 [0.2ms]
[2026-05-06 10:42:54] MOVE chetan (lawn green): 90→78 [0.1ms]
[2026-05-06 10:42:54] MOVE asha (gray0): 63→64 [0.1ms]
[2026-05-06 10:42:54] MOVE chetan (lawn green): 78→67 [0.1ms]
[2026-05-06 10:42:54] MOVE asha (gray0): 54→43 [0.1ms]
[2026-05-06 10:42:54] MOVE chetan (lawn green): 67→57 [0.1ms]
[2026-05-06 10:42:54] MOVE asha (gray0): 64→54 [0.1ms]
[2026-05-06 10:42:55] MOVE chetan (lawn green): 57→56 [0.1ms]
[2026-05-06 10:42:55] MOVE asha (gray0): 43→64 [0.2ms]
[2026-05-06 10:42:55] MOVE chetan (lawn green): 56→66 [0.1ms]
[2026-05-06 10:42:55] MOVE asha (gray0): 54→43 [0.1ms]
[2026-05-06 10:42:55] MOVE chetan (lawn green): 66→77 [0.1ms]
[2026-05-06 10:42:55] MOVE asha (gray0): 64→63 [0.7ms]
[2026-05-06 10:42:56] MOVE chetan (lawn green): 77→89 [0.1ms]
[2026-05-06 10:42:56] MOVE asha (gray0): 43→31 [0.1ms]
[2026-05-06 10:42:56] MOVE chetan (lawn green): 89→102 [0.1ms]
[2026-05-06 10:42:56] MOVE asha (gray0): 63→53 [0.1ms]
[2026-05-06 10:42:56] MOVE chetan (lawn green): 102→90 [0.1ms]
[2026-05-06 10:42:56] MOVE asha (gray0): 31→18 [0.1ms]
[2026-05-06 10:42:57] MOVE chetan (lawn green): 90→78 [0.2ms]
[2026-05-06 10:42:57] MOVE asha (gray0): 53→54 [0.1ms]
[2026-05-06 10:42:57] MOVE chetan (lawn green): 78→67 [0.1ms]
[2026-05-06 10:42:57] MOVE asha (gray0): 18→9 [0.1ms]
[2026-05-06 10:42:57] MOVE chetan (lawn green): 67→57 [0.2ms]
[2026-05-06 10:42:57] MOVE asha (gray0): 54→43 [0.1ms]
[2026-05-06 10:42:58] MOVE chetan (lawn green): 57→56 [0.1ms]
[2026-05-06 10:42:58] MOVE asha (gray0): 9→17 [0.1ms]
[2026-05-06 10:42:58] MOVE chetan (lawn green): 56→66 [0.1ms]
[2026-05-06 10:42:58] MOVE asha (gray0): 43→31 [0.3ms]
[2026-05-06 10:42:58] MOVE chetan (lawn green): 66→77 [0.1ms]
[2026-05-06 10:42:58] MOVE asha (gray0): 17→30 [0.2ms]
[2026-05-06 10:42:58] MOVE chetan (lawn green): 77→89 [0.1ms]
[2026-05-06 10:42:59] MOVE asha (gray0): 31→18 [0.2ms]
[2026-05-06 10:42:59] MOVE chetan (lawn green): 89→102 [0.1ms]
[2026-05-06 10:42:59] MOVE asha (gray0): 30→31 [0.1ms]
[2026-05-06 10:43:00] MOVE chetan (lawn green): 102→90 [0.1ms]
[2026-05-06 10:43:00] MOVE asha (gray0): 18→9 [0.2ms]
[2026-05-06 10:43:00] MOVE chetan (lawn green): 90→78 [0.1ms]
[2026-05-06 10:43:00] MOVE asha (gray0): 31→18 [0.1ms]
[2026-05-06 10:43:00] MOVE chetan (lawn green): 78→67 [0.2ms]
[2026-05-06 10:43:00] MOVE asha (gray0): 9→31 [0.1ms]
[2026-05-06 10:43:01] MOVE chetan (lawn green): 67→57 [0.2ms]
[2026-05-06 10:43:01] MOVE asha (gray0): 18→43 [0.1ms]
[2026-05-06 10:43:01] MOVE chetan (lawn green): 57→56 [0.1ms]
[2026-05-06 10:43:01] MOVE asha (gray0): 31→54 [0.1ms]
[2026-05-06 10:43:01] MOVE chetan (lawn green): 56→66 [0.2ms]
[2026-05-06 10:43:01] MOVE asha (gray0): 43→64 [0.1ms]
[2026-05-06 10:43:02] MOVE chetan (lawn green): 66→77 [0.1ms]
[2026-05-06 10:43:02] MOVE asha (gray0): 54→43 [0.1ms]
[2026-05-06 10:43:02] MOVE chetan (lawn green): 77→89 [0.1ms]
[2026-05-06 10:43:02] MOVE asha (gray0): 64→54 [0.2ms]
[2026-05-06 10:43:02] MOVE chetan (lawn green): 89→102 [0.1ms]
[2026-05-06 10:43:02] MOVE asha (gray0): 43→64 [0.4ms]
[2026-05-06 10:43:03] MOVE chetan (lawn green): 102→90 [0.1ms]
[2026-05-06 10:43:03] MOVE asha (gray0): 54→74 [0.1ms]
[2026-05-06 10:43:03] MOVE chetan (lawn green): 90→78 [0.1ms]
[2026-05-06 10:43:03] MOVE asha (gray0): 64→63 [0.1ms]
[2026-05-06 10:43:03] MOVE chetan (lawn green): 78→67 [0.2ms]
[2026-05-06 10:43:03] MOVE asha (gray0): 74→73 [0.1ms]
[2026-05-06 10:43:04] MOVE chetan (lawn green): 67→57 [0.1ms]
[2026-05-06 10:43:04] MOVE asha (gray0): 63→53 [0.1ms]
[2026-05-06 10:43:04] MOVE chetan (lawn green): 57→56 [0.1ms]
[2026-05-06 10:43:04] MOVE asha (gray0): 73→63 [0.1ms]
[2026-05-06 10:43:04] MOVE chetan (lawn green): 56→66 [0.3ms]
[2026-05-06 10:43:04] MOVE asha (gray0): 53→54 [0.1ms]
[2026-05-06 10:43:05] MOVE chetan (lawn green): 66→77 [0.1ms]
[2026-05-06 10:43:05] MOVE asha (gray0): 63→64 [0.1ms]
[2026-05-06 10:43:05] MOVE chetan (lawn green): 77→89 [0.1ms]
[2026-05-06 10:43:05] MOVE asha (gray0): 54→43 [0.1ms]
[2026-05-06 10:43:05] MOVE chetan (lawn green): 89→102 [0.1ms]
[2026-05-06 10:43:05] MOVE asha (gray0): 64→54 [0.1ms]
[2026-05-06 10:43:05] MOVE chetan (lawn green): 102→90 [1.6ms]
[2026-05-06 10:43:06] MOVE asha (gray0): 43→64 [0.2ms]
[2026-05-06 10:43:06] MOVE chetan (lawn green): 90→78 [0.1ms]
[2026-05-06 10:43:06] MOVE asha (gray0): 54→43 [0.1ms]
[2026-05-06 10:43:06] MOVE chetan (lawn green): 78→67 [0.2ms]
[2026-05-06 10:43:06] MOVE asha (gray0): 64→63 [0.1ms]
[2026-05-06 10:43:06] MOVE chetan (lawn green): 67→57 [0.3ms]
[2026-05-06 10:43:07] MOVE asha (gray0): 43→31 [0.1ms]
[2026-05-06 10:43:07] MOVE chetan (lawn green): 57→56 [0.2ms]
[2026-05-06 10:43:07] MOVE asha (gray0): 63→53 [0.1ms]
[2026-05-06 10:43:07] MOVE chetan (lawn green): 56→66 [0.1ms]
[2026-05-06 10:43:07] MOVE asha (gray0): 31→18 [0.1ms]
[2026-05-06 10:43:07] MOVE chetan (lawn green): 66→77 [0.1ms]
[2026-05-06 10:43:07] MOVE asha (gray0): 53→54 [0.1ms]
[2026-05-06 10:43:08] MOVE chetan (lawn green): 77→89 [0.1ms]
[2026-05-06 10:43:08] MOVE asha (gray0): 18→9 [0.1ms]
[2026-05-06 10:43:08] MOVE chetan (lawn green): 89→102 [0.1ms]
[2026-05-06 10:43:08] MOVE asha (gray0): 54→43 [0.1ms]
[2026-05-06 10:43:09] MOVE chetan (lawn green): 102→90 [0.1ms]
[2026-05-06 10:43:09] MOVE asha (gray0): 9→17 [0.1ms]
[2026-05-06 10:43:09] MOVE chetan (lawn green): 90→78 [0.1ms]
[2026-05-06 10:43:09] MOVE asha (gray0): 43→31 [0.1ms]
[2026-05-06 10:43:09] MOVE chetan (lawn green): 78→67 [0.1ms]
[2026-05-06 10:43:09] MOVE asha (gray0): 17→30 [0.2ms]
[2026-05-06 10:43:10] MOVE chetan (lawn green): 67→57 [0.2ms]
[2026-05-06 10:43:10] MOVE asha (gray0): 31→18 [0.1ms]
[2026-05-06 10:43:10] MOVE chetan (lawn green): 57→56 [0.2ms]
[2026-05-06 10:43:10] MOVE asha (gray0): 30→31 [0.1ms]
[2026-05-06 10:43:11] MOVE chetan (lawn green): 56→66 [0.1ms]
[2026-05-06 10:43:11] MOVE asha (gray0): 18→9 [0.1ms]
[2026-05-06 10:43:11] MOVE chetan (lawn green): 66→77 [0.1ms]
[2026-05-06 10:43:11] MOVE asha (gray0): 31→18 [0.1ms]
[2026-05-06 10:43:11] MOVE chetan (lawn green): 77→89 [0.1ms]
[2026-05-06 10:43:12] MOVE asha (gray0): 9→31 [0.1ms]
[2026-05-06 10:43:12] MOVE chetan (lawn green): 89→102 [0.2ms]
[2026-05-06 10:43:12] MOVE asha (gray0): 18→43 [0.1ms]
[2026-05-06 10:43:12] MOVE chetan (lawn green): 102→90 [0.1ms]
[2026-05-06 10:43:12] MOVE asha (gray0): 31→54 [0.3ms]
[2026-05-06 10:43:12] MOVE chetan (lawn green): 90→78 [0.7ms]
[2026-05-06 10:43:13] MOVE asha (gray0): 43→64 [0.1ms]
[2026-05-06 10:43:13] MOVE chetan (lawn green): 78→67 [0.1ms]
[2026-05-06 10:43:13] MOVE asha (gray0): 54→43 [0.1ms]
[2026-05-06 10:43:13] MOVE chetan (lawn green): 67→57 [0.2ms]
[2026-05-06 10:43:13] MOVE asha (gray0): 64→54 [0.1ms]
[2026-05-06 10:43:13] MOVE chetan (lawn green): 57→56 [0.2ms]
[2026-05-06 10:43:14] MOVE asha (gray0): 43→64 [0.1ms]
[2026-05-06 10:43:14] MOVE chetan (lawn green): 56→66 [0.1ms]
[2026-05-06 10:43:14] MOVE asha (gray0): 54→74 [0.2ms]
[2026-05-06 10:43:14] MOVE chetan (lawn green): 66→77 [0.2ms]
[2026-05-06 10:43:14] MOVE asha (gray0): 64→63 [0.2ms]
[2026-05-06 10:43:14] MOVE chetan (lawn green): 77→89 [0.3ms]
[2026-05-06 10:43:15] MOVE asha (gray0): 74→73 [0.1ms]
[2026-05-06 10:43:15] MOVE chetan (lawn green): 89→102 [0.1ms]
[2026-05-06 10:43:15] MOVE asha (gray0): 63→53 [0.1ms]
[2026-05-06 10:43:15] MOVE chetan (lawn green): 102→90 [0.1ms]
[2026-05-06 10:43:15] MOVE asha (gray0): 73→63 [0.1ms]
[2026-05-06 10:43:15] MOVE chetan (lawn green): 90→78 [0.1ms]
[2026-05-06 10:43:15] MOVE asha (gray0): 53→54 [0.1ms]
[2026-05-06 10:43:16] MOVE chetan (lawn green): 78→67 [0.1ms]
[2026-05-06 10:43:16] MOVE asha (gray0): 63→64 [0.2ms]
[2026-05-06 10:43:16] MOVE chetan (lawn green): 67→57 [0.1ms]
[2026-05-06 10:43:16] MOVE asha (gray0): 54→43 [0.1ms]
[2026-05-06 10:43:17] MOVE chetan (lawn green): 57→56 [0.1ms]
[2026-05-06 10:43:17] MOVE asha (gray0): 64→54 [0.1ms]
[2026-05-06 10:43:17] MOVE chetan (lawn green): 56→66 [0.1ms]
[2026-05-06 10:43:17] MOVE asha (gray0): 43→64 [0.1ms]
[2026-05-06 10:43:18] MOVE chetan (lawn green): 66→77 [0.1ms]
[2026-05-06 10:43:18] MOVE asha (gray0): 54→43 [0.1ms]
[2026-05-06 10:43:18] MOVE chetan (lawn green): 77→89 [0.1ms]
[2026-05-06 10:43:18] MOVE asha (gray0): 64→63 [0.2ms]
[2026-05-06 10:43:19] MOVE chetan (lawn green): 89→102 [0.1ms]
[2026-05-06 10:43:19] MOVE asha (gray0): 43→31 [0.1ms]
[2026-05-06 10:43:19] MOVE chetan (lawn green): 102→90 [0.1ms]
[2026-05-06 10:43:19] MOVE asha (gray0): 63→53 [0.1ms]
[2026-05-06 10:43:19] MOVE chetan (lawn green): 90→78 [0.1ms]
[2026-05-06 10:43:19] MOVE asha (gray0): 31→18 [0.1ms]
[2026-05-06 10:43:20] MOVE chetan (lawn green): 78→67 [0.1ms]
[2026-05-06 10:43:20] MOVE asha (gray0): 53→54 [0.1ms]
[2026-05-06 10:43:20] MOVE chetan (lawn green): 67→57 [0.3ms]
[2026-05-06 10:43:20] MOVE asha (gray0): 18→9 [0.1ms]
[2026-05-06 10:43:20] MOVE chetan (lawn green): 57→56 [0.2ms]
[2026-05-06 10:43:20] MOVE asha (gray0): 54→43 [0.1ms]
[2026-05-06 10:43:21] MOVE chetan (lawn green): 56→66 [0.1ms]
[2026-05-06 10:43:21] MOVE asha (gray0): 9→17 [0.1ms]
[2026-05-06 10:43:21] MOVE chetan (lawn green): 66→77 [0.1ms]
[2026-05-06 10:43:21] MOVE asha (gray0): 43→31 [0.1ms]
[2026-05-06 10:43:21] MOVE chetan (lawn green): 77→89 [0.1ms]
[2026-05-06 10:43:21] MOVE asha (gray0): 17→30 [0.2ms]
[2026-05-06 10:43:22] MOVE chetan (lawn green): 89→102 [0.1ms]
[2026-05-06 10:43:22] MOVE asha (gray0): 31→18 [0.1ms]
[2026-05-06 10:43:22] MOVE chetan (lawn green): 102→90 [0.2ms]
[2026-05-06 10:43:22] MOVE asha (gray0): 30→31 [0.1ms]
[2026-05-06 10:43:22] MOVE chetan (lawn green): 90→78 [0.1ms]
[2026-05-06 10:43:22] MOVE asha (gray0): 18→9 [0.1ms]
[2026-05-06 10:43:22] MOVE chetan (lawn green): 78→67 [0.1ms]
[2026-05-06 10:43:23] MOVE asha (gray0): 31→18 [0.1ms]
[2026-05-06 10:43:23] MOVE chetan (lawn green): 67→57 [0.1ms]
[2026-05-06 10:43:23] MOVE asha (gray0): 9→31 [0.1ms]
[2026-05-06 10:43:23] MOVE chetan (lawn green): 57→56 [0.1ms]
[2026-05-06 10:43:23] MOVE asha (gray0): 18→43 [0.1ms]
[2026-05-06 10:43:23] MOVE chetan (lawn green): 56→66 [0.1ms]
[2026-05-06 10:43:23] MOVE asha (gray0): 31→54 [0.1ms]
[2026-05-06 10:43:24] MOVE chetan (lawn green): 66→77 [0.1ms]
[2026-05-06 10:43:24] MOVE asha (gray0): 43→64 [0.1ms]
[2026-05-06 10:43:24] MOVE chetan (lawn green): 77→89 [0.1ms]
[2026-05-06 10:43:24] MOVE asha (gray0): 54→43 [0.1ms]
[2026-05-06 10:43:24] MOVE chetan (lawn green): 89→102 [0.1ms]
[2026-05-06 10:43:24] MOVE asha (gray0): 64→54 [0.2ms]
[2026-05-06 10:43:25] MOVE chetan (lawn green): 102→90 [0.2ms]
[2026-05-06 10:43:25] MOVE asha (gray0): 43→64 [0.1ms]
[2026-05-06 10:43:25] MOVE chetan (lawn green): 90→78 [0.1ms]
[2026-05-06 10:43:25] MOVE asha (gray0): 54→74 [0.1ms]
[2026-05-06 10:43:25] MOVE chetan (lawn green): 78→67 [0.1ms]
[2026-05-06 10:43:26] MOVE asha (gray0): 64→63 [0.1ms]
[2026-05-06 10:43:26] MOVE chetan (lawn green): 67→57 [0.1ms]
[2026-05-06 10:43:26] MOVE asha (gray0): 74→73 [0.1ms]
[2026-05-06 10:43:26] MOVE chetan (lawn green): 57→56 [0.2ms]
[2026-05-06 10:43:26] MOVE asha (gray0): 63→53 [0.1ms]
[2026-05-06 10:43:26] MOVE chetan (lawn green): 56→66 [0.1ms]
[2026-05-06 10:43:26] MOVE asha (gray0): 73→63 [0.1ms]
[2026-05-06 10:43:27] MOVE chetan (lawn green): 66→77 [0.1ms]
[2026-05-06 10:43:27] MOVE asha (gray0): 53→54 [0.1ms]
[2026-05-06 10:43:27] MOVE chetan (lawn green): 77→89 [0.2ms]
[2026-05-06 10:43:27] MOVE asha (gray0): 63→64 [0.1ms]
[2026-05-06 10:43:27] MOVE chetan (lawn green): 89→102 [0.1ms]
[2026-05-06 10:43:27] MOVE asha (gray0): 54→43 [0.1ms]
[2026-05-06 10:43:28] MOVE chetan (lawn green): 102→90 [0.1ms]
[2026-05-06 10:43:28] MOVE asha (gray0): 64→54 [0.1ms]
[2026-05-06 10:43:28] MOVE chetan (lawn green): 90→78 [0.1ms]
[2026-05-06 10:43:28] MOVE asha (gray0): 43→64 [0.1ms]
[2026-05-06 10:43:28] MOVE chetan (lawn green): 78→67 [0.1ms]
[2026-05-06 10:43:28] MOVE asha (gray0): 54→43 [0.1ms]
[2026-05-06 10:43:29] MOVE chetan (lawn green): 67→57 [0.1ms]
[2026-05-06 10:43:29] MOVE asha (gray0): 64→63 [0.3ms]
[2026-05-06 10:43:29] MOVE chetan (lawn green): 57→56 [0.1ms]
[2026-05-06 10:43:29] MOVE asha (gray0): 43→31 [0.1ms]
[2026-05-06 10:43:29] MOVE chetan (lawn green): 56→66 [2.1ms]
[2026-05-06 10:43:29] MOVE asha (gray0): 63→53 [0.1ms]
[2026-05-06 10:43:30] MOVE chetan (lawn green): 66→77 [0.1ms]
[2026-05-06 10:43:30] MOVE asha (gray0): 31→18 [0.4ms]
[2026-05-06 10:43:30] MOVE chetan (lawn green): 77→89 [0.2ms]
[2026-05-06 10:43:30] MOVE asha (gray0): 53→54 [0.1ms]
[2026-05-06 10:43:30] MOVE chetan (lawn green): 89→102 [0.2ms]
[2026-05-06 10:43:30] MOVE asha (gray0): 18→9 [0.1ms]
[2026-05-06 10:43:31] MOVE chetan (lawn green): 102→90 [0.1ms]
[2026-05-06 10:43:31] MOVE asha (gray0): 54→43 [0.1ms]
[2026-05-06 10:43:31] MOVE chetan (lawn green): 90→78 [0.1ms]
[2026-05-06 10:43:31] MOVE asha (gray0): 9→17 [0.1ms]
[2026-05-06 10:43:31] MOVE chetan (lawn green): 78→67 [0.1ms]
[2026-05-06 10:43:31] MOVE asha (gray0): 43→31 [0.1ms]
[2026-05-06 10:43:31] MOVE chetan (lawn green): 67→57 [0.1ms]
[2026-05-06 10:43:32] MOVE asha (gray0): 17→30 [0.2ms]
[2026-05-06 10:43:32] MOVE chetan (lawn green): 57→56 [0.1ms]
[2026-05-06 10:43:32] MOVE asha (gray0): 31→18 [0.1ms]
[2026-05-06 10:43:32] MOVE chetan (lawn green): 56→66 [0.2ms]
[2026-05-06 10:43:32] MOVE asha (gray0): 30→31 [0.1ms]
[2026-05-06 10:43:32] MOVE chetan (lawn green): 66→77 [0.1ms]
[2026-05-06 10:43:33] MOVE asha (gray0): 18→9 [0.3ms]
[2026-05-06 10:43:33] MOVE chetan (lawn green): 77→89 [0.1ms]
[2026-05-06 10:43:33] MOVE asha (gray0): 31→18 [0.1ms]
[2026-05-06 10:43:33] MOVE chetan (lawn green): 89→102 [0.1ms]
[2026-05-06 10:43:33] MOVE asha (gray0): 9→31 [0.2ms]
[2026-05-06 10:43:33] MOVE chetan (lawn green): 102→90 [0.1ms]
[2026-05-06 10:43:34] MOVE asha (gray0): 18→43 [0.1ms]
[2026-05-06 10:43:34] MOVE chetan (lawn green): 90→78 [0.1ms]
[2026-05-06 10:43:34] MOVE asha (gray0): 31→54 [0.1ms]
[2026-05-06 10:43:34] MOVE chetan (lawn green): 78→67 [0.1ms]
[2026-05-06 10:43:34] MOVE asha (gray0): 43→64 [0.1ms]
[2026-05-06 10:43:34] MOVE chetan (lawn green): 67→57 [0.1ms]
[2026-05-06 10:43:35] MOVE asha (gray0): 54→43 [0.2ms]
[2026-05-06 10:43:35] MOVE chetan (lawn green): 57→56 [0.1ms]
[2026-05-06 10:43:35] MOVE asha (gray0): 64→54 [0.1ms]
[2026-05-06 10:43:35] MOVE chetan (lawn green): 56→66 [0.2ms]
[2026-05-06 10:43:35] MOVE asha (gray0): 43→64 [0.2ms]
[2026-05-06 10:43:36] MOVE chetan (lawn green): 66→77 [0.1ms]
[2026-05-06 10:43:36] MOVE asha (gray0): 54→74 [0.3ms]
[2026-05-06 10:43:36] MOVE chetan (lawn green): 77→89 [0.1ms]
[2026-05-06 10:43:36] MOVE asha (gray0): 64→63 [0.1ms]
[2026-05-06 10:43:36] MOVE chetan (lawn green): 89→102 [0.2ms]
[2026-05-06 10:43:37] MOVE asha (gray0): 74→73 [0.1ms]
[2026-05-06 10:43:37] MOVE chetan (lawn green): 102→90 [0.2ms]
[2026-05-06 10:43:37] MOVE asha (gray0): 63→53 [0.1ms]
[2026-05-06 10:43:37] MOVE chetan (lawn green): 90→78 [0.1ms]
[2026-05-06 10:43:37] MOVE asha (gray0): 73→63 [0.1ms]
[2026-05-06 10:43:37] MOVE chetan (lawn green): 78→67 [0.2ms]
[2026-05-06 10:43:38] MOVE asha (gray0): 53→54 [0.1ms]
[2026-05-06 10:43:38] MOVE chetan (lawn green): 67→57 [0.1ms]
[2026-05-06 10:43:38] MOVE asha (gray0): 63→64 [0.1ms]
[2026-05-06 10:43:38] MOVE chetan (lawn green): 57→56 [0.1ms]
[2026-05-06 10:43:38] MOVE asha (gray0): 54→43 [0.1ms]
[2026-05-06 10:43:38] MOVE chetan (lawn green): 56→66 [0.1ms]
[2026-05-06 10:43:39] MOVE asha (gray0): 64→54 [0.2ms]
[2026-05-06 10:43:39] MOVE chetan (lawn green): 66→77 [0.1ms]
[2026-05-06 10:43:39] MOVE asha (gray0): 43→64 [0.2ms]
[2026-05-06 10:43:39] MOVE chetan (lawn green): 77→89 [0.1ms]
[2026-05-06 10:43:39] MOVE asha (gray0): 54→43 [0.1ms]
[2026-05-06 10:43:39] MOVE chetan (lawn green): 89→102 [0.2ms]
[2026-05-06 10:43:39] MOVE asha (gray0): 64→63 [0.1ms]
[2026-05-06 10:43:40] MOVE chetan (lawn green): 102→90 [0.1ms]
[2026-05-06 10:43:40] MOVE asha (gray0): 43→31 [0.3ms]
[2026-05-06 10:43:40] MOVE chetan (lawn green): 90→78 [0.1ms]
[2026-05-06 10:43:40] MOVE asha (gray0): 63→53 [0.1ms]
[2026-05-06 10:43:40] MOVE chetan (lawn green): 78→67 [0.2ms]
[2026-05-06 10:43:41] MOVE asha (gray0): 31→18 [0.1ms]
[2026-05-06 10:43:41] MOVE chetan (lawn green): 67→57 [0.1ms]
[2026-05-06 10:43:41] MOVE asha (gray0): 53→54 [0.1ms]
[2026-05-06 10:43:41] MOVE chetan (lawn green): 57→56 [0.1ms]
[2026-05-06 10:43:41] MOVE asha (gray0): 18→9 [0.1ms]
[2026-05-06 10:43:42] MOVE chetan (lawn green): 56→66 [0.1ms]
[2026-05-06 10:43:42] MOVE asha (gray0): 54→43 [0.1ms]
[2026-05-06 10:43:42] MOVE chetan (lawn green): 66→77 [0.1ms]
[2026-05-06 10:43:42] MOVE asha (gray0): 9→17 [0.1ms]
[2026-05-06 10:43:42] MOVE chetan (lawn green): 77→89 [0.1ms]
[2026-05-06 10:43:43] MOVE asha (gray0): 43→31 [0.2ms]
[2026-05-06 10:43:43] MOVE chetan (lawn green): 89→102 [0.2ms]
[2026-05-06 10:43:43] MOVE asha (gray0): 17→30 [0.1ms]
[2026-05-06 10:43:43] MOVE chetan (lawn green): 102→90 [0.1ms]
[2026-05-06 10:43:43] MOVE asha (gray0): 31→18 [0.2ms]
[2026-05-06 10:43:44] MOVE chetan (lawn green): 90→78 [0.1ms]
[2026-05-06 10:43:44] MOVE asha (gray0): 30→31 [0.3ms]
[2026-05-06 10:43:44] MOVE chetan (lawn green): 78→67 [0.1ms]
[2026-05-06 10:43:44] MOVE asha (gray0): 18→9 [0.1ms]
[2026-05-06 10:43:44] MOVE chetan (lawn green): 67→57 [0.2ms]
[2026-05-06 10:43:44] MOVE asha (gray0): 31→18 [0.2ms]
[2026-05-06 10:43:45] MOVE chetan (lawn green): 57→56 [0.1ms]
[2026-05-06 10:43:45] MOVE asha (gray0): 9→31 [0.1ms]
[2026-05-06 10:43:45] MOVE chetan (lawn green): 56→66 [0.1ms]
[2026-05-06 10:43:45] MOVE asha (gray0): 18→43 [0.5ms]
[2026-05-06 10:43:45] MOVE chetan (lawn green): 66→77 [0.1ms]
[2026-05-06 10:43:46] MOVE asha (gray0): 31→54 [0.2ms]
[2026-05-06 10:43:46] MOVE chetan (lawn green): 77→89 [0.1ms]
[2026-05-06 10:43:46] MOVE asha (gray0): 43→64 [0.2ms]
[2026-05-06 10:43:46] MOVE chetan (lawn green): 89→102 [0.2ms]
[2026-05-06 10:43:47] MOVE asha (gray0): 54→43 [0.1ms]
[2026-05-06 10:43:47] MOVE chetan (lawn green): 102→90 [0.1ms]
[2026-05-06 10:43:47] MOVE asha (gray0): 64→54 [0.1ms]
[2026-05-06 10:43:47] MOVE chetan (lawn green): 90→78 [0.2ms]
[2026-05-06 10:43:48] MOVE asha (gray0): 43→64 [0.1ms]
[2026-05-06 10:43:48] MOVE chetan (lawn green): 78→67 [0.1ms]
[2026-05-06 10:43:48] MOVE asha (gray0): 54→74 [0.2ms]
[2026-05-06 10:43:48] MOVE chetan (lawn green): 67→57 [0.1ms]
[2026-05-06 10:43:48] MOVE asha (gray0): 64→63 [0.2ms]
[2026-05-06 10:43:48] MOVE chetan (lawn green): 57→56 [0.2ms]
[2026-05-06 10:43:49] MOVE asha (gray0): 74→73 [0.1ms]
[2026-05-06 10:43:49] MOVE chetan (lawn green): 56→66 [0.8ms]
[2026-05-06 10:43:49] MOVE asha (gray0): 63→53 [0.1ms]
[2026-05-06 10:43:49] MOVE chetan (lawn green): 66→77 [0.1ms]
[2026-05-06 10:43:49] MOVE asha (gray0): 73→63 [0.1ms]
[2026-05-06 10:43:49] MOVE chetan (lawn green): 77→89 [0.3ms]
[2026-05-06 10:43:49] MOVE asha (gray0): 53→54 [0.1ms]
[2026-05-06 10:43:50] MOVE chetan (lawn green): 89→102 [0.1ms]
[2026-05-06 10:43:50] MOVE asha (gray0): 63→64 [0.2ms]
[2026-05-06 10:43:50] MOVE chetan (lawn green): 102→90 [0.1ms]
[2026-05-06 10:43:50] MOVE asha (gray0): 54→43 [0.1ms]
[2026-05-06 10:43:50] MOVE chetan (lawn green): 90→78 [0.1ms]
[2026-05-06 10:43:50] MOVE asha (gray0): 64→54 [0.1ms]
[2026-05-06 10:43:51] MOVE chetan (lawn green): 78→67 [0.3ms]
[2026-05-06 10:43:51] MOVE asha (gray0): 43→64 [0.2ms]
[2026-05-06 10:43:51] MOVE chetan (lawn green): 67→57 [0.1ms]
[2026-05-06 10:43:51] MOVE asha (gray0): 54→43 [0.2ms]
[2026-05-06 10:43:51] MOVE chetan (lawn green): 57→56 [0.1ms]
[2026-05-06 10:43:51] MOVE asha (gray0): 64→63 [0.1ms]
[2026-05-06 10:43:51] MOVE chetan (lawn green): 56→66 [0.2ms]
[2026-05-06 10:43:52] MOVE asha (gray0): 43→31 [0.2ms]
[2026-05-06 10:43:52] MOVE chetan (lawn green): 66→77 [0.1ms]
[2026-05-06 10:43:52] MOVE asha (gray0): 63→53 [0.1ms]
[2026-05-06 10:43:52] MOVE chetan (lawn green): 77→89 [0.1ms]
[2026-05-06 10:43:52] MOVE asha (gray0): 31→18 [0.1ms]
[2026-05-06 10:43:52] MOVE chetan (lawn green): 89→102 [0.1ms]
[2026-05-06 10:43:53] MOVE asha (gray0): 53→54 [0.1ms]
[2026-05-06 10:43:53] MOVE chetan (lawn green): 102→90 [0.1ms]
[2026-05-06 10:43:53] MOVE asha (gray0): 18→9 [0.1ms]
[2026-05-06 10:43:53] MOVE chetan (lawn green): 90→78 [0.1ms]
[2026-05-06 10:43:53] MOVE asha (gray0): 54→43 [0.2ms]
[2026-05-06 10:43:53] MOVE chetan (lawn green): 78→67 [0.2ms]
[2026-05-06 10:43:54] MOVE asha (gray0): 9→17 [0.1ms]
[2026-05-06 10:43:54] MOVE chetan (lawn green): 67→57 [0.2ms]
[2026-05-06 10:43:54] MOVE asha (gray0): 43→31 [0.1ms]
[2026-05-06 10:43:54] MOVE chetan (lawn green): 57→56 [0.3ms]
[2026-05-06 10:43:54] MOVE asha (gray0): 17→30 [0.1ms]
[2026-05-06 10:43:54] MOVE chetan (lawn green): 56→66 [0.1ms]
[2026-05-06 10:43:55] MOVE asha (gray0): 31→18 [0.1ms]
[2026-05-06 10:43:55] MOVE chetan (lawn green): 66→77 [0.3ms]
[2026-05-06 10:43:55] MOVE asha (gray0): 30→31 [0.2ms]
[2026-05-06 10:43:55] MOVE chetan (lawn green): 77→89 [0.2ms]
[2026-05-06 10:43:55] MOVE asha (gray0): 18→9 [0.1ms]
[2026-05-06 10:43:55] MOVE chetan (lawn green): 89→102 [0.1ms]
[2026-05-06 10:43:56] MOVE asha (gray0): 31→18 [0.1ms]
[2026-05-06 10:43:56] MOVE chetan (lawn green): 102→90 [0.2ms]
[2026-05-06 10:43:56] MOVE asha (gray0): 9→31 [0.1ms]
[2026-05-06 10:43:56] MOVE chetan (lawn green): 90→78 [0.2ms]
[2026-05-06 10:43:56] MOVE asha (gray0): 18→43 [0.1ms]
[2026-05-06 10:43:56] MOVE chetan (lawn green): 78→67 [0.1ms]
[2026-05-06 10:43:57] MOVE asha (gray0): 31→54 [0.1ms]
[2026-05-06 10:43:57] MOVE chetan (lawn green): 67→57 [0.2ms]
[2026-05-06 10:43:57] MOVE asha (gray0): 43→64 [0.1ms]
[2026-05-06 10:43:57] MOVE chetan (lawn green): 57→56 [0.1ms]
[2026-05-06 10:43:57] MOVE asha (gray0): 54→43 [0.1ms]
[2026-05-06 10:43:57] MOVE chetan (lawn green): 56→66 [0.1ms]
[2026-05-06 10:43:58] MOVE asha (gray0): 64→54 [0.1ms]
[2026-05-06 10:43:58] MOVE chetan (lawn green): 66→77 [0.1ms]
[2026-05-06 10:43:58] MOVE asha (gray0): 43→64 [0.2ms]
[2026-05-06 10:43:58] MOVE chetan (lawn green): 77→89 [0.1ms]
[2026-05-06 10:43:58] MOVE asha (gray0): 54→74 [0.2ms]
[2026-05-06 10:43:58] MOVE chetan (lawn green): 89→102 [0.2ms]
[2026-05-06 10:43:59] MOVE asha (gray0): 64→63 [0.1ms]
[2026-05-06 10:43:59] MOVE chetan (lawn green): 102→90 [0.1ms]
[2026-05-06 10:43:59] MOVE asha (gray0): 74→73 [0.2ms]
[2026-05-06 10:43:59] MOVE chetan (lawn green): 90→78 [0.1ms]
[2026-05-06 10:43:59] MOVE asha (gray0): 63→53 [0.4ms]
[2026-05-06 10:43:59] MOVE chetan (lawn green): 78→67 [0.1ms]
[2026-05-06 10:44:00] MOVE asha (gray0): 73→63 [0.1ms]
[2026-05-06 10:44:00] MOVE chetan (lawn green): 67→57 [0.1ms]
[2026-05-06 10:44:00] MOVE asha (gray0): 53→54 [0.1ms]
[2026-05-06 10:44:00] MOVE chetan (lawn green): 57→56 [0.1ms]
[2026-05-06 10:44:00] MOVE asha (gray0): 63→64 [0.1ms]
[2026-05-06 10:44:00] MOVE chetan (lawn green): 56→66 [0.1ms]
[2026-05-06 10:44:00] MOVE asha (gray0): 54→43 [0.1ms]
[2026-05-06 10:44:01] MOVE chetan (lawn green): 66→77 [0.1ms]
[2026-05-06 10:44:01] MOVE asha (gray0): 64→54 [0.1ms]
[2026-05-06 10:44:01] MOVE chetan (lawn green): 77→89 [0.1ms]
[2026-05-06 10:44:01] MOVE asha (gray0): 43→64 [0.1ms]
[2026-05-06 10:44:01] MOVE chetan (lawn green): 89→102 [0.2ms]
[2026-05-06 10:44:01] MOVE asha (gray0): 54→43 [0.2ms]
[2026-05-06 10:44:02] MOVE chetan (lawn green): 102→90 [0.1ms]
[2026-05-06 10:44:02] MOVE asha (gray0): 64→63 [0.2ms]
[2026-05-06 10:44:02] MOVE chetan (lawn green): 90→78 [0.2ms]
[2026-05-06 10:44:02] MOVE asha (gray0): 43→31 [0.1ms]
[2026-05-06 10:44:02] MOVE chetan (lawn green): 78→67 [0.1ms]
[2026-05-06 10:44:02] MOVE asha (gray0): 63→53 [0.2ms]
[2026-05-06 10:44:02] MOVE chetan (lawn green): 67→57 [0.1ms]
[2026-05-06 10:44:03] MOVE asha (gray0): 31→18 [0.1ms]
[2026-05-06 10:44:03] MOVE chetan (lawn green): 57→56 [0.1ms]
[2026-05-06 10:44:03] MOVE asha (gray0): 53→54 [0.2ms]
[2026-05-06 10:44:03] MOVE chetan (lawn green): 56→66 [0.1ms]
[2026-05-06 10:44:03] MOVE asha (gray0): 18→9 [0.2ms]
[2026-05-06 10:44:03] MOVE chetan (lawn green): 66→77 [0.1ms]
[2026-05-06 10:44:04] MOVE asha (gray0): 54→43 [0.3ms]
[2026-05-06 10:44:04] MOVE chetan (lawn green): 77→89 [0.3ms]
[2026-05-06 10:44:04] MOVE asha (gray0): 9→17 [0.1ms]
[2026-05-06 10:44:04] MOVE chetan (lawn green): 89→102 [0.1ms]
[2026-05-06 10:44:04] MOVE asha (gray0): 43→31 [0.2ms]
[2026-05-06 10:44:04] MOVE chetan (lawn green): 102→90 [0.1ms]
[2026-05-06 10:44:05] MOVE asha (gray0): 17→30 [0.1ms]
[2026-05-06 10:44:05] MOVE chetan (lawn green): 90→78 [0.1ms]
[2026-05-06 10:44:05] MOVE asha (gray0): 31→18 [0.1ms]
[2026-05-06 10:44:05] MOVE chetan (lawn green): 78→67 [0.1ms]
[2026-05-06 10:44:05] MOVE asha (gray0): 30→31 [0.2ms]
[2026-05-06 10:44:05] MOVE chetan (lawn green): 67→57 [0.1ms]
[2026-05-06 10:44:06] MOVE asha (gray0): 18→9 [0.2ms]
[2026-05-06 10:44:06] MOVE chetan (lawn green): 57→56 [0.1ms]
[2026-05-06 10:44:06] MOVE asha (gray0): 31→18 [0.2ms]
[2026-05-06 10:44:06] MOVE chetan (lawn green): 56→66 [0.2ms]
[2026-05-06 10:44:06] MOVE asha (gray0): 9→31 [0.2ms]
[2026-05-06 10:44:06] MOVE chetan (lawn green): 66→77 [0.1ms]
[2026-05-06 10:44:07] MOVE asha (gray0): 18→43 [0.1ms]
[2026-05-06 10:44:07] MOVE chetan (lawn green): 77→89 [0.1ms]
[2026-05-06 10:44:07] MOVE asha (gray0): 31→54 [0.1ms]
[2026-05-06 10:44:07] MOVE chetan (lawn green): 89→102 [0.1ms]
[2026-05-06 10:44:07] MOVE asha (gray0): 43→64 [0.1ms]
[2026-05-06 10:44:07] MOVE chetan (lawn green): 102→90 [0.1ms]
[2026-05-06 10:44:08] MOVE asha (gray0): 54→43 [0.1ms]
[2026-05-06 10:44:08] MOVE chetan (lawn green): 90→78 [0.1ms]
[2026-05-06 10:44:08] MOVE asha (gray0): 64→54 [0.1ms]
[2026-05-06 10:44:08] MOVE chetan (lawn green): 78→67 [0.1ms]
[2026-05-06 10:44:08] MOVE asha (gray0): 43→64 [0.1ms]
[2026-05-06 10:44:09] MOVE chetan (lawn green): 67→57 [0.1ms]
[2026-05-06 10:44:09] MOVE asha (gray0): 54→74 [0.1ms]
[2026-05-06 10:44:09] MOVE chetan (lawn green): 57→56 [0.2ms]
[2026-05-06 10:44:09] MOVE asha (gray0): 64→63 [0.1ms]
[2026-05-06 10:44:10] MOVE chetan (lawn green): 56→66 [0.1ms]
[2026-05-06 10:44:10] MOVE asha (gray0): 74→73 [0.2ms]
[2026-05-06 10:44:10] MOVE chetan (lawn green): 66→77 [0.1ms]
[2026-05-06 10:44:10] MOVE asha (gray0): 63→53 [0.3ms]
[2026-05-06 10:44:10] MOVE chetan (lawn green): 77→89 [0.1ms]
[2026-05-06 10:44:10] MOVE asha (gray0): 73→63 [0.1ms]
[2026-05-06 10:44:10] MOVE chetan (lawn green): 89→102 [0.1ms]
[2026-05-06 10:44:11] MOVE asha (gray0): 53→54 [0.1ms]
[2026-05-06 10:44:11] MOVE chetan (lawn green): 102→90 [0.1ms]
[2026-05-06 10:44:11] MOVE asha (gray0): 63→64 [0.1ms]
[2026-05-06 10:44:11] MOVE chetan (lawn green): 90→78 [0.1ms]
[2026-05-06 10:44:12] MOVE asha (gray0): 54→43 [0.2ms]
[2026-05-06 10:44:12] MOVE chetan (lawn green): 78→67 [0.1ms]
[2026-05-06 10:44:12] MOVE asha (gray0): 64→54 [0.1ms]
[2026-05-06 10:44:12] MOVE chetan (lawn green): 67→57 [0.1ms]
[2026-05-06 10:44:12] MOVE asha (gray0): 43→64 [0.1ms]
[2026-05-06 10:44:13] MOVE chetan (lawn green): 57→56 [0.1ms]
[2026-05-06 10:44:13] MOVE asha (gray0): 54→43 [0.1ms]
[2026-05-06 10:44:13] MOVE chetan (lawn green): 56→66 [0.1ms]
[2026-05-06 10:44:13] MOVE asha (gray0): 64→63 [0.1ms]
[2026-05-06 10:44:13] MOVE chetan (lawn green): 66→77 [0.2ms]
[2026-05-06 10:44:14] MOVE asha (gray0): 43→31 [0.2ms]
[2026-05-06 10:44:14] MOVE chetan (lawn green): 77→89 [0.3ms]
[2026-05-06 10:44:14] MOVE asha (gray0): 63→53 [0.1ms]
[2026-05-06 10:44:15] MOVE chetan (lawn green): 89→102 [0.1ms]
[2026-05-06 10:44:15] MOVE asha (gray0): 31→18 [0.1ms]
[2026-05-06 10:44:15] MOVE chetan (lawn green): 102→90 [0.1ms]
[2026-05-06 10:44:15] MOVE asha (gray0): 53→54 [0.1ms]
[2026-05-06 10:44:15] MOVE chetan (lawn green): 90→78 [0.2ms]
[2026-05-06 10:44:16] MOVE asha (gray0): 18→9 [0.1ms]
[2026-05-06 10:44:16] MOVE chetan (lawn green): 78→67 [0.3ms]
[2026-05-06 10:44:16] MOVE asha (gray0): 54→43 [0.1ms]
[2026-05-06 10:44:16] MOVE chetan (lawn green): 67→57 [0.4ms]
[2026-05-06 10:44:16] MOVE asha (gray0): 9→17 [0.1ms]
[2026-05-06 10:44:16] MOVE chetan (lawn green): 57→56 [0.1ms]
[2026-05-06 10:44:17] MOVE asha (gray0): 43→31 [0.1ms]
[2026-05-06 10:44:17] MOVE chetan (lawn green): 56→66 [0.1ms]
[2026-05-06 10:44:17] MOVE asha (gray0): 17→30 [0.1ms]
[2026-05-06 10:44:17] MOVE chetan (lawn green): 66→77 [0.1ms]
[2026-05-06 10:44:17] MOVE asha (gray0): 31→18 [0.1ms]
[2026-05-06 10:44:17] MOVE chetan (lawn green): 77→89 [0.2ms]
[2026-05-06 10:44:18] MOVE asha (gray0): 30→31 [0.1ms]
[2026-05-06 10:44:18] MOVE chetan (lawn green): 89→102 [0.3ms]
[2026-05-06 10:44:18] MOVE asha (gray0): 18→9 [0.1ms]
[2026-05-06 10:44:18] MOVE chetan (lawn green): 102→90 [0.1ms]
[2026-05-06 10:44:18] MOVE asha (gray0): 31→18 [0.2ms]
[2026-05-06 10:44:18] MOVE chetan (lawn green): 90→78 [0.3ms]
[2026-05-06 10:44:19] MOVE asha (gray0): 9→31 [0.3ms]
[2026-05-06 10:44:19] MOVE chetan (lawn green): 78→67 [0.1ms]
[2026-05-06 10:44:19] MOVE asha (gray0): 18→43 [0.2ms]
[2026-05-06 10:44:19] MOVE chetan (lawn green): 67→57 [0.1ms]
[2026-05-06 10:44:19] MOVE asha (gray0): 31→54 [0.1ms]
[2026-05-06 10:44:19] MOVE chetan (lawn green): 57→56 [0.2ms]
[2026-05-06 10:44:19] MOVE asha (gray0): 43→64 [0.2ms]
[2026-05-06 10:44:20] MOVE chetan (lawn green): 56→66 [0.1ms]
[2026-05-06 10:44:20] MOVE asha (gray0): 54→43 [0.2ms]
[2026-05-06 10:44:20] MOVE chetan (lawn green): 66→77 [0.1ms]
[2026-05-06 10:44:20] MOVE asha (gray0): 64→54 [0.1ms]
[2026-05-06 10:44:20] MOVE chetan (lawn green): 77→89 [0.1ms]
[2026-05-06 10:44:20] MOVE asha (gray0): 43→64 [0.1ms]
[2026-05-06 10:44:21] MOVE chetan (lawn green): 89→102 [0.2ms]
[2026-05-06 10:44:21] MOVE asha (gray0): 54→74 [0.1ms]
[2026-05-06 10:44:21] MOVE chetan (lawn green): 102→90 [0.2ms]
[2026-05-06 10:44:21] MOVE asha (gray0): 64→63 [0.1ms]
[2026-05-06 10:44:21] MOVE chetan (lawn green): 90→78 [0.1ms]
[2026-05-06 10:44:22] MOVE asha (gray0): 74→73 [0.2ms]
[2026-05-06 10:44:22] MOVE chetan (lawn green): 78→67 [0.1ms]
[2026-05-06 10:44:22] MOVE asha (gray0): 63→53 [0.1ms]
[2026-05-06 10:44:22] MOVE chetan (lawn green): 67→57 [0.1ms]
[2026-05-06 10:44:22] MOVE asha (gray0): 73→63 [0.1ms]
[2026-05-06 10:44:23] MOVE chetan (lawn green): 57→56 [0.2ms]
[2026-05-06 10:44:23] MOVE asha (gray0): 53→54 [0.2ms]
[2026-05-06 10:44:23] MOVE chetan (lawn green): 56→66 [0.1ms]
[2026-05-06 10:44:23] MOVE asha (gray0): 63→64 [0.2ms]
[2026-05-06 10:44:23] MOVE chetan (lawn green): 66→77 [0.1ms]
[2026-05-06 10:44:23] MOVE asha (gray0): 54→43 [0.1ms]
[2026-05-06 10:44:24] MOVE chetan (lawn green): 77→89 [0.1ms]
[2026-05-06 10:44:24] MOVE asha (gray0): 64→54 [0.1ms]
[2026-05-06 10:44:24] MOVE chetan (lawn green): 89→102 [0.1ms]
[2026-05-06 10:44:24] MOVE asha (gray0): 43→64 [0.1ms]
[2026-05-06 10:44:24] MOVE chetan (lawn green): 102→90 [0.1ms]
[2026-05-06 10:44:24] MOVE asha (gray0): 54→43 [0.1ms]
[2026-05-06 10:44:25] MOVE chetan (lawn green): 90→78 [0.1ms]
[2026-05-06 10:44:25] MOVE asha (gray0): 64→63 [0.1ms]
[2026-05-06 10:44:25] MOVE chetan (lawn green): 78→67 [0.1ms]
[2026-05-06 10:44:25] MOVE asha (gray0): 43→31 [0.1ms]
[2026-05-06 10:44:25] MOVE chetan (lawn green): 67→57 [0.1ms]
[2026-05-06 10:44:25] MOVE asha (gray0): 63→53 [0.1ms]
[2026-05-06 10:44:26] MOVE chetan (lawn green): 57→56 [0.1ms]
[2026-05-06 10:44:26] MOVE asha (gray0): 31→18 [0.1ms]
[2026-05-06 10:44:26] MOVE chetan (lawn green): 56→66 [0.1ms]
[2026-05-06 10:44:26] MOVE asha (gray0): 53→54 [0.1ms]
[2026-05-06 10:44:26] MOVE chetan (lawn green): 66→77 [0.2ms]
[2026-05-06 10:44:26] MOVE asha (gray0): 18→9 [0.1ms]
[2026-05-06 10:44:27] MOVE chetan (lawn green): 77→89 [0.1ms]
[2026-05-06 10:44:27] MOVE asha (gray0): 54→43 [0.1ms]
[2026-05-06 10:44:27] MOVE chetan (lawn green): 89→102 [0.1ms]
[2026-05-06 10:44:27] MOVE asha (gray0): 9→17 [0.2ms]
[2026-05-06 10:44:28] MOVE chetan (lawn green): 102→90 [0.1ms]
[2026-05-06 10:44:28] MOVE asha (gray0): 43→31 [0.1ms]
[2026-05-06 10:44:28] MOVE chetan (lawn green): 90→78 [0.1ms]
[2026-05-06 10:44:28] MOVE asha (gray0): 17→30 [0.1ms]
[2026-05-06 10:44:28] MOVE chetan (lawn green): 78→67 [0.1ms]
[2026-05-06 10:44:29] MOVE asha (gray0): 31→18 [0.2ms]
[2026-05-06 10:44:29] MOVE chetan (lawn green): 67→57 [0.1ms]
[2026-05-06 10:44:29] MOVE asha (gray0): 30→31 [0.1ms]
[2026-05-06 10:44:29] MOVE chetan (lawn green): 57→56 [0.1ms]
[2026-05-06 10:44:29] MOVE asha (gray0): 18→9 [0.2ms]
[2026-05-06 10:44:30] MOVE chetan (lawn green): 56→66 [0.1ms]
[2026-05-06 10:44:30] MOVE asha (gray0): 31→18 [0.1ms]
[2026-05-06 10:44:30] MOVE chetan (lawn green): 66→77 [0.1ms]
[2026-05-06 10:44:30] MOVE asha (gray0): 9→31 [0.2ms]
[2026-05-06 10:44:31] MOVE chetan (lawn green): 77→89 [0.2ms]
[2026-05-06 10:44:31] MOVE asha (gray0): 18→43 [0.1ms]
[2026-05-06 10:44:31] MOVE chetan (lawn green): 89→102 [0.1ms]
[2026-05-06 10:44:31] MOVE asha (gray0): 31→54 [0.1ms]
[2026-05-06 10:44:31] MOVE chetan (lawn green): 102→90 [0.1ms]
[2026-05-06 10:44:31] MOVE asha (gray0): 43→64 [0.1ms]
[2026-05-06 10:44:32] MOVE chetan (lawn green): 90→78 [0.1ms]
[2026-05-06 10:44:32] MOVE asha (gray0): 54→43 [0.2ms]
[2026-05-06 10:44:32] MOVE chetan (lawn green): 78→67 [0.6ms]
[2026-05-06 10:44:32] MOVE asha (gray0): 64→54 [0.1ms]
[2026-05-06 10:44:32] MOVE chetan (lawn green): 67→57 [0.1ms]
[2026-05-06 10:44:33] MOVE asha (gray0): 43→64 [0.1ms]
[2026-05-06 10:44:33] MOVE chetan (lawn green): 57→56 [0.1ms]
[2026-05-06 10:44:33] MOVE asha (gray0): 54→74 [0.1ms]
[2026-05-06 10:44:33] MOVE chetan (lawn green): 56→66 [0.1ms]
[2026-05-06 10:44:34] MOVE asha (gray0): 64→63 [0.1ms]
[2026-05-06 10:44:34] MOVE chetan (lawn green): 66→77 [0.1ms]
[2026-05-06 10:44:34] MOVE asha (gray0): 74→73 [0.3ms]
[2026-05-06 10:44:34] MOVE chetan (lawn green): 77→89 [0.1ms]
[2026-05-06 10:44:34] MOVE asha (gray0): 63→53 [0.1ms]
[2026-05-06 10:44:34] MOVE chetan (lawn green): 89→102 [0.1ms]
[2026-05-06 10:44:35] MOVE asha (gray0): 73→63 [0.1ms]
[2026-05-06 10:44:35] MOVE chetan (lawn green): 102→90 [0.2ms]
[2026-05-06 10:44:35] MOVE asha (gray0): 53→54 [0.1ms]
[2026-05-06 10:44:35] MOVE chetan (lawn green): 90→78 [0.1ms]
[2026-05-06 10:44:35] MOVE asha (gray0): 63→64 [0.1ms]
[2026-05-06 10:44:35] MOVE chetan (lawn green): 78→67 [0.2ms]
[2026-05-06 10:44:36] MOVE asha (gray0): 54→43 [0.2ms]
[2026-05-06 10:44:36] MOVE chetan (lawn green): 67→57 [0.1ms]
[2026-05-06 10:44:36] MOVE asha (gray0): 64→54 [0.1ms]
[2026-05-06 10:44:36] MOVE chetan (lawn green): 57→56 [0.2ms]
[2026-05-06 10:44:37] MOVE asha (gray0): 43→64 [0.1ms]
[2026-05-06 10:44:37] MOVE chetan (lawn green): 56→66 [0.1ms]
[2026-05-06 10:44:37] MOVE asha (gray0): 54→43 [0.2ms]
[2026-05-06 10:44:37] MOVE chetan (lawn green): 66→77 [0.1ms]
[2026-05-06 10:44:37] MOVE asha (gray0): 64→63 [0.1ms]
[2026-05-06 10:44:37] MOVE chetan (lawn green): 77→89 [0.1ms]
[2026-05-06 10:44:38] MOVE asha (gray0): 43→31 [0.1ms]
[2026-05-06 10:44:38] MOVE chetan (lawn green): 89→102 [0.1ms]
[2026-05-06 10:44:38] MOVE asha (gray0): 63→53 [0.1ms]
[2026-05-06 10:44:38] MOVE chetan (lawn green): 102→90 [0.1ms]
[2026-05-06 10:44:38] MOVE asha (gray0): 31→18 [0.1ms]
[2026-05-06 10:44:38] MOVE chetan (lawn green): 90→78 [0.2ms]
[2026-05-06 10:44:39] MOVE asha (gray0): 53→54 [0.1ms]
[2026-05-06 10:44:39] MOVE chetan (lawn green): 78→67 [0.1ms]
[2026-05-06 10:44:39] MOVE asha (gray0): 18→9 [0.8ms]
[2026-05-06 10:44:39] MOVE chetan (lawn green): 67→57 [0.1ms]
[2026-05-06 10:44:39] MOVE asha (gray0): 54→43 [0.1ms]
[2026-05-06 10:44:39] MOVE chetan (lawn green): 57→56 [0.2ms]
[2026-05-06 10:44:40] MOVE asha (gray0): 9→17 [0.1ms]
[2026-05-06 10:44:40] MOVE chetan (lawn green): 56→66 [0.1ms]
[2026-05-06 10:44:40] MOVE asha (gray0): 43→31 [0.1ms]
[2026-05-06 10:44:40] MOVE chetan (lawn green): 66→77 [0.1ms]
[2026-05-06 10:44:40] MOVE asha (gray0): 17→30 [0.1ms]
[2026-05-06 10:44:40] MOVE chetan (lawn green): 77→89 [0.1ms]
[2026-05-06 10:44:40] MOVE asha (gray0): 31→18 [0.1ms]
[2026-05-06 10:44:41] MOVE chetan (lawn green): 89→102 [0.1ms]
[2026-05-06 10:44:41] MOVE asha (gray0): 30→31 [0.1ms]
[2026-05-06 10:44:41] MOVE chetan (lawn green): 102→90 [0.1ms]
[2026-05-06 10:44:41] MOVE asha (gray0): 18→9 [0.2ms]
[2026-05-06 10:44:41] MOVE chetan (lawn green): 90→78 [0.1ms]
[2026-05-06 10:44:41] MOVE asha (gray0): 31→18 [0.2ms]
[2026-05-06 10:44:42] MOVE chetan (lawn green): 78→67 [0.1ms]
[2026-05-06 10:44:42] MOVE asha (gray0): 9→31 [0.1ms]
[2026-05-06 10:44:42] MOVE chetan (lawn green): 67→57 [0.1ms]
[2026-05-06 10:44:42] MOVE asha (gray0): 18→43 [0.1ms]
[2026-05-06 10:44:42] MOVE chetan (lawn green): 57→56 [0.1ms]
[2026-05-06 10:44:42] MOVE asha (gray0): 31→54 [0.2ms]
[2026-05-06 10:44:43] MOVE chetan (lawn green): 56→66 [0.1ms]
[2026-05-06 10:44:43] MOVE asha (gray0): 43→64 [0.1ms]
[2026-05-06 10:44:43] MOVE chetan (lawn green): 66→77 [0.2ms]
[2026-05-06 10:44:43] MOVE asha (gray0): 54→43 [0.1ms]
[2026-05-06 10:44:43] MOVE chetan (lawn green): 77→89 [0.1ms]
[2026-05-06 10:44:43] MOVE asha (gray0): 64→54 [0.1ms]
[2026-05-06 10:44:44] MOVE chetan (lawn green): 89→102 [0.1ms]
[2026-05-06 10:44:44] MOVE asha (gray0): 43→64 [0.1ms]
[2026-05-06 10:44:44] MOVE chetan (lawn green): 102→90 [0.1ms]
[2026-05-06 10:44:44] MOVE asha (gray0): 54→74 [0.2ms]
[2026-05-06 10:44:44] MOVE chetan (lawn green): 90→78 [0.2ms]
[2026-05-06 10:44:44] MOVE asha (gray0): 64→63 [0.4ms]
[2026-05-06 10:44:45] MOVE chetan (lawn green): 78→67 [0.1ms]
[2026-05-06 10:44:45] MOVE asha (gray0): 74→73 [0.1ms]
[2026-05-06 10:44:45] MOVE chetan (lawn green): 67→57 [0.1ms]
[2026-05-06 10:44:45] MOVE asha (gray0): 63→53 [0.1ms]
[2026-05-06 10:44:45] MOVE chetan (lawn green): 57→56 [0.1ms]
[2026-05-06 10:44:45] MOVE asha (gray0): 73→63 [0.1ms]
[2026-05-06 10:44:46] MOVE chetan (lawn green): 56→66 [0.1ms]
[2026-05-06 10:44:46] MOVE asha (gray0): 53→54 [0.1ms]
[2026-05-06 10:44:46] MOVE chetan (lawn green): 66→77 [0.1ms]
[2026-05-06 10:44:46] MOVE asha (gray0): 63→64 [0.1ms]
[2026-05-06 10:44:46] MOVE chetan (lawn green): 77→89 [0.1ms]
[2026-05-06 10:44:46] MOVE asha (gray0): 54→43 [0.1ms]
[2026-05-06 10:44:46] MOVE chetan (lawn green): 89→102 [0.1ms]
[2026-05-06 10:44:47] MOVE asha (gray0): 64→54 [0.1ms]
[2026-05-06 10:44:47] MOVE chetan (lawn green): 102→90 [0.1ms]
[2026-05-06 10:44:47] MOVE asha (gray0): 43→64 [0.1ms]
[2026-05-06 10:44:47] MOVE chetan (lawn green): 90→78 [0.1ms]
[2026-05-06 10:44:47] MOVE asha (gray0): 54→43 [0.1ms]
[2026-05-06 10:44:47] MOVE chetan (lawn green): 78→67 [0.1ms]
[2026-05-06 10:44:48] MOVE asha (gray0): 64→63 [0.4ms]
[2026-05-06 10:44:48] MOVE chetan (lawn green): 67→57 [0.1ms]
[2026-05-06 10:44:48] MOVE asha (gray0): 43→31 [0.2ms]
[2026-05-06 10:44:48] MOVE chetan (lawn green): 57→56 [0.1ms]
[2026-05-06 10:44:48] MOVE asha (gray0): 63→53 [0.1ms]
[2026-05-06 10:44:48] MOVE chetan (lawn green): 56→66 [0.1ms]
[2026-05-06 10:44:49] MOVE asha (gray0): 31→18 [0.1ms]
[2026-05-06 10:44:49] MOVE chetan (lawn green): 66→77 [0.1ms]
[2026-05-06 10:44:49] MOVE asha (gray0): 53→54 [0.1ms]
[2026-05-06 10:44:49] MOVE chetan (lawn green): 77→89 [0.1ms]
[2026-05-06 10:44:49] MOVE asha (gray0): 18→9 [0.1ms]
[2026-05-06 10:44:49] MOVE chetan (lawn green): 89→102 [0.1ms]
[2026-05-06 10:44:50] MOVE asha (gray0): 54→43 [0.2ms]
[2026-05-06 10:44:50] MOVE chetan (lawn green): 102→90 [0.1ms]
[2026-05-06 10:44:50] MOVE asha (gray0): 9→17 [0.1ms]
[2026-05-06 10:44:50] MOVE chetan (lawn green): 90→78 [0.2ms]
[2026-05-06 10:44:50] MOVE asha (gray0): 43→31 [0.1ms]
[2026-05-06 10:44:50] MOVE chetan (lawn green): 78→67 [0.1ms]
[2026-05-06 10:44:51] MOVE asha (gray0): 17→30 [0.1ms]
[2026-05-06 10:44:51] MOVE chetan (lawn green): 67→57 [0.1ms]
[2026-05-06 10:44:51] MOVE asha (gray0): 31→18 [0.2ms]
[2026-05-06 10:44:51] MOVE chetan (lawn green): 57→56 [0.1ms]
[2026-05-06 10:44:51] MOVE asha (gray0): 30→31 [0.2ms]
[2026-05-06 10:44:51] MOVE chetan (lawn green): 56→66 [0.1ms]
[2026-05-06 10:44:52] MOVE asha (gray0): 18→9 [0.1ms]
[2026-05-06 10:44:52] MOVE chetan (lawn green): 66→77 [0.1ms]
[2026-05-06 10:44:52] MOVE asha (gray0): 31→18 [0.1ms]
[2026-05-06 10:44:52] MOVE chetan (lawn green): 77→89 [0.1ms]
[2026-05-06 10:44:52] MOVE asha (gray0): 9→31 [0.1ms]
[2026-05-06 10:44:52] MOVE chetan (lawn green): 89→102 [0.1ms]
[2026-05-06 10:44:52] MOVE asha (gray0): 18→43 [0.1ms]
[2026-05-06 10:44:52] MOVE chetan (lawn green): 102→90 [0.1ms]
[2026-05-06 10:44:53] MOVE asha (gray0): 31→54 [0.1ms]
[2026-05-06 10:44:53] MOVE chetan (lawn green): 90→78 [0.4ms]
[2026-05-06 10:44:53] MOVE asha (gray0): 43→64 [0.1ms]
[2026-05-06 10:44:53] MOVE chetan (lawn green): 78→67 [0.1ms]
[2026-05-06 10:44:53] MOVE asha (gray0): 54→43 [0.3ms]
[2026-05-06 10:44:54] MOVE chetan (lawn green): 67→57 [0.2ms]
[2026-05-06 10:44:54] MOVE asha (gray0): 64→54 [0.1ms]
[2026-05-06 10:44:54] MOVE chetan (lawn green): 57→56 [0.1ms]
[2026-05-06 10:44:54] MOVE asha (gray0): 43→64 [0.2ms]
[2026-05-06 10:44:55] MOVE chetan (lawn green): 56→66 [0.2ms]
[2026-05-06 10:44:55] MOVE asha (gray0): 54→74 [0.4ms]
[2026-05-06 10:44:55] MOVE chetan (lawn green): 66→77 [0.1ms]
[2026-05-06 10:44:55] MOVE asha (gray0): 64→63 [0.1ms]
[2026-05-06 10:44:56] MOVE chetan (lawn green): 77→89 [0.1ms]
[2026-05-06 10:44:56] MOVE asha (gray0): 74→73 [0.1ms]
[2026-05-06 10:44:56] MOVE chetan (lawn green): 89→102 [0.1ms]
[2026-05-06 10:44:56] MOVE asha (gray0): 63→53 [0.2ms]
[2026-05-06 10:44:56] MOVE chetan (lawn green): 102→90 [0.1ms]
[2026-05-06 10:44:56] MOVE asha (gray0): 73→63 [0.1ms]
[2026-05-06 10:44:57] MOVE chetan (lawn green): 90→78 [0.3ms]
[2026-05-06 10:44:57] MOVE asha (gray0): 53→54 [0.1ms]
[2026-05-06 10:44:57] MOVE chetan (lawn green): 78→67 [0.5ms]
[2026-05-06 10:44:57] MOVE asha (gray0): 63→64 [0.1ms]
[2026-05-06 10:44:57] MOVE chetan (lawn green): 67→57 [0.1ms]
[2026-05-06 10:44:58] MOVE asha (gray0): 54→43 [0.1ms]
[2026-05-06 10:44:58] MOVE chetan (lawn green): 57→56 [0.1ms]
[2026-05-06 10:44:58] MOVE asha (gray0): 64→54 [0.1ms]
[2026-05-06 10:44:58] MOVE chetan (lawn green): 56→66 [0.1ms]
[2026-05-06 10:44:58] MOVE asha (gray0): 43→64 [0.1ms]
[2026-05-06 10:44:58] MOVE chetan (lawn green): 66→77 [0.1ms]
[2026-05-06 10:44:58] MOVE asha (gray0): 54→43 [0.1ms]
[2026-05-06 10:44:59] MOVE chetan (lawn green): 77→89 [0.1ms]
[2026-05-06 10:44:59] MOVE asha (gray0): 64→63 [0.1ms]
[2026-05-06 10:44:59] MOVE chetan (lawn green): 89→102 [0.1ms]
[2026-05-06 10:44:59] MOVE asha (gray0): 43→31 [0.2ms]
[2026-05-06 10:44:59] MOVE chetan (lawn green): 102→90 [0.1ms]
[2026-05-06 10:44:59] MOVE asha (gray0): 63→53 [0.1ms]
[2026-05-06 10:44:59] MOVE chetan (lawn green): 90→78 [0.1ms]
[2026-05-06 10:45:00] MOVE asha (gray0): 31→18 [0.2ms]
[2026-05-06 10:45:00] MOVE chetan (lawn green): 78→67 [0.1ms]
[2026-05-06 10:45:00] MOVE asha (gray0): 53→54 [0.1ms]
[2026-05-06 10:45:00] MOVE chetan (lawn green): 67→57 [0.1ms]
[2026-05-06 10:45:00] MOVE asha (gray0): 18→9 [0.1ms]
[2026-05-06 10:45:00] MOVE chetan (lawn green): 57→56 [0.8ms]
[2026-05-06 10:45:01] MOVE asha (gray0): 54→43 [0.1ms]
[2026-05-06 10:45:01] MOVE chetan (lawn green): 56→66 [0.1ms]
[2026-05-06 10:45:01] MOVE asha (gray0): 9→17 [0.4ms]
[2026-05-06 10:45:01] MOVE chetan (lawn green): 66→77 [0.1ms]
[2026-05-06 10:45:01] MOVE asha (gray0): 43→31 [0.1ms]
[2026-05-06 10:45:01] MOVE chetan (lawn green): 77→89 [0.3ms]
[2026-05-06 10:45:02] MOVE asha (gray0): 17→30 [0.1ms]
[2026-05-06 10:45:02] MOVE chetan (lawn green): 89→102 [0.1ms]
[2026-05-06 10:45:02] MOVE asha (gray0): 31→18 [0.2ms]
[2026-05-06 10:45:02] MOVE chetan (lawn green): 102→90 [0.1ms]
[2026-05-06 10:45:02] MOVE asha (gray0): 30→31 [0.2ms]
[2026-05-06 10:45:02] MOVE chetan (lawn green): 90→78 [0.1ms]
[2026-05-06 10:45:03] MOVE asha (gray0): 18→9 [0.1ms]
[2026-05-06 10:45:03] MOVE chetan (lawn green): 78→67 [0.2ms]
[2026-05-06 10:45:03] SCORE chetan (lawn green): Final=1098.0, Time=0.0, Moves(1172)=0.0, Pins(9)=900.0, Dist=198.0
[2026-05-06 10:45:03] SCORE asha (gray0): Final=997.0, Time=0.0, Moves(1171)=0.0, Pins(8)=800.0, Dist=197.0
[2026-05-06 10:45:03] GAME TIME LIMIT REACHED.
[2026-05-06 10:45:03] SCORE chetan (lawn green): Final=1098.0, Time=0.0, Moves(1172)=0.0, Pins(9)=900.0, Dist=198.0
[2026-05-06 10:45:03] SCORE asha (gray0): Final=997.0, Time=0.0, Moves(1171)=0.0, Pins(8)=800.0, Dist=197.0
[2026-05-06 10:45:03] GAME TIME LIMIT REACHED.
