[2026-05-06 12:57:13] GAME CREATED
[2026-05-06 12:57:25] PLAYER JOINED: chetan1 as yellow
[2026-05-06 12:57:40] PLAYER JOINED: chetan2 as purple
[2026-05-06 12:57:49] PLAYER JOINED: chetan3 as lawn green
[2026-05-06 12:57:56] GAME STARTED — turn order: ['yellow', 'purple', 'lawn green']
[2026-05-06 12:57:56] MOVE chetan1 (yellow): 12→14 [0.3ms]
[2026-05-06 12:57:57] MOVE chetan2 (purple): 85→64 [0.1ms]
[2026-05-06 12:57:57] MOVE chetan3 (lawn green): 55→73 [0.2ms]
[2026-05-06 12:57:57] MOVE chetan1 (yellow): 10→37 [0.2ms]
[2026-05-06 12:57:57] MOVE chetan2 (purple): 110→83 [0.2ms]
[2026-05-06 12:57:57] MOVE chetan3 (lawn green): 20→18 [0.1ms]
[2026-05-06 12:57:57] MOVE chetan1 (yellow): 13→15 [0.1ms]
[2026-05-06 12:57:57] MOVE chetan2 (purple): 74→54 [0.2ms]
[2026-05-06 12:57:58] MOVE chetan3 (lawn green): 34→53 [0.1ms]
[2026-05-06 12:57:58] MOVE chetan1 (yellow): 24→28 [0.1ms]
[2026-05-06 12:57:58] MOVE chetan2 (purple): 84→42 [0.1ms]
[2026-05-06 12:57:58] MOVE chetan3 (lawn green): 22→41 [0.1ms]
[2026-05-06 12:57:58] MOVE chetan1 (yellow): 15→40 [0.1ms]
[2026-05-06 12:57:58] MOVE chetan2 (purple): 54→27 [0.1ms]
[2026-05-06 12:57:58] MOVE chetan3 (lawn green): 33→50 [0.1ms]
[2026-05-06 12:57:58] MOVE chetan1 (yellow): 14→60 [0.1ms]
[2026-05-06 12:57:59] MOVE chetan2 (purple): 95→29 [0.2ms]
[2026-05-06 12:57:59] MOVE chetan3 (lawn green): 53→49 [0.1ms]
[2026-05-06 12:57:59] MOVE chetan1 (yellow): 36→61 [0.1ms]
[2026-05-06 12:57:59] MOVE chetan2 (purple): 97→9 [0.1ms]
[2026-05-06 12:57:59] MOVE chetan3 (lawn green): 41→58 [0.1ms]
[2026-05-06 12:57:59] MOVE chetan1 (yellow): 28→53 [0.1ms]
[2026-05-06 12:57:59] MOVE chetan2 (purple): 109→63 [0.1ms]
[2026-05-06 12:57:59] MOVE chetan3 (lawn green): 45→14 [0.1ms]
[2026-05-06 12:57:59] MOVE chetan1 (yellow): 25→68 [0.1ms]
[2026-05-06 12:57:59] MOVE chetan2 (purple): 64→16 [0.1ms]
[2026-05-06 12:58:00] MOVE chetan3 (lawn green): 19→57 [0.2ms]
[2026-05-06 12:58:00] MOVE chetan1 (yellow): 60→64 [0.1ms]
[2026-05-06 12:58:00] MOVE chetan2 (purple): 27→26 [0.1ms]
[2026-05-06 12:58:00] MOVE chetan3 (lawn green): 44→78 [0.1ms]
[2026-05-06 12:58:00] MOVE chetan1 (yellow): 64→74 [0.2ms]
[2026-05-06 12:58:00] MOVE chetan2 (purple): 108→39 [0.1ms]
[2026-05-06 12:58:00] MOVE chetan3 (lawn green): 50→66 [0.1ms]
[2026-05-06 12:58:00] MOVE chetan1 (yellow): 35→79 [0.1ms]
[2026-05-06 12:58:00] MOVE chetan2 (purple): 29→25 [0.1ms]
[2026-05-06 12:58:00] MOVE chetan3 (lawn green): 49→65 [0.1ms]
[2026-05-06 12:58:01] MOVE chetan1 (yellow): 40→44 [0.1ms]
[2026-05-06 12:58:01] MOVE chetan2 (purple): 26→24 [0.2ms]
[2026-05-06 12:58:01] MOVE chetan3 (lawn green): 58→75 [0.2ms]
[2026-05-06 12:58:01] MOVE chetan1 (yellow): 11→19 [0.1ms]
[2026-05-06 12:58:01] MOVE chetan2 (purple): 83→41 [0.1ms]
[2026-05-06 12:58:01] MOVE chetan3 (lawn green): 57→76 [0.1ms]
[2026-05-06 12:58:01] MOVE chetan1 (yellow): 68→91 [0.1ms]
[2026-05-06 12:58:01] MOVE chetan2 (purple): 42→11 [0.1ms]
[2026-05-06 12:58:01] MOVE chetan3 (lawn green): 66→87 [0.2ms]
[2026-05-06 12:58:02] MOVE chetan1 (yellow): 79→104 [0.1ms]
[2026-05-06 12:58:02] MOVE chetan2 (purple): 63→13 [0.2ms]
[2026-05-06 12:58:02] MOVE chetan3 (lawn green): 14→56 [0.1ms]
[2026-05-06 12:58:02] MOVE chetan1 (yellow): 44→54 [0.2ms]
[2026-05-06 12:58:03] MOVE chetan2 (purple): 16→15 [0.1ms]
[2026-05-06 12:58:03] MOVE chetan3 (lawn green): 18→106 [0.2ms]
[2026-05-06 12:58:03] MOVE chetan1 (yellow): 19→109 [0.1ms]
[2026-05-06 12:58:03] MOVE chetan2 (purple): 107→80 [0.1ms]
[2026-05-06 12:58:03] MOVE chetan3 (lawn green): 78→77 [0.3ms]
[2026-05-06 12:58:04] MOVE chetan1 (yellow): 46→89 [0.2ms]
[2026-05-06 12:58:04] MOVE chetan2 (purple): 15→14 [0.2ms]
[2026-05-06 12:58:04] MOVE chetan3 (lawn green): 77→88 [0.1ms]
[2026-05-06 12:58:04] MOVE chetan1 (yellow): 54→64 [0.1ms]
[2026-05-06 12:58:04] MOVE chetan2 (purple): 14→10 [0.1ms]
[2026-05-06 12:58:04] MOVE chetan3 (lawn green): 106→105 [0.1ms]
[2026-05-06 12:58:04] MOVE chetan1 (yellow): 64→110 [0.1ms]
[2026-05-06 12:58:05] MOVE chetan2 (purple): 39→27 [0.1ms]
[2026-05-06 12:58:05] MOVE chetan3 (lawn green): 73→72 [0.1ms]
[2026-05-06 12:58:05] MOVE chetan1 (yellow): 91→54 [0.1ms]
[2026-05-06 12:58:05] MOVE chetan2 (purple): 9→8 [0.2ms]
[2026-05-06 12:58:05] MOVE chetan3 (lawn green): 105→103 [0.1ms]
[2026-05-06 12:58:06] MOVE chetan1 (yellow): 53→55 [0.1ms]
[2026-05-06 12:58:06] MOVE chetan2 (purple): 27→14 [0.2ms]
[2026-05-06 12:58:06] MOVE chetan3 (lawn green): 72→71 [0.1ms]
[2026-05-06 12:58:06] MOVE chetan1 (yellow): 61→82 [0.2ms]
[2026-05-06 12:58:06] MOVE chetan2 (purple): 14→35 [0.1ms]
[2026-05-06 12:58:06] MOVE chetan3 (lawn green): 103→102 [0.1ms]
[2026-05-06 12:58:07] MOVE chetan1 (yellow): 23→66 [0.1ms]
[2026-05-06 12:58:07] MOVE chetan2 (purple): 8→7 [0.1ms]
[2026-05-06 12:58:07] MOVE chetan3 (lawn green): 56→100 [0.1ms]
[2026-05-06 12:58:07] MOVE chetan1 (yellow): 55→64 [0.1ms]
[2026-05-06 12:58:08] MOVE chetan2 (purple): 41→29 [0.1ms]
[2026-05-06 12:58:08] MOVE chetan3 (lawn green): 102→101 [0.2ms]
[2026-05-06 12:58:08] MOVE chetan1 (yellow): 64→108 [0.1ms]
[2026-05-06 12:58:08] MOVE chetan2 (purple): 7→6 [0.1ms]
[2026-05-06 12:58:08] MOVE chetan3 (lawn green): 71→70 [0.1ms]
[2026-05-06 12:58:09] MOVE chetan1 (yellow): 54→64 [0.1ms]
[2026-05-06 12:58:09] MOVE chetan2 (purple): 29→16 [0.1ms]
[2026-05-06 12:58:09] MOVE chetan3 (lawn green): 32→31 [0.2ms]
[2026-05-06 12:58:09] MOVE chetan1 (yellow): 64→85 [0.1ms]
[2026-05-06 12:58:09] MOVE chetan2 (purple): 6→14 [0.1ms]
[2026-05-06 12:58:09] MOVE chetan3 (lawn green): 70→91 [0.1ms]
[2026-05-06 12:58:09] MOVE chetan1 (yellow): 104→83 [0.1ms]
[2026-05-06 12:58:10] MOVE chetan2 (purple): 14→12 [0.2ms]
[2026-05-06 12:58:10] MOVE chetan3 (lawn green): 31→30 [0.1ms]
[2026-05-06 12:58:10] MOVE chetan1 (yellow): 82→84 [0.1ms]
[2026-05-06 12:58:10] MOVE chetan2 (purple): 16→15 [0.1ms]
[2026-05-06 12:58:10] MOVE chetan3 (lawn green): 91→90 [0.1ms]
[2026-05-06 12:58:10] MOVE chetan1 (yellow): 83→95 [0.1ms]
[2026-05-06 12:58:10] MOVE chetan2 (purple): 80→69 [0.1ms]
[2026-05-06 12:58:10] MOVE chetan3 (lawn green): 30→29 [0.1ms]
[2026-05-06 12:58:10] MOVE chetan1 (yellow): 89→91 [0.1ms]
[2026-05-06 12:58:11] MOVE chetan2 (purple): 15→14 [0.1ms]
[2026-05-06 12:58:11] MOVE chetan3 (lawn green): 90→89 [0.1ms]
[2026-05-06 12:58:11] MOVE chetan1 (yellow): 66→67 [0.1ms]
[2026-05-06 12:58:11] MOVE chetan2 (purple): 69→59 [0.1ms]
[2026-05-06 12:58:11] MOVE chetan3 (lawn green): 29→28 [0.1ms]
[2026-05-06 12:58:11] MOVE chetan1 (yellow): 91→92 [0.1ms]
[2026-05-06 12:58:11] MOVE chetan2 (purple): 96→73 [0.1ms]
[2026-05-06 12:58:12] MOVE chetan3 (lawn green): 89→77 [0.1ms]
[2026-05-06 12:58:12] MOVE chetan1 (yellow): 67→68 [0.1ms]
[2026-05-06 12:58:12] MOVE chetan2 (purple): 59→49 [0.1ms]
[2026-05-06 12:58:12] MOVE chetan3 (lawn green): 28→27 [0.1ms]
[2026-05-06 12:58:13] MOVE chetan1 (yellow): 92→93 [0.2ms]
[2026-05-06 12:58:13] MOVE chetan2 (purple): 73→92 [0.1ms]
[2026-05-06 12:58:13] MOVE chetan3 (lawn green): 77→66 [0.2ms]
[2026-05-06 12:58:13] MOVE chetan1 (yellow): 68→69 [0.1ms]
[2026-05-06 12:58:13] MOVE chetan2 (purple): 49→38 [0.1ms]
[2026-05-06 12:58:14] MOVE chetan3 (lawn green): 27→48 [0.1ms]
[2026-05-06 12:58:14] MOVE chetan1 (yellow): 93→94 [0.1ms]
[2026-05-06 12:58:14] MOVE chetan2 (purple): 38→36 [0.3ms]
[2026-05-06 12:58:14] MOVE chetan3 (lawn green): 66→56 [0.1ms]
[2026-05-06 12:58:15] MOVE chetan1 (yellow): 94→96 [0.1ms]
[2026-05-06 12:58:15] MOVE chetan2 (purple): 92→80 [0.2ms]
[2026-05-06 12:58:15] MOVE chetan3 (lawn green): 48→47 [0.1ms]
[2026-05-06 12:58:15] MOVE chetan1 (yellow): 69→92 [0.2ms]
[2026-05-06 12:58:15] MOVE chetan2 (purple): 14→26 [0.1ms]
[2026-05-06 12:58:15] MOVE chetan3 (lawn green): 56→46 [0.1ms]
[2026-05-06 12:58:15] MOVE chetan1 (yellow): 37→38 [0.2ms]
[2026-05-06 12:58:16] MOVE chetan2 (purple): 80→69 [0.1ms]
[2026-05-06 12:58:16] MOVE chetan3 (lawn green): 47→56 [0.2ms]
[2026-05-06 12:58:16] MOVE chetan1 (yellow): 92→93 [0.1ms]
[2026-05-06 12:58:16] MOVE chetan2 (purple): 26→14 [0.1ms]
[2026-05-06 12:58:16] MOVE chetan3 (lawn green): 46→66 [0.1ms]
[2026-05-06 12:58:16] MOVE chetan1 (yellow): 38→39 [0.1ms]
[2026-05-06 12:58:17] MOVE chetan2 (purple): 69→59 [0.1ms]
[2026-05-06 12:58:17] MOVE chetan3 (lawn green): 56→77 [0.1ms]
[2026-05-06 12:58:17] MOVE chetan1 (yellow): 93→94 [0.1ms]
[2026-05-06 12:58:17] MOVE chetan2 (purple): 14→6 [0.1ms]
[2026-05-06 12:58:18] MOVE chetan3 (lawn green): 66→89 [0.1ms]
[2026-05-06 12:58:18] MOVE chetan1 (yellow): 94→107 [0.1ms]
[2026-05-06 12:58:18] MOVE chetan2 (purple): 59→49 [0.2ms]
[2026-05-06 12:58:18] MOVE chetan3 (lawn green): 77→102 [0.2ms]
[2026-05-06 12:58:18] MOVE chetan1 (yellow): 39→40 [0.1ms]
[2026-05-06 12:58:18] MOVE chetan2 (purple): 6→15 [0.1ms]
[2026-05-06 12:58:19] MOVE chetan3 (lawn green): 89→77 [0.1ms]
[2026-05-06 12:58:19] MOVE chetan1 (yellow): 40→41 [0.1ms]
[2026-05-06 12:58:19] MOVE chetan2 (purple): 49→38 [0.2ms]
[2026-05-06 12:58:19] MOVE chetan3 (lawn green): 102→89 [0.1ms]
[2026-05-06 12:58:19] MOVE chetan1 (yellow): 41→42 [0.1ms]
[2026-05-06 12:58:20] MOVE chetan2 (purple): 15→27 [0.1ms]
[2026-05-06 12:58:20] MOVE chetan3 (lawn green): 77→102 [0.1ms]
[2026-05-06 12:58:20] MOVE chetan1 (yellow): 42→43 [0.3ms]
[2026-05-06 12:58:20] MOVE chetan2 (purple): 38→26 [0.1ms]
[2026-05-06 12:58:20] MOVE chetan3 (lawn green): 89→111 [0.1ms]
[2026-05-06 12:58:21] MOVE chetan1 (yellow): 43→54 [0.1ms]
[2026-05-06 12:58:21] MOVE chetan2 (purple): 27→38 [0.2ms]
[2026-05-06 12:58:21] MOVE chetan3 (lawn green): 102→90 [0.1ms]
[2026-05-06 12:58:21] MOVE chetan1 (yellow): 54→64 [0.1ms]
[2026-05-06 12:58:21] MOVE chetan2 (purple): 26→14 [0.1ms]
[2026-05-06 12:58:22] MOVE chetan3 (lawn green): 111→103 [0.1ms]
[2026-05-06 12:58:22] MOVE chetan1 (yellow): 64→73 [0.1ms]
[2026-05-06 12:58:22] MOVE chetan2 (purple): 38→26 [0.2ms]
[2026-05-06 12:58:22] MOVE chetan3 (lawn green): 90→78 [0.1ms]
[2026-05-06 12:58:22] MOVE chetan1 (yellow): 73→83 [0.1ms]
[2026-05-06 12:58:22] MOVE chetan2 (purple): 14→37 [0.1ms]
[2026-05-06 12:58:22] MOVE chetan3 (lawn green): 103→90 [0.1ms]
[2026-05-06 12:58:22] MOVE chetan1 (yellow): 83→94 [0.1ms]
[2026-05-06 12:58:22] MOVE chetan2 (purple): 26→47 [0.1ms]
[2026-05-06 12:58:23] MOVE chetan3 (lawn green): 78→89 [0.1ms]
[2026-05-06 12:58:23] MOVE chetan1 (yellow): 94→106 [0.1ms]
[2026-05-06 12:58:23] MOVE chetan2 (purple): 47→46 [0.2ms]
[2026-05-06 12:58:23] MOVE chetan3 (lawn green): 90→102 [0.1ms]
[2026-05-06 12:58:23] MOVE chetan1 (yellow): 106→93 [0.1ms]
[2026-05-06 12:58:23] MOVE chetan2 (purple): 37→47 [0.1ms]
[2026-05-06 12:58:24] MOVE chetan3 (lawn green): 89→77 [0.1ms]
[2026-05-06 12:58:24] MOVE chetan1 (yellow): 93→82 [0.1ms]
[2026-05-06 12:58:24] MOVE chetan2 (purple): 47→56 [0.1ms]
[2026-05-06 12:58:24] MOVE chetan3 (lawn green): 102→89 [0.1ms]
[2026-05-06 12:58:24] MOVE chetan1 (yellow): 82→72 [0.1ms]
[2026-05-06 12:58:24] MOVE chetan2 (purple): 56→57 [0.1ms]
[2026-05-06 12:58:24] MOVE chetan3 (lawn green): 77→102 [0.1ms]
[2026-05-06 12:58:24] MOVE chetan1 (yellow): 72→63 [0.3ms]
[2026-05-06 12:58:24] MOVE chetan2 (purple): 57→48 [0.1ms]
[2026-05-06 12:58:24] MOVE chetan3 (lawn green): 89→77 [0.1ms]
[2026-05-06 12:58:25] MOVE chetan1 (yellow): 63→64 [0.1ms]
[2026-05-06 12:58:25] MOVE chetan2 (purple): 48→38 [0.1ms]
[2026-05-06 12:58:25] MOVE chetan3 (lawn green): 102→90 [0.1ms]
[2026-05-06 12:58:25] MOVE chetan1 (yellow): 64→73 [0.1ms]
[2026-05-06 12:58:25] MOVE chetan2 (purple): 38→26 [0.1ms]
[2026-05-06 12:58:25] MOVE chetan3 (lawn green): 77→66 [0.2ms]
[2026-05-06 12:58:25] MOVE chetan1 (yellow): 73→83 [0.1ms]
[2026-05-06 12:58:25] MOVE chetan2 (purple): 26→14 [0.1ms]
[2026-05-06 12:58:25] MOVE chetan3 (lawn green): 90→78 [0.1ms]
[2026-05-06 12:58:26] MOVE chetan1 (yellow): 83→94 [0.2ms]
[2026-05-06 12:58:26] MOVE chetan2 (purple): 14→6 [0.1ms]
[2026-05-06 12:58:26] MOVE chetan3 (lawn green): 66→56 [0.1ms]
[2026-05-06 12:58:26] MOVE chetan1 (yellow): 94→106 [0.1ms]
[2026-05-06 12:58:27] MOVE chetan2 (purple): 6→15 [0.2ms]
[2026-05-06 12:58:27] MOVE chetan3 (lawn green): 78→89 [0.1ms]
[2026-05-06 12:58:27] MOVE chetan1 (yellow): 106→93 [0.1ms]
[2026-05-06 12:58:27] MOVE chetan2 (purple): 15→27 [0.1ms]
[2026-05-06 12:58:27] MOVE chetan3 (lawn green): 56→47 [0.1ms]
[2026-05-06 12:58:27] MOVE chetan1 (yellow): 93→82 [0.2ms]
[2026-05-06 12:58:27] MOVE chetan2 (purple): 27→14 [0.1ms]
[2026-05-06 12:58:27] MOVE chetan3 (lawn green): 89→77 [0.1ms]
[2026-05-06 12:58:27] MOVE chetan1 (yellow): 82→72 [0.1ms]
[2026-05-06 12:58:27] MOVE chetan2 (purple): 14→26 [0.1ms]
[2026-05-06 12:58:28] MOVE chetan3 (lawn green): 47→57 [0.1ms]
[2026-05-06 12:58:28] MOVE chetan1 (yellow): 72→63 [0.2ms]
[2026-05-06 12:58:28] MOVE chetan2 (purple): 26→37 [0.2ms]
[2026-05-06 12:58:28] MOVE chetan3 (lawn green): 77→66 [0.5ms]
[2026-05-06 12:58:28] MOVE chetan1 (yellow): 63→64 [0.2ms]
[2026-05-06 12:58:28] MOVE chetan2 (purple): 37→47 [0.1ms]
[2026-05-06 12:58:28] MOVE chetan3 (lawn green): 57→67 [0.1ms]
[2026-05-06 12:58:28] MOVE chetan1 (yellow): 64→73 [0.1ms]
[2026-05-06 12:58:28] MOVE chetan2 (purple): 47→56 [0.1ms]
[2026-05-06 12:58:29] MOVE chetan3 (lawn green): 66→57 [0.1ms]
[2026-05-06 12:58:29] MOVE chetan1 (yellow): 73→83 [0.1ms]
[2026-05-06 12:58:29] MOVE chetan2 (purple): 56→66 [0.1ms]
[2026-05-06 12:58:29] MOVE chetan3 (lawn green): 67→77 [0.1ms]
[2026-05-06 12:58:29] MOVE chetan1 (yellow): 83→94 [0.2ms]
[2026-05-06 12:58:29] MOVE chetan2 (purple): 66→48 [0.1ms]
[2026-05-06 12:58:29] MOVE chetan3 (lawn green): 57→56 [0.1ms]
[2026-05-06 12:58:29] MOVE chetan1 (yellow): 94→106 [0.1ms]
[2026-05-06 12:58:29] MOVE chetan2 (purple): 48→38 [0.1ms]
[2026-05-06 12:58:30] MOVE chetan3 (lawn green): 77→66 [0.2ms]
[2026-05-06 12:58:30] MOVE chetan1 (yellow): 106→93 [0.2ms]
[2026-05-06 12:58:30] MOVE chetan2 (purple): 38→27 [0.1ms]
[2026-05-06 12:58:30] MOVE chetan3 (lawn green): 56→47 [0.2ms]
[2026-05-06 12:58:30] MOVE chetan1 (yellow): 93→82 [0.2ms]
[2026-05-06 12:58:30] MOVE chetan2 (purple): 27→14 [0.2ms]
[2026-05-06 12:58:30] MOVE chetan3 (lawn green): 66→56 [0.1ms]
[2026-05-06 12:58:30] MOVE chetan1 (yellow): 82→72 [0.3ms]
[2026-05-06 12:58:30] MOVE chetan2 (purple): 14→26 [0.1ms]
[2026-05-06 12:58:31] MOVE chetan3 (lawn green): 21→20 [0.1ms]
[2026-05-06 12:58:31] MOVE chetan1 (yellow): 72→63 [0.1ms]
[2026-05-06 12:58:31] MOVE chetan2 (purple): 26→37 [0.1ms]
[2026-05-06 12:58:31] MOVE chetan3 (lawn green): 56→57 [0.1ms]
[2026-05-06 12:58:31] MOVE chetan1 (yellow): 63→64 [0.1ms]
[2026-05-06 12:58:31] MOVE chetan2 (purple): 37→58 [0.1ms]
[2026-05-06 12:58:31] MOVE chetan3 (lawn green): 47→67 [0.3ms]
[2026-05-06 12:58:31] MOVE chetan1 (yellow): 64→73 [0.1ms]
[2026-05-06 12:58:31] MOVE chetan2 (purple): 58→56 [0.2ms]
[2026-05-06 12:58:32] MOVE chetan3 (lawn green): 57→78 [0.1ms]
[2026-05-06 12:58:32] MOVE chetan1 (yellow): 73→83 [0.3ms]
[2026-05-06 12:58:32] MOVE chetan2 (purple): 56→47 [0.1ms]
[2026-05-06 12:58:32] MOVE chetan3 (lawn green): 67→66 [0.1ms]
[2026-05-06 12:58:32] MOVE chetan1 (yellow): 83→94 [0.1ms]
[2026-05-06 12:58:32] MOVE chetan2 (purple): 47→48 [0.1ms]
[2026-05-06 12:58:32] MOVE chetan3 (lawn green): 78→77 [0.2ms]
[2026-05-06 12:58:32] MOVE chetan1 (yellow): 94→106 [0.1ms]
[2026-05-06 12:58:32] MOVE chetan2 (purple): 48→38 [0.1ms]
[2026-05-06 12:58:33] MOVE chetan3 (lawn green): 66→89 [0.1ms]
[2026-05-06 12:58:33] MOVE chetan1 (yellow): 106→93 [0.1ms]
[2026-05-06 12:58:33] MOVE chetan2 (purple): 38→27 [0.1ms]
[2026-05-06 12:58:33] MOVE chetan3 (lawn green): 77→102 [0.1ms]
[2026-05-06 12:58:33] MOVE chetan1 (yellow): 93→82 [0.1ms]
[2026-05-06 12:58:33] MOVE chetan2 (purple): 27→14 [0.1ms]
[2026-05-06 12:58:33] MOVE chetan3 (lawn green): 89→77 [0.1ms]
[2026-05-06 12:58:33] MOVE chetan1 (yellow): 82→72 [0.1ms]
[2026-05-06 12:58:33] MOVE chetan2 (purple): 14→26 [0.1ms]
[2026-05-06 12:58:34] MOVE chetan3 (lawn green): 102→89 [0.2ms]
[2026-05-06 12:58:34] MOVE chetan1 (yellow): 72→63 [0.1ms]
[2026-05-06 12:58:34] MOVE chetan2 (purple): 26→37 [0.2ms]
[2026-05-06 12:58:34] MOVE chetan3 (lawn green): 77→102 [0.1ms]
[2026-05-06 12:58:34] MOVE chetan1 (yellow): 63→64 [0.1ms]
[2026-05-06 12:58:35] MOVE chetan2 (purple): 37→26 [0.1ms]
[2026-05-06 12:58:35] MOVE chetan3 (lawn green): 20→19 [0.1ms]
[2026-05-06 12:58:35] MOVE chetan1 (yellow): 64→73 [0.2ms]
[2026-05-06 12:58:35] MOVE chetan2 (purple): 26→14 [0.2ms]
[2026-05-06 12:58:35] MOVE chetan3 (lawn green): 89→111 [0.1ms]
[2026-05-06 12:58:35] MOVE chetan1 (yellow): 73→83 [0.1ms]
[2026-05-06 12:58:36] MOVE chetan2 (purple): 14→6 [0.1ms]
[2026-05-06 12:58:36] MOVE chetan3 (lawn green): 19→18 [0.1ms]
[2026-05-06 12:58:36] MOVE chetan1 (yellow): 83→94 [0.1ms]
[2026-05-06 12:58:36] MOVE chetan2 (purple): 6→15 [0.1ms]
[2026-05-06 12:58:36] MOVE chetan3 (lawn green): 111→89 [0.1ms]
[2026-05-06 12:58:36] MOVE chetan1 (yellow): 94→106 [0.1ms]
[2026-05-06 12:58:36] MOVE chetan2 (purple): 15→7 [0.1ms]
[2026-05-06 12:58:36] MOVE chetan3 (lawn green): 18→17 [0.1ms]
[2026-05-06 12:58:36] MOVE chetan1 (yellow): 106→93 [0.3ms]
[2026-05-06 12:58:37] MOVE chetan2 (purple): 7→3 [0.1ms]
[2026-05-06 12:58:37] MOVE chetan3 (lawn green): 89→77 [0.1ms]
[2026-05-06 12:58:37] MOVE chetan1 (yellow): 93→82 [0.5ms]
[2026-05-06 12:58:37] MOVE chetan2 (purple): 3→1 [0.1ms]
[2026-05-06 12:58:37] MOVE chetan3 (lawn green): 17→16 [0.1ms]
[2026-05-06 12:58:37] MOVE chetan1 (yellow): 82→72 [0.1ms]
[2026-05-06 12:58:37] MOVE chetan2 (purple): 1→4 [0.1ms]
[2026-05-06 12:58:37] MOVE chetan3 (lawn green): 77→66 [0.1ms]
[2026-05-06 12:58:37] MOVE chetan1 (yellow): 72→63 [0.1ms]
[2026-05-06 12:58:37] MOVE chetan2 (purple): 4→8 [0.1ms]
[2026-05-06 12:58:38] MOVE chetan3 (lawn green): 16→15 [0.2ms]
[2026-05-06 12:58:38] MOVE chetan1 (yellow): 63→64 [0.2ms]
[2026-05-06 12:58:38] MOVE chetan2 (purple): 8→16 [0.2ms]
[2026-05-06 12:58:38] MOVE chetan3 (lawn green): 66→56 [0.1ms]
[2026-05-06 12:58:38] MOVE chetan1 (yellow): 64→73 [0.2ms]
[2026-05-06 12:58:38] MOVE chetan2 (purple): 16→14 [0.1ms]
[2026-05-06 12:58:38] MOVE chetan3 (lawn green): 15→27 [0.1ms]
[2026-05-06 12:58:38] MOVE chetan1 (yellow): 73→83 [0.2ms]
[2026-05-06 12:58:39] MOVE chetan2 (purple): 14→26 [0.1ms]
[2026-05-06 12:58:39] MOVE chetan3 (lawn green): 102→89 [0.2ms]
[2026-05-06 12:58:39] MOVE chetan1 (yellow): 83→94 [0.1ms]
[2026-05-06 12:58:39] MOVE chetan2 (purple): 26→37 [0.2ms]
[2026-05-06 12:58:40] MOVE chetan3 (lawn green): 27→26 [0.1ms]
[2026-05-06 12:58:40] MOVE chetan1 (yellow): 94→106 [0.1ms]
[2026-05-06 12:58:40] MOVE chetan2 (purple): 37→47 [0.1ms]
[2026-05-06 12:58:40] MOVE chetan3 (lawn green): 89→77 [0.1ms]
[2026-05-06 12:58:40] MOVE chetan1 (yellow): 106→93 [0.1ms]
[2026-05-06 12:58:41] MOVE chetan2 (purple): 47→48 [0.3ms]
[2026-05-06 12:58:41] MOVE chetan3 (lawn green): 26→37 [0.1ms]
[2026-05-06 12:58:41] MOVE chetan1 (yellow): 93→82 [0.1ms]
[2026-05-06 12:58:41] MOVE chetan2 (purple): 48→38 [0.1ms]
[2026-05-06 12:58:41] MOVE chetan3 (lawn green): 77→66 [0.1ms]
[2026-05-06 12:58:42] MOVE chetan1 (yellow): 82→72 [0.1ms]
[2026-05-06 12:58:42] MOVE chetan2 (purple): 38→27 [0.1ms]
[2026-05-06 12:58:42] MOVE chetan3 (lawn green): 37→47 [0.1ms]
[2026-05-06 12:58:42] MOVE chetan1 (yellow): 72→63 [0.1ms]
[2026-05-06 12:58:42] MOVE chetan2 (purple): 27→15 [0.1ms]
[2026-05-06 12:58:42] MOVE chetan3 (lawn green): 56→77 [0.2ms]
[2026-05-06 12:58:42] MOVE chetan1 (yellow): 63→64 [0.1ms]
[2026-05-06 12:58:42] MOVE chetan2 (purple): 15→6 [0.2ms]
[2026-05-06 12:58:42] MOVE chetan3 (lawn green): 47→56 [0.1ms]
[2026-05-06 12:58:43] MOVE chetan1 (yellow): 64→73 [0.1ms]
[2026-05-06 12:58:43] MOVE chetan2 (purple): 6→14 [0.1ms]
[2026-05-06 12:58:43] MOVE chetan3 (lawn green): 77→89 [0.1ms]
[2026-05-06 12:58:43] MOVE chetan1 (yellow): 73→83 [0.1ms]
[2026-05-06 12:58:43] MOVE chetan2 (purple): 14→26 [0.1ms]
[2026-05-06 12:58:43] MOVE chetan3 (lawn green): 56→102 [0.1ms]
[2026-05-06 12:58:43] MOVE chetan1 (yellow): 83→94 [0.1ms]
[2026-05-06 12:58:43] MOVE chetan2 (purple): 26→37 [0.1ms]
[2026-05-06 12:58:43] MOVE chetan3 (lawn green): 66→56 [0.1ms]
[2026-05-06 12:58:44] MOVE chetan1 (yellow): 94→106 [0.1ms]
[2026-05-06 12:58:44] MOVE chetan2 (purple): 37→47 [0.1ms]
[2026-05-06 12:58:44] MOVE chetan3 (lawn green): 102→77 [0.1ms]
[2026-05-06 12:58:44] MOVE chetan1 (yellow): 106→93 [0.1ms]
[2026-05-06 12:58:44] MOVE chetan2 (purple): 47→48 [0.1ms]
[2026-05-06 12:58:44] MOVE chetan3 (lawn green): 89→66 [0.1ms]
[2026-05-06 12:58:44] MOVE chetan1 (yellow): 93→82 [0.1ms]
[2026-05-06 12:58:44] MOVE chetan2 (purple): 48→38 [0.1ms]
[2026-05-06 12:58:44] MOVE chetan3 (lawn green): 77→89 [0.1ms]
[2026-05-06 12:58:45] MOVE chetan1 (yellow): 82→72 [0.1ms]
[2026-05-06 12:58:45] MOVE chetan2 (purple): 38→27 [0.1ms]
[2026-05-06 12:58:45] MOVE chetan3 (lawn green): 56→102 [0.2ms]
[2026-05-06 12:58:45] MOVE chetan1 (yellow): 72→63 [0.1ms]
[2026-05-06 12:58:45] MOVE chetan2 (purple): 27→15 [0.1ms]
[2026-05-06 12:58:45] MOVE chetan3 (lawn green): 66→56 [0.1ms]
[2026-05-06 12:58:45] MOVE chetan1 (yellow): 63→64 [0.1ms]
[2026-05-06 12:58:45] MOVE chetan2 (purple): 15→6 [0.1ms]
[2026-05-06 12:58:45] MOVE chetan3 (lawn green): 102→77 [0.1ms]
[2026-05-06 12:58:45] MOVE chetan1 (yellow): 64→73 [0.1ms]
[2026-05-06 12:58:46] MOVE chetan2 (purple): 6→14 [0.1ms]
[2026-05-06 12:58:46] MOVE chetan3 (lawn green): 89→66 [0.1ms]
[2026-05-06 12:58:46] MOVE chetan1 (yellow): 73→83 [0.1ms]
[2026-05-06 12:58:46] MOVE chetan2 (purple): 14→26 [0.1ms]
[2026-05-06 12:58:46] MOVE chetan3 (lawn green): 77→89 [0.1ms]
[2026-05-06 12:58:46] MOVE chetan1 (yellow): 83→94 [0.1ms]
[2026-05-06 12:58:46] MOVE chetan2 (purple): 26→37 [0.1ms]
[2026-05-06 12:58:46] MOVE chetan3 (lawn green): 56→102 [0.1ms]
[2026-05-06 12:58:46] MOVE chetan1 (yellow): 94→106 [0.1ms]
[2026-05-06 12:58:47] MOVE chetan2 (purple): 37→47 [0.1ms]
[2026-05-06 12:58:47] MOVE chetan3 (lawn green): 66→56 [0.1ms]
[2026-05-06 12:58:47] MOVE chetan1 (yellow): 106→93 [0.1ms]
[2026-05-06 12:58:47] MOVE chetan2 (purple): 47→48 [0.1ms]
[2026-05-06 12:58:47] MOVE chetan3 (lawn green): 102→77 [0.1ms]
[2026-05-06 12:58:47] MOVE chetan1 (yellow): 93→82 [0.1ms]
[2026-05-06 12:58:47] MOVE chetan2 (purple): 48→38 [0.1ms]
[2026-05-06 12:58:48] MOVE chetan3 (lawn green): 89→66 [0.1ms]
[2026-05-06 12:58:48] MOVE chetan1 (yellow): 82→72 [0.1ms]
[2026-05-06 12:58:48] MOVE chetan2 (purple): 38→27 [0.1ms]
[2026-05-06 12:58:48] MOVE chetan3 (lawn green): 77→89 [0.2ms]
[2026-05-06 12:58:49] MOVE chetan1 (yellow): 72→63 [0.1ms]
[2026-05-06 12:58:49] MOVE chetan2 (purple): 27→15 [0.1ms]
[2026-05-06 12:58:49] MOVE chetan3 (lawn green): 56→102 [0.1ms]
[2026-05-06 12:58:49] MOVE chetan1 (yellow): 63→64 [0.1ms]
[2026-05-06 12:58:49] MOVE chetan2 (purple): 15→6 [0.1ms]
[2026-05-06 12:58:50] MOVE chetan3 (lawn green): 66→56 [0.3ms]
[2026-05-06 12:58:50] MOVE chetan1 (yellow): 64→73 [0.1ms]
[2026-05-06 12:58:50] MOVE chetan2 (purple): 6→14 [0.1ms]
[2026-05-06 12:58:50] MOVE chetan3 (lawn green): 102→77 [0.2ms]
[2026-05-06 12:58:51] MOVE chetan1 (yellow): 73→83 [0.1ms]
[2026-05-06 12:58:51] MOVE chetan2 (purple): 14→26 [0.1ms]
[2026-05-06 12:58:51] MOVE chetan3 (lawn green): 89→66 [0.1ms]
[2026-05-06 12:58:51] MOVE chetan1 (yellow): 83→94 [0.1ms]
[2026-05-06 12:58:51] MOVE chetan2 (purple): 26→37 [0.1ms]
[2026-05-06 12:58:51] MOVE chetan3 (lawn green): 77→89 [0.2ms]
[2026-05-06 12:58:51] MOVE chetan1 (yellow): 94→106 [0.1ms]
[2026-05-06 12:58:51] MOVE chetan2 (purple): 37→47 [0.1ms]
[2026-05-06 12:58:51] MOVE chetan3 (lawn green): 56→102 [0.1ms]
[2026-05-06 12:58:51] MOVE chetan1 (yellow): 106→93 [0.1ms]
[2026-05-06 12:58:52] MOVE chetan2 (purple): 47→56 [0.1ms]
[2026-05-06 12:58:52] MOVE chetan3 (lawn green): 66→77 [0.1ms]
[2026-05-06 12:58:52] MOVE chetan1 (yellow): 93→82 [0.1ms]
[2026-05-06 12:58:52] MOVE chetan2 (purple): 56→57 [0.1ms]
[2026-05-06 12:58:52] MOVE chetan3 (lawn green): 89→66 [0.1ms]
[2026-05-06 12:58:52] MOVE chetan1 (yellow): 82→72 [0.2ms]
[2026-05-06 12:58:52] MOVE chetan2 (purple): 57→48 [0.1ms]
[2026-05-06 12:58:52] MOVE chetan3 (lawn green): 77→56 [0.2ms]
[2026-05-06 12:58:52] MOVE chetan1 (yellow): 72→63 [0.1ms]
[2026-05-06 12:58:53] MOVE chetan2 (purple): 48→38 [0.1ms]
[2026-05-06 12:58:53] MOVE chetan3 (lawn green): 102→89 [0.1ms]
[2026-05-06 12:58:53] MOVE chetan1 (yellow): 63→64 [0.2ms]
[2026-05-06 12:58:53] MOVE chetan2 (purple): 38→27 [0.1ms]
[2026-05-06 12:58:53] MOVE chetan3 (lawn green): 56→102 [0.1ms]
[2026-05-06 12:58:53] MOVE chetan1 (yellow): 64→73 [0.1ms]
[2026-05-06 12:58:53] MOVE chetan2 (purple): 27→14 [0.1ms]
[2026-05-06 12:58:53] MOVE chetan3 (lawn green): 66→56 [0.2ms]
[2026-05-06 12:58:53] MOVE chetan1 (yellow): 73→83 [0.1ms]
[2026-05-06 12:58:53] MOVE chetan2 (purple): 14→26 [0.1ms]
[2026-05-06 12:58:54] MOVE chetan3 (lawn green): 89→77 [0.2ms]
[2026-05-06 12:58:54] MOVE chetan1 (yellow): 83→94 [0.1ms]
[2026-05-06 12:58:54] MOVE chetan2 (purple): 26→37 [0.2ms]
[2026-05-06 12:58:54] MOVE chetan3 (lawn green): 102→89 [0.2ms]
[2026-05-06 12:58:54] MOVE chetan1 (yellow): 94→106 [0.1ms]
[2026-05-06 12:58:54] MOVE chetan2 (purple): 37→47 [0.2ms]
[2026-05-06 12:58:54] MOVE chetan3 (lawn green): 77→102 [0.2ms]
[2026-05-06 12:58:54] MOVE chetan1 (yellow): 106→93 [0.1ms]
[2026-05-06 12:58:54] MOVE chetan2 (purple): 47→37 [0.1ms]
[2026-05-06 12:58:55] MOVE chetan3 (lawn green): 89→77 [0.2ms]
[2026-05-06 12:58:55] MOVE chetan1 (yellow): 93→82 [0.1ms]
[2026-05-06 12:58:55] MOVE chetan2 (purple): 37→26 [0.1ms]
[2026-05-06 12:58:55] MOVE chetan3 (lawn green): 56→66 [0.2ms]
[2026-05-06 12:58:55] MOVE chetan1 (yellow): 82→72 [0.1ms]
[2026-05-06 12:58:55] MOVE chetan2 (purple): 26→14 [0.1ms]
[2026-05-06 12:58:55] MOVE chetan3 (lawn green): 77→56 [0.1ms]
[2026-05-06 12:58:55] MOVE chetan1 (yellow): 72→63 [0.1ms]
[2026-05-06 12:58:55] MOVE chetan2 (purple): 14→6 [0.1ms]
[2026-05-06 12:58:56] MOVE chetan3 (lawn green): 66→77 [0.2ms]
[2026-05-06 12:58:56] MOVE chetan1 (yellow): 63→64 [0.1ms]
[2026-05-06 12:58:56] MOVE chetan2 (purple): 6→15 [0.1ms]
[2026-05-06 12:58:56] MOVE chetan3 (lawn green): 56→66 [0.1ms]
[2026-05-06 12:58:56] MOVE chetan1 (yellow): 64→73 [0.1ms]
[2026-05-06 12:58:56] MOVE chetan2 (purple): 15→27 [0.1ms]
[2026-05-06 12:58:56] MOVE chetan3 (lawn green): 77→56 [0.1ms]
[2026-05-06 12:58:56] MOVE chetan1 (yellow): 73→83 [0.2ms]
[2026-05-06 12:58:56] MOVE chetan2 (purple): 27→38 [0.1ms]
[2026-05-06 12:58:57] MOVE chetan3 (lawn green): 102→89 [0.1ms]
[2026-05-06 12:58:57] MOVE chetan1 (yellow): 83→94 [0.1ms]
[2026-05-06 12:58:57] MOVE chetan2 (purple): 38→48 [0.1ms]
[2026-05-06 12:58:57] MOVE chetan3 (lawn green): 56→102 [0.1ms]
[2026-05-06 12:58:57] MOVE chetan1 (yellow): 94→106 [0.1ms]
[2026-05-06 12:58:57] MOVE chetan2 (purple): 48→47 [0.1ms]
[2026-05-06 12:58:57] MOVE chetan3 (lawn green): 89→77 [0.1ms]
[2026-05-06 12:58:57] MOVE chetan1 (yellow): 106→93 [0.1ms]
[2026-05-06 12:58:57] MOVE chetan2 (purple): 47→37 [0.1ms]
[2026-05-06 12:58:57] MOVE chetan3 (lawn green): 66→89 [0.1ms]
[2026-05-06 12:58:58] MOVE chetan1 (yellow): 93→82 [0.1ms]
[2026-05-06 12:58:58] MOVE chetan2 (purple): 37→26 [0.3ms]
[2026-05-06 12:58:58] MOVE chetan3 (lawn green): 77→66 [0.1ms]
[2026-05-06 12:58:58] MOVE chetan1 (yellow): 82→72 [0.1ms]
[2026-05-06 12:58:58] MOVE chetan2 (purple): 26→14 [0.1ms]
[2026-05-06 12:58:58] MOVE chetan3 (lawn green): 89→77 [0.1ms]
[2026-05-06 12:58:58] MOVE chetan1 (yellow): 72→63 [0.7ms]
[2026-05-06 12:58:58] MOVE chetan2 (purple): 14→6 [0.2ms]
[2026-05-06 12:58:58] MOVE chetan3 (lawn green): 102→89 [0.1ms]
[2026-05-06 12:58:58] MOVE chetan1 (yellow): 63→64 [0.1ms]
[2026-05-06 12:58:59] MOVE chetan2 (purple): 6→15 [0.1ms]
[2026-05-06 12:58:59] MOVE chetan3 (lawn green): 77→56 [0.1ms]
[2026-05-06 12:58:59] MOVE chetan1 (yellow): 64→73 [0.4ms]
[2026-05-06 12:58:59] MOVE chetan2 (purple): 15→27 [0.2ms]
[2026-05-06 12:58:59] MOVE chetan3 (lawn green): 89→77 [0.2ms]
[2026-05-06 12:59:00] MOVE chetan1 (yellow): 73→83 [0.1ms]
[2026-05-06 12:59:00] MOVE chetan2 (purple): 27→38 [0.2ms]
[2026-05-06 12:59:00] MOVE chetan3 (lawn green): 66→89 [0.4ms]
[2026-05-06 12:59:00] MOVE chetan1 (yellow): 83→94 [0.1ms]
[2026-05-06 12:59:00] MOVE chetan2 (purple): 38→48 [0.1ms]
[2026-05-06 12:59:00] MOVE chetan3 (lawn green): 77→102 [0.1ms]
[2026-05-06 12:59:01] MOVE chetan1 (yellow): 94→106 [0.1ms]
[2026-05-06 12:59:01] MOVE chetan2 (purple): 48→47 [0.1ms]
[2026-05-06 12:59:01] MOVE chetan3 (lawn green): 56→66 [0.1ms]
[2026-05-06 12:59:01] MOVE chetan1 (yellow): 106→93 [0.2ms]
[2026-05-06 12:59:01] MOVE chetan2 (purple): 47→37 [0.1ms]
[2026-05-06 12:59:02] MOVE chetan3 (lawn green): 102→56 [0.1ms]
[2026-05-06 12:59:02] MOVE chetan1 (yellow): 93→82 [0.1ms]
[2026-05-06 12:59:02] MOVE chetan2 (purple): 37→26 [0.1ms]
[2026-05-06 12:59:02] MOVE chetan3 (lawn green): 89→77 [0.2ms]
[2026-05-06 12:59:02] MOVE chetan1 (yellow): 82→72 [0.2ms]
[2026-05-06 12:59:02] MOVE chetan2 (purple): 26→14 [0.1ms]
[2026-05-06 12:59:02] MOVE chetan3 (lawn green): 66→89 [0.1ms]
[2026-05-06 12:59:02] MOVE chetan1 (yellow): 72→63 [0.1ms]
[2026-05-06 12:59:02] MOVE chetan2 (purple): 14→6 [0.1ms]
[2026-05-06 12:59:03] MOVE chetan3 (lawn green): 77→102 [0.1ms]
[2026-05-06 12:59:03] MOVE chetan1 (yellow): 63→64 [0.1ms]
[2026-05-06 12:59:03] MOVE chetan2 (purple): 6→15 [0.3ms]
[2026-05-06 12:59:03] MOVE chetan3 (lawn green): 56→66 [0.3ms]
[2026-05-06 12:59:03] MOVE chetan1 (yellow): 64→73 [0.1ms]
[2026-05-06 12:59:03] MOVE chetan2 (purple): 15→27 [0.1ms]
[2026-05-06 12:59:03] MOVE chetan3 (lawn green): 102→56 [0.1ms]
[2026-05-06 12:59:03] MOVE chetan1 (yellow): 73→83 [0.2ms]
[2026-05-06 12:59:03] MOVE chetan2 (purple): 27→38 [0.2ms]
[2026-05-06 12:59:04] MOVE chetan3 (lawn green): 66→77 [0.1ms]
[2026-05-06 12:59:04] MOVE chetan1 (yellow): 83→94 [0.1ms]
[2026-05-06 12:59:04] MOVE chetan2 (purple): 38→48 [0.1ms]
[2026-05-06 12:59:04] MOVE chetan3 (lawn green): 89→102 [0.1ms]
[2026-05-06 12:59:04] MOVE chetan1 (yellow): 94→106 [0.1ms]
[2026-05-06 12:59:04] MOVE chetan2 (purple): 48→47 [0.2ms]
[2026-05-06 12:59:04] MOVE chetan3 (lawn green): 77→89 [0.1ms]
[2026-05-06 12:59:05] MOVE chetan1 (yellow): 106→93 [0.2ms]
[2026-05-06 12:59:05] MOVE chetan2 (purple): 47→37 [0.1ms]
[2026-05-06 12:59:05] MOVE chetan3 (lawn green): 102→77 [0.3ms]
[2026-05-06 12:59:05] MOVE chetan1 (yellow): 93→82 [0.1ms]
[2026-05-06 12:59:05] MOVE chetan2 (purple): 37→26 [0.2ms]
[2026-05-06 12:59:06] MOVE chetan3 (lawn green): 89→102 [0.1ms]
[2026-05-06 12:59:06] MOVE chetan1 (yellow): 82→72 [0.2ms]
[2026-05-06 12:59:06] MOVE chetan2 (purple): 26→14 [0.1ms]
[2026-05-06 12:59:06] MOVE chetan3 (lawn green): 77→66 [0.1ms]
[2026-05-06 12:59:06] MOVE chetan1 (yellow): 72→63 [0.1ms]
[2026-05-06 12:59:07] MOVE chetan2 (purple): 14→6 [0.1ms]
[2026-05-06 12:59:07] MOVE chetan3 (lawn green): 56→77 [0.2ms]
[2026-05-06 12:59:07] MOVE chetan1 (yellow): 63→64 [0.1ms]
[2026-05-06 12:59:07] MOVE chetan2 (purple): 6→15 [0.1ms]
[2026-05-06 12:59:08] MOVE chetan3 (lawn green): 66→89 [0.1ms]
[2026-05-06 12:59:08] MOVE chetan1 (yellow): 64→73 [0.1ms]
[2026-05-06 12:59:08] MOVE chetan2 (purple): 15→27 [0.1ms]
[2026-05-06 12:59:08] MOVE chetan3 (lawn green): 77→66 [0.2ms]
[2026-05-06 12:59:08] MOVE chetan1 (yellow): 73→83 [0.1ms]
[2026-05-06 12:59:09] MOVE chetan2 (purple): 27→38 [0.1ms]
[2026-05-06 12:59:09] MOVE chetan3 (lawn green): 102→56 [0.1ms]
[2026-05-06 12:59:09] MOVE chetan1 (yellow): 83→94 [0.1ms]
[2026-05-06 12:59:09] MOVE chetan2 (purple): 38→48 [0.1ms]
[2026-05-06 12:59:09] MOVE chetan3 (lawn green): 89→102 [0.1ms]
[2026-05-06 12:59:10] MOVE chetan1 (yellow): 94→106 [0.1ms]
[2026-05-06 12:59:10] MOVE chetan2 (purple): 48→47 [0.1ms]
[2026-05-06 12:59:10] MOVE chetan3 (lawn green): 56→77 [0.1ms]
[2026-05-06 12:59:10] MOVE chetan1 (yellow): 106→93 [0.2ms]
[2026-05-06 12:59:11] MOVE chetan2 (purple): 47→37 [0.1ms]
[2026-05-06 12:59:11] MOVE chetan3 (lawn green): 66→89 [0.1ms]
[2026-05-06 12:59:11] MOVE chetan1 (yellow): 93→82 [0.1ms]
[2026-05-06 12:59:11] MOVE chetan2 (purple): 37→26 [0.1ms]
[2026-05-06 12:59:11] MOVE chetan3 (lawn green): 77→66 [0.1ms]
[2026-05-06 12:59:12] MOVE chetan1 (yellow): 82→72 [0.1ms]
[2026-05-06 12:59:12] MOVE chetan2 (purple): 26→14 [0.1ms]
[2026-05-06 12:59:12] MOVE chetan3 (lawn green): 102→56 [0.1ms]
[2026-05-06 12:59:12] MOVE chetan1 (yellow): 72→63 [0.2ms]
[2026-05-06 12:59:12] MOVE chetan2 (purple): 14→6 [0.1ms]
[2026-05-06 12:59:13] MOVE chetan3 (lawn green): 89→77 [0.1ms]
[2026-05-06 12:59:13] MOVE chetan1 (yellow): 63→64 [0.1ms]
[2026-05-06 12:59:13] MOVE chetan2 (purple): 6→15 [0.1ms]
[2026-05-06 12:59:13] MOVE chetan3 (lawn green): 66→89 [0.1ms]
[2026-05-06 12:59:13] MOVE chetan1 (yellow): 64→73 [0.1ms]
[2026-05-06 12:59:14] MOVE chetan2 (purple): 15→27 [0.1ms]
[2026-05-06 12:59:14] MOVE chetan3 (lawn green): 77→102 [0.1ms]
[2026-05-06 12:59:14] MOVE chetan1 (yellow): 73→83 [0.2ms]
[2026-05-06 12:59:14] MOVE chetan2 (purple): 27→38 [0.1ms]
[2026-05-06 12:59:14] MOVE chetan3 (lawn green): 56→66 [0.1ms]
[2026-05-06 12:59:15] MOVE chetan1 (yellow): 83→94 [0.1ms]
[2026-05-06 12:59:15] MOVE chetan2 (purple): 38→48 [0.2ms]
[2026-05-06 12:59:15] MOVE chetan3 (lawn green): 102→56 [0.1ms]
[2026-05-06 12:59:15] MOVE chetan1 (yellow): 94→106 [0.2ms]
[2026-05-06 12:59:16] MOVE chetan2 (purple): 48→47 [0.1ms]
[2026-05-06 12:59:16] MOVE chetan3 (lawn green): 89→77 [0.1ms]
[2026-05-06 12:59:16] MOVE chetan1 (yellow): 106→93 [0.1ms]
[2026-05-06 12:59:16] MOVE chetan2 (purple): 47→37 [0.1ms]
[2026-05-06 12:59:16] MOVE chetan3 (lawn green): 66→89 [0.1ms]
[2026-05-06 12:59:17] MOVE chetan1 (yellow): 93→82 [0.1ms]
[2026-05-06 12:59:17] MOVE chetan2 (purple): 37→26 [0.1ms]
[2026-05-06 12:59:17] MOVE chetan3 (lawn green): 77→102 [0.1ms]
[2026-05-06 12:59:17] MOVE chetan1 (yellow): 82→72 [0.1ms]
[2026-05-06 12:59:18] MOVE chetan2 (purple): 26→14 [0.3ms]
[2026-05-06 12:59:18] MOVE chetan3 (lawn green): 89→77 [0.1ms]
[2026-05-06 12:59:18] MOVE chetan1 (yellow): 72→63 [0.1ms]
[2026-05-06 12:59:18] MOVE chetan2 (purple): 14→6 [0.1ms]
[2026-05-06 12:59:18] MOVE chetan3 (lawn green): 56→66 [0.1ms]
[2026-05-06 12:59:19] MOVE chetan1 (yellow): 63→64 [0.1ms]
[2026-05-06 12:59:19] MOVE chetan2 (purple): 6→15 [0.1ms]
[2026-05-06 12:59:19] MOVE chetan3 (lawn green): 77→56 [0.1ms]
[2026-05-06 12:59:19] MOVE chetan1 (yellow): 64→73 [0.1ms]
[2026-05-06 12:59:20] MOVE chetan2 (purple): 15→27 [0.1ms]
[2026-05-06 12:59:20] MOVE chetan3 (lawn green): 102→89 [0.1ms]
[2026-05-06 12:59:20] MOVE chetan1 (yellow): 73→83 [0.1ms]
[2026-05-06 12:59:20] MOVE chetan2 (purple): 27→38 [0.1ms]
[2026-05-06 12:59:21] MOVE chetan3 (lawn green): 56→102 [0.1ms]
[2026-05-06 12:59:21] MOVE chetan1 (yellow): 83→94 [0.1ms]
[2026-05-06 12:59:21] MOVE chetan2 (purple): 38→48 [0.1ms]
[2026-05-06 12:59:21] MOVE chetan3 (lawn green): 66→56 [0.2ms]
[2026-05-06 12:59:22] MOVE chetan1 (yellow): 94→106 [0.1ms]
[2026-05-06 12:59:22] MOVE chetan2 (purple): 48→47 [0.1ms]
[2026-05-06 12:59:22] MOVE chetan3 (lawn green): 89→77 [0.2ms]
[2026-05-06 12:59:22] MOVE chetan1 (yellow): 106→93 [0.1ms]
[2026-05-06 12:59:23] MOVE chetan2 (purple): 47→37 [0.4ms]
[2026-05-06 12:59:23] MOVE chetan3 (lawn green): 102→89 [0.1ms]
[2026-05-06 12:59:23] MOVE chetan1 (yellow): 93→82 [0.1ms]
[2026-05-06 12:59:23] MOVE chetan2 (purple): 37→26 [0.1ms]
[2026-05-06 12:59:24] MOVE chetan3 (lawn green): 77→102 [0.2ms]
[2026-05-06 12:59:24] MOVE chetan1 (yellow): 82→72 [1.1ms]
[2026-05-06 12:59:24] MOVE chetan2 (purple): 26→14 [2.1ms]
[2026-05-06 12:59:24] MOVE chetan3 (lawn green): 89→77 [0.1ms]
[2026-05-06 12:59:25] MOVE chetan1 (yellow): 72→63 [0.2ms]
[2026-05-06 12:59:25] MOVE chetan2 (purple): 14→6 [0.2ms]
[2026-05-06 12:59:25] MOVE chetan3 (lawn green): 56→66 [0.1ms]
[2026-05-06 12:59:25] MOVE chetan1 (yellow): 63→64 [0.2ms]
[2026-05-06 12:59:26] MOVE chetan2 (purple): 6→15 [0.1ms]
[2026-05-06 12:59:26] MOVE chetan3 (lawn green): 77→56 [0.1ms]
[2026-05-06 12:59:26] MOVE chetan1 (yellow): 64→73 [0.1ms]
[2026-05-06 12:59:26] MOVE chetan2 (purple): 15→27 [0.1ms]
[2026-05-06 12:59:27] MOVE chetan3 (lawn green): 102→89 [0.2ms]
[2026-05-06 12:59:27] MOVE chetan1 (yellow): 73→83 [0.1ms]
[2026-05-06 12:59:27] MOVE chetan2 (purple): 27→38 [0.1ms]
[2026-05-06 12:59:27] MOVE chetan3 (lawn green): 56→102 [0.1ms]
[2026-05-06 12:59:27] MOVE chetan1 (yellow): 83→94 [0.1ms]
[2026-05-06 12:59:27] MOVE chetan2 (purple): 38→48 [0.4ms]
[2026-05-06 12:59:27] MOVE chetan3 (lawn green): 66→56 [0.3ms]
[2026-05-06 12:59:27] MOVE chetan1 (yellow): 94→106 [0.1ms]
[2026-05-06 12:59:28] MOVE chetan2 (purple): 48→47 [0.1ms]
[2026-05-06 12:59:28] MOVE chetan3 (lawn green): 89→77 [0.2ms]
[2026-05-06 12:59:28] MOVE chetan1 (yellow): 106→93 [0.2ms]
[2026-05-06 12:59:28] MOVE chetan2 (purple): 47→37 [0.1ms]
[2026-05-06 12:59:28] MOVE chetan3 (lawn green): 102→89 [0.1ms]
[2026-05-06 12:59:28] MOVE chetan1 (yellow): 93→82 [0.1ms]
[2026-05-06 12:59:29] MOVE chetan2 (purple): 37→26 [0.2ms]
[2026-05-06 12:59:29] MOVE chetan3 (lawn green): 77→102 [0.3ms]
[2026-05-06 12:59:29] MOVE chetan1 (yellow): 82→72 [0.1ms]
[2026-05-06 12:59:29] MOVE chetan2 (purple): 26→14 [0.1ms]
[2026-05-06 12:59:29] MOVE chetan3 (lawn green): 89→77 [0.1ms]
[2026-05-06 12:59:29] MOVE chetan1 (yellow): 72→63 [0.2ms]
[2026-05-06 12:59:30] MOVE chetan2 (purple): 14→6 [0.1ms]
[2026-05-06 12:59:30] MOVE chetan3 (lawn green): 56→66 [0.1ms]
[2026-05-06 12:59:30] MOVE chetan1 (yellow): 63→64 [0.1ms]
[2026-05-06 12:59:30] MOVE chetan2 (purple): 6→15 [0.2ms]
[2026-05-06 12:59:31] MOVE chetan3 (lawn green): 77→56 [0.1ms]
[2026-05-06 12:59:31] MOVE chetan1 (yellow): 64→73 [0.1ms]
[2026-05-06 12:59:31] MOVE chetan2 (purple): 15→27 [0.1ms]
[2026-05-06 12:59:31] MOVE chetan3 (lawn green): 102→89 [0.2ms]
[2026-05-06 12:59:31] MOVE chetan1 (yellow): 73→83 [0.1ms]
[2026-05-06 12:59:32] MOVE chetan2 (purple): 27→38 [0.1ms]
[2026-05-06 12:59:32] MOVE chetan3 (lawn green): 56→102 [0.1ms]
[2026-05-06 12:59:32] MOVE chetan1 (yellow): 83→94 [0.1ms]
[2026-05-06 12:59:32] MOVE chetan2 (purple): 38→48 [0.1ms]
[2026-05-06 12:59:32] MOVE chetan3 (lawn green): 66→56 [0.1ms]
[2026-05-06 12:59:32] MOVE chetan1 (yellow): 94→106 [0.1ms]
[2026-05-06 12:59:32] MOVE chetan2 (purple): 48→47 [0.2ms]
[2026-05-06 12:59:33] MOVE chetan3 (lawn green): 89→77 [0.1ms]
[2026-05-06 12:59:33] MOVE chetan1 (yellow): 106→93 [0.1ms]
[2026-05-06 12:59:33] MOVE chetan2 (purple): 47→37 [0.1ms]
[2026-05-06 12:59:33] MOVE chetan3 (lawn green): 102→89 [0.1ms]
[2026-05-06 12:59:33] MOVE chetan1 (yellow): 93→82 [0.1ms]
[2026-05-06 12:59:33] MOVE chetan2 (purple): 37→26 [0.1ms]
[2026-05-06 12:59:34] MOVE chetan3 (lawn green): 77→102 [0.1ms]
[2026-05-06 12:59:34] MOVE chetan1 (yellow): 82→72 [0.1ms]
[2026-05-06 12:59:34] MOVE chetan2 (purple): 26→14 [0.1ms]
[2026-05-06 12:59:34] MOVE chetan3 (lawn green): 89→77 [0.1ms]
[2026-05-06 12:59:34] MOVE chetan1 (yellow): 72→63 [0.1ms]
[2026-05-06 12:59:34] MOVE chetan2 (purple): 14→6 [0.1ms]
[2026-05-06 12:59:34] MOVE chetan3 (lawn green): 56→66 [0.1ms]
[2026-05-06 12:59:34] MOVE chetan1 (yellow): 63→64 [0.1ms]
[2026-05-06 12:59:34] MOVE chetan2 (purple): 6→15 [0.1ms]
[2026-05-06 12:59:34] MOVE chetan3 (lawn green): 77→56 [0.1ms]
[2026-05-06 12:59:34] MOVE chetan1 (yellow): 64→73 [0.1ms]
[2026-05-06 12:59:35] MOVE chetan2 (purple): 15→27 [0.1ms]
[2026-05-06 12:59:35] MOVE chetan3 (lawn green): 102→89 [0.1ms]
[2026-05-06 12:59:35] MOVE chetan1 (yellow): 73→83 [0.1ms]
[2026-05-06 12:59:35] MOVE chetan2 (purple): 27→38 [0.1ms]
[2026-05-06 12:59:35] MOVE chetan3 (lawn green): 56→102 [0.2ms]
[2026-05-06 12:59:35] MOVE chetan1 (yellow): 83→94 [0.1ms]
[2026-05-06 12:59:35] MOVE chetan2 (purple): 38→48 [0.1ms]
[2026-05-06 12:59:36] MOVE chetan3 (lawn green): 66→56 [0.1ms]
[2026-05-06 12:59:36] MOVE chetan1 (yellow): 94→106 [0.1ms]
[2026-05-06 12:59:36] MOVE chetan2 (purple): 48→47 [0.1ms]
[2026-05-06 12:59:36] MOVE chetan3 (lawn green): 89→77 [0.3ms]
[2026-05-06 12:59:36] MOVE chetan1 (yellow): 106→93 [0.2ms]
[2026-05-06 12:59:36] MOVE chetan2 (purple): 47→37 [0.1ms]
[2026-05-06 12:59:36] MOVE chetan3 (lawn green): 102→89 [0.1ms]
[2026-05-06 12:59:37] MOVE chetan1 (yellow): 93→82 [0.1ms]
[2026-05-06 12:59:37] MOVE chetan2 (purple): 37→26 [0.1ms]
[2026-05-06 12:59:37] MOVE chetan3 (lawn green): 77→102 [0.1ms]
[2026-05-06 12:59:37] MOVE chetan1 (yellow): 82→72 [0.1ms]
[2026-05-06 12:59:38] MOVE chetan2 (purple): 26→14 [0.1ms]
[2026-05-06 12:59:38] MOVE chetan3 (lawn green): 89→77 [0.1ms]
[2026-05-06 12:59:38] MOVE chetan1 (yellow): 72→63 [0.1ms]
[2026-05-06 12:59:38] MOVE chetan2 (purple): 14→6 [0.1ms]
[2026-05-06 12:59:38] MOVE chetan3 (lawn green): 56→66 [0.3ms]
[2026-05-06 12:59:39] MOVE chetan1 (yellow): 63→64 [0.1ms]
[2026-05-06 12:59:39] MOVE chetan2 (purple): 6→15 [0.1ms]
[2026-05-06 12:59:39] MOVE chetan3 (lawn green): 77→56 [0.1ms]
[2026-05-06 12:59:39] MOVE chetan1 (yellow): 64→73 [0.1ms]
[2026-05-06 12:59:40] MOVE chetan2 (purple): 15→27 [0.1ms]
[2026-05-06 12:59:40] MOVE chetan3 (lawn green): 102→89 [0.1ms]
[2026-05-06 12:59:40] MOVE chetan1 (yellow): 73→83 [1.2ms]
[2026-05-06 12:59:40] MOVE chetan2 (purple): 27→38 [0.1ms]
[2026-05-06 12:59:40] MOVE chetan3 (lawn green): 56→102 [0.1ms]
[2026-05-06 12:59:41] MOVE chetan1 (yellow): 83→94 [0.2ms]
[2026-05-06 12:59:41] MOVE chetan2 (purple): 38→48 [0.1ms]
[2026-05-06 12:59:41] MOVE chetan3 (lawn green): 66→56 [0.1ms]
[2026-05-06 12:59:41] MOVE chetan1 (yellow): 94→106 [0.1ms]
[2026-05-06 12:59:41] MOVE chetan2 (purple): 48→47 [0.1ms]
[2026-05-06 12:59:42] MOVE chetan3 (lawn green): 89→77 [0.1ms]
[2026-05-06 12:59:42] MOVE chetan1 (yellow): 106→93 [0.2ms]
[2026-05-06 12:59:42] MOVE chetan2 (purple): 47→37 [0.1ms]
[2026-05-06 12:59:42] MOVE chetan3 (lawn green): 102→89 [0.1ms]
[2026-05-06 12:59:42] MOVE chetan1 (yellow): 93→82 [0.1ms]
[2026-05-06 12:59:43] MOVE chetan2 (purple): 37→26 [0.1ms]
[2026-05-06 12:59:43] MOVE chetan3 (lawn green): 77→102 [0.1ms]
[2026-05-06 12:59:43] MOVE chetan1 (yellow): 82→72 [0.1ms]
[2026-05-06 12:59:43] MOVE chetan2 (purple): 26→14 [0.1ms]
[2026-05-06 12:59:43] MOVE chetan3 (lawn green): 89→77 [0.1ms]
[2026-05-06 12:59:43] MOVE chetan1 (yellow): 72→63 [0.1ms]
[2026-05-06 12:59:43] MOVE chetan2 (purple): 14→6 [0.1ms]
[2026-05-06 12:59:43] MOVE chetan3 (lawn green): 56→66 [0.1ms]
[2026-05-06 12:59:43] MOVE chetan1 (yellow): 63→64 [0.1ms]
[2026-05-06 12:59:44] MOVE chetan2 (purple): 6→15 [0.1ms]
[2026-05-06 12:59:44] MOVE chetan3 (lawn green): 77→56 [0.1ms]
[2026-05-06 12:59:44] MOVE chetan1 (yellow): 64→73 [0.1ms]
[2026-05-06 12:59:44] MOVE chetan2 (purple): 15→27 [0.1ms]
[2026-05-06 12:59:44] MOVE chetan3 (lawn green): 102→89 [0.1ms]
[2026-05-06 12:59:44] MOVE chetan1 (yellow): 73→83 [0.1ms]
[2026-05-06 12:59:45] MOVE chetan2 (purple): 27→38 [0.1ms]
[2026-05-06 12:59:45] MOVE chetan3 (lawn green): 56→102 [0.1ms]
[2026-05-06 12:59:45] MOVE chetan1 (yellow): 83→94 [0.1ms]
[2026-05-06 12:59:45] MOVE chetan2 (purple): 38→48 [0.3ms]
[2026-05-06 12:59:45] MOVE chetan3 (lawn green): 66→56 [0.1ms]
[2026-05-06 12:59:46] MOVE chetan1 (yellow): 94→106 [0.1ms]
[2026-05-06 12:59:46] MOVE chetan2 (purple): 48→47 [0.1ms]
[2026-05-06 12:59:46] MOVE chetan3 (lawn green): 89→77 [0.1ms]
[2026-05-06 12:59:46] MOVE chetan1 (yellow): 106→93 [0.1ms]
[2026-05-06 12:59:46] MOVE chetan2 (purple): 47→37 [0.1ms]
[2026-05-06 12:59:47] MOVE chetan3 (lawn green): 102→89 [0.1ms]
[2026-05-06 12:59:47] MOVE chetan1 (yellow): 93→82 [0.1ms]
[2026-05-06 12:59:47] MOVE chetan2 (purple): 37→26 [0.1ms]
[2026-05-06 12:59:47] MOVE chetan3 (lawn green): 77→102 [0.1ms]
[2026-05-06 12:59:47] MOVE chetan1 (yellow): 82→72 [0.4ms]
[2026-05-06 12:59:48] MOVE chetan2 (purple): 26→14 [0.1ms]
[2026-05-06 12:59:48] MOVE chetan3 (lawn green): 89→77 [0.1ms]
[2026-05-06 12:59:48] MOVE chetan1 (yellow): 72→63 [0.1ms]
[2026-05-06 12:59:48] MOVE chetan2 (purple): 14→6 [0.1ms]
[2026-05-06 12:59:48] MOVE chetan3 (lawn green): 56→66 [0.1ms]
[2026-05-06 12:59:48] MOVE chetan1 (yellow): 63→64 [0.1ms]
[2026-05-06 12:59:48] MOVE chetan2 (purple): 6→15 [0.1ms]
[2026-05-06 12:59:48] MOVE chetan3 (lawn green): 77→56 [0.2ms]
[2026-05-06 12:59:49] MOVE chetan1 (yellow): 64→73 [0.1ms]
[2026-05-06 12:59:49] MOVE chetan2 (purple): 15→27 [0.1ms]
[2026-05-06 12:59:49] MOVE chetan3 (lawn green): 102→89 [0.1ms]
[2026-05-06 12:59:49] MOVE chetan1 (yellow): 73→83 [0.1ms]
[2026-05-06 12:59:49] MOVE chetan2 (purple): 27→38 [0.1ms]
[2026-05-06 12:59:49] MOVE chetan3 (lawn green): 56→102 [0.1ms]
[2026-05-06 12:59:50] MOVE chetan1 (yellow): 83→94 [0.1ms]
[2026-05-06 12:59:50] MOVE chetan2 (purple): 38→48 [0.2ms]
[2026-05-06 12:59:50] MOVE chetan3 (lawn green): 66→56 [0.1ms]
[2026-05-06 12:59:50] MOVE chetan1 (yellow): 94→106 [0.1ms]
[2026-05-06 12:59:50] MOVE chetan2 (purple): 48→47 [0.1ms]
[2026-05-06 12:59:50] MOVE chetan3 (lawn green): 89→77 [0.1ms]
[2026-05-06 12:59:50] MOVE chetan1 (yellow): 106→93 [0.1ms]
[2026-05-06 12:59:50] MOVE chetan2 (purple): 47→37 [0.1ms]
[2026-05-06 12:59:50] MOVE chetan3 (lawn green): 102→89 [0.1ms]
[2026-05-06 12:59:51] MOVE chetan1 (yellow): 93→82 [0.1ms]
[2026-05-06 12:59:51] MOVE chetan2 (purple): 37→26 [0.1ms]
[2026-05-06 12:59:51] MOVE chetan3 (lawn green): 77→102 [0.1ms]
[2026-05-06 12:59:51] MOVE chetan1 (yellow): 82→72 [0.1ms]
[2026-05-06 12:59:51] MOVE chetan2 (purple): 26→14 [0.1ms]
[2026-05-06 12:59:51] MOVE chetan3 (lawn green): 89→77 [0.1ms]
[2026-05-06 12:59:51] MOVE chetan1 (yellow): 72→63 [0.1ms]
[2026-05-06 12:59:51] MOVE chetan2 (purple): 14→6 [0.1ms]
[2026-05-06 12:59:51] MOVE chetan3 (lawn green): 56→66 [0.1ms]
[2026-05-06 12:59:52] MOVE chetan1 (yellow): 63→64 [0.1ms]
[2026-05-06 12:59:52] MOVE chetan2 (purple): 6→15 [0.2ms]
[2026-05-06 12:59:52] MOVE chetan3 (lawn green): 77→56 [0.1ms]
[2026-05-06 12:59:52] MOVE chetan1 (yellow): 64→73 [0.1ms]
[2026-05-06 12:59:52] MOVE chetan2 (purple): 15→27 [0.1ms]
[2026-05-06 12:59:52] MOVE chetan3 (lawn green): 102→89 [0.1ms]
[2026-05-06 12:59:53] MOVE chetan1 (yellow): 73→83 [0.1ms]
[2026-05-06 12:59:53] MOVE chetan2 (purple): 27→38 [0.1ms]
[2026-05-06 12:59:53] MOVE chetan3 (lawn green): 56→102 [0.1ms]
[2026-05-06 12:59:53] MOVE chetan1 (yellow): 83→94 [0.1ms]
[2026-05-06 12:59:53] MOVE chetan2 (purple): 38→48 [0.1ms]
[2026-05-06 12:59:53] MOVE chetan3 (lawn green): 66→56 [0.1ms]
[2026-05-06 12:59:53] MOVE chetan1 (yellow): 94→106 [0.3ms]
[2026-05-06 12:59:53] MOVE chetan2 (purple): 48→47 [0.1ms]
[2026-05-06 12:59:53] MOVE chetan3 (lawn green): 89→77 [0.1ms]
[2026-05-06 12:59:53] MOVE chetan1 (yellow): 106→93 [0.1ms]
[2026-05-06 12:59:53] MOVE chetan2 (purple): 47→37 [0.1ms]
[2026-05-06 12:59:54] MOVE chetan3 (lawn green): 102→89 [0.1ms]
[2026-05-06 12:59:54] MOVE chetan1 (yellow): 93→82 [0.1ms]
[2026-05-06 12:59:54] MOVE chetan2 (purple): 37→26 [0.1ms]
[2026-05-06 12:59:54] MOVE chetan3 (lawn green): 77→102 [0.1ms]
[2026-05-06 12:59:54] MOVE chetan1 (yellow): 82→72 [0.2ms]
[2026-05-06 12:59:54] MOVE chetan2 (purple): 26→14 [0.1ms]
[2026-05-06 12:59:54] MOVE chetan3 (lawn green): 89→77 [1.2ms]
[2026-05-06 12:59:55] MOVE chetan1 (yellow): 72→63 [0.1ms]
[2026-05-06 12:59:55] MOVE chetan2 (purple): 14→6 [0.1ms]
[2026-05-06 12:59:55] MOVE chetan3 (lawn green): 56→66 [0.2ms]
[2026-05-06 12:59:55] MOVE chetan1 (yellow): 63→64 [0.1ms]
[2026-05-06 12:59:56] MOVE chetan2 (purple): 6→15 [0.1ms]
[2026-05-06 12:59:56] MOVE chetan3 (lawn green): 77→56 [0.1ms]
[2026-05-06 12:59:56] MOVE chetan1 (yellow): 64→73 [0.1ms]
[2026-05-06 12:59:56] MOVE chetan2 (purple): 15→27 [0.2ms]
[2026-05-06 12:59:56] MOVE chetan3 (lawn green): 102→89 [0.1ms]
[2026-05-06 12:59:57] MOVE chetan1 (yellow): 73→83 [0.1ms]
[2026-05-06 12:59:57] MOVE chetan2 (purple): 27→38 [0.1ms]
[2026-05-06 12:59:57] MOVE chetan3 (lawn green): 56→102 [0.1ms]
[2026-05-06 12:59:57] MOVE chetan1 (yellow): 83→94 [0.2ms]
[2026-05-06 12:59:57] MOVE chetan2 (purple): 38→48 [0.6ms]
[2026-05-06 12:59:57] MOVE chetan3 (lawn green): 66→56 [0.3ms]
[2026-05-06 12:59:58] MOVE chetan1 (yellow): 94→106 [0.1ms]
[2026-05-06 12:59:58] MOVE chetan2 (purple): 48→47 [0.1ms]
[2026-05-06 12:59:58] MOVE chetan3 (lawn green): 89→77 [0.1ms]
[2026-05-06 12:59:58] MOVE chetan1 (yellow): 106→93 [0.1ms]
[2026-05-06 12:59:58] MOVE chetan2 (purple): 47→37 [0.2ms]
[2026-05-06 12:59:59] MOVE chetan3 (lawn green): 102→89 [0.1ms]
[2026-05-06 12:59:59] MOVE chetan1 (yellow): 93→82 [0.1ms]
[2026-05-06 12:59:59] MOVE chetan2 (purple): 37→26 [0.1ms]
[2026-05-06 12:59:59] MOVE chetan3 (lawn green): 77→102 [0.1ms]
[2026-05-06 13:00:00] MOVE chetan1 (yellow): 82→72 [0.1ms]
[2026-05-06 13:00:00] MOVE chetan2 (purple): 26→14 [0.3ms]
[2026-05-06 13:00:00] MOVE chetan3 (lawn green): 89→77 [0.1ms]
[2026-05-06 13:00:00] MOVE chetan1 (yellow): 72→63 [0.1ms]
[2026-05-06 13:00:00] MOVE chetan2 (purple): 14→6 [0.1ms]
[2026-05-06 13:00:00] MOVE chetan3 (lawn green): 56→66 [0.2ms]
[2026-05-06 13:00:00] MOVE chetan1 (yellow): 63→64 [0.1ms]
[2026-05-06 13:00:01] MOVE chetan2 (purple): 6→15 [0.1ms]
[2026-05-06 13:00:01] MOVE chetan3 (lawn green): 77→56 [0.2ms]
[2026-05-06 13:00:01] MOVE chetan1 (yellow): 64→73 [0.1ms]
[2026-05-06 13:00:01] MOVE chetan2 (purple): 15→27 [0.1ms]
[2026-05-06 13:00:01] MOVE chetan3 (lawn green): 102→89 [0.1ms]
[2026-05-06 13:00:01] MOVE chetan1 (yellow): 73→83 [0.1ms]
[2026-05-06 13:00:01] MOVE chetan2 (purple): 27→38 [0.2ms]
[2026-05-06 13:00:02] MOVE chetan3 (lawn green): 56→102 [0.1ms]
[2026-05-06 13:00:02] MOVE chetan1 (yellow): 83→94 [0.1ms]
[2026-05-06 13:00:02] MOVE chetan2 (purple): 38→48 [0.1ms]
[2026-05-06 13:00:02] MOVE chetan3 (lawn green): 66→56 [0.2ms]
[2026-05-06 13:00:02] MOVE chetan1 (yellow): 94→106 [0.1ms]
[2026-05-06 13:00:02] MOVE chetan2 (purple): 48→47 [0.2ms]
[2026-05-06 13:00:02] MOVE chetan3 (lawn green): 89→77 [0.1ms]
[2026-05-06 13:00:02] MOVE chetan1 (yellow): 106→93 [0.1ms]
[2026-05-06 13:00:02] MOVE chetan2 (purple): 47→37 [0.1ms]
[2026-05-06 13:00:02] MOVE chetan3 (lawn green): 102→89 [0.1ms]
[2026-05-06 13:00:03] MOVE chetan1 (yellow): 93→82 [0.2ms]
[2026-05-06 13:00:03] MOVE chetan2 (purple): 37→26 [0.1ms]
[2026-05-06 13:00:03] MOVE chetan3 (lawn green): 77→102 [0.1ms]
[2026-05-06 13:00:03] MOVE chetan1 (yellow): 82→72 [0.1ms]
[2026-05-06 13:00:03] MOVE chetan2 (purple): 26→14 [0.1ms]
[2026-05-06 13:00:03] MOVE chetan3 (lawn green): 89→77 [0.1ms]
[2026-05-06 13:00:03] MOVE chetan1 (yellow): 72→63 [0.1ms]
[2026-05-06 13:00:03] MOVE chetan2 (purple): 14→6 [0.1ms]
[2026-05-06 13:00:03] MOVE chetan3 (lawn green): 56→66 [0.1ms]
[2026-05-06 13:00:04] MOVE chetan1 (yellow): 63→64 [0.1ms]
[2026-05-06 13:00:04] MOVE chetan2 (purple): 6→15 [0.1ms]
[2026-05-06 13:00:04] MOVE chetan3 (lawn green): 77→56 [0.1ms]
[2026-05-06 13:00:04] MOVE chetan1 (yellow): 64→73 [0.1ms]
[2026-05-06 13:00:04] MOVE chetan2 (purple): 15→27 [0.1ms]
[2026-05-06 13:00:04] MOVE chetan3 (lawn green): 102→89 [0.1ms]
[2026-05-06 13:00:04] MOVE chetan1 (yellow): 73→83 [0.1ms]
[2026-05-06 13:00:04] MOVE chetan2 (purple): 27→38 [0.1ms]
[2026-05-06 13:00:05] MOVE chetan3 (lawn green): 56→102 [0.2ms]
[2026-05-06 13:00:05] MOVE chetan1 (yellow): 83→94 [0.1ms]
[2026-05-06 13:00:05] MOVE chetan2 (purple): 38→48 [0.1ms]
[2026-05-06 13:00:05] MOVE chetan3 (lawn green): 66→56 [0.1ms]
[2026-05-06 13:00:05] MOVE chetan1 (yellow): 94→106 [0.1ms]
[2026-05-06 13:00:05] MOVE chetan2 (purple): 48→47 [0.1ms]
[2026-05-06 13:00:05] MOVE chetan3 (lawn green): 89→77 [0.1ms]
[2026-05-06 13:00:05] MOVE chetan1 (yellow): 106→93 [0.1ms]
[2026-05-06 13:00:06] MOVE chetan2 (purple): 47→37 [0.1ms]
[2026-05-06 13:00:06] MOVE chetan3 (lawn green): 102→89 [0.1ms]
[2026-05-06 13:00:06] MOVE chetan1 (yellow): 93→82 [0.2ms]
[2026-05-06 13:00:06] MOVE chetan2 (purple): 37→26 [0.1ms]
[2026-05-06 13:00:06] MOVE chetan3 (lawn green): 77→102 [0.1ms]
[2026-05-06 13:00:06] MOVE chetan1 (yellow): 82→72 [0.1ms]
[2026-05-06 13:00:06] MOVE chetan2 (purple): 26→14 [0.1ms]
[2026-05-06 13:00:06] MOVE chetan3 (lawn green): 89→77 [0.1ms]
[2026-05-06 13:00:07] MOVE chetan1 (yellow): 72→63 [0.1ms]
[2026-05-06 13:00:07] MOVE chetan2 (purple): 14→6 [0.1ms]
[2026-05-06 13:00:07] MOVE chetan3 (lawn green): 56→66 [0.1ms]
[2026-05-06 13:00:07] MOVE chetan1 (yellow): 63→64 [0.1ms]
[2026-05-06 13:00:07] MOVE chetan2 (purple): 6→15 [0.2ms]
[2026-05-06 13:00:07] MOVE chetan3 (lawn green): 77→56 [0.1ms]
[2026-05-06 13:00:07] MOVE chetan1 (yellow): 64→73 [0.1ms]
[2026-05-06 13:00:07] MOVE chetan2 (purple): 15→27 [0.1ms]
[2026-05-06 13:00:07] MOVE chetan3 (lawn green): 102→89 [0.2ms]
[2026-05-06 13:00:07] MOVE chetan1 (yellow): 73→83 [0.1ms]
[2026-05-06 13:00:07] MOVE chetan2 (purple): 27→38 [0.2ms]
[2026-05-06 13:00:08] MOVE chetan3 (lawn green): 56→102 [0.1ms]
[2026-05-06 13:00:08] MOVE chetan1 (yellow): 83→94 [0.1ms]
[2026-05-06 13:00:08] MOVE chetan2 (purple): 38→48 [0.1ms]
[2026-05-06 13:00:08] MOVE chetan3 (lawn green): 66→56 [0.1ms]
[2026-05-06 13:00:08] MOVE chetan1 (yellow): 94→106 [0.3ms]
[2026-05-06 13:00:08] MOVE chetan2 (purple): 48→47 [0.1ms]
[2026-05-06 13:00:08] MOVE chetan3 (lawn green): 89→77 [0.1ms]
[2026-05-06 13:00:08] MOVE chetan1 (yellow): 106→93 [0.2ms]
[2026-05-06 13:00:08] MOVE chetan2 (purple): 47→37 [0.1ms]
[2026-05-06 13:00:08] MOVE chetan3 (lawn green): 102→89 [0.1ms]
[2026-05-06 13:00:09] MOVE chetan1 (yellow): 93→82 [0.1ms]
[2026-05-06 13:00:09] MOVE chetan2 (purple): 37→26 [0.1ms]
[2026-05-06 13:00:09] MOVE chetan3 (lawn green): 77→102 [0.1ms]
[2026-05-06 13:00:09] MOVE chetan1 (yellow): 82→72 [0.1ms]
[2026-05-06 13:00:09] MOVE chetan2 (purple): 26→14 [0.1ms]
[2026-05-06 13:00:09] MOVE chetan3 (lawn green): 89→77 [0.1ms]
[2026-05-06 13:00:10] MOVE chetan1 (yellow): 72→63 [0.2ms]
[2026-05-06 13:00:10] MOVE chetan2 (purple): 14→6 [0.1ms]
[2026-05-06 13:00:10] MOVE chetan3 (lawn green): 56→66 [0.1ms]
[2026-05-06 13:00:10] MOVE chetan1 (yellow): 63→64 [0.1ms]
[2026-05-06 13:00:11] MOVE chetan2 (purple): 6→15 [0.1ms]
[2026-05-06 13:00:11] MOVE chetan3 (lawn green): 77→56 [0.1ms]
[2026-05-06 13:00:11] MOVE chetan1 (yellow): 64→73 [0.1ms]
[2026-05-06 13:00:11] MOVE chetan2 (purple): 15→27 [0.1ms]
[2026-05-06 13:00:11] MOVE chetan3 (lawn green): 102→89 [0.2ms]
[2026-05-06 13:00:12] MOVE chetan1 (yellow): 73→83 [0.1ms]
[2026-05-06 13:00:12] MOVE chetan2 (purple): 27→38 [0.1ms]
[2026-05-06 13:00:12] MOVE chetan3 (lawn green): 56→102 [0.1ms]
[2026-05-06 13:00:12] MOVE chetan1 (yellow): 83→94 [0.2ms]
[2026-05-06 13:00:12] MOVE chetan2 (purple): 38→48 [0.1ms]
[2026-05-06 13:00:12] MOVE chetan3 (lawn green): 66→56 [0.1ms]
[2026-05-06 13:00:13] MOVE chetan1 (yellow): 94→106 [0.1ms]
[2026-05-06 13:00:13] MOVE chetan2 (purple): 48→47 [0.1ms]
[2026-05-06 13:00:13] MOVE chetan3 (lawn green): 89→77 [0.2ms]
[2026-05-06 13:00:13] MOVE chetan1 (yellow): 106→93 [0.2ms]
[2026-05-06 13:00:13] MOVE chetan2 (purple): 47→37 [0.1ms]
[2026-05-06 13:00:13] MOVE chetan3 (lawn green): 102→89 [0.1ms]
[2026-05-06 13:00:13] MOVE chetan1 (yellow): 93→82 [0.1ms]
[2026-05-06 13:00:13] MOVE chetan2 (purple): 37→26 [0.1ms]
[2026-05-06 13:00:13] MOVE chetan3 (lawn green): 77→102 [0.1ms]
[2026-05-06 13:00:13] MOVE chetan1 (yellow): 82→72 [0.1ms]
[2026-05-06 13:00:14] MOVE chetan2 (purple): 26→14 [0.3ms]
[2026-05-06 13:00:14] MOVE chetan3 (lawn green): 89→77 [0.1ms]
[2026-05-06 13:00:14] MOVE chetan1 (yellow): 72→63 [0.1ms]
[2026-05-06 13:00:14] MOVE chetan2 (purple): 14→6 [0.1ms]
[2026-05-06 13:00:14] MOVE chetan3 (lawn green): 56→66 [0.2ms]
[2026-05-06 13:00:15] MOVE chetan1 (yellow): 63→64 [0.1ms]
[2026-05-06 13:00:15] MOVE chetan2 (purple): 6→15 [0.1ms]
[2026-05-06 13:00:15] MOVE chetan3 (lawn green): 77→56 [1.0ms]
[2026-05-06 13:00:15] MOVE chetan1 (yellow): 64→73 [0.1ms]
[2026-05-06 13:00:15] MOVE chetan2 (purple): 15→27 [0.2ms]
[2026-05-06 13:00:16] MOVE chetan3 (lawn green): 102→89 [0.1ms]
[2026-05-06 13:00:16] MOVE chetan1 (yellow): 73→83 [0.1ms]
[2026-05-06 13:00:16] MOVE chetan2 (purple): 27→38 [0.2ms]
[2026-05-06 13:00:16] MOVE chetan3 (lawn green): 56→102 [0.1ms]
[2026-05-06 13:00:17] MOVE chetan1 (yellow): 83→94 [0.1ms]
[2026-05-06 13:00:17] MOVE chetan2 (purple): 38→48 [0.2ms]
[2026-05-06 13:00:17] MOVE chetan3 (lawn green): 66→56 [0.1ms]
[2026-05-06 13:00:17] MOVE chetan1 (yellow): 94→106 [0.2ms]
[2026-05-06 13:00:17] MOVE chetan2 (purple): 48→47 [0.1ms]
[2026-05-06 13:00:18] MOVE chetan3 (lawn green): 89→77 [0.1ms]
[2026-05-06 13:00:18] MOVE chetan1 (yellow): 106→93 [0.1ms]
[2026-05-06 13:00:18] MOVE chetan2 (purple): 47→37 [0.1ms]
[2026-05-06 13:00:18] MOVE chetan3 (lawn green): 102→89 [0.1ms]
[2026-05-06 13:00:18] MOVE chetan1 (yellow): 93→82 [0.2ms]
[2026-05-06 13:00:18] MOVE chetan2 (purple): 37→26 [0.5ms]
[2026-05-06 13:00:18] MOVE chetan3 (lawn green): 77→102 [0.1ms]
[2026-05-06 13:00:18] MOVE chetan1 (yellow): 82→72 [0.2ms]
[2026-05-06 13:00:19] MOVE chetan2 (purple): 26→14 [0.1ms]
[2026-05-06 13:00:19] MOVE chetan3 (lawn green): 89→77 [0.1ms]
[2026-05-06 13:00:19] MOVE chetan1 (yellow): 72→63 [0.1ms]
[2026-05-06 13:00:19] MOVE chetan2 (purple): 14→6 [0.1ms]
[2026-05-06 13:00:19] MOVE chetan3 (lawn green): 56→66 [0.1ms]
[2026-05-06 13:00:20] MOVE chetan1 (yellow): 63→64 [0.1ms]
[2026-05-06 13:00:20] MOVE chetan2 (purple): 6→15 [0.1ms]
[2026-05-06 13:00:20] MOVE chetan3 (lawn green): 77→56 [0.2ms]
[2026-05-06 13:00:20] MOVE chetan1 (yellow): 64→73 [0.2ms]
[2026-05-06 13:00:20] MOVE chetan2 (purple): 15→27 [0.1ms]
[2026-05-06 13:00:21] MOVE chetan3 (lawn green): 102→89 [0.1ms]
[2026-05-06 13:00:21] MOVE chetan1 (yellow): 73→83 [0.2ms]
[2026-05-06 13:00:21] MOVE chetan2 (purple): 27→38 [0.1ms]
[2026-05-06 13:00:21] MOVE chetan3 (lawn green): 56→102 [0.1ms]
[2026-05-06 13:00:21] MOVE chetan1 (yellow): 83→94 [0.2ms]
[2026-05-06 13:00:21] MOVE chetan2 (purple): 38→48 [0.2ms]
[2026-05-06 13:00:21] MOVE chetan3 (lawn green): 66→56 [0.3ms]
[2026-05-06 13:00:21] MOVE chetan1 (yellow): 94→106 [0.1ms]
[2026-05-06 13:00:22] MOVE chetan2 (purple): 48→47 [0.1ms]
[2026-05-06 13:00:22] MOVE chetan3 (lawn green): 89→77 [0.1ms]
[2026-05-06 13:00:22] MOVE chetan1 (yellow): 106→93 [0.1ms]
[2026-05-06 13:00:22] MOVE chetan2 (purple): 47→37 [0.2ms]
[2026-05-06 13:00:22] MOVE chetan3 (lawn green): 102→89 [0.1ms]
[2026-05-06 13:00:22] MOVE chetan1 (yellow): 93→82 [0.2ms]
[2026-05-06 13:00:22] MOVE chetan2 (purple): 37→26 [0.1ms]
[2026-05-06 13:00:22] MOVE chetan3 (lawn green): 77→102 [0.1ms]
[2026-05-06 13:00:22] MOVE chetan1 (yellow): 82→72 [0.1ms]
[2026-05-06 13:00:23] MOVE chetan2 (purple): 26→14 [0.1ms]
[2026-05-06 13:00:23] MOVE chetan3 (lawn green): 89→77 [0.2ms]
[2026-05-06 13:00:23] MOVE chetan1 (yellow): 72→63 [0.1ms]
[2026-05-06 13:00:23] MOVE chetan2 (purple): 14→6 [0.1ms]
[2026-05-06 13:00:23] MOVE chetan3 (lawn green): 56→66 [0.1ms]
[2026-05-06 13:00:23] MOVE chetan1 (yellow): 63→64 [0.1ms]
[2026-05-06 13:00:23] MOVE chetan2 (purple): 6→15 [0.1ms]
[2026-05-06 13:00:23] MOVE chetan3 (lawn green): 77→56 [0.1ms]
[2026-05-06 13:00:23] MOVE chetan1 (yellow): 64→73 [0.1ms]
[2026-05-06 13:00:24] MOVE chetan2 (purple): 15→27 [0.1ms]
[2026-05-06 13:00:24] MOVE chetan3 (lawn green): 102→89 [0.1ms]
[2026-05-06 13:00:24] MOVE chetan1 (yellow): 73→83 [0.1ms]
[2026-05-06 13:00:24] MOVE chetan2 (purple): 27→38 [0.1ms]
[2026-05-06 13:00:24] MOVE chetan3 (lawn green): 56→102 [0.1ms]
[2026-05-06 13:00:24] MOVE chetan1 (yellow): 83→94 [0.1ms]
[2026-05-06 13:00:24] MOVE chetan2 (purple): 38→48 [0.1ms]
[2026-05-06 13:00:24] MOVE chetan3 (lawn green): 66→56 [0.2ms]
[2026-05-06 13:00:24] MOVE chetan1 (yellow): 94→106 [0.1ms]
[2026-05-06 13:00:25] MOVE chetan2 (purple): 48→47 [0.1ms]
[2026-05-06 13:00:25] MOVE chetan3 (lawn green): 89→77 [0.1ms]
[2026-05-06 13:00:25] MOVE chetan1 (yellow): 106→93 [1.1ms]
[2026-05-06 13:00:25] MOVE chetan2 (purple): 47→37 [0.3ms]
[2026-05-06 13:00:25] MOVE chetan3 (lawn green): 102→89 [0.1ms]
[2026-05-06 13:00:25] MOVE chetan1 (yellow): 93→82 [0.1ms]
[2026-05-06 13:00:25] MOVE chetan2 (purple): 37→26 [0.3ms]
[2026-05-06 13:00:25] MOVE chetan3 (lawn green): 77→102 [0.1ms]
[2026-05-06 13:00:25] MOVE chetan1 (yellow): 82→72 [0.1ms]
[2026-05-06 13:00:25] MOVE chetan2 (purple): 26→14 [0.1ms]
[2026-05-06 13:00:26] MOVE chetan3 (lawn green): 89→77 [0.1ms]
[2026-05-06 13:00:26] MOVE chetan1 (yellow): 72→63 [0.1ms]
[2026-05-06 13:00:26] MOVE chetan2 (purple): 14→6 [0.1ms]
[2026-05-06 13:00:26] MOVE chetan3 (lawn green): 56→66 [0.1ms]
[2026-05-06 13:00:26] MOVE chetan1 (yellow): 63→64 [0.1ms]
[2026-05-06 13:00:26] MOVE chetan2 (purple): 6→15 [0.1ms]
[2026-05-06 13:00:26] MOVE chetan3 (lawn green): 77→56 [0.1ms]
[2026-05-06 13:00:26] MOVE chetan1 (yellow): 64→73 [0.2ms]
[2026-05-06 13:00:26] MOVE chetan2 (purple): 15→27 [0.1ms]
[2026-05-06 13:00:27] MOVE chetan3 (lawn green): 102→89 [0.1ms]
[2026-05-06 13:00:27] MOVE chetan1 (yellow): 73→83 [0.1ms]
[2026-05-06 13:00:27] MOVE chetan2 (purple): 27→38 [0.1ms]
[2026-05-06 13:00:27] MOVE chetan3 (lawn green): 56→102 [0.1ms]
[2026-05-06 13:00:27] MOVE chetan1 (yellow): 83→94 [0.1ms]
[2026-05-06 13:00:27] MOVE chetan2 (purple): 38→48 [0.1ms]
[2026-05-06 13:00:27] MOVE chetan3 (lawn green): 66→56 [0.1ms]
[2026-05-06 13:00:27] MOVE chetan1 (yellow): 94→106 [0.1ms]
[2026-05-06 13:00:27] MOVE chetan2 (purple): 48→47 [0.1ms]
[2026-05-06 13:00:27] MOVE chetan3 (lawn green): 89→77 [0.3ms]
[2026-05-06 13:00:28] MOVE chetan1 (yellow): 106→93 [0.4ms]
[2026-05-06 13:00:28] MOVE chetan2 (purple): 47→37 [0.6ms]
[2026-05-06 13:00:28] MOVE chetan3 (lawn green): 102→89 [0.6ms]
[2026-05-06 13:00:28] MOVE chetan1 (yellow): 93→82 [0.1ms]
[2026-05-06 13:00:28] MOVE chetan2 (purple): 37→26 [0.1ms]
[2026-05-06 13:00:28] MOVE chetan3 (lawn green): 77→102 [0.1ms]
[2026-05-06 13:00:28] MOVE chetan1 (yellow): 82→72 [0.2ms]
[2026-05-06 13:00:28] MOVE chetan2 (purple): 26→14 [0.2ms]
[2026-05-06 13:00:28] MOVE chetan3 (lawn green): 89→77 [0.1ms]
[2026-05-06 13:00:29] MOVE chetan1 (yellow): 72→63 [0.1ms]
[2026-05-06 13:00:29] MOVE chetan2 (purple): 14→6 [0.1ms]
[2026-05-06 13:00:29] MOVE chetan3 (lawn green): 56→66 [0.1ms]
[2026-05-06 13:00:29] MOVE chetan1 (yellow): 63→64 [0.1ms]
[2026-05-06 13:00:29] MOVE chetan2 (purple): 6→15 [0.2ms]
[2026-05-06 13:00:29] MOVE chetan3 (lawn green): 77→56 [0.1ms]
[2026-05-06 13:00:29] MOVE chetan1 (yellow): 64→73 [0.1ms]
[2026-05-06 13:00:30] MOVE chetan2 (purple): 15→27 [0.1ms]
[2026-05-06 13:00:30] MOVE chetan3 (lawn green): 102→89 [0.3ms]
[2026-05-06 13:00:30] MOVE chetan1 (yellow): 73→83 [0.1ms]
[2026-05-06 13:00:30] MOVE chetan2 (purple): 27→38 [0.1ms]
[2026-05-06 13:00:30] MOVE chetan3 (lawn green): 56→102 [0.2ms]
[2026-05-06 13:00:30] MOVE chetan1 (yellow): 83→94 [0.1ms]
[2026-05-06 13:00:30] MOVE chetan2 (purple): 38→48 [0.1ms]
[2026-05-06 13:00:30] MOVE chetan3 (lawn green): 66→56 [0.1ms]
[2026-05-06 13:00:30] MOVE chetan1 (yellow): 94→106 [0.1ms]
[2026-05-06 13:00:31] MOVE chetan2 (purple): 48→47 [0.1ms]
[2026-05-06 13:00:31] MOVE chetan3 (lawn green): 89→77 [0.3ms]
[2026-05-06 13:00:31] MOVE chetan1 (yellow): 106→93 [0.1ms]
[2026-05-06 13:00:31] MOVE chetan2 (purple): 47→37 [0.1ms]
[2026-05-06 13:00:31] MOVE chetan3 (lawn green): 102→89 [0.1ms]
[2026-05-06 13:00:31] MOVE chetan1 (yellow): 93→82 [0.2ms]
[2026-05-06 13:00:31] MOVE chetan2 (purple): 37→26 [0.1ms]
[2026-05-06 13:00:31] MOVE chetan3 (lawn green): 77→102 [0.1ms]
[2026-05-06 13:00:31] MOVE chetan1 (yellow): 82→72 [0.1ms]
[2026-05-06 13:00:32] MOVE chetan2 (purple): 26→14 [0.1ms]
[2026-05-06 13:00:32] MOVE chetan3 (lawn green): 89→77 [0.1ms]
[2026-05-06 13:00:32] MOVE chetan1 (yellow): 72→63 [0.8ms]
[2026-05-06 13:00:32] MOVE chetan2 (purple): 14→6 [0.1ms]
[2026-05-06 13:00:32] MOVE chetan3 (lawn green): 56→66 [0.1ms]
[2026-05-06 13:00:32] MOVE chetan1 (yellow): 63→64 [0.1ms]
[2026-05-06 13:00:32] MOVE chetan2 (purple): 6→15 [0.2ms]
[2026-05-06 13:00:32] MOVE chetan3 (lawn green): 77→56 [0.1ms]
[2026-05-06 13:00:32] MOVE chetan1 (yellow): 64→73 [0.1ms]
[2026-05-06 13:00:33] MOVE chetan2 (purple): 15→27 [0.1ms]
[2026-05-06 13:00:33] MOVE chetan3 (lawn green): 102→89 [0.1ms]
[2026-05-06 13:00:33] MOVE chetan1 (yellow): 73→83 [0.1ms]
[2026-05-06 13:00:33] MOVE chetan2 (purple): 27→38 [0.1ms]
[2026-05-06 13:00:33] MOVE chetan3 (lawn green): 56→102 [0.1ms]
[2026-05-06 13:00:33] MOVE chetan1 (yellow): 83→94 [0.2ms]
[2026-05-06 13:00:33] MOVE chetan2 (purple): 38→48 [0.1ms]
[2026-05-06 13:00:33] MOVE chetan3 (lawn green): 66→56 [0.1ms]
[2026-05-06 13:00:33] MOVE chetan1 (yellow): 94→106 [0.1ms]
[2026-05-06 13:00:33] MOVE chetan2 (purple): 48→47 [0.1ms]
[2026-05-06 13:00:34] MOVE chetan3 (lawn green): 89→77 [0.1ms]
[2026-05-06 13:00:34] MOVE chetan1 (yellow): 106→93 [0.2ms]
[2026-05-06 13:00:34] MOVE chetan2 (purple): 47→37 [0.1ms]
[2026-05-06 13:00:34] MOVE chetan3 (lawn green): 102→89 [0.1ms]
[2026-05-06 13:00:34] MOVE chetan1 (yellow): 93→82 [0.1ms]
[2026-05-06 13:00:34] MOVE chetan2 (purple): 37→26 [0.2ms]
[2026-05-06 13:00:35] MOVE chetan3 (lawn green): 77→102 [0.1ms]
[2026-05-06 13:00:35] MOVE chetan1 (yellow): 82→72 [0.2ms]
[2026-05-06 13:00:35] MOVE chetan2 (purple): 26→14 [0.1ms]
[2026-05-06 13:00:35] MOVE chetan3 (lawn green): 89→77 [0.1ms]
[2026-05-06 13:00:35] MOVE chetan1 (yellow): 72→63 [0.1ms]
[2026-05-06 13:00:35] MOVE chetan2 (purple): 14→6 [0.1ms]
[2026-05-06 13:00:36] MOVE chetan3 (lawn green): 56→66 [0.2ms]
[2026-05-06 13:00:36] MOVE chetan1 (yellow): 63→64 [0.1ms]
[2026-05-06 13:00:36] MOVE chetan2 (purple): 6→15 [0.6ms]
[2026-05-06 13:00:36] MOVE chetan3 (lawn green): 77→56 [0.2ms]
[2026-05-06 13:00:36] MOVE chetan1 (yellow): 64→73 [0.1ms]
[2026-05-06 13:00:36] MOVE chetan2 (purple): 15→27 [0.3ms]
[2026-05-06 13:00:37] MOVE chetan3 (lawn green): 102→89 [0.1ms]
[2026-05-06 13:00:37] MOVE chetan1 (yellow): 73→83 [0.1ms]
[2026-05-06 13:00:37] MOVE chetan2 (purple): 27→38 [0.1ms]
[2026-05-06 13:00:37] MOVE chetan3 (lawn green): 56→102 [0.2ms]
[2026-05-06 13:00:38] MOVE chetan1 (yellow): 83→94 [0.1ms]
[2026-05-06 13:00:38] MOVE chetan2 (purple): 38→48 [0.1ms]
[2026-05-06 13:00:38] MOVE chetan3 (lawn green): 66→56 [0.2ms]
[2026-05-06 13:00:38] MOVE chetan1 (yellow): 94→106 [0.1ms]
[2026-05-06 13:00:38] MOVE chetan2 (purple): 48→47 [0.1ms]
[2026-05-06 13:00:38] MOVE chetan3 (lawn green): 89→77 [0.1ms]
[2026-05-06 13:00:38] MOVE chetan1 (yellow): 106→93 [0.2ms]
[2026-05-06 13:00:38] MOVE chetan2 (purple): 47→37 [0.1ms]
[2026-05-06 13:00:38] MOVE chetan3 (lawn green): 102→89 [0.1ms]
[2026-05-06 13:00:39] MOVE chetan1 (yellow): 93→82 [0.1ms]
[2026-05-06 13:00:39] MOVE chetan2 (purple): 37→26 [0.2ms]
[2026-05-06 13:00:39] MOVE chetan3 (lawn green): 77→102 [0.3ms]
[2026-05-06 13:00:39] MOVE chetan1 (yellow): 82→72 [0.1ms]
[2026-05-06 13:00:39] MOVE chetan2 (purple): 26→14 [0.3ms]
[2026-05-06 13:00:39] MOVE chetan3 (lawn green): 89→77 [0.1ms]
[2026-05-06 13:00:39] MOVE chetan1 (yellow): 72→63 [0.1ms]
[2026-05-06 13:00:39] MOVE chetan2 (purple): 14→6 [0.1ms]
[2026-05-06 13:00:39] MOVE chetan3 (lawn green): 56→66 [0.1ms]
[2026-05-06 13:00:39] MOVE chetan1 (yellow): 63→64 [0.1ms]
[2026-05-06 13:00:40] MOVE chetan2 (purple): 6→15 [0.1ms]
[2026-05-06 13:00:40] MOVE chetan3 (lawn green): 77→56 [0.1ms]
[2026-05-06 13:00:40] MOVE chetan1 (yellow): 64→73 [0.1ms]
[2026-05-06 13:00:40] MOVE chetan2 (purple): 15→27 [0.1ms]
[2026-05-06 13:00:40] MOVE chetan3 (lawn green): 102→89 [0.2ms]
[2026-05-06 13:00:40] MOVE chetan1 (yellow): 73→83 [0.1ms]
[2026-05-06 13:00:41] MOVE chetan2 (purple): 27→38 [0.1ms]
[2026-05-06 13:00:41] MOVE chetan3 (lawn green): 56→102 [0.1ms]
[2026-05-06 13:00:41] MOVE chetan1 (yellow): 83→94 [2.1ms]
[2026-05-06 13:00:41] MOVE chetan2 (purple): 38→48 [0.2ms]
[2026-05-06 13:00:41] MOVE chetan3 (lawn green): 66→56 [0.1ms]
[2026-05-06 13:00:41] MOVE chetan1 (yellow): 94→106 [0.2ms]
[2026-05-06 13:00:41] MOVE chetan2 (purple): 48→47 [0.4ms]
[2026-05-06 13:00:41] MOVE chetan3 (lawn green): 89→77 [0.2ms]
[2026-05-06 13:00:41] MOVE chetan1 (yellow): 106→93 [0.2ms]
[2026-05-06 13:00:42] MOVE chetan2 (purple): 47→37 [0.2ms]
[2026-05-06 13:00:42] MOVE chetan3 (lawn green): 102→89 [0.1ms]
[2026-05-06 13:00:42] MOVE chetan1 (yellow): 93→82 [0.1ms]
[2026-05-06 13:00:42] MOVE chetan2 (purple): 37→26 [0.1ms]
[2026-05-06 13:00:42] MOVE chetan3 (lawn green): 77→102 [0.2ms]
[2026-05-06 13:00:42] MOVE chetan1 (yellow): 82→72 [0.1ms]
[2026-05-06 13:00:42] MOVE chetan2 (purple): 26→14 [0.1ms]
[2026-05-06 13:00:42] MOVE chetan3 (lawn green): 89→77 [0.1ms]
[2026-05-06 13:00:42] MOVE chetan1 (yellow): 72→63 [0.3ms]
[2026-05-06 13:00:42] MOVE chetan2 (purple): 14→6 [0.1ms]
[2026-05-06 13:00:43] MOVE chetan3 (lawn green): 56→66 [0.1ms]
[2026-05-06 13:00:43] MOVE chetan1 (yellow): 63→64 [0.2ms]
[2026-05-06 13:00:43] MOVE chetan2 (purple): 6→15 [0.1ms]
[2026-05-06 13:00:43] MOVE chetan3 (lawn green): 77→56 [0.1ms]
[2026-05-06 13:00:43] MOVE chetan1 (yellow): 64→73 [0.2ms]
[2026-05-06 13:00:43] MOVE chetan2 (purple): 15→27 [0.1ms]
[2026-05-06 13:00:44] MOVE chetan3 (lawn green): 102→89 [0.1ms]
[2026-05-06 13:00:44] MOVE chetan1 (yellow): 73→83 [0.1ms]
[2026-05-06 13:00:44] MOVE chetan2 (purple): 27→38 [0.1ms]
[2026-05-06 13:00:44] MOVE chetan3 (lawn green): 56→102 [0.1ms]
[2026-05-06 13:00:44] MOVE chetan1 (yellow): 83→94 [0.1ms]
[2026-05-06 13:00:44] MOVE chetan2 (purple): 38→48 [0.1ms]
[2026-05-06 13:00:44] MOVE chetan3 (lawn green): 66→56 [0.1ms]
[2026-05-06 13:00:44] MOVE chetan1 (yellow): 94→106 [0.2ms]
[2026-05-06 13:00:45] MOVE chetan2 (purple): 48→47 [0.1ms]
[2026-05-06 13:00:45] MOVE chetan3 (lawn green): 89→77 [0.1ms]
[2026-05-06 13:00:45] MOVE chetan1 (yellow): 106→93 [0.3ms]
[2026-05-06 13:00:45] MOVE chetan2 (purple): 47→37 [0.1ms]
[2026-05-06 13:00:46] MOVE chetan3 (lawn green): 102→89 [0.2ms]
[2026-05-06 13:00:46] MOVE chetan1 (yellow): 93→82 [0.1ms]
[2026-05-06 13:00:46] MOVE chetan2 (purple): 37→26 [0.1ms]
[2026-05-06 13:00:46] MOVE chetan3 (lawn green): 77→102 [0.1ms]
[2026-05-06 13:00:46] MOVE chetan1 (yellow): 82→72 [0.1ms]
[2026-05-06 13:00:46] MOVE chetan2 (purple): 26→14 [0.1ms]
[2026-05-06 13:00:46] MOVE chetan3 (lawn green): 89→77 [0.1ms]
[2026-05-06 13:00:46] MOVE chetan1 (yellow): 72→63 [0.2ms]
[2026-05-06 13:00:47] MOVE chetan2 (purple): 14→6 [0.1ms]
[2026-05-06 13:00:47] MOVE chetan3 (lawn green): 56→66 [0.1ms]
[2026-05-06 13:00:47] MOVE chetan1 (yellow): 63→64 [0.1ms]
[2026-05-06 13:00:47] MOVE chetan2 (purple): 6→15 [0.2ms]
[2026-05-06 13:00:47] MOVE chetan3 (lawn green): 77→56 [0.2ms]
[2026-05-06 13:00:48] MOVE chetan1 (yellow): 64→73 [0.1ms]
[2026-05-06 13:00:48] MOVE chetan2 (purple): 15→27 [0.1ms]
[2026-05-06 13:00:48] MOVE chetan3 (lawn green): 102→89 [0.1ms]
[2026-05-06 13:00:48] MOVE chetan1 (yellow): 73→83 [0.1ms]
[2026-05-06 13:00:48] MOVE chetan2 (purple): 27→38 [0.1ms]
[2026-05-06 13:00:48] MOVE chetan3 (lawn green): 56→102 [0.2ms]
[2026-05-06 13:00:48] MOVE chetan1 (yellow): 83→94 [0.1ms]
[2026-05-06 13:00:48] MOVE chetan2 (purple): 38→48 [0.1ms]
[2026-05-06 13:00:48] MOVE chetan3 (lawn green): 66→56 [0.1ms]
[2026-05-06 13:00:48] MOVE chetan1 (yellow): 94→106 [0.5ms]
[2026-05-06 13:00:49] MOVE chetan2 (purple): 48→47 [0.1ms]
[2026-05-06 13:00:49] MOVE chetan3 (lawn green): 89→77 [0.1ms]
[2026-05-06 13:00:49] MOVE chetan1 (yellow): 106→93 [0.1ms]
[2026-05-06 13:00:49] MOVE chetan2 (purple): 47→37 [0.4ms]
[2026-05-06 13:00:49] MOVE chetan3 (lawn green): 102→89 [0.2ms]
[2026-05-06 13:00:49] MOVE chetan1 (yellow): 93→82 [0.1ms]
[2026-05-06 13:00:49] MOVE chetan2 (purple): 37→26 [0.2ms]
[2026-05-06 13:00:49] MOVE chetan3 (lawn green): 77→102 [0.1ms]
[2026-05-06 13:00:49] MOVE chetan1 (yellow): 82→72 [0.1ms]
[2026-05-06 13:00:49] MOVE chetan2 (purple): 26→14 [0.2ms]
[2026-05-06 13:00:50] MOVE chetan3 (lawn green): 89→77 [0.1ms]
[2026-05-06 13:00:50] MOVE chetan1 (yellow): 72→63 [0.1ms]
[2026-05-06 13:00:50] MOVE chetan2 (purple): 14→6 [0.1ms]
[2026-05-06 13:00:50] MOVE chetan3 (lawn green): 56→66 [0.1ms]
[2026-05-06 13:00:50] MOVE chetan1 (yellow): 63→64 [0.1ms]
[2026-05-06 13:00:50] MOVE chetan2 (purple): 6→15 [0.1ms]
[2026-05-06 13:00:50] MOVE chetan3 (lawn green): 77→56 [0.2ms]
[2026-05-06 13:00:50] MOVE chetan1 (yellow): 64→73 [0.2ms]
[2026-05-06 13:00:51] MOVE chetan2 (purple): 15→27 [0.7ms]
[2026-05-06 13:00:51] MOVE chetan3 (lawn green): 102→89 [0.2ms]
[2026-05-06 13:00:51] MOVE chetan1 (yellow): 73→83 [0.4ms]
[2026-05-06 13:00:51] MOVE chetan2 (purple): 27→38 [0.1ms]
[2026-05-06 13:00:51] MOVE chetan3 (lawn green): 56→102 [0.1ms]
[2026-05-06 13:00:51] MOVE chetan1 (yellow): 83→94 [0.1ms]
[2026-05-06 13:00:51] MOVE chetan2 (purple): 38→48 [0.2ms]
[2026-05-06 13:00:52] MOVE chetan3 (lawn green): 66→56 [0.1ms]
[2026-05-06 13:00:52] MOVE chetan1 (yellow): 94→106 [0.1ms]
[2026-05-06 13:00:52] MOVE chetan2 (purple): 48→47 [0.1ms]
[2026-05-06 13:00:52] MOVE chetan3 (lawn green): 89→77 [0.1ms]
[2026-05-06 13:00:52] MOVE chetan1 (yellow): 106→93 [0.1ms]
[2026-05-06 13:00:52] MOVE chetan2 (purple): 47→37 [0.1ms]
[2026-05-06 13:00:52] MOVE chetan3 (lawn green): 102→89 [0.1ms]
[2026-05-06 13:00:52] MOVE chetan1 (yellow): 93→82 [0.1ms]
[2026-05-06 13:00:52] MOVE chetan2 (purple): 37→26 [0.2ms]
[2026-05-06 13:00:53] MOVE chetan3 (lawn green): 77→102 [0.1ms]
[2026-05-06 13:00:53] MOVE chetan1 (yellow): 82→72 [0.2ms]
[2026-05-06 13:00:53] MOVE chetan2 (purple): 26→14 [0.1ms]
[2026-05-06 13:00:53] MOVE chetan3 (lawn green): 89→77 [0.1ms]
[2026-05-06 13:00:53] MOVE chetan1 (yellow): 72→63 [0.1ms]
[2026-05-06 13:00:53] MOVE chetan2 (purple): 14→6 [0.1ms]
[2026-05-06 13:00:53] MOVE chetan3 (lawn green): 56→66 [0.3ms]
[2026-05-06 13:00:53] MOVE chetan1 (yellow): 63→64 [0.1ms]
[2026-05-06 13:00:53] MOVE chetan2 (purple): 6→15 [0.2ms]
[2026-05-06 13:00:53] MOVE chetan3 (lawn green): 77→56 [0.1ms]
[2026-05-06 13:00:54] MOVE chetan1 (yellow): 64→73 [0.2ms]
[2026-05-06 13:00:54] MOVE chetan2 (purple): 15→27 [0.1ms]
[2026-05-06 13:00:54] MOVE chetan3 (lawn green): 102→89 [0.1ms]
[2026-05-06 13:00:54] MOVE chetan1 (yellow): 73→83 [0.2ms]
[2026-05-06 13:00:54] MOVE chetan2 (purple): 27→38 [0.1ms]
[2026-05-06 13:00:54] MOVE chetan3 (lawn green): 56→102 [0.2ms]
[2026-05-06 13:00:54] MOVE chetan1 (yellow): 83→94 [0.7ms]
[2026-05-06 13:00:54] MOVE chetan2 (purple): 38→48 [0.1ms]
[2026-05-06 13:00:54] MOVE chetan3 (lawn green): 66→56 [0.1ms]
[2026-05-06 13:00:55] MOVE chetan1 (yellow): 94→106 [0.1ms]
[2026-05-06 13:00:55] MOVE chetan2 (purple): 48→47 [0.2ms]
[2026-05-06 13:00:55] MOVE chetan3 (lawn green): 89→77 [0.1ms]
[2026-05-06 13:00:55] MOVE chetan1 (yellow): 106→93 [0.1ms]
[2026-05-06 13:00:55] MOVE chetan2 (purple): 47→37 [0.1ms]
[2026-05-06 13:00:55] MOVE chetan3 (lawn green): 102→89 [0.2ms]
[2026-05-06 13:00:55] MOVE chetan1 (yellow): 93→82 [0.2ms]
[2026-05-06 13:00:55] MOVE chetan2 (purple): 37→26 [0.1ms]
[2026-05-06 13:00:55] MOVE chetan3 (lawn green): 77→102 [0.1ms]
[2026-05-06 13:00:56] MOVE chetan1 (yellow): 82→72 [0.1ms]
[2026-05-06 13:00:56] MOVE chetan2 (purple): 26→14 [0.1ms]
[2026-05-06 13:00:56] MOVE chetan3 (lawn green): 89→77 [0.1ms]
[2026-05-06 13:00:56] MOVE chetan1 (yellow): 72→63 [0.1ms]
[2026-05-06 13:00:56] MOVE chetan2 (purple): 14→6 [0.1ms]
[2026-05-06 13:00:56] MOVE chetan3 (lawn green): 56→66 [0.2ms]
[2026-05-06 13:00:56] MOVE chetan1 (yellow): 63→64 [0.1ms]
[2026-05-06 13:00:56] MOVE chetan2 (purple): 6→15 [0.1ms]
[2026-05-06 13:00:56] MOVE chetan3 (lawn green): 77→56 [0.1ms]
[2026-05-06 13:00:57] MOVE chetan1 (yellow): 64→73 [0.1ms]
[2026-05-06 13:00:57] MOVE chetan2 (purple): 15→27 [0.1ms]
[2026-05-06 13:00:57] MOVE chetan3 (lawn green): 102→89 [0.1ms]
[2026-05-06 13:00:57] MOVE chetan1 (yellow): 73→83 [0.2ms]
[2026-05-06 13:00:57] MOVE chetan2 (purple): 27→38 [0.1ms]
[2026-05-06 13:00:57] MOVE chetan3 (lawn green): 56→102 [0.2ms]
[2026-05-06 13:00:57] MOVE chetan1 (yellow): 83→94 [0.1ms]
[2026-05-06 13:00:57] MOVE chetan2 (purple): 38→48 [0.1ms]
[2026-05-06 13:00:57] MOVE chetan3 (lawn green): 66→56 [0.1ms]
[2026-05-06 13:00:57] MOVE chetan1 (yellow): 94→106 [0.1ms]
[2026-05-06 13:00:58] MOVE chetan2 (purple): 48→47 [0.1ms]
[2026-05-06 13:00:58] MOVE chetan3 (lawn green): 89→77 [0.2ms]
[2026-05-06 13:00:58] MOVE chetan1 (yellow): 106→93 [0.1ms]
[2026-05-06 13:00:58] MOVE chetan2 (purple): 47→37 [0.1ms]
[2026-05-06 13:00:58] MOVE chetan3 (lawn green): 102→89 [0.1ms]
[2026-05-06 13:00:58] MOVE chetan1 (yellow): 93→82 [0.1ms]
[2026-05-06 13:00:58] MOVE chetan2 (purple): 37→26 [0.1ms]
[2026-05-06 13:00:58] MOVE chetan3 (lawn green): 77→102 [0.1ms]
[2026-05-06 13:00:58] MOVE chetan1 (yellow): 82→72 [0.1ms]
[2026-05-06 13:00:59] MOVE chetan2 (purple): 26→14 [0.1ms]
[2026-05-06 13:00:59] MOVE chetan3 (lawn green): 89→77 [0.1ms]
[2026-05-06 13:00:59] MOVE chetan1 (yellow): 72→63 [0.1ms]
[2026-05-06 13:00:59] MOVE chetan2 (purple): 14→6 [0.1ms]
[2026-05-06 13:00:59] MOVE chetan3 (lawn green): 56→66 [0.1ms]
[2026-05-06 13:00:59] MOVE chetan1 (yellow): 63→64 [0.1ms]
[2026-05-06 13:00:59] MOVE chetan2 (purple): 6→15 [0.2ms]
[2026-05-06 13:00:59] MOVE chetan3 (lawn green): 77→56 [0.1ms]
[2026-05-06 13:00:59] MOVE chetan1 (yellow): 64→73 [0.2ms]
[2026-05-06 13:01:00] MOVE chetan2 (purple): 15→27 [0.3ms]
[2026-05-06 13:01:00] MOVE chetan3 (lawn green): 102→89 [0.1ms]
[2026-05-06 13:01:00] MOVE chetan1 (yellow): 73→83 [0.1ms]
[2026-05-06 13:01:00] MOVE chetan2 (purple): 27→38 [0.1ms]
[2026-05-06 13:01:00] MOVE chetan3 (lawn green): 56→102 [0.1ms]
[2026-05-06 13:01:00] MOVE chetan1 (yellow): 83→94 [0.1ms]
[2026-05-06 13:01:00] MOVE chetan2 (purple): 38→48 [0.1ms]
[2026-05-06 13:01:00] MOVE chetan3 (lawn green): 66→56 [0.1ms]
[2026-05-06 13:01:00] MOVE chetan1 (yellow): 94→106 [0.1ms]
[2026-05-06 13:01:00] MOVE chetan2 (purple): 48→47 [0.3ms]
[2026-05-06 13:01:01] MOVE chetan3 (lawn green): 89→77 [0.1ms]
[2026-05-06 13:01:01] MOVE chetan1 (yellow): 106→93 [0.1ms]
[2026-05-06 13:01:01] MOVE chetan2 (purple): 47→37 [0.1ms]
[2026-05-06 13:01:01] MOVE chetan3 (lawn green): 102→89 [0.1ms]
[2026-05-06 13:01:01] MOVE chetan1 (yellow): 93→82 [0.2ms]
[2026-05-06 13:01:01] MOVE chetan2 (purple): 37→26 [0.2ms]
[2026-05-06 13:01:01] MOVE chetan3 (lawn green): 77→102 [0.1ms]
[2026-05-06 13:01:01] MOVE chetan1 (yellow): 82→72 [0.1ms]
[2026-05-06 13:01:01] MOVE chetan2 (purple): 26→14 [0.1ms]
[2026-05-06 13:01:02] MOVE chetan3 (lawn green): 89→77 [0.1ms]
[2026-05-06 13:01:02] MOVE chetan1 (yellow): 72→63 [0.2ms]
[2026-05-06 13:01:02] MOVE chetan2 (purple): 14→6 [0.1ms]
[2026-05-06 13:01:02] MOVE chetan3 (lawn green): 56→66 [0.3ms]
[2026-05-06 13:01:02] MOVE chetan1 (yellow): 63→64 [0.1ms]
[2026-05-06 13:01:02] MOVE chetan2 (purple): 6→15 [0.1ms]
[2026-05-06 13:01:02] MOVE chetan3 (lawn green): 77→56 [0.1ms]
[2026-05-06 13:01:02] MOVE chetan1 (yellow): 64→73 [0.2ms]
[2026-05-06 13:01:02] MOVE chetan2 (purple): 15→27 [0.1ms]
[2026-05-06 13:01:03] MOVE chetan3 (lawn green): 102→89 [0.1ms]
[2026-05-06 13:01:03] MOVE chetan1 (yellow): 73→83 [0.1ms]
[2026-05-06 13:01:03] MOVE chetan2 (purple): 27→38 [0.2ms]
[2026-05-06 13:01:03] MOVE chetan3 (lawn green): 56→102 [0.1ms]
[2026-05-06 13:01:03] MOVE chetan1 (yellow): 83→94 [0.1ms]
[2026-05-06 13:01:03] MOVE chetan2 (purple): 38→48 [0.2ms]
[2026-05-06 13:01:03] MOVE chetan3 (lawn green): 66→56 [0.3ms]
[2026-05-06 13:01:04] MOVE chetan1 (yellow): 94→106 [0.1ms]
[2026-05-06 13:01:04] MOVE chetan2 (purple): 48→47 [0.2ms]
[2026-05-06 13:01:04] MOVE chetan3 (lawn green): 89→77 [0.1ms]
[2026-05-06 13:01:04] MOVE chetan1 (yellow): 106→93 [0.1ms]
[2026-05-06 13:01:04] MOVE chetan2 (purple): 47→37 [0.1ms]
[2026-05-06 13:01:05] MOVE chetan3 (lawn green): 102→89 [0.2ms]
[2026-05-06 13:01:05] MOVE chetan1 (yellow): 93→82 [0.1ms]
[2026-05-06 13:01:05] MOVE chetan2 (purple): 37→26 [0.1ms]
[2026-05-06 13:01:05] MOVE chetan3 (lawn green): 77→102 [0.2ms]
[2026-05-06 13:01:05] MOVE chetan1 (yellow): 82→72 [0.1ms]
[2026-05-06 13:01:06] MOVE chetan2 (purple): 26→14 [0.1ms]
[2026-05-06 13:01:06] MOVE chetan3 (lawn green): 89→77 [0.1ms]
[2026-05-06 13:01:06] MOVE chetan1 (yellow): 72→63 [0.1ms]
[2026-05-06 13:01:06] MOVE chetan2 (purple): 14→6 [0.3ms]
[2026-05-06 13:01:06] MOVE chetan3 (lawn green): 56→66 [0.2ms]
[2026-05-06 13:01:07] MOVE chetan1 (yellow): 63→64 [0.1ms]
[2026-05-06 13:01:07] MOVE chetan2 (purple): 6→15 [0.1ms]
[2026-05-06 13:01:07] MOVE chetan3 (lawn green): 77→56 [0.2ms]
[2026-05-06 13:01:07] MOVE chetan1 (yellow): 64→73 [0.1ms]
[2026-05-06 13:01:08] MOVE chetan2 (purple): 15→27 [0.1ms]
[2026-05-06 13:01:08] MOVE chetan3 (lawn green): 102→89 [0.1ms]
[2026-05-06 13:01:08] MOVE chetan1 (yellow): 73→83 [0.1ms]
[2026-05-06 13:01:08] MOVE chetan2 (purple): 27→38 [0.1ms]
[2026-05-06 13:01:08] MOVE chetan3 (lawn green): 56→102 [0.1ms]
[2026-05-06 13:01:09] MOVE chetan1 (yellow): 83→94 [0.2ms]
[2026-05-06 13:01:09] MOVE chetan2 (purple): 38→48 [0.4ms]
[2026-05-06 13:01:09] MOVE chetan3 (lawn green): 66→56 [0.1ms]
[2026-05-06 13:01:09] MOVE chetan1 (yellow): 94→106 [0.1ms]
[2026-05-06 13:01:09] MOVE chetan2 (purple): 48→47 [0.2ms]
[2026-05-06 13:01:10] MOVE chetan3 (lawn green): 89→77 [0.2ms]
[2026-05-06 13:01:10] MOVE chetan1 (yellow): 106→93 [0.1ms]
[2026-05-06 13:01:10] MOVE chetan2 (purple): 47→37 [0.2ms]
[2026-05-06 13:01:10] MOVE chetan3 (lawn green): 102→89 [0.1ms]
[2026-05-06 13:01:10] MOVE chetan1 (yellow): 93→82 [0.1ms]
[2026-05-06 13:01:11] MOVE chetan2 (purple): 37→26 [0.1ms]
[2026-05-06 13:01:11] MOVE chetan3 (lawn green): 77→102 [0.1ms]
[2026-05-06 13:01:11] MOVE chetan1 (yellow): 82→72 [0.1ms]
[2026-05-06 13:01:11] MOVE chetan2 (purple): 26→14 [0.1ms]
[2026-05-06 13:01:11] MOVE chetan3 (lawn green): 89→77 [0.1ms]
[2026-05-06 13:01:12] MOVE chetan1 (yellow): 72→63 [0.1ms]
[2026-05-06 13:01:12] MOVE chetan2 (purple): 14→6 [0.1ms]
[2026-05-06 13:01:12] MOVE chetan3 (lawn green): 56→66 [0.1ms]
[2026-05-06 13:01:12] MOVE chetan1 (yellow): 63→64 [0.1ms]
[2026-05-06 13:01:13] MOVE chetan2 (purple): 6→15 [0.1ms]
[2026-05-06 13:01:13] MOVE chetan3 (lawn green): 77→56 [0.2ms]
[2026-05-06 13:01:13] MOVE chetan1 (yellow): 64→73 [0.1ms]
[2026-05-06 13:01:13] MOVE chetan2 (purple): 15→27 [0.1ms]
[2026-05-06 13:01:13] MOVE chetan3 (lawn green): 102→89 [0.2ms]
[2026-05-06 13:01:14] MOVE chetan1 (yellow): 73→83 [0.1ms]
[2026-05-06 13:01:14] MOVE chetan2 (purple): 27→38 [0.1ms]
[2026-05-06 13:01:14] MOVE chetan3 (lawn green): 56→102 [0.2ms]
[2026-05-06 13:01:14] MOVE chetan1 (yellow): 83→94 [0.3ms]
[2026-05-06 13:01:15] MOVE chetan2 (purple): 38→48 [0.1ms]
[2026-05-06 13:01:15] MOVE chetan3 (lawn green): 66→56 [0.3ms]
[2026-05-06 13:01:15] MOVE chetan1 (yellow): 94→106 [0.2ms]
[2026-05-06 13:01:15] MOVE chetan2 (purple): 48→47 [0.5ms]
[2026-05-06 13:01:15] MOVE chetan3 (lawn green): 89→77 [0.1ms]
[2026-05-06 13:01:16] MOVE chetan1 (yellow): 106→93 [0.1ms]
[2026-05-06 13:01:16] MOVE chetan2 (purple): 47→37 [0.1ms]
[2026-05-06 13:01:16] MOVE chetan3 (lawn green): 102→89 [0.1ms]
[2026-05-06 13:01:16] MOVE chetan1 (yellow): 93→82 [0.1ms]
[2026-05-06 13:01:16] MOVE chetan2 (purple): 37→26 [0.1ms]
[2026-05-06 13:01:17] MOVE chetan3 (lawn green): 77→102 [0.1ms]
[2026-05-06 13:01:17] MOVE chetan1 (yellow): 82→72 [0.1ms]
[2026-05-06 13:01:17] MOVE chetan2 (purple): 26→14 [0.1ms]
[2026-05-06 13:01:17] MOVE chetan3 (lawn green): 89→77 [0.1ms]
[2026-05-06 13:01:17] MOVE chetan1 (yellow): 72→63 [0.1ms]
[2026-05-06 13:01:18] MOVE chetan2 (purple): 14→6 [0.1ms]
[2026-05-06 13:01:18] MOVE chetan3 (lawn green): 56→66 [0.1ms]
[2026-05-06 13:01:18] MOVE chetan1 (yellow): 63→64 [0.1ms]
[2026-05-06 13:01:18] MOVE chetan2 (purple): 6→15 [0.1ms]
[2026-05-06 13:01:18] MOVE chetan3 (lawn green): 77→56 [0.1ms]
[2026-05-06 13:01:19] MOVE chetan1 (yellow): 64→73 [0.1ms]
[2026-05-06 13:01:19] MOVE chetan2 (purple): 15→27 [0.2ms]
[2026-05-06 13:01:19] MOVE chetan3 (lawn green): 102→89 [0.1ms]
[2026-05-06 13:01:19] MOVE chetan1 (yellow): 73→83 [0.2ms]
[2026-05-06 13:01:19] MOVE chetan2 (purple): 27→38 [0.2ms]
[2026-05-06 13:01:19] MOVE chetan3 (lawn green): 56→102 [0.1ms]
[2026-05-06 13:01:19] MOVE chetan1 (yellow): 83→94 [0.2ms]
[2026-05-06 13:01:20] MOVE chetan2 (purple): 38→48 [0.1ms]
[2026-05-06 13:01:20] MOVE chetan3 (lawn green): 66→56 [0.1ms]
[2026-05-06 13:01:20] MOVE chetan1 (yellow): 94→106 [0.1ms]
[2026-05-06 13:01:20] MOVE chetan2 (purple): 48→47 [0.1ms]
[2026-05-06 13:01:20] MOVE chetan3 (lawn green): 89→77 [0.1ms]
[2026-05-06 13:01:20] MOVE chetan1 (yellow): 106→93 [0.1ms]
[2026-05-06 13:01:21] MOVE chetan2 (purple): 47→37 [0.1ms]
[2026-05-06 13:01:21] MOVE chetan3 (lawn green): 102→89 [0.1ms]
[2026-05-06 13:01:21] MOVE chetan1 (yellow): 93→82 [0.1ms]
[2026-05-06 13:01:21] MOVE chetan2 (purple): 37→26 [0.1ms]
[2026-05-06 13:01:21] MOVE chetan3 (lawn green): 77→102 [0.1ms]
[2026-05-06 13:01:21] MOVE chetan1 (yellow): 82→72 [0.1ms]
[2026-05-06 13:01:21] MOVE chetan2 (purple): 26→14 [0.1ms]
[2026-05-06 13:01:21] MOVE chetan3 (lawn green): 89→77 [0.1ms]
[2026-05-06 13:01:21] MOVE chetan1 (yellow): 72→63 [0.1ms]
[2026-05-06 13:01:22] MOVE chetan2 (purple): 14→6 [0.1ms]
[2026-05-06 13:01:22] MOVE chetan3 (lawn green): 56→66 [0.1ms]
[2026-05-06 13:01:22] MOVE chetan1 (yellow): 63→64 [0.1ms]
[2026-05-06 13:01:22] MOVE chetan2 (purple): 6→15 [0.1ms]
[2026-05-06 13:01:22] MOVE chetan3 (lawn green): 77→56 [0.2ms]
[2026-05-06 13:01:22] MOVE chetan1 (yellow): 64→73 [0.2ms]
[2026-05-06 13:01:22] MOVE chetan2 (purple): 15→27 [0.1ms]
[2026-05-06 13:01:23] MOVE chetan3 (lawn green): 102→89 [0.1ms]
[2026-05-06 13:01:23] MOVE chetan1 (yellow): 73→83 [0.2ms]
[2026-05-06 13:01:23] MOVE chetan2 (purple): 27→38 [0.2ms]
[2026-05-06 13:01:23] MOVE chetan3 (lawn green): 56→102 [0.1ms]
[2026-05-06 13:01:23] MOVE chetan1 (yellow): 83→94 [0.1ms]
[2026-05-06 13:01:24] MOVE chetan2 (purple): 38→48 [0.1ms]
[2026-05-06 13:01:24] MOVE chetan3 (lawn green): 66→56 [0.1ms]
[2026-05-06 13:01:24] MOVE chetan1 (yellow): 94→106 [0.1ms]
[2026-05-06 13:01:24] MOVE chetan2 (purple): 48→47 [0.2ms]
[2026-05-06 13:01:24] MOVE chetan3 (lawn green): 89→77 [0.4ms]
[2026-05-06 13:01:24] MOVE chetan1 (yellow): 106→93 [0.1ms]
[2026-05-06 13:01:25] MOVE chetan2 (purple): 47→37 [0.1ms]
[2026-05-06 13:01:25] MOVE chetan3 (lawn green): 102→89 [0.1ms]
[2026-05-06 13:01:25] MOVE chetan1 (yellow): 93→82 [0.4ms]
[2026-05-06 13:01:26] MOVE chetan2 (purple): 37→26 [0.3ms]
[2026-05-06 13:01:26] MOVE chetan3 (lawn green): 77→102 [0.2ms]
[2026-05-06 13:01:26] MOVE chetan1 (yellow): 82→72 [0.1ms]
[2026-05-06 13:01:27] MOVE chetan2 (purple): 26→14 [0.1ms]
[2026-05-06 13:01:27] MOVE chetan3 (lawn green): 89→77 [0.1ms]
[2026-05-06 13:01:27] MOVE chetan1 (yellow): 72→63 [0.1ms]
[2026-05-06 13:01:28] MOVE chetan2 (purple): 14→6 [0.2ms]
[2026-05-06 13:01:28] MOVE chetan3 (lawn green): 56→66 [0.1ms]
[2026-05-06 13:01:28] MOVE chetan1 (yellow): 63→64 [0.7ms]
[2026-05-06 13:01:29] MOVE chetan2 (purple): 6→15 [0.1ms]
[2026-05-06 13:01:29] MOVE chetan3 (lawn green): 77→56 [0.1ms]
[2026-05-06 13:01:29] MOVE chetan1 (yellow): 64→73 [0.1ms]
[2026-05-06 13:01:29] MOVE chetan2 (purple): 15→27 [0.1ms]
[2026-05-06 13:01:29] MOVE chetan3 (lawn green): 102→89 [0.1ms]
[2026-05-06 13:01:29] MOVE chetan1 (yellow): 73→83 [0.1ms]
[2026-05-06 13:01:29] MOVE chetan2 (purple): 27→38 [0.1ms]
[2026-05-06 13:01:29] MOVE chetan3 (lawn green): 56→102 [0.1ms]
[2026-05-06 13:01:29] MOVE chetan1 (yellow): 83→94 [0.1ms]
[2026-05-06 13:01:30] MOVE chetan2 (purple): 38→48 [0.1ms]
[2026-05-06 13:01:30] MOVE chetan3 (lawn green): 66→56 [0.1ms]
[2026-05-06 13:01:30] MOVE chetan1 (yellow): 94→106 [0.5ms]
[2026-05-06 13:01:30] MOVE chetan2 (purple): 48→47 [0.1ms]
[2026-05-06 13:01:30] MOVE chetan3 (lawn green): 89→77 [0.1ms]
[2026-05-06 13:01:30] MOVE chetan1 (yellow): 106→93 [0.2ms]
[2026-05-06 13:01:30] MOVE chetan2 (purple): 47→37 [0.1ms]
[2026-05-06 13:01:30] MOVE chetan3 (lawn green): 102→89 [0.1ms]
[2026-05-06 13:01:30] MOVE chetan1 (yellow): 93→82 [0.1ms]
[2026-05-06 13:01:30] MOVE chetan2 (purple): 37→26 [0.1ms]
[2026-05-06 13:01:31] MOVE chetan3 (lawn green): 77→102 [0.1ms]
[2026-05-06 13:01:31] MOVE chetan1 (yellow): 82→72 [0.1ms]
[2026-05-06 13:01:31] MOVE chetan2 (purple): 26→14 [0.1ms]
[2026-05-06 13:01:31] MOVE chetan3 (lawn green): 89→77 [0.2ms]
[2026-05-06 13:01:31] MOVE chetan1 (yellow): 72→63 [1.1ms]
[2026-05-06 13:01:31] MOVE chetan2 (purple): 14→6 [0.1ms]
[2026-05-06 13:01:31] MOVE chetan3 (lawn green): 56→66 [0.1ms]
[2026-05-06 13:01:31] MOVE chetan1 (yellow): 63→64 [0.2ms]
[2026-05-06 13:01:31] MOVE chetan2 (purple): 6→15 [0.1ms]
[2026-05-06 13:01:32] MOVE chetan3 (lawn green): 77→56 [0.2ms]
[2026-05-06 13:01:32] MOVE chetan1 (yellow): 64→73 [0.4ms]
[2026-05-06 13:01:32] MOVE chetan2 (purple): 15→27 [0.1ms]
[2026-05-06 13:01:32] MOVE chetan3 (lawn green): 102→89 [0.2ms]
[2026-05-06 13:01:32] MOVE chetan1 (yellow): 73→83 [0.1ms]
[2026-05-06 13:01:33] MOVE chetan2 (purple): 27→38 [1.2ms]
[2026-05-06 13:01:33] MOVE chetan3 (lawn green): 56→102 [2.0ms]
[2026-05-06 13:01:33] MOVE chetan1 (yellow): 83→94 [0.1ms]
[2026-05-06 13:01:33] MOVE chetan2 (purple): 38→48 [0.1ms]
[2026-05-06 13:01:33] MOVE chetan3 (lawn green): 66→56 [0.1ms]
[2026-05-06 13:01:34] MOVE chetan1 (yellow): 94→106 [0.1ms]
[2026-05-06 13:01:34] MOVE chetan2 (purple): 48→47 [0.1ms]
[2026-05-06 13:01:34] MOVE chetan3 (lawn green): 89→77 [0.2ms]
[2026-05-06 13:01:34] MOVE chetan1 (yellow): 106→93 [0.1ms]
[2026-05-06 13:01:34] MOVE chetan2 (purple): 47→37 [0.2ms]
[2026-05-06 13:01:34] MOVE chetan3 (lawn green): 102→89 [0.1ms]
[2026-05-06 13:01:35] MOVE chetan1 (yellow): 93→82 [0.1ms]
[2026-05-06 13:01:35] MOVE chetan2 (purple): 37→26 [0.2ms]
[2026-05-06 13:01:35] MOVE chetan3 (lawn green): 77→102 [0.2ms]
[2026-05-06 13:01:35] MOVE chetan1 (yellow): 82→72 [1.0ms]
[2026-05-06 13:01:36] MOVE chetan2 (purple): 26→14 [0.3ms]
[2026-05-06 13:01:36] MOVE chetan3 (lawn green): 89→77 [0.1ms]
[2026-05-06 13:01:36] MOVE chetan1 (yellow): 72→63 [0.1ms]
[2026-05-06 13:01:36] MOVE chetan2 (purple): 14→6 [0.1ms]
[2026-05-06 13:01:36] MOVE chetan3 (lawn green): 56→66 [0.1ms]
[2026-05-06 13:01:36] MOVE chetan1 (yellow): 63→64 [0.2ms]
[2026-05-06 13:01:36] MOVE chetan2 (purple): 6→15 [0.1ms]
[2026-05-06 13:01:36] MOVE chetan3 (lawn green): 77→56 [0.1ms]
[2026-05-06 13:01:36] MOVE chetan1 (yellow): 64→73 [0.1ms]
[2026-05-06 13:01:36] MOVE chetan2 (purple): 15→27 [0.2ms]
[2026-05-06 13:01:37] MOVE chetan3 (lawn green): 102→89 [0.1ms]
[2026-05-06 13:01:37] MOVE chetan1 (yellow): 73→83 [0.2ms]
[2026-05-06 13:01:37] MOVE chetan2 (purple): 27→38 [0.1ms]
[2026-05-06 13:01:37] MOVE chetan3 (lawn green): 56→102 [0.1ms]
[2026-05-06 13:01:37] MOVE chetan1 (yellow): 83→94 [0.1ms]
[2026-05-06 13:01:37] MOVE chetan2 (purple): 38→48 [0.1ms]
[2026-05-06 13:01:37] MOVE chetan3 (lawn green): 66→56 [0.2ms]
[2026-05-06 13:01:37] MOVE chetan1 (yellow): 94→106 [0.1ms]
[2026-05-06 13:01:37] MOVE chetan2 (purple): 48→47 [0.1ms]
[2026-05-06 13:01:37] MOVE chetan3 (lawn green): 89→77 [0.1ms]
[2026-05-06 13:01:38] MOVE chetan1 (yellow): 106→93 [0.1ms]
[2026-05-06 13:01:38] MOVE chetan2 (purple): 47→37 [0.1ms]
[2026-05-06 13:01:38] MOVE chetan3 (lawn green): 102→89 [0.1ms]
[2026-05-06 13:01:38] MOVE chetan1 (yellow): 93→82 [0.1ms]
[2026-05-06 13:01:38] MOVE chetan2 (purple): 37→26 [0.1ms]
[2026-05-06 13:01:38] MOVE chetan3 (lawn green): 77→102 [0.1ms]
[2026-05-06 13:01:38] MOVE chetan1 (yellow): 82→72 [0.1ms]
[2026-05-06 13:01:38] MOVE chetan2 (purple): 26→14 [0.1ms]
[2026-05-06 13:01:38] MOVE chetan3 (lawn green): 89→77 [0.1ms]
[2026-05-06 13:01:39] MOVE chetan1 (yellow): 72→63 [0.1ms]
[2026-05-06 13:01:39] MOVE chetan2 (purple): 14→6 [0.4ms]
[2026-05-06 13:01:39] MOVE chetan3 (lawn green): 56→66 [0.1ms]
[2026-05-06 13:01:39] MOVE chetan1 (yellow): 63→64 [0.2ms]
[2026-05-06 13:01:39] MOVE chetan2 (purple): 6→15 [0.1ms]
[2026-05-06 13:01:39] MOVE chetan3 (lawn green): 77→56 [0.1ms]
[2026-05-06 13:01:39] MOVE chetan1 (yellow): 64→73 [0.1ms]
[2026-05-06 13:01:39] MOVE chetan2 (purple): 15→27 [0.2ms]
[2026-05-06 13:01:40] MOVE chetan3 (lawn green): 102→89 [0.1ms]
[2026-05-06 13:01:40] MOVE chetan1 (yellow): 73→83 [0.2ms]
[2026-05-06 13:01:40] MOVE chetan2 (purple): 27→38 [0.2ms]
[2026-05-06 13:01:40] MOVE chetan3 (lawn green): 56→102 [0.2ms]
[2026-05-06 13:01:40] MOVE chetan1 (yellow): 83→94 [0.1ms]
[2026-05-06 13:01:41] MOVE chetan2 (purple): 38→48 [0.1ms]
[2026-05-06 13:01:41] MOVE chetan3 (lawn green): 66→56 [0.1ms]
[2026-05-06 13:01:41] MOVE chetan1 (yellow): 94→106 [0.1ms]
[2026-05-06 13:01:41] MOVE chetan2 (purple): 48→47 [0.1ms]
[2026-05-06 13:01:42] MOVE chetan3 (lawn green): 89→77 [0.1ms]
[2026-05-06 13:01:42] MOVE chetan1 (yellow): 106→93 [0.1ms]
[2026-05-06 13:01:42] MOVE chetan2 (purple): 47→37 [0.1ms]
[2026-05-06 13:01:42] MOVE chetan3 (lawn green): 102→89 [0.4ms]
[2026-05-06 13:01:42] MOVE chetan1 (yellow): 93→82 [0.1ms]
[2026-05-06 13:01:43] MOVE chetan2 (purple): 37→26 [0.1ms]
[2026-05-06 13:01:43] MOVE chetan3 (lawn green): 77→102 [0.2ms]
[2026-05-06 13:01:43] MOVE chetan1 (yellow): 82→72 [0.3ms]
[2026-05-06 13:01:43] MOVE chetan2 (purple): 26→14 [0.1ms]
[2026-05-06 13:01:43] MOVE chetan3 (lawn green): 89→77 [0.2ms]
[2026-05-06 13:01:43] MOVE chetan1 (yellow): 72→63 [0.1ms]
[2026-05-06 13:01:43] MOVE chetan2 (purple): 14→6 [0.1ms]
[2026-05-06 13:01:43] MOVE chetan3 (lawn green): 56→66 [0.1ms]
[2026-05-06 13:01:43] MOVE chetan1 (yellow): 63→64 [0.1ms]
[2026-05-06 13:01:44] MOVE chetan2 (purple): 6→15 [0.2ms]
[2026-05-06 13:01:44] MOVE chetan3 (lawn green): 77→56 [0.1ms]
[2026-05-06 13:01:44] MOVE chetan1 (yellow): 64→73 [0.1ms]
[2026-05-06 13:01:44] MOVE chetan2 (purple): 15→27 [0.1ms]
[2026-05-06 13:01:44] MOVE chetan3 (lawn green): 102→89 [0.2ms]
[2026-05-06 13:01:44] MOVE chetan1 (yellow): 73→83 [0.1ms]
[2026-05-06 13:01:44] MOVE chetan2 (purple): 27→38 [0.1ms]
[2026-05-06 13:01:44] MOVE chetan3 (lawn green): 56→102 [0.1ms]
[2026-05-06 13:01:44] MOVE chetan1 (yellow): 83→94 [0.2ms]
[2026-05-06 13:01:44] MOVE chetan2 (purple): 38→48 [0.1ms]
[2026-05-06 13:01:45] MOVE chetan3 (lawn green): 66→56 [0.2ms]
[2026-05-06 13:01:45] MOVE chetan1 (yellow): 94→106 [0.3ms]
[2026-05-06 13:01:45] MOVE chetan2 (purple): 48→47 [0.2ms]
[2026-05-06 13:01:45] MOVE chetan3 (lawn green): 89→77 [0.1ms]
[2026-05-06 13:01:45] MOVE chetan1 (yellow): 106→93 [0.1ms]
[2026-05-06 13:01:45] MOVE chetan2 (purple): 47→37 [0.1ms]
[2026-05-06 13:01:45] MOVE chetan3 (lawn green): 102→89 [0.2ms]
[2026-05-06 13:01:45] MOVE chetan1 (yellow): 93→82 [0.3ms]
[2026-05-06 13:01:45] MOVE chetan2 (purple): 37→26 [0.1ms]
[2026-05-06 13:01:46] MOVE chetan3 (lawn green): 77→102 [0.1ms]
[2026-05-06 13:01:46] MOVE chetan1 (yellow): 82→72 [0.2ms]
[2026-05-06 13:01:46] MOVE chetan2 (purple): 26→14 [0.1ms]
[2026-05-06 13:01:46] MOVE chetan3 (lawn green): 89→77 [0.1ms]
[2026-05-06 13:01:46] MOVE chetan1 (yellow): 72→63 [0.9ms]
[2026-05-06 13:01:46] MOVE chetan2 (purple): 14→6 [0.1ms]
[2026-05-06 13:01:46] MOVE chetan3 (lawn green): 56→66 [0.1ms]
[2026-05-06 13:01:46] MOVE chetan1 (yellow): 63→64 [0.1ms]
[2026-05-06 13:01:46] MOVE chetan2 (purple): 6→15 [0.1ms]
[2026-05-06 13:01:47] MOVE chetan3 (lawn green): 77→56 [0.1ms]
[2026-05-06 13:01:47] MOVE chetan1 (yellow): 64→73 [0.1ms]
[2026-05-06 13:01:47] MOVE chetan2 (purple): 15→27 [0.2ms]
[2026-05-06 13:01:47] MOVE chetan3 (lawn green): 102→89 [0.1ms]
[2026-05-06 13:01:47] MOVE chetan1 (yellow): 73→83 [0.1ms]
[2026-05-06 13:01:47] MOVE chetan2 (purple): 27→38 [0.1ms]
[2026-05-06 13:01:47] MOVE chetan3 (lawn green): 56→102 [0.2ms]
[2026-05-06 13:01:47] MOVE chetan1 (yellow): 83→94 [0.1ms]
[2026-05-06 13:01:47] MOVE chetan2 (purple): 38→48 [0.1ms]
[2026-05-06 13:01:47] MOVE chetan3 (lawn green): 66→56 [0.1ms]
[2026-05-06 13:01:48] MOVE chetan1 (yellow): 94→106 [0.1ms]
[2026-05-06 13:01:48] MOVE chetan2 (purple): 48→47 [0.1ms]
[2026-05-06 13:01:48] MOVE chetan3 (lawn green): 89→77 [0.2ms]
[2026-05-06 13:01:48] MOVE chetan1 (yellow): 106→93 [0.1ms]
[2026-05-06 13:01:48] MOVE chetan2 (purple): 47→37 [0.1ms]
[2026-05-06 13:01:48] MOVE chetan3 (lawn green): 102→89 [0.1ms]
[2026-05-06 13:01:48] MOVE chetan1 (yellow): 93→82 [0.1ms]
[2026-05-06 13:01:48] MOVE chetan2 (purple): 37→26 [0.1ms]
[2026-05-06 13:01:48] MOVE chetan3 (lawn green): 77→102 [0.1ms]
[2026-05-06 13:01:49] MOVE chetan1 (yellow): 82→72 [0.1ms]
[2026-05-06 13:01:49] MOVE chetan2 (purple): 26→14 [0.5ms]
[2026-05-06 13:01:49] MOVE chetan3 (lawn green): 89→77 [0.1ms]
[2026-05-06 13:01:49] MOVE chetan1 (yellow): 72→63 [0.1ms]
[2026-05-06 13:01:49] MOVE chetan2 (purple): 14→6 [0.1ms]
[2026-05-06 13:01:49] MOVE chetan3 (lawn green): 56→66 [0.1ms]
[2026-05-06 13:01:50] MOVE chetan1 (yellow): 63→64 [0.1ms]
[2026-05-06 13:01:50] MOVE chetan2 (purple): 6→15 [0.1ms]
[2026-05-06 13:01:50] MOVE chetan3 (lawn green): 77→56 [0.1ms]
[2026-05-06 13:01:50] MOVE chetan1 (yellow): 64→73 [0.1ms]
[2026-05-06 13:01:50] MOVE chetan2 (purple): 15→27 [0.1ms]
[2026-05-06 13:01:50] MOVE chetan3 (lawn green): 102→89 [0.1ms]
[2026-05-06 13:01:50] MOVE chetan1 (yellow): 73→83 [0.2ms]
[2026-05-06 13:01:50] MOVE chetan2 (purple): 27→38 [0.1ms]
[2026-05-06 13:01:50] MOVE chetan3 (lawn green): 56→102 [0.1ms]
[2026-05-06 13:01:51] MOVE chetan1 (yellow): 83→94 [0.1ms]
[2026-05-06 13:01:51] MOVE chetan2 (purple): 38→48 [0.2ms]
[2026-05-06 13:01:51] MOVE chetan3 (lawn green): 66→56 [0.2ms]
[2026-05-06 13:01:51] MOVE chetan1 (yellow): 94→106 [0.1ms]
[2026-05-06 13:01:51] MOVE chetan2 (purple): 48→47 [0.1ms]
[2026-05-06 13:01:51] MOVE chetan3 (lawn green): 89→77 [0.1ms]
[2026-05-06 13:01:51] MOVE chetan1 (yellow): 106→93 [0.1ms]
[2026-05-06 13:01:51] MOVE chetan2 (purple): 47→37 [0.1ms]
[2026-05-06 13:01:51] MOVE chetan3 (lawn green): 102→89 [0.2ms]
[2026-05-06 13:01:52] MOVE chetan1 (yellow): 93→82 [0.1ms]
[2026-05-06 13:01:52] MOVE chetan2 (purple): 37→26 [0.1ms]
[2026-05-06 13:01:52] MOVE chetan3 (lawn green): 77→102 [0.1ms]
[2026-05-06 13:01:52] MOVE chetan1 (yellow): 82→72 [0.1ms]
[2026-05-06 13:01:52] MOVE chetan2 (purple): 26→14 [0.1ms]
[2026-05-06 13:01:52] MOVE chetan3 (lawn green): 89→77 [0.2ms]
[2026-05-06 13:01:52] MOVE chetan1 (yellow): 72→63 [0.1ms]
[2026-05-06 13:01:52] MOVE chetan2 (purple): 14→6 [0.1ms]
[2026-05-06 13:01:53] MOVE chetan3 (lawn green): 56→66 [0.1ms]
[2026-05-06 13:01:53] MOVE chetan1 (yellow): 63→64 [0.1ms]
[2026-05-06 13:01:53] MOVE chetan2 (purple): 6→15 [0.1ms]
[2026-05-06 13:01:53] MOVE chetan3 (lawn green): 77→56 [0.1ms]
[2026-05-06 13:01:53] MOVE chetan1 (yellow): 64→73 [0.1ms]
[2026-05-06 13:01:53] MOVE chetan2 (purple): 15→27 [0.1ms]
[2026-05-06 13:01:53] MOVE chetan3 (lawn green): 102→89 [0.2ms]
[2026-05-06 13:01:53] MOVE chetan1 (yellow): 73→83 [0.2ms]
[2026-05-06 13:01:53] MOVE chetan2 (purple): 27→38 [0.1ms]
[2026-05-06 13:01:54] MOVE chetan3 (lawn green): 56→102 [0.1ms]
[2026-05-06 13:01:54] MOVE chetan1 (yellow): 83→94 [0.2ms]
[2026-05-06 13:01:54] MOVE chetan2 (purple): 38→48 [0.1ms]
[2026-05-06 13:01:54] MOVE chetan3 (lawn green): 66→56 [0.1ms]
[2026-05-06 13:01:54] MOVE chetan1 (yellow): 94→106 [0.2ms]
[2026-05-06 13:01:54] MOVE chetan2 (purple): 48→47 [0.1ms]
[2026-05-06 13:01:54] MOVE chetan3 (lawn green): 89→77 [0.1ms]
[2026-05-06 13:01:54] MOVE chetan1 (yellow): 106→93 [0.1ms]
[2026-05-06 13:01:54] MOVE chetan2 (purple): 47→37 [0.1ms]
[2026-05-06 13:01:54] MOVE chetan3 (lawn green): 102→89 [0.1ms]
[2026-05-06 13:01:55] MOVE chetan1 (yellow): 93→82 [0.1ms]
[2026-05-06 13:01:55] MOVE chetan2 (purple): 37→26 [0.2ms]
[2026-05-06 13:01:55] MOVE chetan3 (lawn green): 77→102 [0.1ms]
[2026-05-06 13:01:55] MOVE chetan1 (yellow): 82→72 [0.1ms]
[2026-05-06 13:01:56] MOVE chetan2 (purple): 26→14 [0.1ms]
[2026-05-06 13:01:56] MOVE chetan3 (lawn green): 89→77 [0.1ms]
[2026-05-06 13:01:56] MOVE chetan1 (yellow): 72→63 [0.1ms]
[2026-05-06 13:01:56] MOVE chetan2 (purple): 14→6 [0.1ms]
[2026-05-06 13:01:56] MOVE chetan3 (lawn green): 56→66 [0.1ms]
[2026-05-06 13:01:57] MOVE chetan1 (yellow): 63→64 [0.1ms]
[2026-05-06 13:01:57] MOVE chetan2 (purple): 6→15 [0.1ms]
[2026-05-06 13:01:57] MOVE chetan3 (lawn green): 77→56 [0.1ms]
[2026-05-06 13:01:57] MOVE chetan1 (yellow): 64→73 [0.1ms]
[2026-05-06 13:01:58] MOVE chetan2 (purple): 15→27 [0.1ms]
[2026-05-06 13:01:58] MOVE chetan3 (lawn green): 102→89 [0.1ms]
[2026-05-06 13:01:58] MOVE chetan1 (yellow): 73→83 [0.1ms]
[2026-05-06 13:01:58] MOVE chetan2 (purple): 27→38 [0.1ms]
[2026-05-06 13:01:58] MOVE chetan3 (lawn green): 56→102 [0.4ms]
[2026-05-06 13:01:58] MOVE chetan1 (yellow): 83→94 [0.1ms]
[2026-05-06 13:01:58] MOVE chetan2 (purple): 38→48 [0.1ms]
[2026-05-06 13:01:59] MOVE chetan3 (lawn green): 66→56 [0.1ms]
[2026-05-06 13:01:59] MOVE chetan1 (yellow): 94→106 [0.1ms]
[2026-05-06 13:01:59] MOVE chetan2 (purple): 48→47 [0.5ms]
[2026-05-06 13:02:00] MOVE chetan3 (lawn green): 89→77 [0.1ms]
[2026-05-06 13:02:00] MOVE chetan1 (yellow): 106→93 [0.2ms]
[2026-05-06 13:02:00] MOVE chetan2 (purple): 47→37 [0.2ms]
[2026-05-06 13:02:00] MOVE chetan3 (lawn green): 102→89 [0.2ms]
[2026-05-06 13:02:00] MOVE chetan1 (yellow): 93→82 [0.1ms]
[2026-05-06 13:02:01] MOVE chetan2 (purple): 37→26 [0.2ms]
[2026-05-06 13:02:01] MOVE chetan3 (lawn green): 77→102 [0.1ms]
[2026-05-06 13:02:01] MOVE chetan1 (yellow): 82→72 [0.1ms]
[2026-05-06 13:02:01] MOVE chetan2 (purple): 26→14 [0.2ms]
[2026-05-06 13:02:01] MOVE chetan3 (lawn green): 89→77 [0.2ms]
[2026-05-06 13:02:01] MOVE chetan1 (yellow): 72→63 [0.3ms]
[2026-05-06 13:02:02] MOVE chetan2 (purple): 14→6 [0.1ms]
[2026-05-06 13:02:02] MOVE chetan3 (lawn green): 56→66 [0.1ms]
[2026-05-06 13:02:02] MOVE chetan1 (yellow): 63→64 [0.1ms]
[2026-05-06 13:02:02] MOVE chetan2 (purple): 6→15 [0.1ms]
[2026-05-06 13:02:02] MOVE chetan3 (lawn green): 77→56 [0.1ms]
[2026-05-06 13:02:02] MOVE chetan1 (yellow): 64→73 [0.1ms]
[2026-05-06 13:02:02] MOVE chetan2 (purple): 15→27 [0.1ms]
[2026-05-06 13:02:02] MOVE chetan3 (lawn green): 102→89 [0.1ms]
[2026-05-06 13:02:03] MOVE chetan1 (yellow): 73→83 [0.3ms]
[2026-05-06 13:02:03] MOVE chetan2 (purple): 27→38 [0.1ms]
[2026-05-06 13:02:03] MOVE chetan3 (lawn green): 56→102 [0.1ms]
[2026-05-06 13:02:03] MOVE chetan1 (yellow): 83→94 [0.1ms]
[2026-05-06 13:02:03] MOVE chetan2 (purple): 38→48 [0.1ms]
[2026-05-06 13:02:03] MOVE chetan3 (lawn green): 66→56 [0.3ms]
[2026-05-06 13:02:03] MOVE chetan1 (yellow): 94→106 [0.1ms]
[2026-05-06 13:02:03] MOVE chetan2 (purple): 48→47 [0.1ms]
[2026-05-06 13:02:03] MOVE chetan3 (lawn green): 89→77 [0.1ms]
[2026-05-06 13:02:04] MOVE chetan1 (yellow): 106→93 [0.1ms]
[2026-05-06 13:02:04] MOVE chetan2 (purple): 47→37 [0.1ms]
[2026-05-06 13:02:04] MOVE chetan3 (lawn green): 102→89 [0.2ms]
[2026-05-06 13:02:04] MOVE chetan1 (yellow): 93→82 [0.1ms]
[2026-05-06 13:02:05] MOVE chetan2 (purple): 37→26 [0.1ms]
[2026-05-06 13:02:05] MOVE chetan3 (lawn green): 77→102 [0.1ms]
[2026-05-06 13:02:05] MOVE chetan1 (yellow): 82→72 [0.1ms]
[2026-05-06 13:02:05] MOVE chetan2 (purple): 26→14 [0.1ms]
[2026-05-06 13:02:05] MOVE chetan3 (lawn green): 89→77 [0.2ms]
[2026-05-06 13:02:05] MOVE chetan1 (yellow): 72→63 [0.1ms]
[2026-05-06 13:02:06] MOVE chetan2 (purple): 14→6 [0.1ms]
[2026-05-06 13:02:06] MOVE chetan3 (lawn green): 56→66 [0.1ms]
[2026-05-06 13:02:06] MOVE chetan1 (yellow): 63→64 [0.1ms]
[2026-05-06 13:02:06] MOVE chetan2 (purple): 6→15 [0.7ms]
[2026-05-06 13:02:06] MOVE chetan3 (lawn green): 77→56 [0.2ms]
[2026-05-06 13:02:06] MOVE chetan1 (yellow): 64→73 [0.1ms]
[2026-05-06 13:02:07] MOVE chetan2 (purple): 15→27 [0.1ms]
[2026-05-06 13:02:07] MOVE chetan3 (lawn green): 102→89 [0.1ms]
[2026-05-06 13:02:07] MOVE chetan1 (yellow): 73→83 [0.2ms]
[2026-05-06 13:02:07] MOVE chetan2 (purple): 27→38 [0.4ms]
[2026-05-06 13:02:07] MOVE chetan3 (lawn green): 56→102 [0.1ms]
[2026-05-06 13:02:08] MOVE chetan1 (yellow): 83→94 [0.1ms]
[2026-05-06 13:02:08] MOVE chetan2 (purple): 38→48 [0.1ms]
[2026-05-06 13:02:08] MOVE chetan3 (lawn green): 66→56 [0.1ms]
[2026-05-06 13:02:08] MOVE chetan1 (yellow): 94→106 [0.1ms]
[2026-05-06 13:02:09] MOVE chetan2 (purple): 48→47 [0.2ms]
[2026-05-06 13:02:09] MOVE chetan3 (lawn green): 89→77 [0.1ms]
[2026-05-06 13:02:09] MOVE chetan1 (yellow): 106→93 [0.1ms]
[2026-05-06 13:02:09] MOVE chetan2 (purple): 47→37 [0.1ms]
[2026-05-06 13:02:09] MOVE chetan3 (lawn green): 102→89 [0.2ms]
[2026-05-06 13:02:10] MOVE chetan1 (yellow): 93→82 [0.1ms]
[2026-05-06 13:02:10] MOVE chetan2 (purple): 37→26 [0.1ms]
[2026-05-06 13:02:10] MOVE chetan3 (lawn green): 77→102 [0.2ms]
[2026-05-06 13:02:10] MOVE chetan1 (yellow): 82→72 [0.1ms]
[2026-05-06 13:02:11] MOVE chetan2 (purple): 26→14 [0.1ms]
[2026-05-06 13:02:11] MOVE chetan3 (lawn green): 89→77 [0.1ms]
[2026-05-06 13:02:11] MOVE chetan1 (yellow): 72→63 [0.1ms]
[2026-05-06 13:02:11] MOVE chetan2 (purple): 14→6 [0.1ms]
[2026-05-06 13:02:11] MOVE chetan3 (lawn green): 56→66 [0.1ms]
[2026-05-06 13:02:12] MOVE chetan1 (yellow): 63→64 [0.2ms]
[2026-05-06 13:02:12] MOVE chetan2 (purple): 6→15 [0.1ms]
[2026-05-06 13:02:12] MOVE chetan3 (lawn green): 77→56 [0.1ms]
[2026-05-06 13:02:12] MOVE chetan1 (yellow): 64→73 [0.4ms]
[2026-05-06 13:02:12] MOVE chetan2 (purple): 15→27 [0.1ms]
[2026-05-06 13:02:13] MOVE chetan3 (lawn green): 102→89 [0.1ms]
[2026-05-06 13:02:13] MOVE chetan1 (yellow): 73→83 [0.2ms]
[2026-05-06 13:02:13] MOVE chetan2 (purple): 27→38 [0.1ms]
[2026-05-06 13:02:13] MOVE chetan3 (lawn green): 56→102 [0.1ms]
[2026-05-06 13:02:13] MOVE chetan1 (yellow): 83→94 [0.2ms]
[2026-05-06 13:02:14] MOVE chetan2 (purple): 38→48 [0.1ms]
[2026-05-06 13:02:14] MOVE chetan3 (lawn green): 66→56 [0.2ms]
[2026-05-06 13:02:14] MOVE chetan1 (yellow): 94→106 [0.2ms]
[2026-05-06 13:02:14] MOVE chetan2 (purple): 48→47 [0.1ms]
[2026-05-06 13:02:15] MOVE chetan3 (lawn green): 89→77 [0.1ms]
[2026-05-06 13:02:15] MOVE chetan1 (yellow): 106→93 [0.1ms]
[2026-05-06 13:02:15] MOVE chetan2 (purple): 47→37 [0.1ms]
[2026-05-06 13:02:15] MOVE chetan3 (lawn green): 102→89 [0.2ms]
[2026-05-06 13:02:15] MOVE chetan1 (yellow): 93→82 [0.1ms]
[2026-05-06 13:02:16] MOVE chetan2 (purple): 37→26 [0.3ms]
[2026-05-06 13:02:16] MOVE chetan3 (lawn green): 77→102 [0.1ms]
[2026-05-06 13:02:16] MOVE chetan1 (yellow): 82→72 [0.1ms]
[2026-05-06 13:02:16] MOVE chetan2 (purple): 26→14 [0.1ms]
[2026-05-06 13:02:16] MOVE chetan3 (lawn green): 89→77 [0.5ms]
[2026-05-06 13:02:17] MOVE chetan1 (yellow): 72→63 [0.1ms]
[2026-05-06 13:02:17] MOVE chetan2 (purple): 14→6 [0.1ms]
[2026-05-06 13:02:17] MOVE chetan3 (lawn green): 56→66 [0.2ms]
[2026-05-06 13:02:17] MOVE chetan1 (yellow): 63→64 [0.2ms]
[2026-05-06 13:02:17] MOVE chetan2 (purple): 6→15 [0.1ms]
[2026-05-06 13:02:17] MOVE chetan3 (lawn green): 77→56 [0.1ms]
[2026-05-06 13:02:18] MOVE chetan1 (yellow): 64→73 [0.1ms]
[2026-05-06 13:02:18] MOVE chetan2 (purple): 15→27 [0.1ms]
[2026-05-06 13:02:18] MOVE chetan3 (lawn green): 102→89 [0.2ms]
[2026-05-06 13:02:18] MOVE chetan1 (yellow): 73→83 [0.1ms]
[2026-05-06 13:02:18] MOVE chetan2 (purple): 27→38 [0.3ms]
[2026-05-06 13:02:18] MOVE chetan3 (lawn green): 56→102 [0.1ms]
[2026-05-06 13:02:18] MOVE chetan1 (yellow): 83→94 [0.3ms]
[2026-05-06 13:02:18] MOVE chetan2 (purple): 38→48 [0.1ms]
[2026-05-06 13:02:18] MOVE chetan3 (lawn green): 66→56 [0.4ms]
[2026-05-06 13:02:19] MOVE chetan1 (yellow): 94→106 [0.1ms]
[2026-05-06 13:02:19] MOVE chetan2 (purple): 48→47 [0.1ms]
[2026-05-06 13:02:19] MOVE chetan3 (lawn green): 89→77 [0.1ms]
[2026-05-06 13:02:19] MOVE chetan1 (yellow): 106→93 [0.1ms]
[2026-05-06 13:02:19] MOVE chetan2 (purple): 47→37 [0.1ms]
[2026-05-06 13:02:20] MOVE chetan3 (lawn green): 102→89 [0.1ms]
[2026-05-06 13:02:20] MOVE chetan1 (yellow): 93→82 [0.2ms]
[2026-05-06 13:02:20] MOVE chetan2 (purple): 37→26 [0.1ms]
[2026-05-06 13:02:20] MOVE chetan3 (lawn green): 77→102 [0.1ms]
[2026-05-06 13:02:20] MOVE chetan1 (yellow): 82→72 [0.2ms]
[2026-05-06 13:02:21] MOVE chetan2 (purple): 26→14 [0.1ms]
[2026-05-06 13:02:21] MOVE chetan3 (lawn green): 89→77 [0.1ms]
[2026-05-06 13:02:21] MOVE chetan1 (yellow): 72→63 [0.1ms]
[2026-05-06 13:02:21] MOVE chetan2 (purple): 14→6 [0.1ms]
[2026-05-06 13:02:21] MOVE chetan3 (lawn green): 56→66 [0.2ms]
[2026-05-06 13:02:22] MOVE chetan1 (yellow): 63→64 [0.2ms]
[2026-05-06 13:02:22] MOVE chetan2 (purple): 6→15 [0.1ms]
[2026-05-06 13:02:22] MOVE chetan3 (lawn green): 77→56 [0.1ms]
[2026-05-06 13:02:22] MOVE chetan1 (yellow): 64→73 [0.2ms]
[2026-05-06 13:02:23] MOVE chetan2 (purple): 15→27 [0.3ms]
[2026-05-06 13:02:23] MOVE chetan3 (lawn green): 102→89 [0.2ms]
[2026-05-06 13:02:23] MOVE chetan1 (yellow): 73→83 [0.1ms]
[2026-05-06 13:02:23] MOVE chetan2 (purple): 27→38 [0.2ms]
[2026-05-06 13:02:23] MOVE chetan3 (lawn green): 56→102 [0.1ms]
[2026-05-06 13:02:24] MOVE chetan1 (yellow): 83→94 [0.1ms]
[2026-05-06 13:02:24] MOVE chetan2 (purple): 38→48 [0.1ms]
[2026-05-06 13:02:24] MOVE chetan3 (lawn green): 66→56 [0.1ms]
[2026-05-06 13:02:24] MOVE chetan1 (yellow): 94→106 [0.1ms]
[2026-05-06 13:02:25] MOVE chetan2 (purple): 48→47 [0.1ms]
[2026-05-06 13:02:25] MOVE chetan3 (lawn green): 89→77 [0.1ms]
[2026-05-06 13:02:25] MOVE chetan1 (yellow): 106→93 [0.1ms]
[2026-05-06 13:02:25] MOVE chetan2 (purple): 47→37 [0.1ms]
[2026-05-06 13:02:25] MOVE chetan3 (lawn green): 102→89 [0.2ms]
[2026-05-06 13:02:25] MOVE chetan1 (yellow): 93→82 [0.1ms]
[2026-05-06 13:02:25] MOVE chetan2 (purple): 37→26 [0.1ms]
[2026-05-06 13:02:25] MOVE chetan3 (lawn green): 77→102 [0.1ms]
[2026-05-06 13:02:25] MOVE chetan1 (yellow): 82→72 [0.1ms]
[2026-05-06 13:02:25] MOVE chetan2 (purple): 26→14 [0.1ms]
[2026-05-06 13:02:26] MOVE chetan3 (lawn green): 89→77 [0.1ms]
[2026-05-06 13:02:26] MOVE chetan1 (yellow): 72→63 [0.1ms]
[2026-05-06 13:02:26] MOVE chetan2 (purple): 14→6 [0.1ms]
[2026-05-06 13:02:26] MOVE chetan3 (lawn green): 56→66 [0.1ms]
[2026-05-06 13:02:26] MOVE chetan1 (yellow): 63→64 [0.1ms]
[2026-05-06 13:02:26] MOVE chetan2 (purple): 6→15 [0.1ms]
[2026-05-06 13:02:27] MOVE chetan3 (lawn green): 77→56 [0.1ms]
[2026-05-06 13:02:27] MOVE chetan1 (yellow): 64→73 [0.2ms]
[2026-05-06 13:02:27] MOVE chetan2 (purple): 15→27 [0.4ms]
[2026-05-06 13:02:27] MOVE chetan3 (lawn green): 102→89 [0.1ms]
[2026-05-06 13:02:27] MOVE chetan1 (yellow): 73→83 [0.1ms]
[2026-05-06 13:02:28] MOVE chetan2 (purple): 27→38 [0.1ms]
[2026-05-06 13:02:28] MOVE chetan3 (lawn green): 56→102 [0.1ms]
[2026-05-06 13:02:28] MOVE chetan1 (yellow): 83→94 [0.2ms]
[2026-05-06 13:02:28] MOVE chetan2 (purple): 38→48 [0.1ms]
[2026-05-06 13:02:28] MOVE chetan3 (lawn green): 66→56 [0.2ms]
[2026-05-06 13:02:29] MOVE chetan1 (yellow): 94→106 [0.1ms]
[2026-05-06 13:02:29] MOVE chetan2 (purple): 48→47 [0.1ms]
[2026-05-06 13:02:29] MOVE chetan3 (lawn green): 89→77 [0.2ms]
[2026-05-06 13:02:29] MOVE chetan1 (yellow): 106→93 [0.1ms]
[2026-05-06 13:02:30] MOVE chetan2 (purple): 47→37 [0.2ms]
[2026-05-06 13:02:30] MOVE chetan3 (lawn green): 102→89 [0.1ms]
[2026-05-06 13:02:30] MOVE chetan1 (yellow): 93→82 [0.1ms]
[2026-05-06 13:02:30] MOVE chetan2 (purple): 37→26 [0.1ms]
[2026-05-06 13:02:30] MOVE chetan3 (lawn green): 77→102 [0.1ms]
[2026-05-06 13:02:30] MOVE chetan1 (yellow): 82→72 [0.1ms]
[2026-05-06 13:02:30] MOVE chetan2 (purple): 26→14 [0.1ms]
[2026-05-06 13:02:30] MOVE chetan3 (lawn green): 89→77 [0.1ms]
[2026-05-06 13:02:31] MOVE chetan1 (yellow): 72→63 [0.1ms]
[2026-05-06 13:02:31] MOVE chetan2 (purple): 14→6 [0.1ms]
[2026-05-06 13:02:31] MOVE chetan3 (lawn green): 56→66 [0.2ms]
[2026-05-06 13:02:31] MOVE chetan1 (yellow): 63→64 [0.1ms]
[2026-05-06 13:02:31] MOVE chetan2 (purple): 6→15 [0.2ms]
[2026-05-06 13:02:31] MOVE chetan3 (lawn green): 77→56 [0.1ms]
[2026-05-06 13:02:31] MOVE chetan1 (yellow): 64→73 [0.1ms]
[2026-05-06 13:02:32] MOVE chetan2 (purple): 15→27 [0.1ms]
[2026-05-06 13:02:32] MOVE chetan3 (lawn green): 102→89 [0.1ms]
[2026-05-06 13:02:32] MOVE chetan1 (yellow): 73→83 [0.4ms]
[2026-05-06 13:02:32] MOVE chetan2 (purple): 27→38 [0.1ms]
[2026-05-06 13:02:32] MOVE chetan3 (lawn green): 56→102 [0.2ms]
[2026-05-06 13:02:32] MOVE chetan1 (yellow): 83→94 [0.1ms]
[2026-05-06 13:02:32] MOVE chetan2 (purple): 38→48 [0.1ms]
[2026-05-06 13:02:33] MOVE chetan3 (lawn green): 66→56 [0.1ms]
[2026-05-06 13:02:33] MOVE chetan1 (yellow): 94→106 [0.1ms]
[2026-05-06 13:02:33] MOVE chetan2 (purple): 48→47 [0.1ms]
[2026-05-06 13:02:33] MOVE chetan3 (lawn green): 89→77 [0.2ms]
[2026-05-06 13:02:33] MOVE chetan1 (yellow): 106→93 [0.2ms]
[2026-05-06 13:02:34] MOVE chetan2 (purple): 47→37 [0.1ms]
[2026-05-06 13:02:34] MOVE chetan3 (lawn green): 102→89 [0.3ms]
[2026-05-06 13:02:34] MOVE chetan1 (yellow): 93→82 [0.1ms]
[2026-05-06 13:02:34] MOVE chetan2 (purple): 37→26 [0.1ms]
[2026-05-06 13:02:35] MOVE chetan3 (lawn green): 77→102 [0.1ms]
[2026-05-06 13:02:35] MOVE chetan1 (yellow): 82→72 [0.1ms]
[2026-05-06 13:02:35] MOVE chetan2 (purple): 26→14 [0.1ms]
[2026-05-06 13:02:35] MOVE chetan3 (lawn green): 89→77 [0.2ms]
[2026-05-06 13:02:35] MOVE chetan1 (yellow): 72→63 [0.2ms]
[2026-05-06 13:02:36] MOVE chetan2 (purple): 14→6 [0.4ms]
[2026-05-06 13:02:36] MOVE chetan3 (lawn green): 56→66 [0.1ms]
[2026-05-06 13:02:36] MOVE chetan1 (yellow): 63→64 [0.2ms]
[2026-05-06 13:02:36] MOVE chetan2 (purple): 6→15 [0.1ms]
[2026-05-06 13:02:37] MOVE chetan3 (lawn green): 77→56 [0.1ms]
[2026-05-06 13:02:37] MOVE chetan1 (yellow): 64→73 [0.2ms]
[2026-05-06 13:02:37] MOVE chetan2 (purple): 15→27 [0.3ms]
[2026-05-06 13:02:37] MOVE chetan3 (lawn green): 102→89 [0.2ms]
[2026-05-06 13:02:37] MOVE chetan1 (yellow): 73→83 [0.1ms]
[2026-05-06 13:02:38] MOVE chetan2 (purple): 27→38 [0.1ms]
[2026-05-06 13:02:38] MOVE chetan3 (lawn green): 56→102 [0.1ms]
[2026-05-06 13:02:38] MOVE chetan1 (yellow): 83→94 [0.1ms]
[2026-05-06 13:02:38] MOVE chetan2 (purple): 38→48 [0.1ms]
[2026-05-06 13:02:38] MOVE chetan3 (lawn green): 66→56 [0.2ms]
[2026-05-06 13:02:39] MOVE chetan1 (yellow): 94→106 [0.2ms]
[2026-05-06 13:02:39] MOVE chetan2 (purple): 48→47 [0.1ms]
[2026-05-06 13:02:39] MOVE chetan3 (lawn green): 89→77 [1.9ms]
[2026-05-06 13:02:39] MOVE chetan1 (yellow): 106→93 [0.2ms]
[2026-05-06 13:02:39] MOVE chetan2 (purple): 47→37 [0.1ms]
[2026-05-06 13:02:40] MOVE chetan3 (lawn green): 102→89 [0.1ms]
[2026-05-06 13:02:40] MOVE chetan1 (yellow): 93→82 [0.1ms]
[2026-05-06 13:02:40] MOVE chetan2 (purple): 37→26 [0.1ms]
[2026-05-06 13:02:40] MOVE chetan3 (lawn green): 77→102 [0.1ms]
[2026-05-06 13:02:40] MOVE chetan1 (yellow): 82→72 [2.0ms]
[2026-05-06 13:02:41] MOVE chetan2 (purple): 26→14 [3.6ms]
[2026-05-06 13:02:41] MOVE chetan3 (lawn green): 89→77 [0.2ms]
[2026-05-06 13:02:41] MOVE chetan1 (yellow): 72→63 [0.1ms]
[2026-05-06 13:02:41] MOVE chetan2 (purple): 14→6 [0.1ms]
[2026-05-06 13:02:41] MOVE chetan3 (lawn green): 56→66 [0.1ms]
[2026-05-06 13:02:41] MOVE chetan1 (yellow): 63→64 [0.4ms]
[2026-05-06 13:02:41] MOVE chetan2 (purple): 6→15 [0.1ms]
[2026-05-06 13:02:42] MOVE chetan3 (lawn green): 77→56 [0.1ms]
[2026-05-06 13:02:42] MOVE chetan1 (yellow): 64→73 [0.1ms]
[2026-05-06 13:02:42] MOVE chetan2 (purple): 15→27 [0.1ms]
[2026-05-06 13:02:42] MOVE chetan3 (lawn green): 102→89 [0.1ms]
[2026-05-06 13:02:42] MOVE chetan1 (yellow): 73→83 [0.2ms]
[2026-05-06 13:02:42] MOVE chetan2 (purple): 27→38 [0.1ms]
[2026-05-06 13:02:42] MOVE chetan3 (lawn green): 56→102 [0.2ms]
[2026-05-06 13:02:42] MOVE chetan1 (yellow): 83→94 [0.1ms]
[2026-05-06 13:02:43] MOVE chetan2 (purple): 38→48 [0.2ms]
[2026-05-06 13:02:43] MOVE chetan3 (lawn green): 66→56 [0.1ms]
[2026-05-06 13:02:43] MOVE chetan1 (yellow): 94→106 [0.1ms]
[2026-05-06 13:02:43] MOVE chetan2 (purple): 48→47 [0.3ms]
[2026-05-06 13:02:44] MOVE chetan3 (lawn green): 89→77 [0.1ms]
[2026-05-06 13:02:44] MOVE chetan1 (yellow): 106→93 [0.1ms]
[2026-05-06 13:02:44] MOVE chetan2 (purple): 47→37 [0.4ms]
[2026-05-06 13:02:44] MOVE chetan3 (lawn green): 102→89 [0.1ms]
[2026-05-06 13:02:44] MOVE chetan1 (yellow): 93→82 [0.2ms]
[2026-05-06 13:02:45] MOVE chetan2 (purple): 37→26 [0.1ms]
[2026-05-06 13:02:45] MOVE chetan3 (lawn green): 77→102 [0.1ms]
[2026-05-06 13:02:45] MOVE chetan1 (yellow): 82→72 [0.2ms]
[2026-05-06 13:02:45] MOVE chetan2 (purple): 26→14 [0.3ms]
[2026-05-06 13:02:45] MOVE chetan3 (lawn green): 89→77 [0.1ms]
[2026-05-06 13:02:45] MOVE chetan1 (yellow): 72→63 [0.1ms]
[2026-05-06 13:02:45] MOVE chetan2 (purple): 14→6 [0.1ms]
[2026-05-06 13:02:46] MOVE chetan3 (lawn green): 56→66 [0.1ms]
[2026-05-06 13:02:46] MOVE chetan1 (yellow): 63→64 [0.2ms]
[2026-05-06 13:02:46] MOVE chetan2 (purple): 6→15 [0.1ms]
[2026-05-06 13:02:46] MOVE chetan3 (lawn green): 77→56 [0.1ms]
[2026-05-06 13:02:47] MOVE chetan1 (yellow): 64→73 [0.1ms]
[2026-05-06 13:02:47] MOVE chetan2 (purple): 15→27 [0.1ms]
[2026-05-06 13:02:47] MOVE chetan3 (lawn green): 102→89 [0.2ms]
[2026-05-06 13:02:47] MOVE chetan1 (yellow): 73→83 [0.2ms]
[2026-05-06 13:02:47] MOVE chetan2 (purple): 27→38 [0.1ms]
[2026-05-06 13:02:47] MOVE chetan3 (lawn green): 56→102 [0.1ms]
[2026-05-06 13:02:47] MOVE chetan1 (yellow): 83→94 [0.1ms]
[2026-05-06 13:02:47] MOVE chetan2 (purple): 38→48 [0.1ms]
[2026-05-06 13:02:47] MOVE chetan3 (lawn green): 66→56 [0.1ms]
[2026-05-06 13:02:48] MOVE chetan1 (yellow): 94→106 [0.2ms]
[2026-05-06 13:02:48] MOVE chetan2 (purple): 48→47 [0.1ms]
[2026-05-06 13:02:48] MOVE chetan3 (lawn green): 89→77 [0.1ms]
[2026-05-06 13:02:48] MOVE chetan1 (yellow): 106→93 [0.1ms]
[2026-05-06 13:02:48] MOVE chetan2 (purple): 47→37 [0.2ms]
[2026-05-06 13:02:48] MOVE chetan3 (lawn green): 102→89 [0.1ms]
[2026-05-06 13:02:48] MOVE chetan1 (yellow): 93→82 [0.1ms]
[2026-05-06 13:02:49] MOVE chetan2 (purple): 37→26 [0.1ms]
[2026-05-06 13:02:49] MOVE chetan3 (lawn green): 77→102 [0.1ms]
[2026-05-06 13:02:49] MOVE chetan1 (yellow): 82→72 [0.2ms]
[2026-05-06 13:02:49] MOVE chetan2 (purple): 26→14 [0.1ms]
[2026-05-06 13:02:50] MOVE chetan3 (lawn green): 89→77 [0.2ms]
[2026-05-06 13:02:50] MOVE chetan1 (yellow): 72→63 [0.1ms]
[2026-05-06 13:02:50] MOVE chetan2 (purple): 14→6 [0.1ms]
[2026-05-06 13:02:50] MOVE chetan3 (lawn green): 56→66 [0.2ms]
[2026-05-06 13:02:50] MOVE chetan1 (yellow): 63→64 [0.2ms]
[2026-05-06 13:02:51] MOVE chetan2 (purple): 6→15 [0.1ms]
[2026-05-06 13:02:51] MOVE chetan3 (lawn green): 77→56 [0.1ms]
[2026-05-06 13:02:51] MOVE chetan1 (yellow): 64→73 [0.2ms]
[2026-05-06 13:02:51] MOVE chetan2 (purple): 15→27 [0.1ms]
[2026-05-06 13:02:51] MOVE chetan3 (lawn green): 102→89 [0.1ms]
[2026-05-06 13:02:51] MOVE chetan1 (yellow): 73→83 [0.1ms]
[2026-05-06 13:02:51] MOVE chetan2 (purple): 27→38 [0.1ms]
[2026-05-06 13:02:51] MOVE chetan3 (lawn green): 56→102 [0.1ms]
[2026-05-06 13:02:51] MOVE chetan1 (yellow): 83→94 [0.2ms]
[2026-05-06 13:02:52] MOVE chetan2 (purple): 38→48 [0.1ms]
[2026-05-06 13:02:52] MOVE chetan3 (lawn green): 66→56 [0.1ms]
[2026-05-06 13:02:52] MOVE chetan1 (yellow): 94→106 [0.1ms]
[2026-05-06 13:02:52] MOVE chetan2 (purple): 48→47 [0.2ms]
[2026-05-06 13:02:52] MOVE chetan3 (lawn green): 89→77 [0.1ms]
[2026-05-06 13:02:52] MOVE chetan1 (yellow): 106→93 [0.1ms]
[2026-05-06 13:02:52] MOVE chetan2 (purple): 47→37 [0.1ms]
[2026-05-06 13:02:52] MOVE chetan3 (lawn green): 102→89 [0.1ms]
[2026-05-06 13:02:52] MOVE chetan1 (yellow): 93→82 [0.1ms]
[2026-05-06 13:02:52] MOVE chetan2 (purple): 37→26 [0.1ms]
[2026-05-06 13:02:53] MOVE chetan3 (lawn green): 77→102 [0.1ms]
[2026-05-06 13:02:53] MOVE chetan1 (yellow): 82→72 [0.1ms]
[2026-05-06 13:02:53] MOVE chetan2 (purple): 26→14 [0.1ms]
[2026-05-06 13:02:53] MOVE chetan3 (lawn green): 89→77 [0.2ms]
[2026-05-06 13:02:53] MOVE chetan1 (yellow): 72→63 [0.1ms]
[2026-05-06 13:02:53] MOVE chetan2 (purple): 14→6 [0.2ms]
[2026-05-06 13:02:53] MOVE chetan3 (lawn green): 56→66 [0.2ms]
[2026-05-06 13:02:53] MOVE chetan1 (yellow): 63→64 [0.2ms]
[2026-05-06 13:02:53] MOVE chetan2 (purple): 6→15 [0.1ms]
[2026-05-06 13:02:54] MOVE chetan3 (lawn green): 77→56 [0.2ms]
[2026-05-06 13:02:54] MOVE chetan1 (yellow): 64→73 [0.1ms]
[2026-05-06 13:02:54] MOVE chetan2 (purple): 15→27 [0.2ms]
[2026-05-06 13:02:54] MOVE chetan3 (lawn green): 102→89 [0.1ms]
[2026-05-06 13:02:54] MOVE chetan1 (yellow): 73→83 [0.1ms]
[2026-05-06 13:02:54] MOVE chetan2 (purple): 27→38 [0.2ms]
[2026-05-06 13:02:54] MOVE chetan3 (lawn green): 56→102 [0.1ms]
[2026-05-06 13:02:54] MOVE chetan1 (yellow): 83→94 [0.1ms]
[2026-05-06 13:02:54] MOVE chetan2 (purple): 38→48 [0.2ms]
[2026-05-06 13:02:54] MOVE chetan3 (lawn green): 66→56 [0.2ms]
[2026-05-06 13:02:55] MOVE chetan1 (yellow): 94→106 [0.5ms]
[2026-05-06 13:02:55] MOVE chetan2 (purple): 48→47 [0.1ms]
[2026-05-06 13:02:55] MOVE chetan3 (lawn green): 89→77 [0.1ms]
[2026-05-06 13:02:55] MOVE chetan1 (yellow): 106→93 [0.1ms]
[2026-05-06 13:02:55] MOVE chetan2 (purple): 47→37 [0.1ms]
[2026-05-06 13:02:55] MOVE chetan3 (lawn green): 102→89 [0.1ms]
[2026-05-06 13:02:55] MOVE chetan1 (yellow): 93→82 [0.1ms]
[2026-05-06 13:02:55] MOVE chetan2 (purple): 37→26 [0.1ms]
[2026-05-06 13:02:55] MOVE chetan3 (lawn green): 77→102 [0.1ms]
[2026-05-06 13:02:56] MOVE chetan1 (yellow): 82→72 [0.1ms]
[2026-05-06 13:02:56] MOVE chetan2 (purple): 26→14 [0.1ms]
[2026-05-06 13:02:56] MOVE chetan3 (lawn green): 89→77 [0.2ms]
[2026-05-06 13:02:56] MOVE chetan1 (yellow): 72→63 [0.1ms]
[2026-05-06 13:02:56] MOVE chetan2 (purple): 14→6 [0.2ms]
[2026-05-06 13:02:56] MOVE chetan3 (lawn green): 56→66 [0.1ms]
[2026-05-06 13:02:56] MOVE chetan1 (yellow): 63→64 [0.2ms]
[2026-05-06 13:02:56] MOVE chetan2 (purple): 6→15 [0.1ms]
[2026-05-06 13:02:56] MOVE chetan3 (lawn green): 77→56 [0.2ms]
[2026-05-06 13:02:57] MOVE chetan1 (yellow): 64→73 [0.1ms]
[2026-05-06 13:02:57] MOVE chetan2 (purple): 15→27 [0.2ms]
[2026-05-06 13:02:57] MOVE chetan3 (lawn green): 102→89 [0.1ms]
[2026-05-06 13:02:57] MOVE chetan1 (yellow): 73→83 [0.2ms]
[2026-05-06 13:02:57] MOVE chetan2 (purple): 27→38 [0.1ms]
[2026-05-06 13:02:57] MOVE chetan3 (lawn green): 56→102 [0.1ms]
[2026-05-06 13:02:57] MOVE chetan1 (yellow): 83→94 [0.1ms]
[2026-05-06 13:02:57] MOVE chetan2 (purple): 38→48 [0.1ms]
[2026-05-06 13:02:57] MOVE chetan3 (lawn green): 66→56 [0.1ms]
[2026-05-06 13:02:58] MOVE chetan1 (yellow): 94→106 [0.1ms]
[2026-05-06 13:02:58] MOVE chetan2 (purple): 48→47 [0.1ms]
[2026-05-06 13:02:58] MOVE chetan3 (lawn green): 89→77 [0.1ms]
[2026-05-06 13:02:58] MOVE chetan1 (yellow): 106→93 [0.1ms]
[2026-05-06 13:02:58] MOVE chetan2 (purple): 47→37 [0.4ms]
[2026-05-06 13:02:58] MOVE chetan3 (lawn green): 102→89 [0.1ms]
[2026-05-06 13:02:58] MOVE chetan1 (yellow): 93→82 [0.2ms]
[2026-05-06 13:02:58] MOVE chetan2 (purple): 37→26 [0.1ms]
[2026-05-06 13:02:58] MOVE chetan3 (lawn green): 77→102 [0.1ms]
[2026-05-06 13:02:58] MOVE chetan1 (yellow): 82→72 [0.1ms]
[2026-05-06 13:02:59] MOVE chetan2 (purple): 26→14 [0.1ms]
[2026-05-06 13:02:59] MOVE chetan3 (lawn green): 89→77 [0.2ms]
[2026-05-06 13:02:59] MOVE chetan1 (yellow): 72→63 [0.1ms]
[2026-05-06 13:02:59] MOVE chetan2 (purple): 14→6 [0.1ms]
[2026-05-06 13:02:59] MOVE chetan3 (lawn green): 56→66 [0.4ms]
[2026-05-06 13:02:59] MOVE chetan1 (yellow): 63→64 [0.1ms]
[2026-05-06 13:02:59] MOVE chetan2 (purple): 6→15 [0.1ms]
[2026-05-06 13:02:59] MOVE chetan3 (lawn green): 77→56 [0.1ms]
[2026-05-06 13:02:59] MOVE chetan1 (yellow): 64→73 [0.1ms]
[2026-05-06 13:03:00] MOVE chetan2 (purple): 15→27 [0.2ms]
[2026-05-06 13:03:00] MOVE chetan3 (lawn green): 102→89 [0.1ms]
[2026-05-06 13:03:00] MOVE chetan1 (yellow): 73→83 [0.1ms]
[2026-05-06 13:03:00] MOVE chetan2 (purple): 27→38 [0.2ms]
[2026-05-06 13:03:00] MOVE chetan3 (lawn green): 56→102 [0.1ms]
[2026-05-06 13:03:00] MOVE chetan1 (yellow): 83→94 [0.1ms]
[2026-05-06 13:03:00] MOVE chetan2 (purple): 38→48 [0.1ms]
[2026-05-06 13:03:00] MOVE chetan3 (lawn green): 66→56 [0.1ms]
[2026-05-06 13:03:00] MOVE chetan1 (yellow): 94→106 [0.1ms]
[2026-05-06 13:03:01] MOVE chetan2 (purple): 48→47 [0.1ms]
[2026-05-06 13:03:01] MOVE chetan3 (lawn green): 89→77 [0.1ms]
[2026-05-06 13:03:01] MOVE chetan1 (yellow): 106→93 [0.1ms]
[2026-05-06 13:03:01] MOVE chetan2 (purple): 47→37 [0.4ms]
[2026-05-06 13:03:01] MOVE chetan3 (lawn green): 102→89 [0.1ms]
[2026-05-06 13:03:01] MOVE chetan1 (yellow): 93→82 [0.1ms]
[2026-05-06 13:03:02] MOVE chetan2 (purple): 37→26 [0.1ms]
[2026-05-06 13:03:02] MOVE chetan3 (lawn green): 77→102 [0.1ms]
[2026-05-06 13:03:02] MOVE chetan1 (yellow): 82→72 [0.1ms]
[2026-05-06 13:03:02] MOVE chetan2 (purple): 26→14 [0.2ms]
[2026-05-06 13:03:02] MOVE chetan3 (lawn green): 89→77 [0.1ms]
[2026-05-06 13:03:02] MOVE chetan1 (yellow): 72→63 [0.1ms]
[2026-05-06 13:03:02] MOVE chetan2 (purple): 14→6 [0.1ms]
[2026-05-06 13:03:03] MOVE chetan3 (lawn green): 56→66 [0.8ms]
[2026-05-06 13:03:03] MOVE chetan1 (yellow): 63→64 [0.1ms]
[2026-05-06 13:03:03] MOVE chetan2 (purple): 6→15 [0.1ms]
[2026-05-06 13:03:03] MOVE chetan3 (lawn green): 77→56 [0.1ms]
[2026-05-06 13:03:03] MOVE chetan1 (yellow): 64→73 [0.1ms]
[2026-05-06 13:03:03] MOVE chetan2 (purple): 15→27 [0.1ms]
[2026-05-06 13:03:03] MOVE chetan3 (lawn green): 102→89 [0.1ms]
[2026-05-06 13:03:03] MOVE chetan1 (yellow): 73→83 [0.1ms]
[2026-05-06 13:03:03] MOVE chetan2 (purple): 27→38 [0.1ms]
[2026-05-06 13:03:03] MOVE chetan3 (lawn green): 56→102 [0.1ms]
[2026-05-06 13:03:04] MOVE chetan1 (yellow): 83→94 [0.1ms]
[2026-05-06 13:03:04] MOVE chetan2 (purple): 38→48 [0.1ms]
[2026-05-06 13:03:04] MOVE chetan3 (lawn green): 66→56 [0.1ms]
[2026-05-06 13:03:04] MOVE chetan1 (yellow): 94→106 [0.1ms]
[2026-05-06 13:03:04] MOVE chetan2 (purple): 48→47 [0.1ms]
[2026-05-06 13:03:04] MOVE chetan3 (lawn green): 89→77 [0.1ms]
[2026-05-06 13:03:04] MOVE chetan1 (yellow): 106→93 [0.5ms]
[2026-05-06 13:03:05] MOVE chetan2 (purple): 47→37 [0.1ms]
[2026-05-06 13:03:05] MOVE chetan3 (lawn green): 102→89 [0.4ms]
[2026-05-06 13:03:05] MOVE chetan1 (yellow): 93→82 [0.1ms]
[2026-05-06 13:03:05] MOVE chetan2 (purple): 37→26 [0.1ms]
[2026-05-06 13:03:05] MOVE chetan3 (lawn green): 77→102 [0.1ms]
[2026-05-06 13:03:05] MOVE chetan1 (yellow): 82→72 [0.1ms]
[2026-05-06 13:03:06] MOVE chetan2 (purple): 26→14 [0.1ms]
[2026-05-06 13:03:06] MOVE chetan3 (lawn green): 89→77 [0.1ms]
[2026-05-06 13:03:06] MOVE chetan1 (yellow): 72→63 [0.1ms]
[2026-05-06 13:03:06] MOVE chetan2 (purple): 14→6 [0.1ms]
[2026-05-06 13:03:06] MOVE chetan3 (lawn green): 56→66 [0.1ms]
[2026-05-06 13:03:07] MOVE chetan1 (yellow): 63→64 [0.2ms]
[2026-05-06 13:03:07] MOVE chetan2 (purple): 6→15 [0.1ms]
[2026-05-06 13:03:07] MOVE chetan3 (lawn green): 77→56 [0.3ms]
[2026-05-06 13:03:07] MOVE chetan1 (yellow): 64→73 [0.1ms]
[2026-05-06 13:03:08] MOVE chetan2 (purple): 15→27 [0.1ms]
[2026-05-06 13:03:08] MOVE chetan3 (lawn green): 102→89 [0.1ms]
[2026-05-06 13:03:08] MOVE chetan1 (yellow): 73→83 [0.1ms]
[2026-05-06 13:03:08] MOVE chetan2 (purple): 27→38 [0.1ms]
[2026-05-06 13:03:08] MOVE chetan3 (lawn green): 56→102 [0.3ms]
[2026-05-06 13:03:09] MOVE chetan1 (yellow): 83→94 [0.1ms]
[2026-05-06 13:03:09] MOVE chetan2 (purple): 38→48 [0.1ms]
[2026-05-06 13:03:09] MOVE chetan3 (lawn green): 66→56 [0.1ms]
[2026-05-06 13:03:09] MOVE chetan1 (yellow): 94→106 [0.2ms]
[2026-05-06 13:03:09] MOVE chetan2 (purple): 48→47 [0.1ms]
[2026-05-06 13:03:10] MOVE chetan3 (lawn green): 89→77 [0.2ms]
[2026-05-06 13:03:10] MOVE chetan1 (yellow): 106→93 [0.1ms]
[2026-05-06 13:03:10] MOVE chetan2 (purple): 47→37 [0.1ms]
[2026-05-06 13:03:10] MOVE chetan3 (lawn green): 102→89 [0.1ms]
[2026-05-06 13:03:10] MOVE chetan1 (yellow): 93→82 [0.1ms]
[2026-05-06 13:03:11] MOVE chetan2 (purple): 37→26 [0.1ms]
[2026-05-06 13:03:11] MOVE chetan3 (lawn green): 77→102 [0.1ms]
[2026-05-06 13:03:11] MOVE chetan1 (yellow): 82→72 [4.7ms]
[2026-05-06 13:03:11] MOVE chetan2 (purple): 26→14 [0.1ms]
[2026-05-06 13:03:11] MOVE chetan3 (lawn green): 89→77 [0.1ms]
[2026-05-06 13:03:12] MOVE chetan1 (yellow): 72→63 [0.1ms]
[2026-05-06 13:03:12] MOVE chetan2 (purple): 14→6 [0.1ms]
[2026-05-06 13:03:12] MOVE chetan3 (lawn green): 56→66 [0.1ms]
[2026-05-06 13:03:12] MOVE chetan1 (yellow): 63→64 [0.1ms]
[2026-05-06 13:03:13] MOVE chetan2 (purple): 6→15 [0.2ms]
[2026-05-06 13:03:13] MOVE chetan3 (lawn green): 77→56 [0.1ms]
[2026-05-06 13:03:13] MOVE chetan1 (yellow): 64→73 [0.1ms]
[2026-05-06 13:03:13] MOVE chetan2 (purple): 15→27 [0.1ms]
[2026-05-06 13:03:13] MOVE chetan3 (lawn green): 102→89 [0.1ms]
[2026-05-06 13:03:14] MOVE chetan1 (yellow): 73→83 [0.1ms]
[2026-05-06 13:03:14] MOVE chetan2 (purple): 27→38 [0.1ms]
[2026-05-06 13:03:14] MOVE chetan3 (lawn green): 56→102 [0.1ms]
[2026-05-06 13:03:14] MOVE chetan1 (yellow): 83→94 [0.2ms]
[2026-05-06 13:03:14] MOVE chetan2 (purple): 38→48 [0.1ms]
[2026-05-06 13:03:14] MOVE chetan3 (lawn green): 66→56 [0.1ms]
[2026-05-06 13:03:14] MOVE chetan1 (yellow): 94→106 [0.1ms]
[2026-05-06 13:03:15] MOVE chetan2 (purple): 48→47 [0.1ms]
[2026-05-06 13:03:15] MOVE chetan3 (lawn green): 89→77 [0.1ms]
[2026-05-06 13:03:15] MOVE chetan1 (yellow): 106→93 [0.1ms]
[2026-05-06 13:03:15] MOVE chetan2 (purple): 47→37 [0.1ms]
[2026-05-06 13:03:15] MOVE chetan3 (lawn green): 102→89 [0.1ms]
[2026-05-06 13:03:15] MOVE chetan1 (yellow): 93→82 [0.3ms]
[2026-05-06 13:03:15] MOVE chetan2 (purple): 37→26 [0.1ms]
[2026-05-06 13:03:15] MOVE chetan3 (lawn green): 77→102 [0.2ms]
[2026-05-06 13:03:15] MOVE chetan1 (yellow): 82→72 [0.1ms]
[2026-05-06 13:03:15] MOVE chetan2 (purple): 26→14 [0.1ms]
[2026-05-06 13:03:16] MOVE chetan3 (lawn green): 89→77 [0.1ms]
[2026-05-06 13:03:16] MOVE chetan1 (yellow): 72→63 [0.1ms]
[2026-05-06 13:03:16] MOVE chetan2 (purple): 14→6 [0.2ms]
[2026-05-06 13:03:16] MOVE chetan3 (lawn green): 56→66 [0.1ms]
[2026-05-06 13:03:16] MOVE chetan1 (yellow): 63→64 [0.1ms]
[2026-05-06 13:03:16] MOVE chetan2 (purple): 6→15 [0.2ms]
[2026-05-06 13:03:16] MOVE chetan3 (lawn green): 77→56 [0.1ms]
[2026-05-06 13:03:16] MOVE chetan1 (yellow): 64→73 [0.2ms]
[2026-05-06 13:03:16] MOVE chetan2 (purple): 15→27 [0.1ms]
[2026-05-06 13:03:17] MOVE chetan3 (lawn green): 102→89 [0.1ms]
[2026-05-06 13:03:17] MOVE chetan1 (yellow): 73→83 [0.1ms]
[2026-05-06 13:03:17] MOVE chetan2 (purple): 27→38 [0.1ms]
[2026-05-06 13:03:17] MOVE chetan3 (lawn green): 56→102 [0.1ms]
[2026-05-06 13:03:17] MOVE chetan1 (yellow): 83→94 [0.1ms]
[2026-05-06 13:03:17] MOVE chetan2 (purple): 38→48 [0.1ms]
[2026-05-06 13:03:17] MOVE chetan3 (lawn green): 66→56 [0.2ms]
[2026-05-06 13:03:18] MOVE chetan1 (yellow): 94→106 [0.1ms]
[2026-05-06 13:03:18] MOVE chetan2 (purple): 48→47 [0.2ms]
[2026-05-06 13:03:18] MOVE chetan3 (lawn green): 89→77 [0.1ms]
[2026-05-06 13:03:18] MOVE chetan1 (yellow): 106→93 [0.1ms]
[2026-05-06 13:03:18] MOVE chetan2 (purple): 47→37 [0.1ms]
[2026-05-06 13:03:18] MOVE chetan3 (lawn green): 102→89 [0.1ms]
[2026-05-06 13:03:19] MOVE chetan1 (yellow): 93→82 [0.1ms]
[2026-05-06 13:03:19] MOVE chetan2 (purple): 37→26 [0.1ms]
[2026-05-06 13:03:19] MOVE chetan3 (lawn green): 77→102 [0.1ms]
[2026-05-06 13:03:19] MOVE chetan1 (yellow): 82→72 [0.1ms]
[2026-05-06 13:03:19] MOVE chetan2 (purple): 26→14 [0.1ms]
[2026-05-06 13:03:19] MOVE chetan3 (lawn green): 89→77 [0.1ms]
[2026-05-06 13:03:19] MOVE chetan1 (yellow): 72→63 [0.1ms]
[2026-05-06 13:03:19] MOVE chetan2 (purple): 14→6 [0.1ms]
[2026-05-06 13:03:19] MOVE chetan3 (lawn green): 56→66 [0.1ms]
[2026-05-06 13:03:19] MOVE chetan1 (yellow): 63→64 [0.1ms]
[2026-05-06 13:03:20] MOVE chetan2 (purple): 6→15 [0.1ms]
[2026-05-06 13:03:20] MOVE chetan3 (lawn green): 77→56 [0.1ms]
[2026-05-06 13:03:20] MOVE chetan1 (yellow): 64→73 [0.1ms]
[2026-05-06 13:03:20] MOVE chetan2 (purple): 15→27 [0.1ms]
[2026-05-06 13:03:20] MOVE chetan3 (lawn green): 102→89 [0.1ms]
[2026-05-06 13:03:20] MOVE chetan1 (yellow): 73→83 [0.1ms]
[2026-05-06 13:03:20] MOVE chetan2 (purple): 27→38 [0.1ms]
[2026-05-06 13:03:20] MOVE chetan3 (lawn green): 56→102 [0.1ms]
[2026-05-06 13:03:20] MOVE chetan1 (yellow): 83→94 [0.1ms]
[2026-05-06 13:03:21] MOVE chetan2 (purple): 38→48 [0.1ms]
[2026-05-06 13:03:21] MOVE chetan3 (lawn green): 66→56 [0.1ms]
[2026-05-06 13:03:21] MOVE chetan1 (yellow): 94→106 [0.1ms]
[2026-05-06 13:03:21] MOVE chetan2 (purple): 48→47 [0.1ms]
[2026-05-06 13:03:21] MOVE chetan3 (lawn green): 89→77 [0.1ms]
[2026-05-06 13:03:21] MOVE chetan1 (yellow): 106→93 [0.1ms]
[2026-05-06 13:03:21] MOVE chetan2 (purple): 47→37 [0.1ms]
[2026-05-06 13:03:21] MOVE chetan3 (lawn green): 102→89 [0.1ms]
[2026-05-06 13:03:21] MOVE chetan1 (yellow): 93→82 [0.1ms]
[2026-05-06 13:03:22] MOVE chetan2 (purple): 37→26 [0.1ms]
[2026-05-06 13:03:22] MOVE chetan3 (lawn green): 77→102 [0.1ms]
[2026-05-06 13:03:22] MOVE chetan1 (yellow): 82→72 [0.1ms]
[2026-05-06 13:03:22] MOVE chetan2 (purple): 26→14 [0.1ms]
[2026-05-06 13:03:22] MOVE chetan3 (lawn green): 89→77 [0.1ms]
[2026-05-06 13:03:22] MOVE chetan1 (yellow): 72→63 [0.1ms]
[2026-05-06 13:03:22] MOVE chetan2 (purple): 14→6 [0.2ms]
[2026-05-06 13:03:22] MOVE chetan3 (lawn green): 56→66 [0.1ms]
[2026-05-06 13:03:22] MOVE chetan1 (yellow): 63→64 [0.1ms]
[2026-05-06 13:03:23] MOVE chetan2 (purple): 6→15 [0.1ms]
[2026-05-06 13:03:23] MOVE chetan3 (lawn green): 77→56 [0.2ms]
[2026-05-06 13:03:23] MOVE chetan1 (yellow): 64→73 [0.1ms]
[2026-05-06 13:03:23] MOVE chetan2 (purple): 15→27 [0.1ms]
[2026-05-06 13:03:23] MOVE chetan3 (lawn green): 102→89 [0.1ms]
[2026-05-06 13:03:23] MOVE chetan1 (yellow): 73→83 [0.1ms]
[2026-05-06 13:03:23] MOVE chetan2 (purple): 27→38 [0.3ms]
[2026-05-06 13:03:23] MOVE chetan3 (lawn green): 56→102 [0.1ms]
[2026-05-06 13:03:23] MOVE chetan1 (yellow): 83→94 [0.1ms]
[2026-05-06 13:03:24] MOVE chetan2 (purple): 38→48 [0.1ms]
[2026-05-06 13:03:24] MOVE chetan3 (lawn green): 66→56 [0.2ms]
[2026-05-06 13:03:24] MOVE chetan1 (yellow): 94→106 [0.1ms]
[2026-05-06 13:03:24] MOVE chetan2 (purple): 48→47 [0.1ms]
[2026-05-06 13:03:24] MOVE chetan3 (lawn green): 89→77 [0.1ms]
[2026-05-06 13:03:25] MOVE chetan1 (yellow): 106→93 [0.1ms]
[2026-05-06 13:03:25] MOVE chetan2 (purple): 47→37 [0.2ms]
[2026-05-06 13:03:25] MOVE chetan3 (lawn green): 102→89 [0.1ms]
[2026-05-06 13:03:25] MOVE chetan1 (yellow): 93→82 [0.1ms]
[2026-05-06 13:03:25] MOVE chetan2 (purple): 37→26 [0.1ms]
[2026-05-06 13:03:26] MOVE chetan3 (lawn green): 77→102 [0.1ms]
[2026-05-06 13:03:26] MOVE chetan1 (yellow): 82→72 [0.1ms]
[2026-05-06 13:03:26] MOVE chetan2 (purple): 26→14 [0.4ms]
[2026-05-06 13:03:26] MOVE chetan3 (lawn green): 89→77 [0.2ms]
[2026-05-06 13:03:26] MOVE chetan1 (yellow): 72→63 [0.1ms]
[2026-05-06 13:03:27] MOVE chetan2 (purple): 14→6 [0.1ms]
[2026-05-06 13:03:27] MOVE chetan3 (lawn green): 56→66 [0.1ms]
[2026-05-06 13:03:27] MOVE chetan1 (yellow): 63→64 [0.1ms]
[2026-05-06 13:03:27] MOVE chetan2 (purple): 6→15 [0.2ms]
[2026-05-06 13:03:27] MOVE chetan3 (lawn green): 77→56 [0.1ms]
[2026-05-06 13:03:28] MOVE chetan1 (yellow): 64→73 [0.1ms]
[2026-05-06 13:03:28] MOVE chetan2 (purple): 15→27 [0.1ms]
[2026-05-06 13:03:28] MOVE chetan3 (lawn green): 102→89 [0.1ms]
[2026-05-06 13:03:28] MOVE chetan1 (yellow): 73→83 [0.1ms]
[2026-05-06 13:03:29] MOVE chetan2 (purple): 27→38 [0.1ms]
[2026-05-06 13:03:29] MOVE chetan3 (lawn green): 56→102 [0.2ms]
[2026-05-06 13:03:29] MOVE chetan1 (yellow): 83→94 [0.1ms]
[2026-05-06 13:03:30] MOVE chetan2 (purple): 38→48 [0.1ms]
[2026-05-06 13:03:30] MOVE chetan3 (lawn green): 66→56 [0.5ms]
[2026-05-06 13:03:30] MOVE chetan1 (yellow): 94→106 [0.1ms]
[2026-05-06 13:03:30] MOVE chetan2 (purple): 48→47 [0.1ms]
[2026-05-06 13:03:31] MOVE chetan3 (lawn green): 89→77 [0.1ms]
[2026-05-06 13:03:31] MOVE chetan1 (yellow): 106→93 [0.1ms]
[2026-05-06 13:03:31] MOVE chetan2 (purple): 47→37 [0.3ms]
[2026-05-06 13:03:31] MOVE chetan3 (lawn green): 102→89 [0.1ms]
[2026-05-06 13:03:31] MOVE chetan1 (yellow): 93→82 [0.2ms]
[2026-05-06 13:03:31] MOVE chetan2 (purple): 37→26 [0.1ms]
[2026-05-06 13:03:31] MOVE chetan3 (lawn green): 77→102 [0.2ms]
[2026-05-06 13:03:31] MOVE chetan1 (yellow): 82→72 [0.1ms]
[2026-05-06 13:03:31] MOVE chetan2 (purple): 26→14 [0.1ms]
[2026-05-06 13:03:32] MOVE chetan3 (lawn green): 89→77 [0.1ms]
[2026-05-06 13:03:32] MOVE chetan1 (yellow): 72→63 [0.1ms]
[2026-05-06 13:03:32] MOVE chetan2 (purple): 14→6 [0.2ms]
[2026-05-06 13:03:32] MOVE chetan3 (lawn green): 56→66 [0.1ms]
[2026-05-06 13:03:32] MOVE chetan1 (yellow): 63→64 [0.2ms]
[2026-05-06 13:03:33] MOVE chetan2 (purple): 6→15 [0.1ms]
[2026-05-06 13:03:33] MOVE chetan3 (lawn green): 77→56 [0.1ms]
[2026-05-06 13:03:33] MOVE chetan1 (yellow): 64→73 [0.2ms]
[2026-05-06 13:03:33] MOVE chetan2 (purple): 15→27 [0.1ms]
[2026-05-06 13:03:33] MOVE chetan3 (lawn green): 102→89 [0.2ms]
[2026-05-06 13:03:34] MOVE chetan1 (yellow): 73→83 [0.1ms]
[2026-05-06 13:03:34] MOVE chetan2 (purple): 27→38 [0.1ms]
[2026-05-06 13:03:34] MOVE chetan3 (lawn green): 56→102 [0.1ms]
[2026-05-06 13:03:34] MOVE chetan1 (yellow): 83→94 [0.1ms]
[2026-05-06 13:03:35] MOVE chetan2 (purple): 38→48 [0.2ms]
[2026-05-06 13:03:35] MOVE chetan3 (lawn green): 66→56 [0.1ms]
[2026-05-06 13:03:35] MOVE chetan1 (yellow): 94→106 [0.1ms]
[2026-05-06 13:03:35] MOVE chetan2 (purple): 48→47 [0.1ms]
[2026-05-06 13:03:35] MOVE chetan3 (lawn green): 89→77 [0.1ms]
[2026-05-06 13:03:36] MOVE chetan1 (yellow): 106→93 [0.7ms]
[2026-05-06 13:03:36] MOVE chetan2 (purple): 47→37 [0.1ms]
[2026-05-06 13:03:36] MOVE chetan3 (lawn green): 102→89 [0.1ms]
[2026-05-06 13:03:36] MOVE chetan1 (yellow): 93→82 [0.2ms]
[2026-05-06 13:03:37] MOVE chetan2 (purple): 37→26 [0.1ms]
[2026-05-06 13:03:37] MOVE chetan3 (lawn green): 77→102 [0.1ms]
[2026-05-06 13:03:37] MOVE chetan1 (yellow): 82→72 [0.3ms]
[2026-05-06 13:03:37] MOVE chetan2 (purple): 26→14 [0.1ms]
[2026-05-06 13:03:37] MOVE chetan3 (lawn green): 89→77 [0.1ms]
[2026-05-06 13:03:38] MOVE chetan1 (yellow): 72→63 [0.1ms]
[2026-05-06 13:03:38] MOVE chetan2 (purple): 14→6 [0.2ms]
[2026-05-06 13:03:38] MOVE chetan3 (lawn green): 56→66 [0.1ms]
[2026-05-06 13:03:38] MOVE chetan1 (yellow): 63→64 [0.1ms]
[2026-05-06 13:03:38] MOVE chetan2 (purple): 6→15 [0.1ms]
[2026-05-06 13:03:38] MOVE chetan3 (lawn green): 77→56 [0.1ms]
[2026-05-06 13:03:38] MOVE chetan1 (yellow): 64→73 [0.1ms]
[2026-05-06 13:03:38] MOVE chetan2 (purple): 15→27 [0.1ms]
[2026-05-06 13:03:38] MOVE chetan3 (lawn green): 102→89 [0.1ms]
[2026-05-06 13:03:39] MOVE chetan1 (yellow): 73→83 [0.1ms]
[2026-05-06 13:03:39] MOVE chetan2 (purple): 27→38 [0.1ms]
[2026-05-06 13:03:39] MOVE chetan3 (lawn green): 56→102 [0.1ms]
[2026-05-06 13:03:39] MOVE chetan1 (yellow): 83→94 [0.1ms]
[2026-05-06 13:03:40] MOVE chetan2 (purple): 38→48 [0.1ms]
[2026-05-06 13:03:40] MOVE chetan3 (lawn green): 66→56 [0.1ms]
[2026-05-06 13:03:40] MOVE chetan1 (yellow): 94→106 [0.1ms]
[2026-05-06 13:03:40] MOVE chetan2 (purple): 48→47 [0.1ms]
[2026-05-06 13:03:40] MOVE chetan3 (lawn green): 89→77 [0.1ms]
[2026-05-06 13:03:41] MOVE chetan1 (yellow): 106→93 [0.1ms]
[2026-05-06 13:03:41] MOVE chetan2 (purple): 47→37 [0.1ms]
[2026-05-06 13:03:41] MOVE chetan3 (lawn green): 102→89 [0.3ms]
[2026-05-06 13:03:41] MOVE chetan1 (yellow): 93→82 [0.1ms]
[2026-05-06 13:03:42] MOVE chetan2 (purple): 37→26 [1.0ms]
[2026-05-06 13:03:42] MOVE chetan3 (lawn green): 77→102 [0.1ms]
[2026-05-06 13:03:42] MOVE chetan1 (yellow): 82→72 [0.1ms]
[2026-05-06 13:03:42] MOVE chetan2 (purple): 26→14 [0.1ms]
[2026-05-06 13:03:42] MOVE chetan3 (lawn green): 89→77 [0.1ms]
[2026-05-06 13:03:43] MOVE chetan1 (yellow): 72→63 [0.1ms]
[2026-05-06 13:03:43] MOVE chetan2 (purple): 14→6 [0.1ms]
[2026-05-06 13:03:43] MOVE chetan3 (lawn green): 56→66 [0.1ms]
[2026-05-06 13:03:43] MOVE chetan1 (yellow): 63→64 [0.2ms]
[2026-05-06 13:03:43] MOVE chetan2 (purple): 6→15 [0.1ms]
[2026-05-06 13:03:44] MOVE chetan3 (lawn green): 77→56 [0.1ms]
[2026-05-06 13:03:44] MOVE chetan1 (yellow): 64→73 [0.1ms]
[2026-05-06 13:03:44] MOVE chetan2 (purple): 15→27 [0.1ms]
[2026-05-06 13:03:44] MOVE chetan3 (lawn green): 102→89 [0.2ms]
[2026-05-06 13:03:44] MOVE chetan1 (yellow): 73→83 [0.1ms]
[2026-05-06 13:03:45] MOVE chetan2 (purple): 27→38 [0.2ms]
[2026-05-06 13:03:45] MOVE chetan3 (lawn green): 56→102 [0.1ms]
[2026-05-06 13:03:45] MOVE chetan1 (yellow): 83→94 [0.1ms]
[2026-05-06 13:03:45] MOVE chetan2 (purple): 38→48 [0.1ms]
[2026-05-06 13:03:45] MOVE chetan3 (lawn green): 66→56 [0.2ms]
[2026-05-06 13:03:46] MOVE chetan1 (yellow): 94→106 [0.1ms]
[2026-05-06 13:03:46] MOVE chetan2 (purple): 48→47 [0.1ms]
[2026-05-06 13:03:46] MOVE chetan3 (lawn green): 89→77 [0.1ms]
[2026-05-06 13:03:46] MOVE chetan1 (yellow): 106→93 [0.1ms]
[2026-05-06 13:03:47] MOVE chetan2 (purple): 47→37 [0.1ms]
[2026-05-06 13:03:47] MOVE chetan3 (lawn green): 102→89 [0.1ms]
[2026-05-06 13:03:47] MOVE chetan1 (yellow): 93→82 [0.1ms]
[2026-05-06 13:03:47] MOVE chetan2 (purple): 37→26 [0.1ms]
[2026-05-06 13:03:47] MOVE chetan3 (lawn green): 77→102 [0.1ms]
[2026-05-06 13:03:48] MOVE chetan1 (yellow): 82→72 [0.1ms]
[2026-05-06 13:03:48] MOVE chetan2 (purple): 26→14 [0.2ms]
[2026-05-06 13:03:48] MOVE chetan3 (lawn green): 89→77 [0.1ms]
[2026-05-06 13:03:48] MOVE chetan1 (yellow): 72→63 [0.1ms]
[2026-05-06 13:03:48] MOVE chetan2 (purple): 14→6 [0.1ms]
[2026-05-06 13:03:48] MOVE chetan3 (lawn green): 56→66 [0.1ms]
[2026-05-06 13:03:48] MOVE chetan1 (yellow): 63→64 [0.1ms]
[2026-05-06 13:03:49] MOVE chetan2 (purple): 6→15 [0.1ms]
[2026-05-06 13:03:49] MOVE chetan3 (lawn green): 77→56 [0.1ms]
[2026-05-06 13:03:49] MOVE chetan1 (yellow): 64→73 [0.1ms]
[2026-05-06 13:03:49] MOVE chetan2 (purple): 15→27 [0.1ms]
[2026-05-06 13:03:49] MOVE chetan3 (lawn green): 102→89 [0.2ms]
[2026-05-06 13:03:49] MOVE chetan1 (yellow): 73→83 [0.1ms]
[2026-05-06 13:03:49] MOVE chetan2 (purple): 27→38 [0.1ms]
[2026-05-06 13:03:50] MOVE chetan3 (lawn green): 56→102 [0.1ms]
[2026-05-06 13:03:50] MOVE chetan1 (yellow): 83→94 [0.1ms]
[2026-05-06 13:03:50] MOVE chetan2 (purple): 38→48 [0.1ms]
[2026-05-06 13:03:50] MOVE chetan3 (lawn green): 66→56 [0.1ms]
[2026-05-06 13:03:50] MOVE chetan1 (yellow): 94→106 [0.1ms]
[2026-05-06 13:03:51] MOVE chetan2 (purple): 48→47 [0.1ms]
[2026-05-06 13:03:51] MOVE chetan3 (lawn green): 89→77 [0.1ms]
[2026-05-06 13:03:51] MOVE chetan1 (yellow): 106→93 [0.1ms]
[2026-05-06 13:03:51] MOVE chetan2 (purple): 47→37 [0.1ms]
[2026-05-06 13:03:51] MOVE chetan3 (lawn green): 102→89 [0.1ms]
[2026-05-06 13:03:52] MOVE chetan1 (yellow): 93→82 [0.1ms]
[2026-05-06 13:03:52] MOVE chetan2 (purple): 37→26 [0.1ms]
[2026-05-06 13:03:52] MOVE chetan3 (lawn green): 77→102 [0.4ms]
[2026-05-06 13:03:52] MOVE chetan1 (yellow): 82→72 [0.1ms]
[2026-05-06 13:03:53] MOVE chetan2 (purple): 26→14 [0.1ms]
[2026-05-06 13:03:53] MOVE chetan3 (lawn green): 89→77 [0.1ms]
[2026-05-06 13:03:53] MOVE chetan1 (yellow): 72→63 [0.1ms]
[2026-05-06 13:03:53] MOVE chetan2 (purple): 14→6 [0.1ms]
[2026-05-06 13:03:53] MOVE chetan3 (lawn green): 56→66 [0.2ms]
[2026-05-06 13:03:54] MOVE chetan1 (yellow): 63→64 [0.1ms]
[2026-05-06 13:03:54] MOVE chetan2 (purple): 6→15 [0.1ms]
[2026-05-06 13:03:54] MOVE chetan3 (lawn green): 77→56 [0.1ms]
[2026-05-06 13:03:54] MOVE chetan1 (yellow): 64→73 [0.1ms]
[2026-05-06 13:03:54] MOVE chetan2 (purple): 15→27 [0.1ms]
[2026-05-06 13:03:55] MOVE chetan3 (lawn green): 102→89 [0.2ms]
[2026-05-06 13:03:55] MOVE chetan1 (yellow): 73→83 [0.1ms]
[2026-05-06 13:03:55] MOVE chetan2 (purple): 27→38 [0.1ms]
[2026-05-06 13:03:55] MOVE chetan3 (lawn green): 56→102 [0.1ms]
[2026-05-06 13:03:55] MOVE chetan1 (yellow): 83→94 [0.2ms]
[2026-05-06 13:03:56] MOVE chetan2 (purple): 38→48 [0.1ms]
[2026-05-06 13:03:56] MOVE chetan3 (lawn green): 66→56 [0.1ms]
[2026-05-06 13:03:56] MOVE chetan1 (yellow): 94→106 [0.1ms]
[2026-05-06 13:03:56] MOVE chetan2 (purple): 48→47 [0.2ms]
[2026-05-06 13:03:56] MOVE chetan3 (lawn green): 89→77 [0.1ms]
[2026-05-06 13:03:57] MOVE chetan1 (yellow): 106→93 [0.1ms]
[2026-05-06 13:03:57] MOVE chetan2 (purple): 47→37 [0.2ms]
[2026-05-06 13:03:57] MOVE chetan3 (lawn green): 102→89 [0.1ms]
[2026-05-06 13:03:57] MOVE chetan1 (yellow): 93→82 [0.2ms]
[2026-05-06 13:03:57] MOVE chetan2 (purple): 37→26 [0.1ms]
[2026-05-06 13:03:57] MOVE chetan3 (lawn green): 77→102 [0.1ms]
[2026-05-06 13:03:58] MOVE chetan1 (yellow): 82→72 [0.1ms]
[2026-05-06 13:03:58] MOVE chetan2 (purple): 26→14 [0.1ms]
[2026-05-06 13:03:58] MOVE chetan3 (lawn green): 89→77 [0.1ms]
[2026-05-06 13:03:58] MOVE chetan1 (yellow): 72→63 [0.1ms]
[2026-05-06 13:03:58] MOVE chetan2 (purple): 14→6 [0.1ms]
[2026-05-06 13:03:58] MOVE chetan3 (lawn green): 56→66 [0.1ms]
[2026-05-06 13:03:58] MOVE chetan1 (yellow): 63→64 [0.1ms]
[2026-05-06 13:03:58] MOVE chetan2 (purple): 6→15 [0.1ms]
[2026-05-06 13:03:58] MOVE chetan3 (lawn green): 77→56 [0.1ms]
[2026-05-06 13:03:59] MOVE chetan1 (yellow): 64→73 [0.2ms]
[2026-05-06 13:03:59] MOVE chetan2 (purple): 15→27 [0.1ms]
[2026-05-06 13:03:59] MOVE chetan3 (lawn green): 102→89 [0.1ms]
[2026-05-06 13:03:59] MOVE chetan1 (yellow): 73→83 [0.2ms]
[2026-05-06 13:03:59] MOVE chetan2 (purple): 27→38 [0.2ms]
[2026-05-06 13:03:59] MOVE chetan3 (lawn green): 56→102 [0.2ms]
[2026-05-06 13:03:59] MOVE chetan1 (yellow): 83→94 [0.1ms]
[2026-05-06 13:03:59] MOVE chetan2 (purple): 38→48 [0.1ms]
[2026-05-06 13:03:59] MOVE chetan3 (lawn green): 66→56 [0.2ms]
[2026-05-06 13:04:00] MOVE chetan1 (yellow): 94→106 [0.1ms]
[2026-05-06 13:04:00] MOVE chetan2 (purple): 48→47 [0.2ms]
[2026-05-06 13:04:00] MOVE chetan3 (lawn green): 89→77 [0.1ms]
[2026-05-06 13:04:00] MOVE chetan1 (yellow): 106→93 [0.1ms]
[2026-05-06 13:04:00] MOVE chetan2 (purple): 47→37 [0.2ms]
[2026-05-06 13:04:00] MOVE chetan3 (lawn green): 102→89 [0.1ms]
[2026-05-06 13:04:00] MOVE chetan1 (yellow): 93→82 [0.2ms]
[2026-05-06 13:04:01] MOVE chetan2 (purple): 37→26 [0.4ms]
[2026-05-06 13:04:01] MOVE chetan3 (lawn green): 77→102 [0.1ms]
[2026-05-06 13:04:01] MOVE chetan1 (yellow): 82→72 [0.1ms]
[2026-05-06 13:04:01] MOVE chetan2 (purple): 26→14 [0.1ms]
[2026-05-06 13:04:01] MOVE chetan3 (lawn green): 89→77 [0.1ms]
[2026-05-06 13:04:01] MOVE chetan1 (yellow): 72→63 [0.1ms]
[2026-05-06 13:04:01] MOVE chetan2 (purple): 14→6 [0.1ms]
[2026-05-06 13:04:01] MOVE chetan3 (lawn green): 56→66 [0.1ms]
[2026-05-06 13:04:01] MOVE chetan1 (yellow): 63→64 [0.1ms]
[2026-05-06 13:04:02] MOVE chetan2 (purple): 6→15 [0.1ms]
[2026-05-06 13:04:02] MOVE chetan3 (lawn green): 77→56 [0.3ms]
[2026-05-06 13:04:02] MOVE chetan1 (yellow): 64→73 [0.2ms]
[2026-05-06 13:04:02] MOVE chetan2 (purple): 15→27 [0.1ms]
[2026-05-06 13:04:02] MOVE chetan3 (lawn green): 102→89 [0.1ms]
[2026-05-06 13:04:02] MOVE chetan1 (yellow): 73→83 [0.1ms]
[2026-05-06 13:04:02] MOVE chetan2 (purple): 27→38 [0.1ms]
[2026-05-06 13:04:03] MOVE chetan3 (lawn green): 56→102 [0.1ms]
[2026-05-06 13:04:03] MOVE chetan1 (yellow): 83→94 [0.1ms]
[2026-05-06 13:04:03] MOVE chetan2 (purple): 38→48 [0.2ms]
[2026-05-06 13:04:03] MOVE chetan3 (lawn green): 66→56 [0.1ms]
[2026-05-06 13:04:03] MOVE chetan1 (yellow): 94→106 [0.1ms]
[2026-05-06 13:04:04] MOVE chetan2 (purple): 48→47 [0.1ms]
[2026-05-06 13:04:04] MOVE chetan3 (lawn green): 89→77 [0.1ms]
[2026-05-06 13:04:04] MOVE chetan1 (yellow): 106→93 [0.1ms]
[2026-05-06 13:04:04] MOVE chetan2 (purple): 47→37 [0.1ms]
[2026-05-06 13:04:04] MOVE chetan3 (lawn green): 102→89 [0.1ms]
[2026-05-06 13:04:05] MOVE chetan1 (yellow): 93→82 [0.1ms]
[2026-05-06 13:04:05] MOVE chetan2 (purple): 37→26 [0.2ms]
[2026-05-06 13:04:05] MOVE chetan3 (lawn green): 77→102 [0.1ms]
[2026-05-06 13:04:05] MOVE chetan1 (yellow): 82→72 [0.1ms]
[2026-05-06 13:04:05] MOVE chetan2 (purple): 26→14 [0.1ms]
[2026-05-06 13:04:06] MOVE chetan3 (lawn green): 89→77 [0.2ms]
[2026-05-06 13:04:06] MOVE chetan1 (yellow): 72→63 [0.1ms]
[2026-05-06 13:04:06] MOVE chetan2 (purple): 14→6 [0.1ms]
[2026-05-06 13:04:06] MOVE chetan3 (lawn green): 56→66 [0.1ms]
[2026-05-06 13:04:07] MOVE chetan1 (yellow): 63→64 [0.1ms]
[2026-05-06 13:04:07] MOVE chetan2 (purple): 6→15 [0.1ms]
[2026-05-06 13:04:07] MOVE chetan3 (lawn green): 77→56 [0.1ms]
[2026-05-06 13:04:07] MOVE chetan1 (yellow): 64→73 [0.1ms]
[2026-05-06 13:04:07] MOVE chetan2 (purple): 15→27 [0.2ms]
[2026-05-06 13:04:08] MOVE chetan3 (lawn green): 102→89 [0.1ms]
[2026-05-06 13:04:08] MOVE chetan1 (yellow): 73→83 [0.1ms]
[2026-05-06 13:04:08] MOVE chetan2 (purple): 27→38 [0.3ms]
[2026-05-06 13:04:08] MOVE chetan3 (lawn green): 56→102 [0.1ms]
[2026-05-06 13:04:08] MOVE chetan1 (yellow): 83→94 [0.1ms]
[2026-05-06 13:04:09] MOVE chetan2 (purple): 38→48 [0.1ms]
[2026-05-06 13:04:09] MOVE chetan3 (lawn green): 66→56 [0.1ms]
[2026-05-06 13:04:09] MOVE chetan1 (yellow): 94→106 [0.2ms]
[2026-05-06 13:04:09] MOVE chetan2 (purple): 48→47 [0.1ms]
[2026-05-06 13:04:09] MOVE chetan3 (lawn green): 89→77 [0.1ms]
[2026-05-06 13:04:10] MOVE chetan1 (yellow): 106→93 [0.1ms]
[2026-05-06 13:04:10] MOVE chetan2 (purple): 47→37 [0.2ms]
[2026-05-06 13:04:10] MOVE chetan3 (lawn green): 102→89 [0.1ms]
[2026-05-06 13:04:10] MOVE chetan1 (yellow): 93→82 [0.1ms]
[2026-05-06 13:04:10] MOVE chetan2 (purple): 37→26 [0.3ms]
[2026-05-06 13:04:11] MOVE chetan3 (lawn green): 77→102 [0.1ms]
[2026-05-06 13:04:11] MOVE chetan1 (yellow): 82→72 [0.1ms]
[2026-05-06 13:04:11] MOVE chetan2 (purple): 26→14 [0.1ms]
[2026-05-06 13:04:11] MOVE chetan3 (lawn green): 89→77 [0.2ms]
[2026-05-06 13:04:12] MOVE chetan1 (yellow): 72→63 [0.2ms]
[2026-05-06 13:04:12] MOVE chetan2 (purple): 14→6 [0.1ms]
[2026-05-06 13:04:12] MOVE chetan3 (lawn green): 56→66 [0.3ms]
[2026-05-06 13:04:12] MOVE chetan1 (yellow): 63→64 [0.1ms]
[2026-05-06 13:04:12] MOVE chetan2 (purple): 6→15 [0.1ms]
[2026-05-06 13:04:13] MOVE chetan3 (lawn green): 77→56 [0.1ms]
[2026-05-06 13:04:13] MOVE chetan1 (yellow): 64→73 [0.2ms]
[2026-05-06 13:04:13] MOVE chetan2 (purple): 15→27 [0.1ms]
[2026-05-06 13:04:13] MOVE chetan3 (lawn green): 102→89 [0.1ms]
[2026-05-06 13:04:13] MOVE chetan1 (yellow): 73→83 [0.3ms]
[2026-05-06 13:04:14] MOVE chetan2 (purple): 27→38 [0.1ms]
[2026-05-06 13:04:14] MOVE chetan3 (lawn green): 56→102 [0.1ms]
[2026-05-06 13:04:14] MOVE chetan1 (yellow): 83→94 [0.1ms]
[2026-05-06 13:04:14] MOVE chetan2 (purple): 38→48 [0.1ms]
[2026-05-06 13:04:15] MOVE chetan3 (lawn green): 66→56 [0.2ms]
[2026-05-06 13:04:15] MOVE chetan1 (yellow): 94→106 [0.2ms]
[2026-05-06 13:04:15] MOVE chetan2 (purple): 48→47 [0.1ms]
[2026-05-06 13:04:15] MOVE chetan3 (lawn green): 89→77 [0.1ms]
[2026-05-06 13:04:15] MOVE chetan1 (yellow): 106→93 [0.1ms]
[2026-05-06 13:04:15] MOVE chetan2 (purple): 47→37 [0.2ms]
[2026-05-06 13:04:15] MOVE chetan3 (lawn green): 102→89 [0.2ms]
[2026-05-06 13:04:15] MOVE chetan1 (yellow): 93→82 [0.1ms]
[2026-05-06 13:04:15] MOVE chetan2 (purple): 37→26 [0.1ms]
[2026-05-06 13:04:16] MOVE chetan3 (lawn green): 77→102 [0.1ms]
[2026-05-06 13:04:16] MOVE chetan1 (yellow): 82→72 [0.1ms]
[2026-05-06 13:04:16] MOVE chetan2 (purple): 26→14 [0.1ms]
[2026-05-06 13:04:16] MOVE chetan3 (lawn green): 89→77 [0.1ms]
[2026-05-06 13:04:16] MOVE chetan1 (yellow): 72→63 [0.1ms]
[2026-05-06 13:04:16] MOVE chetan2 (purple): 14→6 [0.2ms]
[2026-05-06 13:04:16] MOVE chetan3 (lawn green): 56→66 [0.1ms]
[2026-05-06 13:04:17] MOVE chetan1 (yellow): 63→64 [0.1ms]
[2026-05-06 13:04:17] MOVE chetan2 (purple): 6→15 [0.1ms]
[2026-05-06 13:04:17] MOVE chetan3 (lawn green): 77→56 [0.1ms]
[2026-05-06 13:04:17] MOVE chetan1 (yellow): 64→73 [0.1ms]
[2026-05-06 13:04:17] MOVE chetan2 (purple): 15→27 [0.1ms]
[2026-05-06 13:04:18] MOVE chetan3 (lawn green): 102→89 [0.1ms]
[2026-05-06 13:04:18] MOVE chetan1 (yellow): 73→83 [0.1ms]
[2026-05-06 13:04:18] MOVE chetan2 (purple): 27→38 [0.1ms]
[2026-05-06 13:04:18] MOVE chetan3 (lawn green): 56→102 [0.1ms]
[2026-05-06 13:04:19] MOVE chetan1 (yellow): 83→94 [0.1ms]
[2026-05-06 13:04:19] MOVE chetan2 (purple): 38→48 [0.4ms]
[2026-05-06 13:04:19] MOVE chetan3 (lawn green): 66→56 [0.2ms]
[2026-05-06 13:04:19] MOVE chetan1 (yellow): 94→106 [0.1ms]
[2026-05-06 13:04:19] MOVE chetan2 (purple): 48→47 [0.2ms]
[2026-05-06 13:04:19] MOVE chetan3 (lawn green): 89→77 [0.3ms]
[2026-05-06 13:04:19] MOVE chetan1 (yellow): 106→93 [0.2ms]
[2026-05-06 13:04:19] MOVE chetan2 (purple): 47→37 [0.1ms]
[2026-05-06 13:04:19] MOVE chetan3 (lawn green): 102→89 [0.1ms]
[2026-05-06 13:04:19] MOVE chetan1 (yellow): 93→82 [0.1ms]
[2026-05-06 13:04:20] MOVE chetan2 (purple): 37→26 [0.1ms]
[2026-05-06 13:04:20] MOVE chetan3 (lawn green): 77→102 [0.1ms]
[2026-05-06 13:04:20] MOVE chetan1 (yellow): 82→72 [0.2ms]
[2026-05-06 13:04:20] MOVE chetan2 (purple): 26→14 [0.2ms]
[2026-05-06 13:04:20] MOVE chetan3 (lawn green): 89→77 [0.1ms]
[2026-05-06 13:04:21] MOVE chetan1 (yellow): 72→63 [0.1ms]
[2026-05-06 13:04:21] MOVE chetan2 (purple): 14→6 [0.1ms]
[2026-05-06 13:04:21] MOVE chetan3 (lawn green): 56→66 [0.1ms]
[2026-05-06 13:04:21] MOVE chetan1 (yellow): 63→64 [0.2ms]
[2026-05-06 13:04:22] MOVE chetan2 (purple): 6→15 [0.2ms]
[2026-05-06 13:04:22] MOVE chetan3 (lawn green): 77→56 [0.2ms]
[2026-05-06 13:04:22] MOVE chetan1 (yellow): 64→73 [0.2ms]
[2026-05-06 13:04:22] MOVE chetan2 (purple): 15→27 [0.1ms]
[2026-05-06 13:04:22] MOVE chetan3 (lawn green): 102→89 [0.1ms]
[2026-05-06 13:04:23] MOVE chetan1 (yellow): 73→83 [0.1ms]
[2026-05-06 13:04:23] MOVE chetan2 (purple): 27→38 [0.2ms]
[2026-05-06 13:04:23] MOVE chetan3 (lawn green): 56→102 [0.2ms]
[2026-05-06 13:04:23] MOVE chetan1 (yellow): 83→94 [0.1ms]
[2026-05-06 13:04:23] MOVE chetan2 (purple): 38→48 [0.2ms]
[2026-05-06 13:04:24] MOVE chetan3 (lawn green): 66→56 [0.2ms]
[2026-05-06 13:04:24] MOVE chetan1 (yellow): 94→106 [0.1ms]
[2026-05-06 13:04:24] MOVE chetan2 (purple): 48→47 [0.1ms]
[2026-05-06 13:04:24] MOVE chetan3 (lawn green): 89→77 [0.2ms]
[2026-05-06 13:04:25] MOVE chetan1 (yellow): 106→93 [0.3ms]
[2026-05-06 13:04:25] MOVE chetan2 (purple): 47→37 [0.2ms]
[2026-05-06 13:04:25] MOVE chetan3 (lawn green): 102→89 [0.1ms]
[2026-05-06 13:04:25] MOVE chetan1 (yellow): 93→82 [0.2ms]
[2026-05-06 13:04:25] MOVE chetan2 (purple): 37→26 [0.1ms]
[2026-05-06 13:04:26] MOVE chetan3 (lawn green): 77→102 [0.1ms]
[2026-05-06 13:04:26] MOVE chetan1 (yellow): 82→72 [0.2ms]
[2026-05-06 13:04:26] MOVE chetan2 (purple): 26→14 [0.2ms]
[2026-05-06 13:04:26] MOVE chetan3 (lawn green): 89→77 [0.1ms]
[2026-05-06 13:04:26] MOVE chetan1 (yellow): 72→63 [0.1ms]
[2026-05-06 13:04:27] MOVE chetan2 (purple): 14→6 [0.1ms]
[2026-05-06 13:04:27] MOVE chetan3 (lawn green): 56→66 [0.1ms]
[2026-05-06 13:04:27] MOVE chetan1 (yellow): 63→64 [0.2ms]
[2026-05-06 13:04:27] MOVE chetan2 (purple): 6→15 [0.1ms]
[2026-05-06 13:04:27] MOVE chetan3 (lawn green): 77→56 [0.1ms]
[2026-05-06 13:04:28] MOVE chetan1 (yellow): 64→73 [0.1ms]
[2026-05-06 13:04:28] MOVE chetan2 (purple): 15→27 [0.3ms]
[2026-05-06 13:04:28] MOVE chetan3 (lawn green): 102→89 [0.1ms]
[2026-05-06 13:04:28] MOVE chetan1 (yellow): 73→83 [0.1ms]
[2026-05-06 13:04:28] MOVE chetan2 (purple): 27→38 [0.1ms]
[2026-05-06 13:04:29] MOVE chetan3 (lawn green): 56→102 [0.3ms]
[2026-05-06 13:04:29] MOVE chetan1 (yellow): 83→94 [0.1ms]
[2026-05-06 13:04:29] MOVE chetan2 (purple): 38→48 [0.1ms]
[2026-05-06 13:04:29] MOVE chetan3 (lawn green): 66→56 [0.2ms]
[2026-05-06 13:04:30] MOVE chetan1 (yellow): 94→106 [0.3ms]
[2026-05-06 13:04:30] MOVE chetan2 (purple): 48→47 [0.2ms]
[2026-05-06 13:04:30] MOVE chetan3 (lawn green): 89→77 [0.2ms]
[2026-05-06 13:04:30] MOVE chetan1 (yellow): 106→93 [0.1ms]
[2026-05-06 13:04:30] MOVE chetan2 (purple): 47→37 [0.1ms]
[2026-05-06 13:04:31] MOVE chetan3 (lawn green): 102→89 [0.2ms]
[2026-05-06 13:04:31] MOVE chetan1 (yellow): 93→82 [0.6ms]
[2026-05-06 13:04:31] MOVE chetan2 (purple): 37→26 [0.1ms]
[2026-05-06 13:04:31] MOVE chetan3 (lawn green): 77→102 [0.1ms]
[2026-05-06 13:04:31] MOVE chetan1 (yellow): 82→72 [0.1ms]
[2026-05-06 13:04:31] MOVE chetan2 (purple): 26→14 [0.1ms]
[2026-05-06 13:04:32] MOVE chetan3 (lawn green): 89→77 [0.2ms]
[2026-05-06 13:04:32] MOVE chetan1 (yellow): 72→63 [0.1ms]
[2026-05-06 13:04:32] MOVE chetan2 (purple): 14→6 [0.1ms]
[2026-05-06 13:04:32] MOVE chetan3 (lawn green): 56→66 [0.2ms]
[2026-05-06 13:04:32] MOVE chetan1 (yellow): 63→64 [0.3ms]
[2026-05-06 13:04:32] MOVE chetan2 (purple): 6→15 [0.1ms]
[2026-05-06 13:04:32] MOVE chetan3 (lawn green): 77→56 [0.2ms]
[2026-05-06 13:04:33] MOVE chetan1 (yellow): 64→73 [0.1ms]
[2026-05-06 13:04:33] MOVE chetan2 (purple): 15→27 [0.1ms]
[2026-05-06 13:04:33] MOVE chetan3 (lawn green): 102→89 [0.2ms]
[2026-05-06 13:04:33] MOVE chetan1 (yellow): 73→83 [0.1ms]
[2026-05-06 13:04:33] MOVE chetan2 (purple): 27→38 [0.1ms]
[2026-05-06 13:04:33] MOVE chetan3 (lawn green): 56→102 [0.1ms]
[2026-05-06 13:04:33] MOVE chetan1 (yellow): 83→94 [0.1ms]
[2026-05-06 13:04:33] MOVE chetan2 (purple): 38→48 [0.1ms]
[2026-05-06 13:04:33] MOVE chetan3 (lawn green): 66→56 [0.1ms]
[2026-05-06 13:04:34] MOVE chetan1 (yellow): 94→106 [0.1ms]
[2026-05-06 13:04:34] MOVE chetan2 (purple): 48→47 [0.1ms]
[2026-05-06 13:04:34] MOVE chetan3 (lawn green): 89→77 [0.1ms]
[2026-05-06 13:04:34] MOVE chetan1 (yellow): 106→93 [0.2ms]
[2026-05-06 13:04:34] MOVE chetan2 (purple): 47→37 [0.2ms]
[2026-05-06 13:04:34] MOVE chetan3 (lawn green): 102→89 [0.1ms]
[2026-05-06 13:04:35] MOVE chetan1 (yellow): 93→82 [0.1ms]
[2026-05-06 13:04:35] MOVE chetan2 (purple): 37→26 [0.1ms]
[2026-05-06 13:04:35] MOVE chetan3 (lawn green): 77→102 [0.1ms]
[2026-05-06 13:04:35] MOVE chetan1 (yellow): 82→72 [0.1ms]
[2026-05-06 13:04:35] MOVE chetan2 (purple): 26→14 [0.3ms]
[2026-05-06 13:04:35] MOVE chetan3 (lawn green): 89→77 [0.3ms]
[2026-05-06 13:04:35] MOVE chetan1 (yellow): 72→63 [0.2ms]
[2026-05-06 13:04:35] MOVE chetan2 (purple): 14→6 [0.1ms]
[2026-05-06 13:04:36] MOVE chetan3 (lawn green): 56→66 [0.1ms]
[2026-05-06 13:04:36] MOVE chetan1 (yellow): 63→64 [0.2ms]
[2026-05-06 13:04:36] MOVE chetan2 (purple): 6→15 [0.1ms]
[2026-05-06 13:04:36] MOVE chetan3 (lawn green): 77→56 [0.1ms]
[2026-05-06 13:04:36] SCORE chetan1 (yellow): Final=1099.0, Time=0.0, Moves(862)=0.0, Pins(9)=900.0, Dist=199.0
[2026-05-06 13:04:36] SCORE chetan2 (purple): Final=1098.0, Time=0.0, Moves(862)=0.0, Pins(9)=900.0, Dist=198.0
[2026-05-06 13:04:36] SCORE chetan3 (lawn green): Final=897.0, Time=0.0, Moves(862)=0.0, Pins(7)=700.0, Dist=197.0
[2026-05-06 13:04:36] GAME TIME LIMIT REACHED.
[2026-05-06 13:04:36] SCORE chetan1 (yellow): Final=1099.0, Time=0.0, Moves(862)=0.0, Pins(9)=900.0, Dist=199.0
[2026-05-06 13:04:36] SCORE chetan2 (purple): Final=1098.0, Time=0.0, Moves(862)=0.0, Pins(9)=900.0, Dist=198.0
[2026-05-06 13:04:36] SCORE chetan3 (lawn green): Final=897.0, Time=0.0, Moves(862)=0.0, Pins(7)=700.0, Dist=197.0
[2026-05-06 13:04:36] GAME TIME LIMIT REACHED.
[2026-05-06 13:04:37] SCORE chetan1 (yellow): Final=1099.0, Time=0.0, Moves(862)=0.0, Pins(9)=900.0, Dist=199.0
[2026-05-06 13:04:37] SCORE chetan2 (purple): Final=1098.0, Time=0.0, Moves(862)=0.0, Pins(9)=900.0, Dist=198.0
[2026-05-06 13:04:37] SCORE chetan3 (lawn green): Final=897.0, Time=0.0, Moves(862)=0.0, Pins(7)=700.0, Dist=197.0
[2026-05-06 13:04:37] GAME TIME LIMIT REACHED.
[2026-05-06 13:04:37] SCORE chetan1 (yellow): Final=1099.0, Time=0.0, Moves(862)=0.0, Pins(9)=900.0, Dist=199.0
[2026-05-06 13:04:37] SCORE chetan2 (purple): Final=1098.0, Time=0.0, Moves(862)=0.0, Pins(9)=900.0, Dist=198.0
[2026-05-06 13:04:37] SCORE chetan3 (lawn green): Final=897.0, Time=0.0, Moves(862)=0.0, Pins(7)=700.0, Dist=197.0
[2026-05-06 13:04:37] GAME TIME LIMIT REACHED.
