[2026-05-06 13:44:12] GAME CREATED
[2026-05-06 13:44:19] PLAYER JOINED: chetan as red
[2026-05-06 13:44:26] PLAYER JOINED: asha as blue
[2026-05-06 13:44:29] GAME STARTED — turn order: ['red', 'blue']
[2026-05-06 13:44:29] MOVE chetan (red): 115→102 [0.1ms]
[2026-05-06 13:44:29] MOVE asha (blue): 3→14 [0.1ms]
[2026-05-06 13:44:30] MOVE chetan (red): 120→104 [0.1ms]
[2026-05-06 13:44:30] MOVE asha (blue): 0→16 [0.2ms]
[2026-05-06 13:44:30] MOVE chetan (red): 111→89 [0.1ms]
[2026-05-06 13:44:30] MOVE asha (blue): 6→26 [0.1ms]
[2026-05-06 13:44:30] MOVE chetan (red): 116→78 [0.5ms]
[2026-05-06 13:44:30] MOVE asha (blue): 4→38 [0.3ms]
[2026-05-06 13:44:31] MOVE chetan (red): 89→68 [0.1ms]
[2026-05-06 13:44:31] MOVE asha (blue): 26→49 [0.1ms]
[2026-05-06 13:44:31] MOVE chetan (red): 78→59 [0.1ms]
[2026-05-06 13:44:31] MOVE asha (blue): 8→26 [0.1ms]
[2026-05-06 13:44:31] MOVE chetan (red): 68→27 [0.1ms]
[2026-05-06 13:44:32] MOVE asha (blue): 14→58 [0.1ms]
[2026-05-06 13:44:32] MOVE chetan (red): 59→50 [0.1ms]
[2026-05-06 13:44:32] MOVE asha (blue): 49→67 [0.1ms]
[2026-05-06 13:44:32] MOVE chetan (red): 27→14 [0.1ms]
[2026-05-06 13:44:32] MOVE asha (blue): 58→77 [0.1ms]
[2026-05-06 13:44:33] MOVE chetan (red): 14→6 [0.1ms]
[2026-05-06 13:44:33] MOVE asha (blue): 5→60 [0.1ms]
[2026-05-06 13:44:33] MOVE chetan (red): 113→66 [0.2ms]
[2026-05-06 13:44:33] MOVE asha (blue): 26→69 [0.1ms]
[2026-05-06 13:44:33] MOVE chetan (red): 50→39 [0.2ms]
[2026-05-06 13:44:34] MOVE asha (blue): 60→79 [0.1ms]
[2026-05-06 13:44:34] MOVE chetan (red): 66→56 [0.2ms]
[2026-05-06 13:44:34] MOVE asha (blue): 69→90 [0.1ms]
[2026-05-06 13:44:34] MOVE chetan (red): 39→27 [0.1ms]
[2026-05-06 13:44:34] MOVE asha (blue): 77→89 [0.1ms]
[2026-05-06 13:44:34] MOVE chetan (red): 102→58 [0.1ms]
[2026-05-06 13:44:34] MOVE asha (blue): 89→113 [0.1ms]
[2026-05-06 13:44:35] MOVE chetan (red): 27→14 [0.2ms]
[2026-05-06 13:44:35] MOVE asha (blue): 79→102 [0.1ms]
[2026-05-06 13:44:35] MOVE chetan (red): 14→0 [0.4ms]
[2026-05-06 13:44:35] MOVE asha (blue): 102→111 [0.1ms]
[2026-05-06 13:44:35] MOVE chetan (red): 117→79 [0.1ms]
[2026-05-06 13:44:35] MOVE asha (blue): 90→102 [0.1ms]
[2026-05-06 13:44:36] MOVE chetan (red): 56→47 [0.2ms]
[2026-05-06 13:44:36] MOVE asha (blue): 102→120 [0.1ms]
[2026-05-06 13:44:36] MOVE chetan (red): 58→48 [0.1ms]
[2026-05-06 13:44:36] MOVE asha (blue): 38→78 [0.1ms]
[2026-05-06 13:44:36] MOVE chetan (red): 79→37 [0.1ms]
[2026-05-06 13:44:36] MOVE asha (blue): 67→90 [0.1ms]
[2026-05-06 13:44:37] MOVE chetan (red): 47→26 [0.1ms]
[2026-05-06 13:44:37] MOVE asha (blue): 78→116 [0.1ms]
[2026-05-06 13:44:37] MOVE chetan (red): 37→3 [0.1ms]
[2026-05-06 13:44:37] MOVE asha (blue): 90→102 [0.1ms]
[2026-05-06 13:44:37] MOVE chetan (red): 26→14 [0.1ms]
[2026-05-06 13:44:37] MOVE asha (blue): 102→117 [0.1ms]
[2026-05-06 13:44:38] MOVE chetan (red): 48→37 [0.3ms]
[2026-05-06 13:44:38] MOVE asha (blue): 7→29 [0.1ms]
[2026-05-06 13:44:38] MOVE chetan (red): 112→92 [0.1ms]
[2026-05-06 13:44:38] MOVE asha (blue): 16→41 [0.1ms]
[2026-05-06 13:44:38] MOVE chetan (red): 37→26 [0.1ms]
[2026-05-06 13:44:38] MOVE asha (blue): 29→52 [0.2ms]
[2026-05-06 13:44:38] MOVE chetan (red): 104→81 [0.1ms]
[2026-05-06 13:44:39] MOVE asha (blue): 41→62 [0.1ms]
[2026-05-06 13:44:39] MOVE chetan (red): 92→51 [0.1ms]
[2026-05-06 13:44:39] MOVE asha (blue): 52→72 [0.1ms]
[2026-05-06 13:44:39] MOVE chetan (red): 81→70 [0.1ms]
[2026-05-06 13:44:39] MOVE asha (blue): 62→83 [0.1ms]
[2026-05-06 13:44:39] MOVE chetan (red): 51→40 [0.1ms]
[2026-05-06 13:44:40] MOVE asha (blue): 72→95 [0.2ms]
[2026-05-06 13:44:40] MOVE chetan (red): 70→60 [0.1ms]
[2026-05-06 13:44:40] MOVE asha (blue): 83→94 [0.1ms]
[2026-05-06 13:44:40] MOVE chetan (red): 40→28 [0.2ms]
[2026-05-06 13:44:40] MOVE asha (blue): 95→93 [0.1ms]
[2026-05-06 13:44:40] MOVE chetan (red): 60→50 [0.1ms]
[2026-05-06 13:44:41] MOVE asha (blue): 94→106 [0.2ms]
[2026-05-06 13:44:41] MOVE chetan (red): 28→15 [0.1ms]
[2026-05-06 13:44:41] MOVE asha (blue): 93→105 [0.1ms]
[2026-05-06 13:44:41] MOVE chetan (red): 15→7 [0.2ms]
[2026-05-06 13:44:41] MOVE asha (blue): 106→104 [0.1ms]
[2026-05-06 13:44:41] MOVE chetan (red): 119→92 [0.1ms]
[2026-05-06 13:44:42] MOVE asha (blue): 104→112 [0.1ms]
[2026-05-06 13:44:42] MOVE chetan (red): 50→39 [0.2ms]
[2026-05-06 13:44:42] MOVE asha (blue): 105→104 [0.1ms]
[2026-05-06 13:44:42] MOVE chetan (red): 92→80 [0.1ms]
[2026-05-06 13:44:42] MOVE asha (blue): 104→115 [0.4ms]
[2026-05-06 13:44:42] MOVE chetan (red): 39→27 [0.1ms]
[2026-05-06 13:44:43] MOVE asha (blue): 9→17 [0.1ms]
[2026-05-06 13:44:43] MOVE chetan (red): 80→69 [0.1ms]
[2026-05-06 13:44:43] MOVE asha (blue): 1→4 [0.4ms]
[2026-05-06 13:44:43] MOVE chetan (red): 27→15 [0.2ms]
[2026-05-06 13:44:43] MOVE asha (blue): 17→29 [0.1ms]
[2026-05-06 13:44:43] MOVE chetan (red): 69→59 [0.1ms]
[2026-05-06 13:44:43] MOVE asha (blue): 4→8 [0.2ms]
[2026-05-06 13:44:44] MOVE chetan (red): 14→5 [0.1ms]
[2026-05-06 13:44:44] MOVE asha (blue): 29→40 [0.2ms]
[2026-05-06 13:44:44] MOVE chetan (red): 15→4 [0.1ms]
[2026-05-06 13:44:44] MOVE asha (blue): 2→9 [0.1ms]
[2026-05-06 13:44:44] MOVE chetan (red): 26→14 [0.1ms]
[2026-05-06 13:44:44] MOVE asha (blue): 40→50 [0.1ms]
[2026-05-06 13:44:45] MOVE chetan (red): 59→40 [0.1ms]
[2026-05-06 13:44:45] MOVE asha (blue): 8→16 [0.1ms]
[2026-05-06 13:44:45] MOVE chetan (red): 14→15 [0.1ms]
[2026-05-06 13:44:45] MOVE asha (blue): 50→59 [0.1ms]
[2026-05-06 13:44:45] MOVE chetan (red): 40→28 [0.1ms]
[2026-05-06 13:44:45] MOVE asha (blue): 16→39 [0.1ms]
[2026-05-06 13:44:46] MOVE chetan (red): 15→16 [0.1ms]
[2026-05-06 13:44:46] MOVE asha (blue): 59→68 [0.2ms]
[2026-05-06 13:44:46] MOVE chetan (red): 28→1 [0.1ms]
[2026-05-06 13:44:46] MOVE asha (blue): 39→49 [0.1ms]
[2026-05-06 13:44:46] MOVE chetan (red): 16→8 [0.1ms]
[2026-05-06 13:44:46] MOVE asha (blue): 68→78 [0.1ms]
[2026-05-06 13:44:47] MOVE chetan (red): 114→105 [0.1ms]
[2026-05-06 13:44:47] MOVE asha (blue): 49→58 [0.2ms]
[2026-05-06 13:44:47] MOVE chetan (red): 118→119 [0.1ms]
[2026-05-06 13:44:47] MOVE asha (blue): 78→89 [0.1ms]
[2026-05-06 13:44:47] MOVE chetan (red): 105→92 [0.1ms]
[2026-05-06 13:44:47] MOVE asha (blue): 58→67 [0.1ms]
[2026-05-06 13:44:47] MOVE chetan (red): 119→114 [0.1ms]
[2026-05-06 13:44:48] MOVE asha (blue): 89→102 [0.1ms]
[2026-05-06 13:44:48] MOVE chetan (red): 92→80 [0.1ms]
[2026-05-06 13:44:48] MOVE asha (blue): 67→77 [0.3ms]
[2026-05-06 13:44:48] MOVE chetan (red): 114→105 [0.2ms]
[2026-05-06 13:44:48] MOVE asha (blue): 102→103 [0.1ms]
[2026-05-06 13:44:48] MOVE chetan (red): 80→69 [0.1ms]
[2026-05-06 13:44:49] MOVE asha (blue): 77→89 [0.1ms]
[2026-05-06 13:44:49] MOVE chetan (red): 105→92 [0.1ms]
[2026-05-06 13:44:49] MOVE asha (blue): 103→104 [0.2ms]
[2026-05-06 13:44:49] MOVE chetan (red): 69→59 [0.1ms]
[2026-05-06 13:44:49] MOVE asha (blue): 89→102 [0.1ms]
[2026-05-06 13:44:49] MOVE chetan (red): 92→80 [0.1ms]
[2026-05-06 13:44:50] MOVE asha (blue): 104→105 [0.2ms]
[2026-05-06 13:44:50] MOVE chetan (red): 59→49 [0.1ms]
[2026-05-06 13:44:50] MOVE asha (blue): 105→114 [0.1ms]
[2026-05-06 13:44:50] MOVE chetan (red): 80→69 [0.1ms]
[2026-05-06 13:44:50] MOVE asha (blue): 102→103 [0.1ms]
[2026-05-06 13:44:50] MOVE chetan (red): 49→38 [0.2ms]
[2026-05-06 13:44:51] MOVE asha (blue): 9→17 [0.1ms]
[2026-05-06 13:44:51] MOVE chetan (red): 69→59 [0.2ms]
[2026-05-06 13:44:51] MOVE asha (blue): 103→104 [0.1ms]
[2026-05-06 13:44:51] MOVE chetan (red): 38→26 [0.1ms]
[2026-05-06 13:44:51] MOVE asha (blue): 17→29 [0.1ms]
[2026-05-06 13:44:51] MOVE chetan (red): 59→49 [0.1ms]
[2026-05-06 13:44:52] MOVE asha (blue): 104→105 [0.1ms]
[2026-05-06 13:44:52] MOVE chetan (red): 26→14 [0.1ms]
[2026-05-06 13:44:52] MOVE asha (blue): 29→40 [0.1ms]
[2026-05-06 13:44:52] MOVE chetan (red): 49→38 [0.2ms]
[2026-05-06 13:44:52] MOVE asha (blue): 105→106 [0.1ms]
[2026-05-06 13:44:52] MOVE chetan (red): 14→15 [0.1ms]
[2026-05-06 13:44:53] MOVE asha (blue): 40→50 [0.1ms]
[2026-05-06 13:44:53] MOVE chetan (red): 38→26 [0.1ms]
[2026-05-06 13:44:53] MOVE asha (blue): 106→93 [0.1ms]
[2026-05-06 13:44:53] MOVE chetan (red): 15→16 [0.1ms]
[2026-05-06 13:44:53] MOVE asha (blue): 50→59 [0.1ms]
[2026-05-06 13:44:53] MOVE chetan (red): 26→14 [0.2ms]
[2026-05-06 13:44:53] MOVE asha (blue): 93→92 [0.2ms]
[2026-05-06 13:44:54] MOVE chetan (red): 16→17 [0.1ms]
[2026-05-06 13:44:54] MOVE asha (blue): 59→68 [0.1ms]
[2026-05-06 13:44:54] MOVE chetan (red): 17→9 [0.1ms]
[2026-05-06 13:44:54] MOVE asha (blue): 92→104 [0.1ms]
[2026-05-06 13:44:54] MOVE chetan (red): 14→15 [0.1ms]
[2026-05-06 13:44:54] MOVE asha (blue): 68→78 [0.1ms]
[2026-05-06 13:44:55] MOVE chetan (red): 15→16 [0.2ms]
[2026-05-06 13:44:55] MOVE asha (blue): 104→103 [0.1ms]
[2026-05-06 13:44:55] MOVE chetan (red): 16→17 [0.1ms]
[2026-05-06 13:44:55] MOVE asha (blue): 78→89 [0.4ms]
[2026-05-06 13:44:55] MOVE chetan (red): 17→18 [0.2ms]
[2026-05-06 13:44:55] MOVE asha (blue): 103→102 [0.1ms]
[2026-05-06 13:44:55] MOVE chetan (red): 18→19 [0.1ms]
[2026-05-06 13:44:56] MOVE asha (blue): 89→90 [0.1ms]
[2026-05-06 13:44:56] MOVE chetan (red): 19→31 [0.1ms]
[2026-05-06 13:44:56] MOVE asha (blue): 102→89 [0.1ms]
[2026-05-06 13:44:56] MOVE chetan (red): 31→30 [0.1ms]
[2026-05-06 13:44:56] MOVE asha (blue): 90→102 [0.1ms]
[2026-05-06 13:44:56] MOVE chetan (red): 30→29 [0.1ms]
[2026-05-06 13:44:57] MOVE asha (blue): 89→90 [0.2ms]
[2026-05-06 13:44:57] MOVE chetan (red): 29→28 [0.1ms]
[2026-05-06 13:44:57] MOVE asha (blue): 102→103 [0.1ms]
[2026-05-06 13:44:57] MOVE chetan (red): 28→15 [0.1ms]
[2026-05-06 13:44:57] MOVE asha (blue): 90→91 [0.1ms]
[2026-05-06 13:44:57] MOVE chetan (red): 15→14 [0.1ms]
[2026-05-06 13:44:58] MOVE asha (blue): 103→104 [0.4ms]
[2026-05-06 13:44:58] MOVE chetan (red): 14→13 [0.1ms]
[2026-05-06 13:44:58] MOVE asha (blue): 91→103 [0.1ms]
[2026-05-06 13:44:58] MOVE chetan (red): 13→26 [0.1ms]
[2026-05-06 13:44:58] MOVE asha (blue): 104→105 [0.1ms]
[2026-05-06 13:44:58] MOVE chetan (red): 26→27 [0.1ms]
[2026-05-06 13:44:59] MOVE asha (blue): 103→102 [0.1ms]
[2026-05-06 13:44:59] MOVE chetan (red): 27→14 [0.3ms]
[2026-05-06 13:44:59] MOVE asha (blue): 105→106 [0.2ms]
[2026-05-06 13:44:59] MOVE chetan (red): 14→15 [0.1ms]
[2026-05-06 13:44:59] MOVE asha (blue): 102→89 [0.1ms]
[2026-05-06 13:44:59] MOVE chetan (red): 15→16 [0.1ms]
[2026-05-06 13:45:00] MOVE asha (blue): 106→93 [0.1ms]
[2026-05-06 13:45:00] MOVE chetan (red): 16→17 [0.1ms]
[2026-05-06 13:45:00] MOVE asha (blue): 89→90 [0.1ms]
[2026-05-06 13:45:00] MOVE chetan (red): 17→18 [0.2ms]
[2026-05-06 13:45:00] MOVE asha (blue): 93→92 [0.1ms]
[2026-05-06 13:45:00] MOVE chetan (red): 18→19 [0.2ms]
[2026-05-06 13:45:00] MOVE asha (blue): 90→91 [0.1ms]
[2026-05-06 13:45:01] MOVE chetan (red): 19→31 [0.1ms]
[2026-05-06 13:45:01] MOVE asha (blue): 92→104 [0.1ms]
[2026-05-06 13:45:01] MOVE chetan (red): 31→30 [0.1ms]
[2026-05-06 13:45:01] MOVE asha (blue): 91→103 [0.1ms]
[2026-05-06 13:45:01] MOVE chetan (red): 30→29 [0.1ms]
[2026-05-06 13:45:01] MOVE asha (blue): 104→102 [0.1ms]
[2026-05-06 13:45:02] MOVE chetan (red): 29→28 [0.1ms]
[2026-05-06 13:45:02] MOVE asha (blue): 103→104 [0.1ms]
[2026-05-06 13:45:02] MOVE chetan (red): 28→15 [0.3ms]
[2026-05-06 13:45:02] MOVE asha (blue): 102→103 [0.1ms]
[2026-05-06 13:45:02] MOVE chetan (red): 15→14 [0.1ms]
[2026-05-06 13:45:02] MOVE asha (blue): 104→102 [0.1ms]
[2026-05-06 13:45:03] MOVE chetan (red): 14→13 [0.1ms]
[2026-05-06 13:45:03] MOVE asha (blue): 103→101 [0.1ms]
[2026-05-06 13:45:03] MOVE chetan (red): 13→26 [0.1ms]
[2026-05-06 13:45:03] MOVE asha (blue): 102→89 [0.1ms]
[2026-05-06 13:45:03] MOVE chetan (red): 26→27 [0.1ms]
[2026-05-06 13:45:04] MOVE asha (blue): 101→78 [0.1ms]
[2026-05-06 13:45:04] MOVE chetan (red): 27→14 [0.1ms]
[2026-05-06 13:45:04] MOVE asha (blue): 89→90 [0.1ms]
[2026-05-06 13:45:04] MOVE chetan (red): 14→15 [0.3ms]
[2026-05-06 13:45:04] MOVE asha (blue): 78→89 [0.2ms]
[2026-05-06 13:45:04] MOVE chetan (red): 15→16 [0.1ms]
[2026-05-06 13:45:05] MOVE asha (blue): 90→103 [0.1ms]
[2026-05-06 13:45:05] MOVE chetan (red): 16→17 [0.1ms]
[2026-05-06 13:45:05] MOVE asha (blue): 89→102 [0.1ms]
[2026-05-06 13:45:05] MOVE chetan (red): 17→18 [0.1ms]
[2026-05-06 13:45:05] MOVE asha (blue): 103→104 [0.1ms]
[2026-05-06 13:45:05] MOVE chetan (red): 18→19 [0.1ms]
[2026-05-06 13:45:06] MOVE asha (blue): 102→103 [0.1ms]
[2026-05-06 13:45:06] MOVE chetan (red): 19→31 [0.2ms]
[2026-05-06 13:45:06] MOVE asha (blue): 104→102 [0.1ms]
[2026-05-06 13:45:06] MOVE chetan (red): 31→30 [0.1ms]
[2026-05-06 13:45:06] MOVE asha (blue): 103→104 [0.1ms]
[2026-05-06 13:45:06] MOVE chetan (red): 30→29 [0.1ms]
[2026-05-06 13:45:06] MOVE asha (blue): 102→89 [0.2ms]
[2026-05-06 13:45:07] MOVE chetan (red): 29→28 [0.1ms]
[2026-05-06 13:45:07] MOVE asha (blue): 104→105 [0.1ms]
[2026-05-06 13:45:07] MOVE chetan (red): 28→15 [0.1ms]
[2026-05-06 13:45:07] MOVE asha (blue): 89→90 [0.1ms]
[2026-05-06 13:45:07] MOVE chetan (red): 15→14 [0.1ms]
[2026-05-06 13:45:07] MOVE asha (blue): 105→106 [0.2ms]
[2026-05-06 13:45:08] MOVE chetan (red): 14→13 [0.2ms]
[2026-05-06 13:45:08] MOVE asha (blue): 90→103 [0.2ms]
[2026-05-06 13:45:08] MOVE chetan (red): 13→26 [0.1ms]
[2026-05-06 13:45:08] MOVE asha (blue): 106→93 [0.1ms]
[2026-05-06 13:45:08] MOVE chetan (red): 26→27 [0.2ms]
[2026-05-06 13:45:08] MOVE asha (blue): 103→104 [0.1ms]
[2026-05-06 13:45:09] MOVE chetan (red): 27→14 [0.1ms]
[2026-05-06 13:45:09] MOVE asha (blue): 93→92 [0.1ms]
[2026-05-06 13:45:09] MOVE chetan (red): 14→15 [0.1ms]
[2026-05-06 13:45:09] MOVE asha (blue): 104→105 [0.1ms]
[2026-05-06 13:45:09] MOVE chetan (red): 15→16 [0.1ms]
[2026-05-06 13:45:09] MOVE asha (blue): 92→104 [0.1ms]
[2026-05-06 13:45:10] MOVE chetan (red): 16→17 [0.1ms]
[2026-05-06 13:45:10] MOVE asha (blue): 105→106 [0.1ms]
[2026-05-06 13:45:10] MOVE chetan (red): 17→18 [0.1ms]
[2026-05-06 13:45:10] MOVE asha (blue): 104→103 [0.1ms]
[2026-05-06 13:45:10] MOVE chetan (red): 18→19 [0.1ms]
[2026-05-06 13:45:10] MOVE asha (blue): 106→93 [0.1ms]
[2026-05-06 13:45:10] MOVE chetan (red): 19→31 [0.1ms]
[2026-05-06 13:45:11] MOVE asha (blue): 103→102 [0.1ms]
[2026-05-06 13:45:11] MOVE chetan (red): 31→30 [0.2ms]
[2026-05-06 13:45:11] MOVE asha (blue): 93→92 [0.2ms]
[2026-05-06 13:45:11] MOVE chetan (red): 30→29 [0.2ms]
[2026-05-06 13:45:11] MOVE asha (blue): 102→89 [0.1ms]
[2026-05-06 13:45:11] MOVE chetan (red): 29→28 [0.1ms]
[2026-05-06 13:45:12] MOVE asha (blue): 92→104 [0.1ms]
[2026-05-06 13:45:12] MOVE chetan (red): 28→15 [0.1ms]
[2026-05-06 13:45:12] MOVE asha (blue): 89→90 [0.1ms]
[2026-05-06 13:45:12] MOVE chetan (red): 15→14 [0.2ms]
[2026-05-06 13:45:12] MOVE asha (blue): 104→103 [0.2ms]
[2026-05-06 13:45:12] MOVE chetan (red): 14→13 [0.1ms]
[2026-05-06 13:45:13] MOVE asha (blue): 90→91 [0.1ms]
[2026-05-06 13:45:13] MOVE chetan (red): 13→26 [0.1ms]
[2026-05-06 13:45:13] MOVE asha (blue): 103→102 [0.2ms]
[2026-05-06 13:45:13] MOVE chetan (red): 26→27 [0.1ms]
[2026-05-06 13:45:13] MOVE asha (blue): 91→103 [0.1ms]
[2026-05-06 13:45:13] MOVE chetan (red): 27→14 [0.1ms]
[2026-05-06 13:45:14] MOVE asha (blue): 102→89 [0.1ms]
[2026-05-06 13:45:14] MOVE chetan (red): 14→15 [0.1ms]
[2026-05-06 13:45:14] MOVE asha (blue): 103→102 [0.2ms]
[2026-05-06 13:45:14] MOVE chetan (red): 15→16 [0.1ms]
[2026-05-06 13:45:14] MOVE asha (blue): 89→90 [0.1ms]
[2026-05-06 13:45:14] MOVE chetan (red): 16→17 [0.1ms]
[2026-05-06 13:45:15] MOVE asha (blue): 102→89 [0.1ms]
[2026-05-06 13:45:15] MOVE chetan (red): 17→18 [0.1ms]
[2026-05-06 13:45:15] MOVE asha (blue): 90→91 [0.1ms]
[2026-05-06 13:45:15] MOVE chetan (red): 18→19 [0.1ms]
[2026-05-06 13:45:15] MOVE asha (blue): 89→90 [0.1ms]
[2026-05-06 13:45:15] MOVE chetan (red): 19→31 [0.2ms]
[2026-05-06 13:45:15] MOVE asha (blue): 91→103 [0.1ms]
[2026-05-06 13:45:16] MOVE chetan (red): 31→30 [0.2ms]
[2026-05-06 13:45:16] MOVE asha (blue): 90→91 [0.1ms]
[2026-05-06 13:45:16] MOVE chetan (red): 30→29 [0.1ms]
[2026-05-06 13:45:16] MOVE asha (blue): 103→102 [0.1ms]
[2026-05-06 13:45:16] MOVE chetan (red): 29→28 [0.1ms]
[2026-05-06 13:45:16] MOVE asha (blue): 91→103 [0.1ms]
[2026-05-06 13:45:17] MOVE chetan (red): 28→15 [0.2ms]
[2026-05-06 13:45:17] MOVE asha (blue): 102→104 [0.4ms]
[2026-05-06 13:45:17] MOVE chetan (red): 15→14 [0.1ms]
[2026-05-06 13:45:17] MOVE asha (blue): 103→105 [0.1ms]
[2026-05-06 13:45:17] MOVE chetan (red): 14→13 [0.2ms]
[2026-05-06 13:45:17] MOVE asha (blue): 104→106 [0.1ms]
[2026-05-06 13:45:18] MOVE chetan (red): 13→26 [0.1ms]
[2026-05-06 13:45:18] MOVE asha (blue): 105→104 [0.1ms]
[2026-05-06 13:45:18] MOVE chetan (red): 26→27 [0.1ms]
[2026-05-06 13:45:18] MOVE asha (blue): 106→105 [0.1ms]
[2026-05-06 13:45:18] MOVE chetan (red): 27→14 [0.2ms]
[2026-05-06 13:45:18] MOVE asha (blue): 104→106 [0.1ms]
[2026-05-06 13:45:19] MOVE chetan (red): 14→15 [0.1ms]
[2026-05-06 13:45:19] MOVE asha (blue): 105→107 [0.1ms]
[2026-05-06 13:45:19] MOVE chetan (red): 15→16 [0.2ms]
[2026-05-06 13:45:19] MOVE asha (blue): 106→93 [0.1ms]
[2026-05-06 13:45:20] MOVE chetan (red): 16→17 [0.1ms]
[2026-05-06 13:45:20] MOVE asha (blue): 107→94 [0.1ms]
[2026-05-06 13:45:20] MOVE chetan (red): 17→18 [0.2ms]
[2026-05-06 13:45:20] MOVE asha (blue): 93→92 [0.2ms]
[2026-05-06 13:45:20] MOVE chetan (red): 18→19 [0.1ms]
[2026-05-06 13:45:21] MOVE asha (blue): 94→93 [0.1ms]
[2026-05-06 13:45:21] MOVE chetan (red): 19→31 [0.2ms]
[2026-05-06 13:45:21] MOVE asha (blue): 92→105 [0.1ms]
[2026-05-06 13:45:21] MOVE chetan (red): 31→30 [0.1ms]
[2026-05-06 13:45:21] MOVE asha (blue): 93→106 [0.1ms]
[2026-05-06 13:45:21] MOVE chetan (red): 30→29 [0.1ms]
[2026-05-06 13:45:22] MOVE asha (blue): 105→104 [0.4ms]
[2026-05-06 13:45:22] MOVE chetan (red): 29→28 [0.1ms]
[2026-05-06 13:45:22] MOVE asha (blue): 106→105 [0.1ms]
[2026-05-06 13:45:22] MOVE chetan (red): 28→15 [0.1ms]
[2026-05-06 13:45:22] MOVE asha (blue): 104→106 [0.1ms]
[2026-05-06 13:45:23] MOVE chetan (red): 15→14 [0.3ms]
[2026-05-06 13:45:23] MOVE asha (blue): 105→104 [0.1ms]
[2026-05-06 13:45:23] MOVE chetan (red): 14→13 [0.1ms]
[2026-05-06 13:45:23] MOVE asha (blue): 106→93 [0.1ms]
[2026-05-06 13:45:23] MOVE chetan (red): 13→26 [0.1ms]
[2026-05-06 13:45:24] MOVE asha (blue): 104→103 [0.1ms]
[2026-05-06 13:45:24] MOVE chetan (red): 26→27 [0.2ms]
[2026-05-06 13:45:24] MOVE asha (blue): 93→92 [0.1ms]
[2026-05-06 13:45:24] MOVE chetan (red): 27→14 [0.1ms]
[2026-05-06 13:45:24] MOVE asha (blue): 103→102 [0.1ms]
[2026-05-06 13:45:24] MOVE chetan (red): 14→15 [0.1ms]
[2026-05-06 13:45:25] MOVE asha (blue): 92→105 [0.1ms]
[2026-05-06 13:45:25] MOVE chetan (red): 15→16 [0.1ms]
[2026-05-06 13:45:25] MOVE asha (blue): 102→89 [0.1ms]
[2026-05-06 13:45:25] MOVE chetan (red): 16→17 [0.1ms]
[2026-05-06 13:45:25] MOVE asha (blue): 105→104 [0.1ms]
[2026-05-06 13:45:25] MOVE chetan (red): 17→18 [0.1ms]
[2026-05-06 13:45:26] MOVE asha (blue): 89→90 [0.1ms]
[2026-05-06 13:45:26] MOVE chetan (red): 18→19 [0.1ms]
[2026-05-06 13:45:26] MOVE asha (blue): 104→103 [0.1ms]
[2026-05-06 13:45:26] MOVE chetan (red): 19→31 [0.1ms]
[2026-05-06 13:45:26] MOVE asha (blue): 90→91 [0.2ms]
[2026-05-06 13:45:26] MOVE chetan (red): 31→30 [0.1ms]
[2026-05-06 13:45:27] MOVE asha (blue): 103→102 [0.2ms]
[2026-05-06 13:45:27] MOVE chetan (red): 30→29 [0.1ms]
[2026-05-06 13:45:27] MOVE asha (blue): 91→103 [0.1ms]
[2026-05-06 13:45:27] MOVE chetan (red): 29→28 [0.1ms]
[2026-05-06 13:45:28] MOVE asha (blue): 102→89 [0.1ms]
[2026-05-06 13:45:28] MOVE chetan (red): 28→15 [0.1ms]
[2026-05-06 13:45:28] MOVE asha (blue): 103→102 [0.1ms]
[2026-05-06 13:45:28] MOVE chetan (red): 15→14 [0.1ms]
[2026-05-06 13:45:28] MOVE asha (blue): 89→90 [0.1ms]
[2026-05-06 13:45:28] MOVE chetan (red): 14→13 [0.2ms]
[2026-05-06 13:45:29] MOVE asha (blue): 102→89 [0.1ms]
[2026-05-06 13:45:29] MOVE chetan (red): 13→26 [0.2ms]
[2026-05-06 13:45:29] MOVE asha (blue): 90→91 [0.1ms]
[2026-05-06 13:45:29] MOVE chetan (red): 26→27 [0.2ms]
[2026-05-06 13:45:29] MOVE asha (blue): 89→90 [0.1ms]
[2026-05-06 13:45:29] MOVE chetan (red): 27→14 [0.1ms]
[2026-05-06 13:45:30] MOVE asha (blue): 91→103 [0.1ms]
[2026-05-06 13:45:30] MOVE chetan (red): 14→15 [0.1ms]
[2026-05-06 13:45:30] MOVE asha (blue): 90→91 [0.1ms]
[2026-05-06 13:45:30] MOVE chetan (red): 15→16 [0.1ms]
[2026-05-06 13:45:30] MOVE asha (blue): 103→102 [0.1ms]
[2026-05-06 13:45:30] MOVE chetan (red): 16→17 [0.1ms]
[2026-05-06 13:45:31] MOVE asha (blue): 91→103 [0.1ms]
[2026-05-06 13:45:31] MOVE chetan (red): 17→18 [0.1ms]
[2026-05-06 13:45:31] MOVE asha (blue): 102→104 [0.1ms]
[2026-05-06 13:45:31] MOVE chetan (red): 18→19 [0.1ms]
[2026-05-06 13:45:31] MOVE asha (blue): 103→105 [0.1ms]
[2026-05-06 13:45:31] MOVE chetan (red): 19→31 [0.1ms]
[2026-05-06 13:45:31] MOVE asha (blue): 104→106 [0.1ms]
[2026-05-06 13:45:32] MOVE chetan (red): 31→30 [0.1ms]
[2026-05-06 13:45:32] MOVE asha (blue): 105→104 [0.1ms]
[2026-05-06 13:45:32] MOVE chetan (red): 30→29 [0.1ms]
[2026-05-06 13:45:32] MOVE asha (blue): 106→105 [0.1ms]
[2026-05-06 13:45:32] MOVE chetan (red): 29→28 [0.1ms]
[2026-05-06 13:45:32] MOVE asha (blue): 104→106 [0.1ms]
[2026-05-06 13:45:32] MOVE chetan (red): 28→15 [0.1ms]
[2026-05-06 13:45:33] MOVE asha (blue): 105→107 [0.1ms]
[2026-05-06 13:45:33] MOVE chetan (red): 15→14 [0.2ms]
[2026-05-06 13:45:33] MOVE asha (blue): 106→93 [0.1ms]
[2026-05-06 13:45:33] MOVE chetan (red): 14→13 [0.1ms]
[2026-05-06 13:45:33] MOVE asha (blue): 107→94 [0.1ms]
[2026-05-06 13:45:33] MOVE chetan (red): 13→26 [0.1ms]
[2026-05-06 13:45:34] MOVE asha (blue): 93→92 [0.1ms]
[2026-05-06 13:45:34] MOVE chetan (red): 26→27 [0.1ms]
[2026-05-06 13:45:34] MOVE asha (blue): 94→93 [0.1ms]
[2026-05-06 13:45:34] MOVE chetan (red): 27→14 [0.1ms]
[2026-05-06 13:45:34] MOVE asha (blue): 92→105 [0.2ms]
[2026-05-06 13:45:34] MOVE chetan (red): 14→15 [0.1ms]
[2026-05-06 13:45:35] MOVE asha (blue): 93→106 [0.3ms]
[2026-05-06 13:45:35] MOVE chetan (red): 15→16 [0.1ms]
[2026-05-06 13:45:35] MOVE asha (blue): 105→104 [0.1ms]
[2026-05-06 13:45:35] MOVE chetan (red): 16→17 [0.1ms]
[2026-05-06 13:45:35] MOVE asha (blue): 106→105 [0.1ms]
[2026-05-06 13:45:35] MOVE chetan (red): 17→18 [0.2ms]
[2026-05-06 13:45:36] MOVE asha (blue): 104→106 [0.2ms]
[2026-05-06 13:45:36] MOVE chetan (red): 18→19 [0.1ms]
[2026-05-06 13:45:36] MOVE asha (blue): 105→104 [0.1ms]
[2026-05-06 13:45:36] MOVE chetan (red): 19→31 [0.1ms]
[2026-05-06 13:45:36] MOVE asha (blue): 106→93 [0.1ms]
[2026-05-06 13:45:36] MOVE chetan (red): 31→30 [0.1ms]
[2026-05-06 13:45:37] MOVE asha (blue): 104→103 [0.1ms]
[2026-05-06 13:45:37] MOVE chetan (red): 30→29 [0.1ms]
[2026-05-06 13:45:37] MOVE asha (blue): 93→92 [0.2ms]
[2026-05-06 13:45:37] MOVE chetan (red): 29→28 [0.1ms]
[2026-05-06 13:45:37] MOVE asha (blue): 103→102 [0.2ms]
[2026-05-06 13:45:37] MOVE chetan (red): 28→15 [0.1ms]
[2026-05-06 13:45:38] MOVE asha (blue): 92→105 [0.1ms]
[2026-05-06 13:45:38] MOVE chetan (red): 15→14 [0.1ms]
[2026-05-06 13:45:38] MOVE asha (blue): 102→89 [0.1ms]
[2026-05-06 13:45:38] MOVE chetan (red): 14→13 [0.1ms]
[2026-05-06 13:45:38] MOVE asha (blue): 105→104 [0.1ms]
[2026-05-06 13:45:38] MOVE chetan (red): 13→26 [0.2ms]
[2026-05-06 13:45:39] MOVE asha (blue): 89→90 [0.2ms]
[2026-05-06 13:45:39] MOVE chetan (red): 26→27 [0.1ms]
[2026-05-06 13:45:39] MOVE asha (blue): 104→103 [0.1ms]
[2026-05-06 13:45:39] MOVE chetan (red): 27→14 [0.1ms]
[2026-05-06 13:45:40] MOVE asha (blue): 90→91 [0.1ms]
[2026-05-06 13:45:40] MOVE chetan (red): 14→15 [0.2ms]
[2026-05-06 13:45:40] MOVE asha (blue): 103→102 [0.1ms]
[2026-05-06 13:45:40] MOVE chetan (red): 15→16 [0.1ms]
[2026-05-06 13:45:40] MOVE asha (blue): 91→103 [0.1ms]
[2026-05-06 13:45:40] MOVE chetan (red): 16→17 [0.1ms]
[2026-05-06 13:45:40] MOVE asha (blue): 102→89 [0.2ms]
[2026-05-06 13:45:41] MOVE chetan (red): 17→18 [0.1ms]
[2026-05-06 13:45:41] MOVE asha (blue): 103→102 [0.1ms]
[2026-05-06 13:45:41] MOVE chetan (red): 18→19 [0.1ms]
[2026-05-06 13:45:41] MOVE asha (blue): 89→90 [0.1ms]
[2026-05-06 13:45:41] MOVE chetan (red): 19→31 [0.1ms]
[2026-05-06 13:45:42] MOVE asha (blue): 102→89 [0.1ms]
[2026-05-06 13:45:42] MOVE chetan (red): 31→30 [0.1ms]
[2026-05-06 13:45:42] MOVE asha (blue): 90→91 [0.1ms]
[2026-05-06 13:45:42] MOVE chetan (red): 30→29 [0.1ms]
[2026-05-06 13:45:42] MOVE asha (blue): 89→90 [0.1ms]
[2026-05-06 13:45:42] MOVE chetan (red): 29→28 [0.1ms]
[2026-05-06 13:45:43] MOVE asha (blue): 91→103 [0.1ms]
[2026-05-06 13:45:43] MOVE chetan (red): 28→15 [0.1ms]
[2026-05-06 13:45:43] MOVE asha (blue): 90→91 [0.1ms]
[2026-05-06 13:45:43] MOVE chetan (red): 15→14 [0.1ms]
[2026-05-06 13:45:44] MOVE asha (blue): 103→102 [0.1ms]
[2026-05-06 13:45:44] MOVE chetan (red): 14→13 [0.1ms]
[2026-05-06 13:45:44] MOVE asha (blue): 91→103 [0.1ms]
[2026-05-06 13:45:44] MOVE chetan (red): 13→26 [0.1ms]
[2026-05-06 13:45:44] MOVE asha (blue): 102→104 [0.1ms]
[2026-05-06 13:45:44] MOVE chetan (red): 26→27 [0.1ms]
[2026-05-06 13:45:45] MOVE asha (blue): 103→105 [0.3ms]
[2026-05-06 13:45:45] MOVE chetan (red): 27→14 [0.1ms]
[2026-05-06 13:45:45] MOVE asha (blue): 104→106 [0.1ms]
[2026-05-06 13:45:45] MOVE chetan (red): 14→15 [0.1ms]
[2026-05-06 13:45:45] MOVE asha (blue): 105→104 [0.1ms]
[2026-05-06 13:45:45] MOVE chetan (red): 15→16 [0.1ms]
[2026-05-06 13:45:46] MOVE asha (blue): 106→105 [0.1ms]
[2026-05-06 13:45:46] MOVE chetan (red): 16→17 [0.1ms]
[2026-05-06 13:45:46] MOVE asha (blue): 104→106 [0.1ms]
[2026-05-06 13:45:46] MOVE chetan (red): 17→18 [0.1ms]
[2026-05-06 13:45:46] MOVE asha (blue): 105→107 [0.1ms]
[2026-05-06 13:45:46] MOVE chetan (red): 18→19 [0.2ms]
[2026-05-06 13:45:47] MOVE asha (blue): 106→93 [0.2ms]
[2026-05-06 13:45:47] MOVE chetan (red): 19→31 [0.1ms]
[2026-05-06 13:45:47] MOVE asha (blue): 107→94 [0.1ms]
[2026-05-06 13:45:47] MOVE chetan (red): 31→30 [0.1ms]
[2026-05-06 13:45:47] MOVE asha (blue): 93→92 [0.1ms]
[2026-05-06 13:45:47] MOVE chetan (red): 30→29 [0.1ms]
[2026-05-06 13:45:48] MOVE asha (blue): 94→93 [0.1ms]
[2026-05-06 13:45:48] MOVE chetan (red): 29→28 [0.1ms]
[2026-05-06 13:45:48] MOVE asha (blue): 92→105 [0.2ms]
[2026-05-06 13:45:48] MOVE chetan (red): 28→15 [0.1ms]
[2026-05-06 13:45:48] MOVE asha (blue): 93→106 [0.1ms]
[2026-05-06 13:45:48] MOVE chetan (red): 15→14 [0.1ms]
[2026-05-06 13:45:49] MOVE asha (blue): 105→104 [0.1ms]
[2026-05-06 13:45:49] MOVE chetan (red): 14→13 [0.1ms]
[2026-05-06 13:45:49] MOVE asha (blue): 106→105 [0.1ms]
[2026-05-06 13:45:49] MOVE chetan (red): 13→26 [0.1ms]
[2026-05-06 13:45:49] MOVE asha (blue): 104→106 [0.2ms]
[2026-05-06 13:45:49] MOVE chetan (red): 26→27 [0.1ms]
[2026-05-06 13:45:49] MOVE asha (blue): 105→104 [0.1ms]
[2026-05-06 13:45:50] MOVE chetan (red): 27→14 [0.1ms]
[2026-05-06 13:45:50] MOVE asha (blue): 106→93 [0.1ms]
[2026-05-06 13:45:50] MOVE chetan (red): 14→15 [0.1ms]
[2026-05-06 13:45:50] MOVE asha (blue): 104→103 [0.1ms]
[2026-05-06 13:45:50] MOVE chetan (red): 15→16 [0.1ms]
[2026-05-06 13:45:50] MOVE asha (blue): 93→92 [0.2ms]
[2026-05-06 13:45:51] MOVE chetan (red): 16→17 [0.1ms]
[2026-05-06 13:45:51] MOVE asha (blue): 103→102 [0.1ms]
[2026-05-06 13:45:51] MOVE chetan (red): 17→18 [0.1ms]
[2026-05-06 13:45:51] MOVE asha (blue): 92→105 [0.1ms]
[2026-05-06 13:45:51] MOVE chetan (red): 18→19 [0.1ms]
[2026-05-06 13:45:51] MOVE asha (blue): 102→89 [0.1ms]
[2026-05-06 13:45:52] MOVE chetan (red): 19→31 [0.1ms]
[2026-05-06 13:45:52] MOVE asha (blue): 105→104 [0.1ms]
[2026-05-06 13:45:52] MOVE chetan (red): 31→30 [0.1ms]
[2026-05-06 13:45:52] MOVE asha (blue): 89→90 [0.1ms]
[2026-05-06 13:45:52] MOVE chetan (red): 30→29 [0.1ms]
[2026-05-06 13:45:53] MOVE asha (blue): 104→103 [0.1ms]
[2026-05-06 13:45:53] MOVE chetan (red): 29→28 [0.1ms]
[2026-05-06 13:45:53] MOVE asha (blue): 90→91 [0.1ms]
[2026-05-06 13:45:53] MOVE chetan (red): 28→15 [0.1ms]
[2026-05-06 13:45:53] MOVE asha (blue): 103→102 [0.1ms]
[2026-05-06 13:45:53] MOVE chetan (red): 15→14 [0.1ms]
[2026-05-06 13:45:54] MOVE asha (blue): 91→103 [0.2ms]
[2026-05-06 13:45:54] MOVE chetan (red): 14→13 [0.1ms]
[2026-05-06 13:45:54] MOVE asha (blue): 102→89 [0.1ms]
[2026-05-06 13:45:54] MOVE chetan (red): 13→26 [0.1ms]
[2026-05-06 13:45:54] MOVE asha (blue): 103→102 [0.1ms]
[2026-05-06 13:45:55] MOVE chetan (red): 26→27 [0.1ms]
[2026-05-06 13:45:55] MOVE asha (blue): 89→90 [0.1ms]
[2026-05-06 13:45:55] MOVE chetan (red): 27→14 [0.1ms]
[2026-05-06 13:45:55] MOVE asha (blue): 102→89 [0.1ms]
[2026-05-06 13:45:55] MOVE chetan (red): 14→15 [0.1ms]
[2026-05-06 13:45:56] MOVE asha (blue): 90→91 [0.1ms]
[2026-05-06 13:45:56] MOVE chetan (red): 15→16 [0.1ms]
[2026-05-06 13:45:56] MOVE asha (blue): 89→90 [0.1ms]
[2026-05-06 13:45:56] MOVE chetan (red): 16→17 [0.1ms]
[2026-05-06 13:45:56] MOVE asha (blue): 91→103 [0.2ms]
[2026-05-06 13:45:57] MOVE chetan (red): 17→18 [0.1ms]
[2026-05-06 13:45:57] MOVE asha (blue): 90→91 [0.1ms]
[2026-05-06 13:45:57] MOVE chetan (red): 18→19 [0.2ms]
[2026-05-06 13:45:57] MOVE asha (blue): 103→102 [0.1ms]
[2026-05-06 13:45:57] MOVE chetan (red): 19→31 [0.1ms]
[2026-05-06 13:45:57] MOVE asha (blue): 91→103 [0.3ms]
[2026-05-06 13:45:58] MOVE chetan (red): 31→30 [0.1ms]
[2026-05-06 13:45:58] MOVE asha (blue): 102→104 [0.5ms]
[2026-05-06 13:45:58] MOVE chetan (red): 30→29 [0.3ms]
[2026-05-06 13:45:58] MOVE asha (blue): 103→105 [0.1ms]
[2026-05-06 13:45:58] MOVE chetan (red): 29→28 [0.2ms]
[2026-05-06 13:45:58] MOVE asha (blue): 104→106 [0.1ms]
[2026-05-06 13:45:59] MOVE chetan (red): 28→15 [0.1ms]
[2026-05-06 13:45:59] MOVE asha (blue): 105→104 [0.1ms]
[2026-05-06 13:45:59] MOVE chetan (red): 15→14 [0.1ms]
[2026-05-06 13:45:59] MOVE asha (blue): 106→105 [0.1ms]
[2026-05-06 13:45:59] MOVE chetan (red): 14→13 [0.1ms]
[2026-05-06 13:45:59] MOVE asha (blue): 104→106 [0.1ms]
[2026-05-06 13:45:59] MOVE chetan (red): 13→26 [0.1ms]
[2026-05-06 13:46:00] MOVE asha (blue): 105→107 [0.1ms]
[2026-05-06 13:46:00] MOVE chetan (red): 26→27 [0.1ms]
[2026-05-06 13:46:00] MOVE asha (blue): 106→93 [0.1ms]
[2026-05-06 13:46:00] MOVE chetan (red): 27→14 [0.2ms]
[2026-05-06 13:46:00] MOVE asha (blue): 107→94 [0.2ms]
[2026-05-06 13:46:00] MOVE chetan (red): 14→15 [0.1ms]
[2026-05-06 13:46:01] MOVE asha (blue): 93→92 [0.1ms]
[2026-05-06 13:46:01] MOVE chetan (red): 15→16 [0.1ms]
[2026-05-06 13:46:01] MOVE asha (blue): 94→93 [0.1ms]
[2026-05-06 13:46:01] MOVE chetan (red): 16→17 [0.1ms]
[2026-05-06 13:46:01] MOVE asha (blue): 92→105 [0.1ms]
[2026-05-06 13:46:01] MOVE chetan (red): 17→18 [0.1ms]
[2026-05-06 13:46:02] MOVE asha (blue): 93→106 [0.1ms]
[2026-05-06 13:46:02] MOVE chetan (red): 18→19 [0.1ms]
[2026-05-06 13:46:02] MOVE asha (blue): 105→104 [0.1ms]
[2026-05-06 13:46:02] MOVE chetan (red): 19→31 [0.1ms]
[2026-05-06 13:46:02] MOVE asha (blue): 106→105 [0.2ms]
[2026-05-06 13:46:03] MOVE chetan (red): 31→30 [0.1ms]
[2026-05-06 13:46:03] MOVE asha (blue): 104→106 [0.1ms]
[2026-05-06 13:46:03] MOVE chetan (red): 30→29 [0.1ms]
[2026-05-06 13:46:03] MOVE asha (blue): 105→104 [0.1ms]
[2026-05-06 13:46:03] MOVE chetan (red): 29→28 [0.1ms]
[2026-05-06 13:46:03] MOVE asha (blue): 106→93 [0.1ms]
[2026-05-06 13:46:04] MOVE chetan (red): 28→15 [0.1ms]
[2026-05-06 13:46:04] MOVE asha (blue): 104→103 [0.1ms]
[2026-05-06 13:46:04] MOVE chetan (red): 15→14 [0.1ms]
[2026-05-06 13:46:04] MOVE asha (blue): 93→92 [0.1ms]
[2026-05-06 13:46:04] MOVE chetan (red): 14→13 [0.1ms]
[2026-05-06 13:46:04] MOVE asha (blue): 103→102 [0.1ms]
[2026-05-06 13:46:05] MOVE chetan (red): 13→26 [0.1ms]
[2026-05-06 13:46:05] MOVE asha (blue): 92→105 [0.2ms]
[2026-05-06 13:46:05] MOVE chetan (red): 26→27 [0.1ms]
[2026-05-06 13:46:05] MOVE asha (blue): 102→89 [0.2ms]
[2026-05-06 13:46:05] MOVE chetan (red): 27→14 [0.1ms]
[2026-05-06 13:46:05] MOVE asha (blue): 105→104 [0.1ms]
[2026-05-06 13:46:06] MOVE chetan (red): 14→15 [0.1ms]
[2026-05-06 13:46:06] MOVE asha (blue): 89→90 [0.1ms]
[2026-05-06 13:46:06] MOVE chetan (red): 15→16 [0.1ms]
[2026-05-06 13:46:06] MOVE asha (blue): 104→103 [0.1ms]
[2026-05-06 13:46:06] MOVE chetan (red): 16→17 [0.2ms]
[2026-05-06 13:46:06] MOVE asha (blue): 90→91 [0.1ms]
[2026-05-06 13:46:07] MOVE chetan (red): 17→18 [0.1ms]
[2026-05-06 13:46:07] MOVE asha (blue): 103→102 [0.2ms]
[2026-05-06 13:46:07] MOVE chetan (red): 18→19 [0.1ms]
[2026-05-06 13:46:07] MOVE asha (blue): 91→103 [0.2ms]
[2026-05-06 13:46:07] MOVE chetan (red): 19→31 [0.1ms]
[2026-05-06 13:46:07] MOVE asha (blue): 102→89 [0.2ms]
[2026-05-06 13:46:07] MOVE chetan (red): 31→30 [0.3ms]
[2026-05-06 13:46:08] MOVE asha (blue): 103→102 [0.1ms]
[2026-05-06 13:46:08] MOVE chetan (red): 30→29 [0.1ms]
[2026-05-06 13:46:08] MOVE asha (blue): 89→90 [0.1ms]
[2026-05-06 13:46:08] MOVE chetan (red): 29→28 [0.1ms]
[2026-05-06 13:46:08] MOVE asha (blue): 102→89 [0.1ms]
[2026-05-06 13:46:08] MOVE chetan (red): 28→15 [0.1ms]
[2026-05-06 13:46:08] MOVE asha (blue): 90→91 [0.1ms]
[2026-05-06 13:46:09] MOVE chetan (red): 15→14 [0.1ms]
[2026-05-06 13:46:09] MOVE asha (blue): 89→90 [0.1ms]
[2026-05-06 13:46:09] MOVE chetan (red): 14→13 [0.1ms]
[2026-05-06 13:46:09] MOVE asha (blue): 91→103 [0.1ms]
[2026-05-06 13:46:09] MOVE chetan (red): 13→26 [0.1ms]
[2026-05-06 13:46:09] MOVE asha (blue): 90→91 [0.1ms]
[2026-05-06 13:46:10] MOVE chetan (red): 26→27 [0.1ms]
[2026-05-06 13:46:10] MOVE asha (blue): 103→102 [0.1ms]
[2026-05-06 13:46:10] MOVE chetan (red): 27→14 [0.1ms]
[2026-05-06 13:46:10] MOVE asha (blue): 91→103 [0.1ms]
[2026-05-06 13:46:10] MOVE chetan (red): 14→15 [0.1ms]
[2026-05-06 13:46:10] MOVE asha (blue): 102→104 [0.2ms]
[2026-05-06 13:46:11] MOVE chetan (red): 15→16 [0.1ms]
[2026-05-06 13:46:11] MOVE asha (blue): 103→105 [0.2ms]
[2026-05-06 13:46:11] MOVE chetan (red): 16→17 [0.1ms]
[2026-05-06 13:46:11] MOVE asha (blue): 104→106 [0.1ms]
[2026-05-06 13:46:11] MOVE chetan (red): 17→18 [0.1ms]
[2026-05-06 13:46:11] MOVE asha (blue): 105→104 [0.1ms]
[2026-05-06 13:46:12] MOVE chetan (red): 18→19 [0.1ms]
[2026-05-06 13:46:12] MOVE asha (blue): 106→105 [0.2ms]
[2026-05-06 13:46:12] MOVE chetan (red): 19→31 [0.1ms]
[2026-05-06 13:46:12] MOVE asha (blue): 104→106 [0.7ms]
[2026-05-06 13:46:12] MOVE chetan (red): 31→30 [0.2ms]
[2026-05-06 13:46:12] MOVE asha (blue): 105→107 [0.1ms]
[2026-05-06 13:46:13] MOVE chetan (red): 30→29 [0.1ms]
[2026-05-06 13:46:13] MOVE asha (blue): 106→93 [0.1ms]
[2026-05-06 13:46:13] MOVE chetan (red): 29→28 [0.1ms]
[2026-05-06 13:46:13] MOVE asha (blue): 107→94 [0.1ms]
[2026-05-06 13:46:13] MOVE chetan (red): 28→15 [0.1ms]
[2026-05-06 13:46:13] MOVE asha (blue): 93→92 [0.1ms]
[2026-05-06 13:46:14] MOVE chetan (red): 15→14 [0.2ms]
[2026-05-06 13:46:14] MOVE asha (blue): 94→93 [0.1ms]
[2026-05-06 13:46:14] MOVE chetan (red): 14→13 [0.1ms]
[2026-05-06 13:46:14] MOVE asha (blue): 92→105 [0.1ms]
[2026-05-06 13:46:14] MOVE chetan (red): 13→26 [0.1ms]
[2026-05-06 13:46:14] MOVE asha (blue): 93→106 [0.1ms]
[2026-05-06 13:46:14] MOVE chetan (red): 26→27 [0.1ms]
[2026-05-06 13:46:15] MOVE asha (blue): 105→104 [0.1ms]
[2026-05-06 13:46:15] MOVE chetan (red): 27→14 [0.1ms]
[2026-05-06 13:46:15] MOVE asha (blue): 106→105 [0.1ms]
[2026-05-06 13:46:15] MOVE chetan (red): 14→15 [0.1ms]
[2026-05-06 13:46:15] MOVE asha (blue): 104→106 [0.2ms]
[2026-05-06 13:46:15] MOVE chetan (red): 15→16 [0.1ms]
[2026-05-06 13:46:16] MOVE asha (blue): 105→104 [0.1ms]
[2026-05-06 13:46:16] MOVE chetan (red): 16→17 [0.1ms]
[2026-05-06 13:46:16] MOVE asha (blue): 106→93 [0.2ms]
[2026-05-06 13:46:16] MOVE chetan (red): 17→18 [0.3ms]
[2026-05-06 13:46:16] MOVE asha (blue): 104→103 [0.2ms]
[2026-05-06 13:46:16] MOVE chetan (red): 18→19 [0.1ms]
[2026-05-06 13:46:17] MOVE asha (blue): 93→92 [0.1ms]
[2026-05-06 13:46:17] MOVE chetan (red): 19→31 [0.1ms]
[2026-05-06 13:46:17] MOVE asha (blue): 103→102 [0.1ms]
[2026-05-06 13:46:17] MOVE chetan (red): 31→30 [0.1ms]
[2026-05-06 13:46:17] MOVE asha (blue): 92→105 [0.1ms]
[2026-05-06 13:46:17] MOVE chetan (red): 30→29 [0.1ms]
[2026-05-06 13:46:18] MOVE asha (blue): 102→89 [0.1ms]
[2026-05-06 13:46:18] MOVE chetan (red): 29→28 [0.1ms]
[2026-05-06 13:46:18] MOVE asha (blue): 105→104 [0.1ms]
[2026-05-06 13:46:18] MOVE chetan (red): 28→15 [0.1ms]
[2026-05-06 13:46:18] MOVE asha (blue): 89→90 [0.1ms]
[2026-05-06 13:46:18] MOVE chetan (red): 15→14 [0.1ms]
[2026-05-06 13:46:18] MOVE asha (blue): 104→103 [0.1ms]
[2026-05-06 13:46:19] MOVE chetan (red): 14→13 [0.1ms]
[2026-05-06 13:46:19] MOVE asha (blue): 90→91 [0.1ms]
[2026-05-06 13:46:19] MOVE chetan (red): 13→26 [0.2ms]
[2026-05-06 13:46:19] MOVE asha (blue): 103→102 [0.1ms]
[2026-05-06 13:46:19] MOVE chetan (red): 26→27 [0.1ms]
[2026-05-06 13:46:19] MOVE asha (blue): 91→103 [0.1ms]
[2026-05-06 13:46:20] MOVE chetan (red): 27→14 [0.6ms]
[2026-05-06 13:46:20] MOVE asha (blue): 102→89 [0.1ms]
[2026-05-06 13:46:20] MOVE chetan (red): 14→15 [0.1ms]
[2026-05-06 13:46:20] MOVE asha (blue): 103→102 [0.1ms]
[2026-05-06 13:46:20] MOVE chetan (red): 15→16 [0.1ms]
[2026-05-06 13:46:21] MOVE asha (blue): 89→90 [0.1ms]
[2026-05-06 13:46:21] MOVE chetan (red): 16→17 [0.1ms]
[2026-05-06 13:46:21] MOVE asha (blue): 102→89 [0.1ms]
[2026-05-06 13:46:21] MOVE chetan (red): 17→18 [0.1ms]
[2026-05-06 13:46:22] MOVE asha (blue): 90→91 [0.1ms]
[2026-05-06 13:46:22] MOVE chetan (red): 18→19 [0.1ms]
[2026-05-06 13:46:22] MOVE asha (blue): 89→90 [0.1ms]
[2026-05-06 13:46:22] MOVE chetan (red): 19→31 [0.1ms]
[2026-05-06 13:46:22] MOVE asha (blue): 91→103 [0.4ms]
[2026-05-06 13:46:23] MOVE chetan (red): 31→30 [0.1ms]
[2026-05-06 13:46:23] MOVE asha (blue): 90→91 [0.1ms]
[2026-05-06 13:46:23] MOVE chetan (red): 30→29 [0.1ms]
[2026-05-06 13:46:23] MOVE asha (blue): 103→102 [0.1ms]
[2026-05-06 13:46:23] MOVE chetan (red): 29→28 [0.1ms]
[2026-05-06 13:46:23] MOVE asha (blue): 91→103 [0.1ms]
[2026-05-06 13:46:24] MOVE chetan (red): 28→15 [0.1ms]
[2026-05-06 13:46:24] MOVE asha (blue): 102→104 [0.1ms]
[2026-05-06 13:46:24] MOVE chetan (red): 15→14 [0.1ms]
[2026-05-06 13:46:24] MOVE asha (blue): 103→105 [0.1ms]
[2026-05-06 13:46:24] MOVE chetan (red): 14→13 [0.1ms]
[2026-05-06 13:46:24] MOVE asha (blue): 104→106 [0.1ms]
[2026-05-06 13:46:24] MOVE chetan (red): 13→26 [0.3ms]
[2026-05-06 13:46:25] MOVE asha (blue): 105→104 [0.1ms]
[2026-05-06 13:46:25] MOVE chetan (red): 26→27 [0.2ms]
[2026-05-06 13:46:25] MOVE asha (blue): 106→105 [0.1ms]
[2026-05-06 13:46:25] MOVE chetan (red): 27→14 [0.1ms]
[2026-05-06 13:46:26] MOVE asha (blue): 104→106 [0.1ms]
[2026-05-06 13:46:26] MOVE chetan (red): 14→15 [0.1ms]
[2026-05-06 13:46:26] MOVE asha (blue): 105→107 [0.1ms]
[2026-05-06 13:46:26] MOVE chetan (red): 15→16 [0.1ms]
[2026-05-06 13:46:26] MOVE asha (blue): 106→93 [0.1ms]
[2026-05-06 13:46:26] MOVE chetan (red): 16→17 [0.1ms]
[2026-05-06 13:46:27] MOVE asha (blue): 107→94 [0.1ms]
[2026-05-06 13:46:27] MOVE chetan (red): 17→18 [0.1ms]
[2026-05-06 13:46:27] MOVE asha (blue): 93→92 [0.1ms]
[2026-05-06 13:46:27] MOVE chetan (red): 18→19 [0.1ms]
[2026-05-06 13:46:27] MOVE asha (blue): 94→93 [0.1ms]
[2026-05-06 13:46:27] MOVE chetan (red): 19→31 [0.2ms]
[2026-05-06 13:46:28] MOVE asha (blue): 92→105 [0.1ms]
[2026-05-06 13:46:28] MOVE chetan (red): 31→30 [0.1ms]
[2026-05-06 13:46:28] MOVE asha (blue): 93→106 [0.1ms]
[2026-05-06 13:46:28] MOVE chetan (red): 30→29 [0.1ms]
[2026-05-06 13:46:28] MOVE asha (blue): 105→104 [0.1ms]
[2026-05-06 13:46:28] MOVE chetan (red): 29→28 [0.1ms]
[2026-05-06 13:46:29] MOVE asha (blue): 106→105 [0.1ms]
[2026-05-06 13:46:29] MOVE chetan (red): 28→15 [0.2ms]
[2026-05-06 13:46:29] MOVE asha (blue): 104→106 [0.1ms]
[2026-05-06 13:46:29] MOVE chetan (red): 15→14 [0.1ms]
[2026-05-06 13:46:29] MOVE asha (blue): 105→104 [0.1ms]
[2026-05-06 13:46:29] MOVE chetan (red): 14→13 [0.1ms]
[2026-05-06 13:46:30] MOVE asha (blue): 106→93 [0.1ms]
[2026-05-06 13:46:30] MOVE chetan (red): 13→26 [0.1ms]
[2026-05-06 13:46:30] MOVE asha (blue): 104→103 [0.1ms]
[2026-05-06 13:46:30] MOVE chetan (red): 26→27 [0.1ms]
[2026-05-06 13:46:30] MOVE asha (blue): 93→92 [0.1ms]
[2026-05-06 13:46:30] MOVE chetan (red): 27→14 [0.1ms]
[2026-05-06 13:46:30] MOVE asha (blue): 103→102 [0.1ms]
[2026-05-06 13:46:31] MOVE chetan (red): 14→15 [0.2ms]
[2026-05-06 13:46:31] MOVE asha (blue): 92→105 [0.1ms]
[2026-05-06 13:46:31] MOVE chetan (red): 15→16 [0.1ms]
[2026-05-06 13:46:31] MOVE asha (blue): 102→89 [0.1ms]
[2026-05-06 13:46:31] MOVE chetan (red): 16→17 [0.1ms]
[2026-05-06 13:46:31] MOVE asha (blue): 105→104 [0.1ms]
[2026-05-06 13:46:32] MOVE chetan (red): 17→18 [0.1ms]
[2026-05-06 13:46:32] MOVE asha (blue): 89→90 [0.1ms]
[2026-05-06 13:46:32] MOVE chetan (red): 18→19 [0.1ms]
[2026-05-06 13:46:32] MOVE asha (blue): 104→103 [0.1ms]
[2026-05-06 13:46:32] MOVE chetan (red): 19→31 [0.1ms]
[2026-05-06 13:46:32] MOVE asha (blue): 90→91 [0.1ms]
[2026-05-06 13:46:32] MOVE chetan (red): 31→30 [0.1ms]
[2026-05-06 13:46:33] MOVE asha (blue): 103→102 [0.1ms]
[2026-05-06 13:46:33] MOVE chetan (red): 30→29 [0.2ms]
[2026-05-06 13:46:33] MOVE asha (blue): 91→103 [0.1ms]
[2026-05-06 13:46:33] MOVE chetan (red): 29→28 [0.2ms]
[2026-05-06 13:46:33] MOVE asha (blue): 102→89 [0.1ms]
[2026-05-06 13:46:34] MOVE chetan (red): 28→15 [0.1ms]
[2026-05-06 13:46:34] MOVE asha (blue): 103→102 [0.1ms]
[2026-05-06 13:46:34] MOVE chetan (red): 15→14 [0.2ms]
[2026-05-06 13:46:34] MOVE asha (blue): 89→90 [0.1ms]
[2026-05-06 13:46:34] MOVE chetan (red): 14→13 [0.1ms]
[2026-05-06 13:46:34] MOVE asha (blue): 102→89 [0.2ms]
[2026-05-06 13:46:34] MOVE chetan (red): 13→26 [0.1ms]
[2026-05-06 13:46:35] MOVE asha (blue): 90→91 [0.1ms]
[2026-05-06 13:46:35] MOVE chetan (red): 26→27 [0.1ms]
[2026-05-06 13:46:35] MOVE asha (blue): 89→90 [0.1ms]
[2026-05-06 13:46:35] MOVE chetan (red): 27→14 [0.2ms]
[2026-05-06 13:46:35] MOVE asha (blue): 91→103 [0.1ms]
[2026-05-06 13:46:35] MOVE chetan (red): 14→15 [0.1ms]
[2026-05-06 13:46:36] MOVE asha (blue): 90→91 [0.1ms]
[2026-05-06 13:46:36] MOVE chetan (red): 15→16 [0.1ms]
[2026-05-06 13:46:36] MOVE asha (blue): 103→102 [0.1ms]
[2026-05-06 13:46:36] MOVE chetan (red): 16→17 [0.1ms]
[2026-05-06 13:46:36] MOVE asha (blue): 91→103 [0.7ms]
[2026-05-06 13:46:36] MOVE chetan (red): 17→18 [0.1ms]
[2026-05-06 13:46:37] MOVE asha (blue): 102→104 [0.1ms]
[2026-05-06 13:46:37] MOVE chetan (red): 18→19 [0.1ms]
[2026-05-06 13:46:37] MOVE asha (blue): 103→105 [0.1ms]
[2026-05-06 13:46:37] MOVE chetan (red): 19→31 [0.1ms]
[2026-05-06 13:46:37] MOVE asha (blue): 104→106 [0.1ms]
[2026-05-06 13:46:37] MOVE chetan (red): 31→30 [0.1ms]
[2026-05-06 13:46:38] MOVE asha (blue): 105→104 [0.1ms]
[2026-05-06 13:46:38] MOVE chetan (red): 30→29 [0.1ms]
[2026-05-06 13:46:38] MOVE asha (blue): 106→105 [0.1ms]
[2026-05-06 13:46:38] MOVE chetan (red): 29→28 [0.2ms]
[2026-05-06 13:46:38] MOVE asha (blue): 104→106 [0.1ms]
[2026-05-06 13:46:38] MOVE chetan (red): 28→15 [0.2ms]
[2026-05-06 13:46:39] MOVE asha (blue): 105→107 [0.1ms]
[2026-05-06 13:46:39] MOVE chetan (red): 15→14 [0.1ms]
[2026-05-06 13:46:39] MOVE asha (blue): 106→93 [0.1ms]
[2026-05-06 13:46:39] MOVE chetan (red): 14→13 [0.1ms]
[2026-05-06 13:46:39] MOVE asha (blue): 107→94 [0.1ms]
[2026-05-06 13:46:39] MOVE chetan (red): 13→26 [0.1ms]
[2026-05-06 13:46:40] MOVE asha (blue): 93→92 [0.2ms]
[2026-05-06 13:46:40] MOVE chetan (red): 26→27 [0.1ms]
[2026-05-06 13:46:40] MOVE asha (blue): 94→93 [0.1ms]
[2026-05-06 13:46:40] MOVE chetan (red): 27→14 [0.1ms]
[2026-05-06 13:46:40] MOVE asha (blue): 92→105 [0.1ms]
[2026-05-06 13:46:40] MOVE chetan (red): 14→15 [0.2ms]
[2026-05-06 13:46:40] MOVE asha (blue): 93→106 [0.1ms]
[2026-05-06 13:46:41] MOVE chetan (red): 15→16 [0.2ms]
[2026-05-06 13:46:41] MOVE asha (blue): 105→104 [0.1ms]
[2026-05-06 13:46:41] MOVE chetan (red): 16→17 [0.1ms]
[2026-05-06 13:46:41] MOVE asha (blue): 106→105 [0.1ms]
[2026-05-06 13:46:41] MOVE chetan (red): 17→18 [0.2ms]
[2026-05-06 13:46:41] MOVE asha (blue): 104→106 [0.1ms]
[2026-05-06 13:46:42] MOVE chetan (red): 18→19 [0.1ms]
[2026-05-06 13:46:42] MOVE asha (blue): 105→104 [0.1ms]
[2026-05-06 13:46:42] MOVE chetan (red): 19→31 [0.1ms]
[2026-05-06 13:46:42] MOVE asha (blue): 106→93 [0.1ms]
[2026-05-06 13:46:42] MOVE chetan (red): 31→30 [0.1ms]
[2026-05-06 13:46:42] MOVE asha (blue): 104→103 [0.1ms]
[2026-05-06 13:46:43] MOVE chetan (red): 30→29 [0.1ms]
[2026-05-06 13:46:43] MOVE asha (blue): 93→92 [0.1ms]
[2026-05-06 13:46:43] MOVE chetan (red): 29→28 [0.3ms]
[2026-05-06 13:46:43] MOVE asha (blue): 103→102 [0.2ms]
[2026-05-06 13:46:43] MOVE chetan (red): 28→15 [0.1ms]
[2026-05-06 13:46:43] MOVE asha (blue): 92→105 [0.2ms]
[2026-05-06 13:46:44] MOVE chetan (red): 15→14 [0.1ms]
[2026-05-06 13:46:44] MOVE asha (blue): 102→89 [0.1ms]
[2026-05-06 13:46:44] MOVE chetan (red): 14→13 [0.1ms]
[2026-05-06 13:46:44] MOVE asha (blue): 105→104 [0.1ms]
[2026-05-06 13:46:44] MOVE chetan (red): 13→26 [0.1ms]
[2026-05-06 13:46:44] MOVE asha (blue): 89→90 [0.1ms]
[2026-05-06 13:46:44] MOVE chetan (red): 26→27 [0.1ms]
[2026-05-06 13:46:45] MOVE asha (blue): 104→103 [0.2ms]
[2026-05-06 13:46:45] MOVE chetan (red): 27→14 [0.1ms]
[2026-05-06 13:46:45] MOVE asha (blue): 90→91 [0.1ms]
[2026-05-06 13:46:45] MOVE chetan (red): 14→15 [0.1ms]
[2026-05-06 13:46:45] MOVE asha (blue): 103→102 [0.1ms]
[2026-05-06 13:46:45] MOVE chetan (red): 15→16 [0.1ms]
[2026-05-06 13:46:46] MOVE asha (blue): 91→103 [0.1ms]
[2026-05-06 13:46:46] MOVE chetan (red): 16→17 [0.1ms]
[2026-05-06 13:46:46] MOVE asha (blue): 102→89 [0.2ms]
[2026-05-06 13:46:46] MOVE chetan (red): 17→18 [0.3ms]
[2026-05-06 13:46:46] MOVE asha (blue): 103→102 [0.1ms]
[2026-05-06 13:46:46] MOVE chetan (red): 18→19 [0.1ms]
[2026-05-06 13:46:47] MOVE asha (blue): 89→90 [0.1ms]
[2026-05-06 13:46:47] MOVE chetan (red): 19→31 [0.2ms]
[2026-05-06 13:46:47] MOVE asha (blue): 102→89 [0.1ms]
[2026-05-06 13:46:47] MOVE chetan (red): 31→30 [0.1ms]
[2026-05-06 13:46:47] MOVE asha (blue): 90→91 [0.1ms]
[2026-05-06 13:46:47] MOVE chetan (red): 30→29 [0.1ms]
[2026-05-06 13:46:48] MOVE asha (blue): 89→90 [0.1ms]
[2026-05-06 13:46:48] MOVE chetan (red): 29→28 [0.2ms]
[2026-05-06 13:46:48] MOVE asha (blue): 91→103 [0.1ms]
[2026-05-06 13:46:48] MOVE chetan (red): 28→15 [0.1ms]
[2026-05-06 13:46:48] MOVE asha (blue): 90→91 [0.1ms]
[2026-05-06 13:46:48] MOVE chetan (red): 15→14 [0.1ms]
[2026-05-06 13:46:48] MOVE asha (blue): 103→102 [0.1ms]
[2026-05-06 13:46:49] MOVE chetan (red): 14→13 [0.1ms]
[2026-05-06 13:46:49] MOVE asha (blue): 91→103 [0.2ms]
[2026-05-06 13:46:49] MOVE chetan (red): 13→26 [0.1ms]
[2026-05-06 13:46:49] MOVE asha (blue): 102→104 [0.1ms]
[2026-05-06 13:46:49] MOVE chetan (red): 26→27 [0.1ms]
[2026-05-06 13:46:49] MOVE asha (blue): 103→105 [0.1ms]
[2026-05-06 13:46:50] MOVE chetan (red): 27→14 [0.3ms]
[2026-05-06 13:46:50] MOVE asha (blue): 104→106 [0.1ms]
[2026-05-06 13:46:50] MOVE chetan (red): 14→15 [0.1ms]
[2026-05-06 13:46:50] MOVE asha (blue): 105→104 [0.1ms]
[2026-05-06 13:46:50] MOVE chetan (red): 15→16 [0.1ms]
[2026-05-06 13:46:50] MOVE asha (blue): 106→105 [0.1ms]
[2026-05-06 13:46:51] MOVE chetan (red): 16→17 [0.1ms]
[2026-05-06 13:46:51] MOVE asha (blue): 104→106 [0.1ms]
[2026-05-06 13:46:51] MOVE chetan (red): 17→18 [0.2ms]
[2026-05-06 13:46:51] MOVE asha (blue): 105→107 [0.1ms]
[2026-05-06 13:46:51] MOVE chetan (red): 18→19 [0.1ms]
[2026-05-06 13:46:51] MOVE asha (blue): 106→93 [0.2ms]
[2026-05-06 13:46:52] MOVE chetan (red): 19→31 [0.1ms]
[2026-05-06 13:46:52] MOVE asha (blue): 107→94 [0.1ms]
[2026-05-06 13:46:52] MOVE chetan (red): 31→30 [0.1ms]
[2026-05-06 13:46:52] MOVE asha (blue): 93→92 [0.1ms]
[2026-05-06 13:46:52] MOVE chetan (red): 30→29 [0.1ms]
[2026-05-06 13:46:52] MOVE asha (blue): 94→93 [0.1ms]
[2026-05-06 13:46:53] MOVE chetan (red): 29→28 [0.1ms]
[2026-05-06 13:46:53] MOVE asha (blue): 92→105 [0.1ms]
[2026-05-06 13:46:53] MOVE chetan (red): 28→15 [0.1ms]
[2026-05-06 13:46:53] MOVE asha (blue): 93→106 [0.1ms]
[2026-05-06 13:46:53] MOVE chetan (red): 15→14 [0.1ms]
[2026-05-06 13:46:53] MOVE asha (blue): 105→104 [0.1ms]
[2026-05-06 13:46:54] MOVE chetan (red): 14→13 [0.1ms]
[2026-05-06 13:46:54] MOVE asha (blue): 106→105 [0.1ms]
[2026-05-06 13:46:54] MOVE chetan (red): 13→26 [0.1ms]
[2026-05-06 13:46:54] MOVE asha (blue): 104→106 [0.1ms]
[2026-05-06 13:46:54] MOVE chetan (red): 26→27 [0.2ms]
[2026-05-06 13:46:54] MOVE asha (blue): 105→104 [0.1ms]
[2026-05-06 13:46:55] MOVE chetan (red): 27→14 [0.1ms]
[2026-05-06 13:46:55] MOVE asha (blue): 106→93 [0.1ms]
[2026-05-06 13:46:55] MOVE chetan (red): 14→15 [0.1ms]
[2026-05-06 13:46:55] MOVE asha (blue): 104→103 [0.1ms]
[2026-05-06 13:46:55] MOVE chetan (red): 15→16 [0.1ms]
[2026-05-06 13:46:55] MOVE asha (blue): 93→92 [0.2ms]
[2026-05-06 13:46:55] MOVE chetan (red): 16→17 [0.1ms]
[2026-05-06 13:46:56] MOVE asha (blue): 103→102 [0.1ms]
[2026-05-06 13:46:56] MOVE chetan (red): 17→18 [0.1ms]
[2026-05-06 13:46:56] MOVE asha (blue): 92→105 [0.1ms]
[2026-05-06 13:46:56] MOVE chetan (red): 18→19 [0.3ms]
[2026-05-06 13:46:56] MOVE asha (blue): 102→89 [0.1ms]
[2026-05-06 13:46:56] MOVE chetan (red): 19→31 [0.1ms]
[2026-05-06 13:46:57] MOVE asha (blue): 105→104 [0.1ms]
[2026-05-06 13:46:57] MOVE chetan (red): 31→30 [0.1ms]
[2026-05-06 13:46:57] MOVE asha (blue): 89→90 [0.2ms]
[2026-05-06 13:46:57] MOVE chetan (red): 30→29 [0.1ms]
[2026-05-06 13:46:57] MOVE asha (blue): 104→103 [0.1ms]
[2026-05-06 13:46:58] MOVE chetan (red): 29→28 [0.1ms]
[2026-05-06 13:46:58] MOVE asha (blue): 90→91 [0.1ms]
[2026-05-06 13:46:58] MOVE chetan (red): 28→15 [0.1ms]
[2026-05-06 13:46:58] MOVE asha (blue): 103→102 [0.1ms]
[2026-05-06 13:46:58] MOVE chetan (red): 15→14 [0.1ms]
[2026-05-06 13:46:58] MOVE asha (blue): 91→103 [0.1ms]
[2026-05-06 13:46:59] MOVE chetan (red): 14→13 [0.1ms]
[2026-05-06 13:46:59] MOVE asha (blue): 102→89 [0.2ms]
[2026-05-06 13:46:59] MOVE chetan (red): 13→26 [0.1ms]
[2026-05-06 13:46:59] MOVE asha (blue): 103→102 [0.3ms]
[2026-05-06 13:47:00] MOVE chetan (red): 26→27 [0.1ms]
[2026-05-06 13:47:00] MOVE asha (blue): 89→90 [0.1ms]
[2026-05-06 13:47:00] MOVE chetan (red): 27→14 [0.1ms]
[2026-05-06 13:47:00] MOVE asha (blue): 102→89 [0.2ms]
[2026-05-06 13:47:00] MOVE chetan (red): 14→15 [0.1ms]
[2026-05-06 13:47:00] MOVE asha (blue): 90→91 [0.2ms]
[2026-05-06 13:47:01] MOVE chetan (red): 15→16 [0.4ms]
[2026-05-06 13:47:01] MOVE asha (blue): 89→90 [0.1ms]
[2026-05-06 13:47:01] MOVE chetan (red): 16→17 [0.2ms]
[2026-05-06 13:47:01] MOVE asha (blue): 91→103 [0.1ms]
[2026-05-06 13:47:01] MOVE chetan (red): 17→18 [0.1ms]
[2026-05-06 13:47:02] MOVE asha (blue): 90→91 [0.1ms]
[2026-05-06 13:47:02] MOVE chetan (red): 18→19 [0.1ms]
[2026-05-06 13:47:02] MOVE asha (blue): 103→102 [0.1ms]
[2026-05-06 13:47:02] MOVE chetan (red): 19→31 [0.1ms]
[2026-05-06 13:47:02] MOVE asha (blue): 91→103 [0.1ms]
[2026-05-06 13:47:02] MOVE chetan (red): 31→30 [0.1ms]
[2026-05-06 13:47:03] MOVE asha (blue): 102→104 [0.1ms]
[2026-05-06 13:47:03] MOVE chetan (red): 30→29 [0.1ms]
[2026-05-06 13:47:03] MOVE asha (blue): 103→105 [0.2ms]
[2026-05-06 13:47:03] MOVE chetan (red): 29→28 [0.1ms]
[2026-05-06 13:47:03] MOVE asha (blue): 104→106 [0.1ms]
[2026-05-06 13:47:04] MOVE chetan (red): 28→15 [0.1ms]
[2026-05-06 13:47:04] MOVE asha (blue): 105→104 [0.1ms]
[2026-05-06 13:47:04] MOVE chetan (red): 15→14 [0.2ms]
[2026-05-06 13:47:04] MOVE asha (blue): 106→105 [0.2ms]
[2026-05-06 13:47:04] MOVE chetan (red): 14→13 [0.1ms]
[2026-05-06 13:47:04] MOVE asha (blue): 104→106 [0.1ms]
[2026-05-06 13:47:04] MOVE chetan (red): 13→26 [0.1ms]
[2026-05-06 13:47:05] MOVE asha (blue): 105→107 [0.1ms]
[2026-05-06 13:47:05] MOVE chetan (red): 26→27 [0.1ms]
[2026-05-06 13:47:05] MOVE asha (blue): 106→93 [0.1ms]
[2026-05-06 13:47:05] MOVE chetan (red): 27→14 [0.1ms]
[2026-05-06 13:47:05] MOVE asha (blue): 107→94 [0.2ms]
[2026-05-06 13:47:05] MOVE chetan (red): 14→15 [0.2ms]
[2026-05-06 13:47:06] MOVE asha (blue): 93→92 [0.1ms]
[2026-05-06 13:47:06] MOVE chetan (red): 15→16 [0.1ms]
[2026-05-06 13:47:06] MOVE asha (blue): 94→93 [0.3ms]
[2026-05-06 13:47:06] MOVE chetan (red): 16→17 [9.4ms]
[2026-05-06 13:47:06] MOVE asha (blue): 92→105 [0.1ms]
[2026-05-06 13:47:06] MOVE chetan (red): 17→18 [0.2ms]
[2026-05-06 13:47:07] MOVE asha (blue): 93→106 [0.1ms]
[2026-05-06 13:47:07] MOVE chetan (red): 18→19 [0.1ms]
[2026-05-06 13:47:07] MOVE asha (blue): 105→104 [0.2ms]
[2026-05-06 13:47:07] MOVE chetan (red): 19→31 [0.1ms]
[2026-05-06 13:47:07] MOVE asha (blue): 106→105 [0.1ms]
[2026-05-06 13:47:07] MOVE chetan (red): 31→30 [0.1ms]
[2026-05-06 13:47:08] MOVE asha (blue): 104→106 [0.1ms]
[2026-05-06 13:47:08] MOVE chetan (red): 30→29 [0.1ms]
[2026-05-06 13:47:08] MOVE asha (blue): 105→104 [0.1ms]
[2026-05-06 13:47:08] MOVE chetan (red): 29→28 [0.1ms]
[2026-05-06 13:47:08] MOVE asha (blue): 106→93 [0.1ms]
[2026-05-06 13:47:08] MOVE chetan (red): 28→15 [0.1ms]
[2026-05-06 13:47:09] MOVE asha (blue): 104→103 [0.1ms]
[2026-05-06 13:47:09] MOVE chetan (red): 15→14 [0.1ms]
[2026-05-06 13:47:09] MOVE asha (blue): 93→92 [0.1ms]
[2026-05-06 13:47:09] MOVE chetan (red): 14→13 [0.1ms]
[2026-05-06 13:47:09] MOVE asha (blue): 103→102 [0.2ms]
[2026-05-06 13:47:09] MOVE chetan (red): 13→26 [0.1ms]
[2026-05-06 13:47:10] MOVE asha (blue): 92→105 [0.1ms]
[2026-05-06 13:47:10] MOVE chetan (red): 26→27 [0.1ms]
[2026-05-06 13:47:10] MOVE asha (blue): 102→89 [0.2ms]
[2026-05-06 13:47:10] MOVE chetan (red): 27→14 [0.1ms]
[2026-05-06 13:47:10] MOVE asha (blue): 105→104 [0.1ms]
[2026-05-06 13:47:10] MOVE chetan (red): 14→15 [0.2ms]
[2026-05-06 13:47:11] MOVE asha (blue): 89→90 [0.1ms]
[2026-05-06 13:47:11] MOVE chetan (red): 15→16 [0.1ms]
[2026-05-06 13:47:11] MOVE asha (blue): 104→103 [0.1ms]
[2026-05-06 13:47:11] MOVE chetan (red): 16→17 [0.2ms]
[2026-05-06 13:47:11] MOVE asha (blue): 90→91 [0.1ms]
[2026-05-06 13:47:11] MOVE chetan (red): 17→18 [0.3ms]
[2026-05-06 13:47:11] MOVE asha (blue): 103→102 [0.1ms]
[2026-05-06 13:47:12] MOVE chetan (red): 18→19 [0.1ms]
[2026-05-06 13:47:12] MOVE asha (blue): 91→103 [0.1ms]
[2026-05-06 13:47:12] MOVE chetan (red): 19→31 [0.2ms]
[2026-05-06 13:47:12] MOVE asha (blue): 102→89 [0.1ms]
[2026-05-06 13:47:12] MOVE chetan (red): 31→30 [0.1ms]
[2026-05-06 13:47:12] MOVE asha (blue): 103→102 [0.1ms]
[2026-05-06 13:47:13] MOVE chetan (red): 30→29 [0.1ms]
[2026-05-06 13:47:13] MOVE asha (blue): 89→90 [0.1ms]
[2026-05-06 13:47:13] MOVE chetan (red): 29→28 [0.1ms]
[2026-05-06 13:47:13] MOVE asha (blue): 102→89 [0.1ms]
[2026-05-06 13:47:13] MOVE chetan (red): 28→15 [0.1ms]
[2026-05-06 13:47:13] MOVE asha (blue): 90→91 [0.1ms]
[2026-05-06 13:47:14] MOVE chetan (red): 15→14 [0.1ms]
[2026-05-06 13:47:14] MOVE asha (blue): 89→90 [0.1ms]
[2026-05-06 13:47:14] MOVE chetan (red): 14→13 [0.7ms]
[2026-05-06 13:47:14] MOVE asha (blue): 91→103 [0.1ms]
[2026-05-06 13:47:14] MOVE chetan (red): 13→26 [0.1ms]
[2026-05-06 13:47:15] MOVE asha (blue): 90→91 [0.2ms]
[2026-05-06 13:47:15] MOVE chetan (red): 26→27 [0.2ms]
[2026-05-06 13:47:15] MOVE asha (blue): 103→102 [0.2ms]
[2026-05-06 13:47:15] MOVE chetan (red): 27→14 [0.1ms]
[2026-05-06 13:47:15] MOVE asha (blue): 91→103 [0.1ms]
[2026-05-06 13:47:16] MOVE chetan (red): 14→15 [0.1ms]
[2026-05-06 13:47:16] MOVE asha (blue): 102→104 [0.1ms]
[2026-05-06 13:47:16] MOVE chetan (red): 15→16 [0.1ms]
[2026-05-06 13:47:16] MOVE asha (blue): 103→105 [0.1ms]
[2026-05-06 13:47:16] MOVE chetan (red): 16→17 [0.1ms]
[2026-05-06 13:47:16] MOVE asha (blue): 104→106 [0.1ms]
[2026-05-06 13:47:17] MOVE chetan (red): 17→18 [0.1ms]
[2026-05-06 13:47:17] MOVE asha (blue): 105→104 [0.1ms]
[2026-05-06 13:47:17] MOVE chetan (red): 18→19 [0.2ms]
[2026-05-06 13:47:17] MOVE asha (blue): 106→105 [0.1ms]
[2026-05-06 13:47:17] MOVE chetan (red): 19→31 [0.1ms]
[2026-05-06 13:47:17] MOVE asha (blue): 104→106 [0.1ms]
[2026-05-06 13:47:18] MOVE chetan (red): 31→30 [0.1ms]
[2026-05-06 13:47:18] MOVE asha (blue): 105→107 [0.1ms]
[2026-05-06 13:47:18] MOVE chetan (red): 30→29 [0.3ms]
[2026-05-06 13:47:18] MOVE asha (blue): 106→93 [0.1ms]
[2026-05-06 13:47:18] MOVE chetan (red): 29→28 [0.2ms]
[2026-05-06 13:47:19] MOVE asha (blue): 107→94 [0.1ms]
[2026-05-06 13:47:19] MOVE chetan (red): 28→15 [0.1ms]
[2026-05-06 13:47:19] MOVE asha (blue): 93→92 [0.1ms]
[2026-05-06 13:47:19] MOVE chetan (red): 15→14 [0.1ms]
[2026-05-06 13:47:19] MOVE asha (blue): 94→93 [0.1ms]
[2026-05-06 13:47:19] MOVE chetan (red): 14→13 [0.1ms]
[2026-05-06 13:47:19] MOVE asha (blue): 92→105 [0.1ms]
[2026-05-06 13:47:20] MOVE chetan (red): 13→26 [0.1ms]
[2026-05-06 13:47:20] MOVE asha (blue): 93→106 [0.1ms]
[2026-05-06 13:47:20] MOVE chetan (red): 26→27 [0.1ms]
[2026-05-06 13:47:20] MOVE asha (blue): 105→104 [0.1ms]
[2026-05-06 13:47:20] MOVE chetan (red): 27→14 [0.1ms]
[2026-05-06 13:47:20] MOVE asha (blue): 106→105 [0.1ms]
[2026-05-06 13:47:21] MOVE chetan (red): 14→15 [0.1ms]
[2026-05-06 13:47:21] MOVE asha (blue): 104→106 [0.1ms]
[2026-05-06 13:47:21] MOVE chetan (red): 15→16 [0.1ms]
[2026-05-06 13:47:21] MOVE asha (blue): 105→104 [0.1ms]
[2026-05-06 13:47:21] MOVE chetan (red): 16→17 [0.2ms]
[2026-05-06 13:47:21] MOVE asha (blue): 106→93 [0.1ms]
[2026-05-06 13:47:21] MOVE chetan (red): 17→18 [0.1ms]
[2026-05-06 13:47:22] MOVE asha (blue): 104→103 [0.1ms]
[2026-05-06 13:47:22] MOVE chetan (red): 18→19 [0.1ms]
[2026-05-06 13:47:22] MOVE asha (blue): 93→92 [0.1ms]
[2026-05-06 13:47:22] MOVE chetan (red): 19→31 [0.1ms]
[2026-05-06 13:47:22] MOVE asha (blue): 103→102 [0.1ms]
[2026-05-06 13:47:22] MOVE chetan (red): 31→30 [0.1ms]
[2026-05-06 13:47:23] MOVE asha (blue): 92→105 [0.1ms]
[2026-05-06 13:47:23] MOVE chetan (red): 30→29 [0.2ms]
[2026-05-06 13:47:23] MOVE asha (blue): 102→89 [0.1ms]
[2026-05-06 13:47:23] MOVE chetan (red): 29→28 [0.1ms]
[2026-05-06 13:47:23] MOVE asha (blue): 105→104 [0.1ms]
[2026-05-06 13:47:23] MOVE chetan (red): 28→15 [0.1ms]
[2026-05-06 13:47:24] MOVE asha (blue): 89→90 [0.1ms]
[2026-05-06 13:47:24] MOVE chetan (red): 15→14 [0.1ms]
[2026-05-06 13:47:24] MOVE asha (blue): 104→103 [0.1ms]
[2026-05-06 13:47:24] MOVE chetan (red): 14→13 [0.1ms]
[2026-05-06 13:47:24] MOVE asha (blue): 90→91 [0.1ms]
[2026-05-06 13:47:24] MOVE chetan (red): 13→26 [0.1ms]
[2026-05-06 13:47:25] MOVE asha (blue): 103→102 [0.1ms]
[2026-05-06 13:47:25] MOVE chetan (red): 26→27 [0.2ms]
[2026-05-06 13:47:25] MOVE asha (blue): 91→103 [0.1ms]
[2026-05-06 13:47:25] MOVE chetan (red): 27→14 [0.1ms]
[2026-05-06 13:47:25] MOVE asha (blue): 102→89 [1.3ms]
[2026-05-06 13:47:25] MOVE chetan (red): 14→15 [0.1ms]
[2026-05-06 13:47:26] MOVE asha (blue): 103→102 [0.1ms]
[2026-05-06 13:47:26] MOVE chetan (red): 15→16 [0.1ms]
[2026-05-06 13:47:26] MOVE asha (blue): 89→90 [0.1ms]
[2026-05-06 13:47:26] MOVE chetan (red): 16→17 [0.1ms]
[2026-05-06 13:47:26] MOVE asha (blue): 102→89 [0.1ms]
[2026-05-06 13:47:26] MOVE chetan (red): 17→18 [0.1ms]
[2026-05-06 13:47:27] MOVE asha (blue): 90→91 [0.2ms]
[2026-05-06 13:47:27] MOVE chetan (red): 18→19 [0.1ms]
[2026-05-06 13:47:27] MOVE asha (blue): 89→90 [0.1ms]
[2026-05-06 13:47:28] MOVE chetan (red): 19→31 [0.2ms]
[2026-05-06 13:47:28] MOVE asha (blue): 91→103 [0.1ms]
[2026-05-06 13:47:28] MOVE chetan (red): 31→30 [0.1ms]
[2026-05-06 13:47:28] MOVE asha (blue): 90→91 [0.1ms]
[2026-05-06 13:47:28] MOVE chetan (red): 30→29 [0.1ms]
[2026-05-06 13:47:28] MOVE asha (blue): 103→102 [0.2ms]
[2026-05-06 13:47:28] MOVE chetan (red): 29→28 [0.1ms]
[2026-05-06 13:47:29] MOVE asha (blue): 91→103 [0.2ms]
[2026-05-06 13:47:29] MOVE chetan (red): 28→15 [0.2ms]
[2026-05-06 13:47:29] MOVE asha (blue): 102→104 [0.1ms]
[2026-05-06 13:47:29] MOVE chetan (red): 15→14 [0.1ms]
[2026-05-06 13:47:29] MOVE asha (blue): 103→105 [0.1ms]
[2026-05-06 13:47:29] MOVE chetan (red): 14→13 [0.1ms]
[2026-05-06 13:47:30] MOVE asha (blue): 104→106 [0.1ms]
[2026-05-06 13:47:30] MOVE chetan (red): 13→26 [0.2ms]
[2026-05-06 13:47:30] MOVE asha (blue): 105→104 [0.1ms]
[2026-05-06 13:47:30] MOVE chetan (red): 26→27 [0.1ms]
[2026-05-06 13:47:30] MOVE asha (blue): 106→105 [0.1ms]
[2026-05-06 13:47:30] MOVE chetan (red): 27→14 [0.1ms]
[2026-05-06 13:47:31] MOVE asha (blue): 104→106 [0.2ms]
[2026-05-06 13:47:31] MOVE chetan (red): 14→15 [0.1ms]
[2026-05-06 13:47:31] MOVE asha (blue): 105→107 [0.1ms]
[2026-05-06 13:47:31] MOVE chetan (red): 15→16 [0.3ms]
[2026-05-06 13:47:31] MOVE asha (blue): 106→93 [0.1ms]
[2026-05-06 13:47:31] MOVE chetan (red): 16→17 [0.1ms]
[2026-05-06 13:47:32] MOVE asha (blue): 107→94 [0.2ms]
[2026-05-06 13:47:32] MOVE chetan (red): 17→18 [0.1ms]
[2026-05-06 13:47:32] MOVE asha (blue): 93→92 [0.1ms]
[2026-05-06 13:47:32] MOVE chetan (red): 18→19 [0.1ms]
[2026-05-06 13:47:32] MOVE asha (blue): 94→93 [0.1ms]
[2026-05-06 13:47:32] MOVE chetan (red): 19→31 [0.1ms]
[2026-05-06 13:47:33] MOVE asha (blue): 92→105 [0.1ms]
[2026-05-06 13:47:33] MOVE chetan (red): 31→30 [0.2ms]
[2026-05-06 13:47:33] MOVE asha (blue): 93→106 [0.1ms]
[2026-05-06 13:47:33] MOVE chetan (red): 30→29 [0.1ms]
[2026-05-06 13:47:33] MOVE asha (blue): 105→104 [0.1ms]
[2026-05-06 13:47:33] MOVE chetan (red): 29→28 [0.1ms]
[2026-05-06 13:47:34] MOVE asha (blue): 106→105 [0.4ms]
[2026-05-06 13:47:34] MOVE chetan (red): 28→15 [0.1ms]
[2026-05-06 13:47:34] MOVE asha (blue): 104→106 [0.1ms]
[2026-05-06 13:47:34] MOVE chetan (red): 15→14 [0.2ms]
[2026-05-06 13:47:34] MOVE asha (blue): 105→104 [0.1ms]
[2026-05-06 13:47:34] MOVE chetan (red): 14→13 [0.1ms]
[2026-05-06 13:47:35] MOVE asha (blue): 106→93 [0.2ms]
[2026-05-06 13:47:35] MOVE chetan (red): 13→26 [0.2ms]
[2026-05-06 13:47:35] MOVE asha (blue): 104→103 [0.1ms]
[2026-05-06 13:47:35] MOVE chetan (red): 26→27 [0.1ms]
[2026-05-06 13:47:35] MOVE asha (blue): 93→92 [0.1ms]
[2026-05-06 13:47:36] MOVE chetan (red): 27→14 [0.2ms]
[2026-05-06 13:47:36] MOVE asha (blue): 103→102 [0.1ms]
[2026-05-06 13:47:36] MOVE chetan (red): 14→15 [0.1ms]
[2026-05-06 13:47:36] MOVE asha (blue): 92→105 [0.1ms]
[2026-05-06 13:47:36] MOVE chetan (red): 15→16 [0.1ms]
[2026-05-06 13:47:36] MOVE asha (blue): 102→89 [0.1ms]
[2026-05-06 13:47:37] MOVE chetan (red): 16→17 [0.1ms]
[2026-05-06 13:47:37] MOVE asha (blue): 105→104 [0.3ms]
[2026-05-06 13:47:37] MOVE chetan (red): 17→18 [0.1ms]
[2026-05-06 13:47:37] MOVE asha (blue): 89→90 [0.1ms]
[2026-05-06 13:47:37] MOVE chetan (red): 18→19 [0.1ms]
[2026-05-06 13:47:37] MOVE asha (blue): 104→103 [0.1ms]
[2026-05-06 13:47:38] MOVE chetan (red): 19→31 [0.1ms]
[2026-05-06 13:47:38] MOVE asha (blue): 90→91 [0.1ms]
[2026-05-06 13:47:38] MOVE chetan (red): 31→30 [0.1ms]
[2026-05-06 13:47:38] MOVE asha (blue): 103→102 [0.1ms]
[2026-05-06 13:47:39] MOVE chetan (red): 30→29 [0.1ms]
[2026-05-06 13:47:39] MOVE asha (blue): 91→103 [0.2ms]
[2026-05-06 13:47:39] MOVE chetan (red): 29→28 [0.1ms]
[2026-05-06 13:47:39] MOVE asha (blue): 102→89 [0.1ms]
[2026-05-06 13:47:39] MOVE chetan (red): 28→15 [0.3ms]
[2026-05-06 13:47:39] MOVE asha (blue): 103→102 [0.2ms]
[2026-05-06 13:47:40] MOVE chetan (red): 15→14 [0.1ms]
[2026-05-06 13:47:40] MOVE asha (blue): 89→90 [0.1ms]
[2026-05-06 13:47:40] MOVE chetan (red): 14→13 [0.1ms]
[2026-05-06 13:47:40] MOVE asha (blue): 102→89 [0.2ms]
[2026-05-06 13:47:40] MOVE chetan (red): 13→26 [0.1ms]
[2026-05-06 13:47:40] MOVE asha (blue): 90→91 [0.1ms]
[2026-05-06 13:47:41] MOVE chetan (red): 26→27 [0.2ms]
[2026-05-06 13:47:41] MOVE asha (blue): 89→90 [0.1ms]
[2026-05-06 13:47:41] MOVE chetan (red): 27→14 [0.1ms]
[2026-05-06 13:47:41] MOVE asha (blue): 91→103 [0.1ms]
[2026-05-06 13:47:42] MOVE chetan (red): 14→15 [0.1ms]
[2026-05-06 13:47:42] MOVE asha (blue): 90→91 [0.1ms]
[2026-05-06 13:47:42] MOVE chetan (red): 15→16 [0.1ms]
[2026-05-06 13:47:42] MOVE asha (blue): 103→102 [0.1ms]
[2026-05-06 13:47:42] MOVE chetan (red): 16→17 [0.1ms]
[2026-05-06 13:47:42] MOVE asha (blue): 91→103 [0.1ms]
[2026-05-06 13:47:43] MOVE chetan (red): 17→18 [0.2ms]
[2026-05-06 13:47:43] MOVE asha (blue): 102→104 [0.2ms]
[2026-05-06 13:47:43] MOVE chetan (red): 18→19 [0.1ms]
[2026-05-06 13:47:43] MOVE asha (blue): 103→105 [0.1ms]
[2026-05-06 13:47:43] MOVE chetan (red): 19→31 [0.6ms]
[2026-05-06 13:47:43] MOVE asha (blue): 104→106 [0.1ms]
[2026-05-06 13:47:43] MOVE chetan (red): 31→30 [0.1ms]
[2026-05-06 13:47:43] MOVE asha (blue): 105→104 [0.1ms]
[2026-05-06 13:47:44] MOVE chetan (red): 30→29 [0.1ms]
[2026-05-06 13:47:44] MOVE asha (blue): 106→105 [0.1ms]
[2026-05-06 13:47:44] MOVE chetan (red): 29→28 [0.1ms]
[2026-05-06 13:47:44] MOVE asha (blue): 104→106 [0.1ms]
[2026-05-06 13:47:44] MOVE chetan (red): 28→15 [0.1ms]
[2026-05-06 13:47:45] MOVE asha (blue): 105→107 [0.2ms]
[2026-05-06 13:47:45] MOVE chetan (red): 15→14 [0.2ms]
[2026-05-06 13:47:45] MOVE asha (blue): 106→93 [0.1ms]
[2026-05-06 13:47:45] MOVE chetan (red): 14→13 [0.1ms]
[2026-05-06 13:47:45] MOVE asha (blue): 107→94 [0.1ms]
[2026-05-06 13:47:46] MOVE chetan (red): 13→26 [0.1ms]
[2026-05-06 13:47:46] MOVE asha (blue): 93→92 [0.1ms]
[2026-05-06 13:47:46] MOVE chetan (red): 26→27 [0.1ms]
[2026-05-06 13:47:46] MOVE asha (blue): 94→93 [0.1ms]
[2026-05-06 13:47:46] MOVE chetan (red): 27→14 [0.2ms]
[2026-05-06 13:47:47] MOVE asha (blue): 92→105 [0.3ms]
[2026-05-06 13:47:47] MOVE chetan (red): 14→15 [0.4ms]
[2026-05-06 13:47:47] MOVE asha (blue): 93→106 [0.1ms]
[2026-05-06 13:47:47] MOVE chetan (red): 15→16 [0.1ms]
[2026-05-06 13:47:47] MOVE asha (blue): 105→104 [0.2ms]
[2026-05-06 13:47:47] MOVE chetan (red): 16→17 [0.1ms]
[2026-05-06 13:47:48] MOVE asha (blue): 106→105 [0.1ms]
[2026-05-06 13:47:48] MOVE chetan (red): 17→18 [0.1ms]
[2026-05-06 13:47:48] MOVE asha (blue): 104→106 [0.1ms]
[2026-05-06 13:47:48] MOVE chetan (red): 18→19 [0.1ms]
[2026-05-06 13:47:48] MOVE asha (blue): 105→104 [0.1ms]
[2026-05-06 13:47:48] MOVE chetan (red): 19→31 [0.1ms]
[2026-05-06 13:47:49] MOVE asha (blue): 106→93 [0.1ms]
[2026-05-06 13:47:49] MOVE chetan (red): 31→30 [0.1ms]
[2026-05-06 13:47:49] MOVE asha (blue): 104→103 [0.1ms]
[2026-05-06 13:47:49] MOVE chetan (red): 30→29 [0.1ms]
[2026-05-06 13:47:49] MOVE asha (blue): 93→92 [0.1ms]
[2026-05-06 13:47:49] MOVE chetan (red): 29→28 [0.2ms]
[2026-05-06 13:47:49] MOVE asha (blue): 103→102 [0.1ms]
[2026-05-06 13:47:50] MOVE chetan (red): 28→15 [0.1ms]
[2026-05-06 13:47:50] MOVE asha (blue): 92→105 [0.1ms]
[2026-05-06 13:47:50] MOVE chetan (red): 15→14 [0.1ms]
[2026-05-06 13:47:50] MOVE asha (blue): 102→89 [0.1ms]
[2026-05-06 13:47:50] MOVE chetan (red): 14→13 [0.1ms]
[2026-05-06 13:47:50] MOVE asha (blue): 105→104 [0.1ms]
[2026-05-06 13:47:50] MOVE chetan (red): 13→26 [0.1ms]
[2026-05-06 13:47:51] MOVE asha (blue): 89→90 [0.2ms]
[2026-05-06 13:47:51] MOVE chetan (red): 26→27 [0.1ms]
[2026-05-06 13:47:51] MOVE asha (blue): 104→103 [0.1ms]
[2026-05-06 13:47:52] MOVE chetan (red): 27→14 [0.1ms]
[2026-05-06 13:47:52] MOVE asha (blue): 90→91 [0.4ms]
[2026-05-06 13:47:52] MOVE chetan (red): 14→15 [0.1ms]
[2026-05-06 13:47:52] MOVE asha (blue): 103→102 [0.1ms]
[2026-05-06 13:47:53] MOVE chetan (red): 15→16 [0.1ms]
[2026-05-06 13:47:53] MOVE asha (blue): 91→103 [3.4ms]
[2026-05-06 13:47:53] MOVE chetan (red): 16→17 [0.1ms]
[2026-05-06 13:47:53] MOVE asha (blue): 102→89 [0.2ms]
[2026-05-06 13:47:53] MOVE chetan (red): 17→18 [0.1ms]
[2026-05-06 13:47:53] MOVE asha (blue): 103→102 [0.1ms]
[2026-05-06 13:47:54] MOVE chetan (red): 18→19 [0.1ms]
[2026-05-06 13:47:54] MOVE asha (blue): 89→90 [0.1ms]
[2026-05-06 13:47:54] MOVE chetan (red): 19→31 [0.1ms]
[2026-05-06 13:47:54] MOVE asha (blue): 102→89 [0.1ms]
[2026-05-06 13:47:54] MOVE chetan (red): 31→30 [0.1ms]
[2026-05-06 13:47:55] MOVE asha (blue): 90→91 [0.1ms]
[2026-05-06 13:47:55] MOVE chetan (red): 30→29 [0.2ms]
[2026-05-06 13:47:55] MOVE asha (blue): 89→90 [0.1ms]
[2026-05-06 13:47:55] MOVE chetan (red): 29→28 [0.2ms]
[2026-05-06 13:47:55] MOVE asha (blue): 91→103 [0.1ms]
[2026-05-06 13:47:55] MOVE chetan (red): 28→15 [0.1ms]
[2026-05-06 13:47:56] MOVE asha (blue): 90→91 [0.1ms]
[2026-05-06 13:47:56] MOVE chetan (red): 15→14 [0.1ms]
[2026-05-06 13:47:56] MOVE asha (blue): 103→102 [0.1ms]
[2026-05-06 13:47:56] MOVE chetan (red): 14→13 [0.1ms]
[2026-05-06 13:47:56] MOVE asha (blue): 91→103 [0.1ms]
[2026-05-06 13:47:57] MOVE chetan (red): 13→26 [0.1ms]
[2026-05-06 13:47:57] MOVE asha (blue): 102→104 [0.1ms]
[2026-05-06 13:47:57] MOVE chetan (red): 26→27 [0.1ms]
[2026-05-06 13:47:57] MOVE asha (blue): 103→105 [0.1ms]
[2026-05-06 13:47:57] MOVE chetan (red): 27→14 [0.1ms]
[2026-05-06 13:47:57] MOVE asha (blue): 104→106 [0.1ms]
[2026-05-06 13:47:58] MOVE chetan (red): 14→15 [0.4ms]
[2026-05-06 13:47:58] MOVE asha (blue): 105→104 [0.1ms]
[2026-05-06 13:47:58] MOVE chetan (red): 15→16 [0.1ms]
[2026-05-06 13:47:58] MOVE asha (blue): 106→105 [0.1ms]
[2026-05-06 13:47:58] MOVE chetan (red): 16→17 [0.2ms]
[2026-05-06 13:47:58] MOVE asha (blue): 104→106 [0.1ms]
[2026-05-06 13:47:59] MOVE chetan (red): 17→18 [0.1ms]
[2026-05-06 13:47:59] MOVE asha (blue): 105→107 [0.1ms]
[2026-05-06 13:47:59] MOVE chetan (red): 18→19 [0.2ms]
[2026-05-06 13:47:59] MOVE asha (blue): 106→93 [0.1ms]
[2026-05-06 13:47:59] MOVE chetan (red): 19→31 [0.2ms]
[2026-05-06 13:47:59] MOVE asha (blue): 107→94 [0.1ms]
[2026-05-06 13:48:00] MOVE chetan (red): 31→30 [0.1ms]
[2026-05-06 13:48:00] MOVE asha (blue): 93→92 [0.2ms]
[2026-05-06 13:48:00] MOVE chetan (red): 30→29 [0.1ms]
[2026-05-06 13:48:00] MOVE asha (blue): 94→93 [0.2ms]
[2026-05-06 13:48:00] MOVE chetan (red): 29→28 [0.1ms]
[2026-05-06 13:48:00] MOVE asha (blue): 92→105 [0.1ms]
[2026-05-06 13:48:01] MOVE chetan (red): 28→15 [0.1ms]
[2026-05-06 13:48:01] MOVE asha (blue): 93→106 [0.2ms]
[2026-05-06 13:48:01] MOVE chetan (red): 15→14 [0.3ms]
[2026-05-06 13:48:01] MOVE asha (blue): 105→104 [0.8ms]
[2026-05-06 13:48:01] MOVE chetan (red): 14→13 [0.1ms]
[2026-05-06 13:48:01] MOVE asha (blue): 106→105 [0.2ms]
[2026-05-06 13:48:01] MOVE chetan (red): 13→26 [0.1ms]
[2026-05-06 13:48:01] MOVE asha (blue): 104→106 [0.1ms]
[2026-05-06 13:48:02] MOVE chetan (red): 26→27 [0.1ms]
[2026-05-06 13:48:02] MOVE asha (blue): 105→104 [0.1ms]
[2026-05-06 13:48:02] MOVE chetan (red): 27→14 [0.2ms]
[2026-05-06 13:48:02] MOVE asha (blue): 106→93 [0.1ms]
[2026-05-06 13:48:02] MOVE chetan (red): 14→15 [0.5ms]
[2026-05-06 13:48:03] MOVE asha (blue): 104→103 [0.3ms]
[2026-05-06 13:48:03] MOVE chetan (red): 15→16 [0.1ms]
[2026-05-06 13:48:03] MOVE asha (blue): 93→92 [0.1ms]
[2026-05-06 13:48:03] MOVE chetan (red): 16→17 [0.1ms]
[2026-05-06 13:48:03] MOVE asha (blue): 103→102 [0.1ms]
[2026-05-06 13:48:04] MOVE chetan (red): 17→18 [0.1ms]
[2026-05-06 13:48:04] MOVE asha (blue): 92→105 [0.1ms]
[2026-05-06 13:48:04] MOVE chetan (red): 18→19 [0.1ms]
[2026-05-06 13:48:04] MOVE asha (blue): 102→89 [0.1ms]
[2026-05-06 13:48:04] MOVE chetan (red): 19→31 [0.1ms]
[2026-05-06 13:48:04] MOVE asha (blue): 105→104 [0.1ms]
[2026-05-06 13:48:05] MOVE chetan (red): 31→30 [0.1ms]
[2026-05-06 13:48:05] MOVE asha (blue): 89→90 [0.1ms]
[2026-05-06 13:48:05] MOVE chetan (red): 30→29 [1.4ms]
[2026-05-06 13:48:05] MOVE asha (blue): 104→103 [0.1ms]
[2026-05-06 13:48:05] MOVE chetan (red): 29→28 [0.1ms]
[2026-05-06 13:48:05] MOVE asha (blue): 90→91 [0.1ms]
[2026-05-06 13:48:06] MOVE chetan (red): 28→15 [0.1ms]
[2026-05-06 13:48:06] MOVE asha (blue): 103→102 [0.1ms]
[2026-05-06 13:48:06] MOVE chetan (red): 15→14 [0.1ms]
[2026-05-06 13:48:06] MOVE asha (blue): 91→103 [0.1ms]
[2026-05-06 13:48:06] MOVE chetan (red): 14→13 [0.2ms]
[2026-05-06 13:48:06] MOVE asha (blue): 102→89 [0.2ms]
[2026-05-06 13:48:07] MOVE chetan (red): 13→26 [0.1ms]
[2026-05-06 13:48:07] MOVE asha (blue): 103→102 [0.1ms]
[2026-05-06 13:48:07] MOVE chetan (red): 26→27 [0.1ms]
[2026-05-06 13:48:07] MOVE asha (blue): 89→90 [0.1ms]
[2026-05-06 13:48:07] MOVE chetan (red): 27→14 [0.1ms]
[2026-05-06 13:48:07] MOVE asha (blue): 102→89 [0.1ms]
[2026-05-06 13:48:08] MOVE chetan (red): 14→15 [0.7ms]
[2026-05-06 13:48:08] MOVE asha (blue): 90→91 [0.1ms]
[2026-05-06 13:48:08] MOVE chetan (red): 15→16 [0.1ms]
[2026-05-06 13:48:08] MOVE asha (blue): 89→90 [0.1ms]
[2026-05-06 13:48:08] MOVE chetan (red): 16→17 [0.1ms]
[2026-05-06 13:48:08] MOVE asha (blue): 91→103 [0.1ms]
[2026-05-06 13:48:08] MOVE chetan (red): 17→18 [0.1ms]
[2026-05-06 13:48:09] MOVE asha (blue): 90→91 [0.2ms]
[2026-05-06 13:48:09] MOVE chetan (red): 18→19 [0.2ms]
[2026-05-06 13:48:09] MOVE asha (blue): 103→102 [0.1ms]
[2026-05-06 13:48:09] MOVE chetan (red): 19→31 [0.1ms]
[2026-05-06 13:48:09] MOVE asha (blue): 91→103 [0.1ms]
[2026-05-06 13:48:09] MOVE chetan (red): 31→30 [0.2ms]
[2026-05-06 13:48:10] MOVE asha (blue): 102→104 [0.1ms]
[2026-05-06 13:48:10] MOVE chetan (red): 30→29 [0.1ms]
[2026-05-06 13:48:10] MOVE asha (blue): 103→105 [0.1ms]
[2026-05-06 13:48:10] MOVE chetan (red): 29→28 [0.1ms]
[2026-05-06 13:48:10] MOVE asha (blue): 104→106 [0.1ms]
[2026-05-06 13:48:10] MOVE chetan (red): 28→15 [0.2ms]
[2026-05-06 13:48:10] MOVE asha (blue): 105→104 [0.1ms]
[2026-05-06 13:48:11] MOVE chetan (red): 15→14 [0.2ms]
[2026-05-06 13:48:11] MOVE asha (blue): 106→105 [0.1ms]
[2026-05-06 13:48:11] MOVE chetan (red): 14→13 [0.1ms]
[2026-05-06 13:48:11] MOVE asha (blue): 104→106 [0.1ms]
[2026-05-06 13:48:11] MOVE chetan (red): 13→26 [0.1ms]
[2026-05-06 13:48:11] MOVE asha (blue): 105→107 [0.1ms]
[2026-05-06 13:48:12] MOVE chetan (red): 26→27 [0.1ms]
[2026-05-06 13:48:12] MOVE asha (blue): 106→93 [0.3ms]
[2026-05-06 13:48:12] MOVE chetan (red): 27→14 [0.1ms]
[2026-05-06 13:48:12] MOVE asha (blue): 107→94 [0.1ms]
[2026-05-06 13:48:12] MOVE chetan (red): 14→15 [0.1ms]
[2026-05-06 13:48:12] MOVE asha (blue): 93→92 [0.2ms]
[2026-05-06 13:48:13] MOVE chetan (red): 15→16 [0.1ms]
[2026-05-06 13:48:13] MOVE asha (blue): 94→93 [0.1ms]
[2026-05-06 13:48:13] MOVE chetan (red): 16→17 [0.2ms]
[2026-05-06 13:48:13] MOVE asha (blue): 92→105 [0.1ms]
[2026-05-06 13:48:13] MOVE chetan (red): 17→18 [0.2ms]
[2026-05-06 13:48:13] MOVE asha (blue): 93→106 [0.1ms]
[2026-05-06 13:48:14] MOVE chetan (red): 18→19 [0.1ms]
[2026-05-06 13:48:14] MOVE asha (blue): 105→104 [0.1ms]
[2026-05-06 13:48:14] MOVE chetan (red): 19→31 [0.1ms]
[2026-05-06 13:48:14] MOVE asha (blue): 106→105 [0.2ms]
[2026-05-06 13:48:14] MOVE chetan (red): 31→30 [0.1ms]
[2026-05-06 13:48:14] MOVE asha (blue): 104→106 [0.1ms]
[2026-05-06 13:48:15] MOVE chetan (red): 30→29 [0.1ms]
[2026-05-06 13:48:15] MOVE asha (blue): 105→104 [0.1ms]
[2026-05-06 13:48:15] MOVE chetan (red): 29→28 [0.1ms]
[2026-05-06 13:48:15] MOVE asha (blue): 106→93 [0.1ms]
[2026-05-06 13:48:15] MOVE chetan (red): 28→15 [0.1ms]
[2026-05-06 13:48:15] MOVE asha (blue): 104→103 [0.1ms]
[2026-05-06 13:48:16] MOVE chetan (red): 15→14 [0.8ms]
[2026-05-06 13:48:16] MOVE asha (blue): 93→92 [0.1ms]
[2026-05-06 13:48:16] MOVE chetan (red): 14→13 [0.1ms]
[2026-05-06 13:48:16] MOVE asha (blue): 103→102 [0.6ms]
[2026-05-06 13:48:16] MOVE chetan (red): 13→26 [0.1ms]
[2026-05-06 13:48:16] MOVE asha (blue): 92→105 [0.1ms]
[2026-05-06 13:48:17] MOVE chetan (red): 26→27 [0.3ms]
[2026-05-06 13:48:17] MOVE asha (blue): 102→89 [0.3ms]
[2026-05-06 13:48:17] MOVE chetan (red): 27→14 [0.1ms]
[2026-05-06 13:48:17] MOVE asha (blue): 105→104 [0.1ms]
[2026-05-06 13:48:17] MOVE chetan (red): 14→15 [0.1ms]
[2026-05-06 13:48:17] MOVE asha (blue): 89→90 [0.2ms]
[2026-05-06 13:48:17] MOVE chetan (red): 15→16 [0.1ms]
[2026-05-06 13:48:18] MOVE asha (blue): 104→103 [0.1ms]
[2026-05-06 13:48:18] MOVE chetan (red): 16→17 [0.4ms]
[2026-05-06 13:48:18] MOVE asha (blue): 90→91 [0.1ms]
[2026-05-06 13:48:18] MOVE chetan (red): 17→18 [0.2ms]
[2026-05-06 13:48:18] MOVE asha (blue): 103→102 [0.1ms]
[2026-05-06 13:48:18] MOVE chetan (red): 18→19 [0.1ms]
[2026-05-06 13:48:19] MOVE asha (blue): 91→103 [0.1ms]
[2026-05-06 13:48:19] MOVE chetan (red): 19→31 [0.1ms]
[2026-05-06 13:48:19] MOVE asha (blue): 102→89 [0.1ms]
[2026-05-06 13:48:19] MOVE chetan (red): 31→30 [0.2ms]
[2026-05-06 13:48:19] MOVE asha (blue): 103→102 [0.2ms]
[2026-05-06 13:48:19] MOVE chetan (red): 30→29 [0.1ms]
[2026-05-06 13:48:19] MOVE asha (blue): 89→90 [0.1ms]
[2026-05-06 13:48:20] MOVE chetan (red): 29→28 [0.1ms]
[2026-05-06 13:48:20] MOVE asha (blue): 102→89 [0.1ms]
[2026-05-06 13:48:20] MOVE chetan (red): 28→15 [0.1ms]
[2026-05-06 13:48:20] MOVE asha (blue): 90→91 [0.1ms]
[2026-05-06 13:48:20] MOVE chetan (red): 15→14 [0.1ms]
[2026-05-06 13:48:20] MOVE asha (blue): 89→90 [0.1ms]
[2026-05-06 13:48:21] MOVE chetan (red): 14→13 [0.1ms]
[2026-05-06 13:48:21] MOVE asha (blue): 91→103 [0.1ms]
[2026-05-06 13:48:21] MOVE chetan (red): 13→26 [0.1ms]
[2026-05-06 13:48:21] MOVE asha (blue): 90→91 [0.1ms]
[2026-05-06 13:48:21] MOVE chetan (red): 26→27 [0.2ms]
[2026-05-06 13:48:21] MOVE asha (blue): 103→102 [0.1ms]
[2026-05-06 13:48:22] MOVE chetan (red): 27→14 [0.1ms]
[2026-05-06 13:48:22] MOVE asha (blue): 91→103 [0.1ms]
[2026-05-06 13:48:22] MOVE chetan (red): 14→15 [0.1ms]
[2026-05-06 13:48:22] MOVE asha (blue): 102→104 [0.1ms]
[2026-05-06 13:48:22] MOVE chetan (red): 15→16 [0.1ms]
[2026-05-06 13:48:22] MOVE asha (blue): 103→105 [0.1ms]
[2026-05-06 13:48:23] MOVE chetan (red): 16→17 [0.2ms]
[2026-05-06 13:48:23] MOVE asha (blue): 104→106 [0.2ms]
[2026-05-06 13:48:23] MOVE chetan (red): 17→18 [0.1ms]
[2026-05-06 13:48:23] MOVE asha (blue): 105→104 [0.1ms]
[2026-05-06 13:48:23] MOVE chetan (red): 18→19 [0.1ms]
[2026-05-06 13:48:23] MOVE asha (blue): 106→105 [0.1ms]
[2026-05-06 13:48:24] MOVE chetan (red): 19→31 [0.1ms]
[2026-05-06 13:48:24] MOVE asha (blue): 104→106 [0.1ms]
[2026-05-06 13:48:24] MOVE chetan (red): 31→30 [0.1ms]
[2026-05-06 13:48:24] MOVE asha (blue): 105→107 [0.1ms]
[2026-05-06 13:48:24] MOVE chetan (red): 30→29 [0.1ms]
[2026-05-06 13:48:24] MOVE asha (blue): 106→93 [0.1ms]
[2026-05-06 13:48:24] MOVE chetan (red): 29→28 [0.1ms]
[2026-05-06 13:48:25] MOVE asha (blue): 107→94 [0.1ms]
[2026-05-06 13:48:25] MOVE chetan (red): 28→15 [0.1ms]
[2026-05-06 13:48:25] MOVE asha (blue): 93→92 [0.7ms]
[2026-05-06 13:48:25] MOVE chetan (red): 15→14 [0.1ms]
[2026-05-06 13:48:25] MOVE asha (blue): 94→93 [0.1ms]
[2026-05-06 13:48:25] MOVE chetan (red): 14→13 [0.1ms]
[2026-05-06 13:48:26] MOVE asha (blue): 92→105 [0.1ms]
[2026-05-06 13:48:26] MOVE chetan (red): 13→26 [0.1ms]
[2026-05-06 13:48:26] MOVE asha (blue): 93→106 [0.1ms]
[2026-05-06 13:48:26] MOVE chetan (red): 26→27 [0.1ms]
[2026-05-06 13:48:26] MOVE asha (blue): 105→104 [0.1ms]
[2026-05-06 13:48:26] MOVE chetan (red): 27→14 [0.1ms]
[2026-05-06 13:48:26] MOVE asha (blue): 106→105 [0.1ms]
[2026-05-06 13:48:27] MOVE chetan (red): 14→15 [0.1ms]
[2026-05-06 13:48:27] MOVE asha (blue): 104→106 [0.1ms]
[2026-05-06 13:48:27] MOVE chetan (red): 15→16 [0.2ms]
[2026-05-06 13:48:27] MOVE asha (blue): 105→104 [0.1ms]
[2026-05-06 13:48:27] MOVE chetan (red): 16→17 [0.1ms]
[2026-05-06 13:48:27] MOVE asha (blue): 106→93 [0.1ms]
[2026-05-06 13:48:28] MOVE chetan (red): 17→18 [0.1ms]
[2026-05-06 13:48:28] MOVE asha (blue): 104→103 [0.1ms]
[2026-05-06 13:48:28] MOVE chetan (red): 18→19 [0.1ms]
[2026-05-06 13:48:29] MOVE asha (blue): 93→92 [0.4ms]
[2026-05-06 13:48:29] MOVE chetan (red): 19→31 [0.1ms]
[2026-05-06 13:48:29] MOVE asha (blue): 103→102 [0.2ms]
[2026-05-06 13:48:29] MOVE chetan (red): 31→30 [0.1ms]
[2026-05-06 13:48:29] MOVE asha (blue): 92→105 [0.1ms]
[2026-05-06 13:48:30] MOVE chetan (red): 30→29 [0.1ms]
[2026-05-06 13:48:30] MOVE asha (blue): 102→89 [0.1ms]
[2026-05-06 13:48:30] MOVE chetan (red): 29→28 [0.1ms]
[2026-05-06 13:48:30] MOVE asha (blue): 105→104 [0.1ms]
[2026-05-06 13:48:30] MOVE chetan (red): 28→15 [0.1ms]
[2026-05-06 13:48:30] MOVE asha (blue): 89→90 [0.1ms]
[2026-05-06 13:48:31] MOVE chetan (red): 15→14 [0.1ms]
[2026-05-06 13:48:31] MOVE asha (blue): 104→103 [0.1ms]
[2026-05-06 13:48:31] MOVE chetan (red): 14→13 [0.1ms]
[2026-05-06 13:48:31] MOVE asha (blue): 90→91 [0.3ms]
[2026-05-06 13:48:31] MOVE chetan (red): 13→26 [0.1ms]
[2026-05-06 13:48:31] MOVE asha (blue): 103→102 [0.1ms]
[2026-05-06 13:48:32] MOVE chetan (red): 26→27 [0.2ms]
[2026-05-06 13:48:32] MOVE asha (blue): 91→103 [0.1ms]
[2026-05-06 13:48:32] MOVE chetan (red): 27→14 [0.2ms]
[2026-05-06 13:48:32] MOVE asha (blue): 102→89 [0.1ms]
[2026-05-06 13:48:32] MOVE chetan (red): 14→15 [0.1ms]
[2026-05-06 13:48:32] MOVE asha (blue): 103→102 [0.1ms]
[2026-05-06 13:48:32] MOVE chetan (red): 15→16 [0.1ms]
[2026-05-06 13:48:33] MOVE asha (blue): 89→90 [0.1ms]
[2026-05-06 13:48:33] MOVE chetan (red): 16→17 [0.1ms]
[2026-05-06 13:48:33] MOVE asha (blue): 102→89 [0.1ms]
[2026-05-06 13:48:33] MOVE chetan (red): 17→18 [0.1ms]
[2026-05-06 13:48:33] MOVE asha (blue): 90→91 [0.2ms]
[2026-05-06 13:48:33] MOVE chetan (red): 18→19 [0.1ms]
[2026-05-06 13:48:34] MOVE asha (blue): 89→90 [0.1ms]
[2026-05-06 13:48:34] MOVE chetan (red): 19→31 [0.2ms]
[2026-05-06 13:48:34] MOVE asha (blue): 91→103 [0.1ms]
[2026-05-06 13:48:34] MOVE chetan (red): 31→30 [0.1ms]
[2026-05-06 13:48:34] MOVE asha (blue): 90→91 [0.1ms]
[2026-05-06 13:48:34] MOVE chetan (red): 30→29 [0.2ms]
[2026-05-06 13:48:35] MOVE asha (blue): 103→102 [0.1ms]
[2026-05-06 13:48:35] MOVE chetan (red): 29→28 [0.1ms]
[2026-05-06 13:48:35] MOVE asha (blue): 91→103 [0.1ms]
[2026-05-06 13:48:35] MOVE chetan (red): 28→15 [0.1ms]
[2026-05-06 13:48:35] MOVE asha (blue): 102→104 [0.1ms]
[2026-05-06 13:48:35] MOVE chetan (red): 15→14 [0.1ms]
[2026-05-06 13:48:36] MOVE asha (blue): 103→105 [0.2ms]
[2026-05-06 13:48:36] MOVE chetan (red): 14→13 [0.1ms]
[2026-05-06 13:48:36] MOVE asha (blue): 104→106 [0.1ms]
[2026-05-06 13:48:36] MOVE chetan (red): 13→26 [0.1ms]
[2026-05-06 13:48:36] MOVE asha (blue): 105→104 [0.1ms]
[2026-05-06 13:48:36] MOVE chetan (red): 26→27 [0.1ms]
[2026-05-06 13:48:36] MOVE asha (blue): 106→105 [0.2ms]
[2026-05-06 13:48:37] MOVE chetan (red): 27→14 [0.3ms]
[2026-05-06 13:48:37] MOVE asha (blue): 104→106 [0.1ms]
[2026-05-06 13:48:37] MOVE chetan (red): 14→15 [0.2ms]
[2026-05-06 13:48:37] MOVE asha (blue): 105→107 [0.1ms]
[2026-05-06 13:48:37] MOVE chetan (red): 15→16 [0.1ms]
[2026-05-06 13:48:37] MOVE asha (blue): 106→93 [0.2ms]
[2026-05-06 13:48:38] MOVE chetan (red): 16→17 [0.2ms]
[2026-05-06 13:48:38] MOVE asha (blue): 107→94 [0.1ms]
[2026-05-06 13:48:38] MOVE chetan (red): 17→18 [0.2ms]
[2026-05-06 13:48:38] MOVE asha (blue): 93→92 [0.2ms]
[2026-05-06 13:48:38] MOVE chetan (red): 18→19 [0.1ms]
[2026-05-06 13:48:38] MOVE asha (blue): 94→93 [0.1ms]
[2026-05-06 13:48:39] MOVE chetan (red): 19→31 [0.1ms]
[2026-05-06 13:48:39] MOVE asha (blue): 92→105 [0.2ms]
[2026-05-06 13:48:39] MOVE chetan (red): 31→30 [0.1ms]
[2026-05-06 13:48:39] MOVE asha (blue): 93→106 [0.1ms]
[2026-05-06 13:48:39] MOVE chetan (red): 30→29 [0.1ms]
[2026-05-06 13:48:39] MOVE asha (blue): 105→104 [0.1ms]
[2026-05-06 13:48:40] MOVE chetan (red): 29→28 [0.1ms]
[2026-05-06 13:48:40] MOVE asha (blue): 106→105 [0.1ms]
[2026-05-06 13:48:40] MOVE chetan (red): 28→15 [0.1ms]
[2026-05-06 13:48:40] MOVE asha (blue): 104→106 [0.1ms]
[2026-05-06 13:48:40] MOVE chetan (red): 15→14 [0.1ms]
[2026-05-06 13:48:40] MOVE asha (blue): 105→104 [0.1ms]
[2026-05-06 13:48:41] MOVE chetan (red): 14→13 [0.1ms]
[2026-05-06 13:48:41] MOVE asha (blue): 106→93 [0.1ms]
[2026-05-06 13:48:41] MOVE chetan (red): 13→26 [0.1ms]
[2026-05-06 13:48:41] MOVE asha (blue): 104→103 [0.3ms]
[2026-05-06 13:48:41] MOVE chetan (red): 26→27 [0.1ms]
[2026-05-06 13:48:41] MOVE asha (blue): 93→92 [0.1ms]
[2026-05-06 13:48:41] MOVE chetan (red): 27→14 [0.1ms]
[2026-05-06 13:48:42] MOVE asha (blue): 103→102 [0.1ms]
[2026-05-06 13:48:42] MOVE chetan (red): 14→15 [0.1ms]
[2026-05-06 13:48:42] MOVE asha (blue): 92→105 [0.1ms]
[2026-05-06 13:48:42] MOVE chetan (red): 15→16 [0.3ms]
[2026-05-06 13:48:42] MOVE asha (blue): 102→89 [0.2ms]
[2026-05-06 13:48:42] MOVE chetan (red): 16→17 [0.2ms]
[2026-05-06 13:48:43] MOVE asha (blue): 105→104 [0.2ms]
[2026-05-06 13:48:43] MOVE chetan (red): 17→18 [0.1ms]
[2026-05-06 13:48:43] MOVE asha (blue): 89→90 [0.1ms]
[2026-05-06 13:48:43] MOVE chetan (red): 18→19 [0.1ms]
[2026-05-06 13:48:43] MOVE asha (blue): 104→103 [0.1ms]
[2026-05-06 13:48:43] MOVE chetan (red): 19→31 [0.1ms]
[2026-05-06 13:48:44] MOVE asha (blue): 90→91 [0.1ms]
[2026-05-06 13:48:44] MOVE chetan (red): 31→30 [0.1ms]
[2026-05-06 13:48:44] MOVE asha (blue): 103→102 [0.2ms]
[2026-05-06 13:48:44] MOVE chetan (red): 30→29 [0.1ms]
[2026-05-06 13:48:44] MOVE asha (blue): 91→103 [0.1ms]
[2026-05-06 13:48:44] MOVE chetan (red): 29→28 [0.1ms]
[2026-05-06 13:48:45] MOVE asha (blue): 102→89 [0.1ms]
[2026-05-06 13:48:45] MOVE chetan (red): 28→15 [0.2ms]
[2026-05-06 13:48:45] MOVE asha (blue): 103→102 [0.2ms]
[2026-05-06 13:48:45] MOVE chetan (red): 15→14 [0.1ms]
[2026-05-06 13:48:45] MOVE asha (blue): 89→90 [0.2ms]
[2026-05-06 13:48:45] MOVE chetan (red): 14→13 [0.2ms]
[2026-05-06 13:48:46] MOVE asha (blue): 102→89 [0.3ms]
[2026-05-06 13:48:46] MOVE chetan (red): 13→26 [0.1ms]
[2026-05-06 13:48:46] MOVE asha (blue): 90→91 [0.1ms]
[2026-05-06 13:48:46] MOVE chetan (red): 26→27 [0.1ms]
[2026-05-06 13:48:46] MOVE asha (blue): 89→90 [0.1ms]
[2026-05-06 13:48:46] MOVE chetan (red): 27→14 [0.1ms]
[2026-05-06 13:48:47] MOVE asha (blue): 91→103 [0.1ms]
[2026-05-06 13:48:47] MOVE chetan (red): 14→15 [0.1ms]
[2026-05-06 13:48:47] MOVE asha (blue): 90→91 [0.1ms]
[2026-05-06 13:48:47] MOVE chetan (red): 15→16 [0.1ms]
[2026-05-06 13:48:47] MOVE asha (blue): 103→102 [0.1ms]
[2026-05-06 13:48:47] MOVE chetan (red): 16→17 [0.1ms]
[2026-05-06 13:48:48] MOVE asha (blue): 91→103 [0.1ms]
[2026-05-06 13:48:48] MOVE chetan (red): 17→18 [0.1ms]
[2026-05-06 13:48:48] MOVE asha (blue): 102→104 [0.1ms]
[2026-05-06 13:48:48] MOVE chetan (red): 18→19 [0.1ms]
[2026-05-06 13:48:48] MOVE asha (blue): 103→105 [0.2ms]
[2026-05-06 13:48:48] MOVE chetan (red): 19→31 [0.1ms]
[2026-05-06 13:48:49] MOVE asha (blue): 104→106 [0.2ms]
[2026-05-06 13:48:49] MOVE chetan (red): 31→30 [0.1ms]
[2026-05-06 13:48:49] MOVE asha (blue): 105→104 [0.2ms]
[2026-05-06 13:48:50] MOVE chetan (red): 30→29 [0.1ms]
[2026-05-06 13:48:50] MOVE asha (blue): 106→105 [0.3ms]
[2026-05-06 13:48:50] MOVE chetan (red): 29→28 [0.2ms]
[2026-05-06 13:48:50] MOVE asha (blue): 104→106 [0.1ms]
[2026-05-06 13:48:50] MOVE chetan (red): 28→15 [0.1ms]
[2026-05-06 13:48:51] MOVE asha (blue): 105→107 [0.4ms]
[2026-05-06 13:48:51] MOVE chetan (red): 15→14 [0.1ms]
[2026-05-06 13:48:51] MOVE asha (blue): 106→93 [0.1ms]
[2026-05-06 13:48:52] MOVE chetan (red): 14→13 [0.1ms]
[2026-05-06 13:48:52] MOVE asha (blue): 107→94 [0.1ms]
[2026-05-06 13:48:52] MOVE chetan (red): 13→26 [0.1ms]
[2026-05-06 13:48:52] MOVE asha (blue): 93→92 [0.2ms]
[2026-05-06 13:48:53] MOVE chetan (red): 26→27 [0.2ms]
[2026-05-06 13:48:53] MOVE asha (blue): 94→93 [0.1ms]
[2026-05-06 13:48:53] MOVE chetan (red): 27→14 [0.1ms]
[2026-05-06 13:48:53] MOVE asha (blue): 92→105 [0.2ms]
[2026-05-06 13:48:53] MOVE chetan (red): 14→15 [0.1ms]
[2026-05-06 13:48:53] MOVE asha (blue): 93→106 [0.1ms]
[2026-05-06 13:48:53] MOVE chetan (red): 15→16 [0.1ms]
[2026-05-06 13:48:54] MOVE asha (blue): 105→104 [0.1ms]
[2026-05-06 13:48:54] MOVE chetan (red): 16→17 [0.4ms]
[2026-05-06 13:48:54] MOVE asha (blue): 106→105 [0.1ms]
[2026-05-06 13:48:54] MOVE chetan (red): 17→18 [0.1ms]
[2026-05-06 13:48:54] MOVE asha (blue): 104→106 [0.2ms]
[2026-05-06 13:48:54] MOVE chetan (red): 18→19 [0.1ms]
[2026-05-06 13:48:55] MOVE asha (blue): 105→104 [0.1ms]
[2026-05-06 13:48:55] MOVE chetan (red): 19→31 [0.1ms]
[2026-05-06 13:48:55] MOVE asha (blue): 106→93 [0.1ms]
[2026-05-06 13:48:55] MOVE chetan (red): 31→30 [0.1ms]
[2026-05-06 13:48:55] MOVE asha (blue): 104→103 [0.1ms]
[2026-05-06 13:48:55] MOVE chetan (red): 30→29 [0.1ms]
[2026-05-06 13:48:56] MOVE asha (blue): 93→92 [0.1ms]
[2026-05-06 13:48:56] MOVE chetan (red): 29→28 [0.1ms]
[2026-05-06 13:48:56] MOVE asha (blue): 103→102 [0.1ms]
[2026-05-06 13:48:56] MOVE chetan (red): 28→15 [0.1ms]
[2026-05-06 13:48:56] MOVE asha (blue): 92→105 [0.1ms]
[2026-05-06 13:48:56] MOVE chetan (red): 15→14 [0.1ms]
[2026-05-06 13:48:57] MOVE asha (blue): 102→89 [0.1ms]
[2026-05-06 13:48:57] MOVE chetan (red): 14→13 [0.1ms]
[2026-05-06 13:48:57] MOVE asha (blue): 105→104 [0.2ms]
[2026-05-06 13:48:57] MOVE chetan (red): 13→26 [0.1ms]
[2026-05-06 13:48:57] MOVE asha (blue): 89→90 [0.2ms]
[2026-05-06 13:48:57] MOVE chetan (red): 26→27 [0.1ms]
[2026-05-06 13:48:57] MOVE asha (blue): 104→103 [0.1ms]
[2026-05-06 13:48:58] MOVE chetan (red): 27→14 [0.1ms]
[2026-05-06 13:48:58] MOVE asha (blue): 90→91 [0.1ms]
[2026-05-06 13:48:58] MOVE chetan (red): 14→15 [0.3ms]
[2026-05-06 13:48:58] MOVE asha (blue): 103→102 [0.1ms]
[2026-05-06 13:48:58] MOVE chetan (red): 15→16 [0.2ms]
[2026-05-06 13:48:58] MOVE asha (blue): 91→103 [0.2ms]
[2026-05-06 13:48:59] MOVE chetan (red): 16→17 [0.1ms]
[2026-05-06 13:48:59] MOVE asha (blue): 102→89 [0.1ms]
[2026-05-06 13:48:59] MOVE chetan (red): 17→18 [0.1ms]
[2026-05-06 13:48:59] MOVE asha (blue): 103→102 [0.1ms]
[2026-05-06 13:48:59] MOVE chetan (red): 18→19 [0.1ms]
[2026-05-06 13:48:59] MOVE asha (blue): 89→90 [0.1ms]
[2026-05-06 13:49:00] MOVE chetan (red): 19→31 [20.8ms]
[2026-05-06 13:49:00] MOVE asha (blue): 102→89 [3.7ms]
[2026-05-06 13:49:00] MOVE chetan (red): 31→30 [0.2ms]
[2026-05-06 13:49:00] MOVE asha (blue): 90→91 [0.2ms]
[2026-05-06 13:49:00] MOVE chetan (red): 30→29 [0.2ms]
[2026-05-06 13:49:00] MOVE asha (blue): 89→90 [0.1ms]
[2026-05-06 13:49:01] MOVE chetan (red): 29→28 [0.1ms]
[2026-05-06 13:49:01] MOVE asha (blue): 91→103 [0.1ms]
[2026-05-06 13:49:01] MOVE chetan (red): 28→15 [0.3ms]
[2026-05-06 13:49:01] MOVE asha (blue): 90→91 [0.1ms]
[2026-05-06 13:49:01] MOVE chetan (red): 15→14 [0.1ms]
[2026-05-06 13:49:01] MOVE asha (blue): 103→102 [0.1ms]
[2026-05-06 13:49:02] MOVE chetan (red): 14→13 [0.4ms]
[2026-05-06 13:49:02] MOVE asha (blue): 91→103 [0.1ms]
[2026-05-06 13:49:02] MOVE chetan (red): 13→26 [0.4ms]
[2026-05-06 13:49:02] MOVE asha (blue): 102→104 [0.2ms]
[2026-05-06 13:49:02] MOVE chetan (red): 26→27 [0.4ms]
[2026-05-06 13:49:02] MOVE asha (blue): 103→105 [0.4ms]
[2026-05-06 13:49:03] MOVE chetan (red): 27→14 [0.1ms]
[2026-05-06 13:49:03] MOVE asha (blue): 104→106 [0.1ms]
[2026-05-06 13:49:03] MOVE chetan (red): 14→15 [0.1ms]
[2026-05-06 13:49:03] MOVE asha (blue): 105→104 [0.1ms]
[2026-05-06 13:49:03] MOVE chetan (red): 15→16 [0.2ms]
[2026-05-06 13:49:03] MOVE asha (blue): 106→105 [0.2ms]
[2026-05-06 13:49:04] MOVE chetan (red): 16→17 [0.2ms]
[2026-05-06 13:49:04] MOVE asha (blue): 104→106 [0.2ms]
[2026-05-06 13:49:04] MOVE chetan (red): 17→18 [0.1ms]
[2026-05-06 13:49:04] MOVE asha (blue): 105→107 [0.2ms]
[2026-05-06 13:49:04] MOVE chetan (red): 18→19 [0.2ms]
[2026-05-06 13:49:04] MOVE asha (blue): 106→93 [0.5ms]
[2026-05-06 13:49:05] MOVE chetan (red): 19→31 [0.2ms]
[2026-05-06 13:49:05] MOVE asha (blue): 107→94 [0.3ms]
[2026-05-06 13:49:05] MOVE chetan (red): 31→30 [0.2ms]
[2026-05-06 13:49:05] MOVE asha (blue): 93→92 [0.1ms]
[2026-05-06 13:49:05] MOVE chetan (red): 30→29 [0.1ms]
[2026-05-06 13:49:05] MOVE asha (blue): 94→93 [0.1ms]
[2026-05-06 13:49:06] MOVE chetan (red): 29→28 [0.1ms]
[2026-05-06 13:49:06] MOVE asha (blue): 92→105 [0.1ms]
[2026-05-06 13:49:06] MOVE chetan (red): 28→15 [0.2ms]
[2026-05-06 13:49:06] MOVE asha (blue): 93→106 [0.2ms]
[2026-05-06 13:49:06] MOVE chetan (red): 15→14 [0.2ms]
[2026-05-06 13:49:06] MOVE asha (blue): 105→104 [0.2ms]
[2026-05-06 13:49:07] MOVE chetan (red): 14→13 [0.2ms]
[2026-05-06 13:49:07] MOVE asha (blue): 106→105 [0.2ms]
[2026-05-06 13:49:07] MOVE chetan (red): 13→26 [0.3ms]
[2026-05-06 13:49:07] MOVE asha (blue): 104→106 [0.1ms]
[2026-05-06 13:49:07] MOVE chetan (red): 26→27 [0.2ms]
[2026-05-06 13:49:07] MOVE asha (blue): 105→104 [0.2ms]
[2026-05-06 13:49:08] MOVE chetan (red): 27→14 [0.1ms]
[2026-05-06 13:49:08] MOVE asha (blue): 106→93 [0.1ms]
[2026-05-06 13:49:08] MOVE chetan (red): 14→15 [0.2ms]
[2026-05-06 13:49:08] MOVE asha (blue): 104→103 [0.2ms]
[2026-05-06 13:49:08] MOVE chetan (red): 15→16 [0.2ms]
[2026-05-06 13:49:08] MOVE asha (blue): 93→92 [0.4ms]
[2026-05-06 13:49:09] MOVE chetan (red): 16→17 [0.3ms]
[2026-05-06 13:49:09] MOVE asha (blue): 103→102 [0.3ms]
[2026-05-06 13:49:09] MOVE chetan (red): 17→18 [0.1ms]
[2026-05-06 13:49:09] MOVE asha (blue): 92→105 [0.2ms]
[2026-05-06 13:49:09] MOVE chetan (red): 18→19 [0.1ms]
[2026-05-06 13:49:10] MOVE asha (blue): 102→89 [0.2ms]
[2026-05-06 13:49:10] MOVE chetan (red): 19→31 [0.2ms]
[2026-05-06 13:49:10] MOVE asha (blue): 105→104 [0.4ms]
[2026-05-06 13:49:10] MOVE chetan (red): 31→30 [0.3ms]
[2026-05-06 13:49:10] MOVE asha (blue): 89→90 [0.1ms]
[2026-05-06 13:49:10] MOVE chetan (red): 30→29 [0.6ms]
[2026-05-06 13:49:11] MOVE asha (blue): 104→103 [0.3ms]
[2026-05-06 13:49:11] MOVE chetan (red): 29→28 [0.1ms]
[2026-05-06 13:49:11] MOVE asha (blue): 90→91 [0.2ms]
[2026-05-06 13:49:11] MOVE chetan (red): 28→15 [0.8ms]
[2026-05-06 13:49:11] MOVE asha (blue): 103→102 [0.1ms]
[2026-05-06 13:49:11] MOVE chetan (red): 15→14 [0.2ms]
[2026-05-06 13:49:12] MOVE asha (blue): 91→103 [0.4ms]
[2026-05-06 13:49:12] MOVE chetan (red): 14→13 [0.2ms]
[2026-05-06 13:49:12] MOVE asha (blue): 102→89 [0.2ms]
[2026-05-06 13:49:12] MOVE chetan (red): 13→26 [0.2ms]
[2026-05-06 13:49:12] MOVE asha (blue): 103→102 [0.1ms]
[2026-05-06 13:49:12] MOVE chetan (red): 26→27 [0.2ms]
[2026-05-06 13:49:13] MOVE asha (blue): 89→90 [0.6ms]
[2026-05-06 13:49:13] MOVE chetan (red): 27→14 [0.2ms]
[2026-05-06 13:49:13] MOVE asha (blue): 102→89 [0.1ms]
[2026-05-06 13:49:13] MOVE chetan (red): 14→15 [0.4ms]
[2026-05-06 13:49:13] MOVE asha (blue): 90→91 [0.2ms]
[2026-05-06 13:49:13] MOVE chetan (red): 15→16 [0.2ms]
[2026-05-06 13:49:14] MOVE asha (blue): 89→90 [0.1ms]
[2026-05-06 13:49:14] MOVE chetan (red): 16→17 [0.1ms]
[2026-05-06 13:49:14] MOVE asha (blue): 91→103 [0.2ms]
[2026-05-06 13:49:14] MOVE chetan (red): 17→18 [0.1ms]
[2026-05-06 13:49:14] MOVE asha (blue): 90→91 [0.1ms]
[2026-05-06 13:49:14] MOVE chetan (red): 18→19 [0.2ms]
[2026-05-06 13:49:15] MOVE asha (blue): 103→102 [0.2ms]
[2026-05-06 13:49:15] MOVE chetan (red): 19→31 [0.2ms]
[2026-05-06 13:49:15] MOVE asha (blue): 91→103 [0.2ms]
[2026-05-06 13:49:15] MOVE chetan (red): 31→30 [0.4ms]
[2026-05-06 13:49:15] MOVE asha (blue): 102→104 [0.2ms]
[2026-05-06 13:49:15] MOVE chetan (red): 30→29 [0.3ms]
[2026-05-06 13:49:16] MOVE asha (blue): 103→105 [0.2ms]
[2026-05-06 13:49:16] MOVE chetan (red): 29→28 [0.2ms]
[2026-05-06 13:49:16] MOVE asha (blue): 104→106 [0.1ms]
[2026-05-06 13:49:16] MOVE chetan (red): 28→15 [0.2ms]
[2026-05-06 13:49:16] MOVE asha (blue): 105→104 [1.2ms]
[2026-05-06 13:49:16] MOVE chetan (red): 15→14 [0.2ms]
[2026-05-06 13:49:17] MOVE asha (blue): 106→105 [0.2ms]
[2026-05-06 13:49:17] MOVE chetan (red): 14→13 [0.2ms]
[2026-05-06 13:49:17] MOVE asha (blue): 104→106 [0.2ms]
[2026-05-06 13:49:17] MOVE chetan (red): 13→26 [0.2ms]
[2026-05-06 13:49:17] MOVE asha (blue): 105→107 [0.1ms]
[2026-05-06 13:49:17] MOVE chetan (red): 26→27 [0.3ms]
[2026-05-06 13:49:18] MOVE asha (blue): 106→93 [0.2ms]
[2026-05-06 13:49:18] MOVE chetan (red): 27→14 [0.2ms]
[2026-05-06 13:49:18] MOVE asha (blue): 107→94 [0.1ms]
[2026-05-06 13:49:18] MOVE chetan (red): 14→15 [0.2ms]
[2026-05-06 13:49:18] MOVE asha (blue): 93→92 [0.2ms]
[2026-05-06 13:49:18] MOVE chetan (red): 15→16 [0.2ms]
[2026-05-06 13:49:19] MOVE asha (blue): 94→93 [0.2ms]
[2026-05-06 13:49:19] MOVE chetan (red): 16→17 [0.1ms]
[2026-05-06 13:49:19] MOVE asha (blue): 92→105 [0.1ms]
[2026-05-06 13:49:19] MOVE chetan (red): 17→18 [0.5ms]
[2026-05-06 13:49:19] MOVE asha (blue): 93→106 [0.1ms]
[2026-05-06 13:49:19] MOVE chetan (red): 18→19 [0.2ms]
[2026-05-06 13:49:20] MOVE asha (blue): 105→104 [0.2ms]
[2026-05-06 13:49:20] MOVE chetan (red): 19→31 [0.2ms]
[2026-05-06 13:49:20] MOVE asha (blue): 106→105 [0.2ms]
[2026-05-06 13:49:20] MOVE chetan (red): 31→30 [0.1ms]
[2026-05-06 13:49:20] MOVE asha (blue): 104→106 [0.2ms]
[2026-05-06 13:49:20] MOVE chetan (red): 30→29 [0.3ms]
[2026-05-06 13:49:21] MOVE asha (blue): 105→104 [0.1ms]
[2026-05-06 13:49:21] MOVE chetan (red): 29→28 [0.1ms]
[2026-05-06 13:49:21] MOVE asha (blue): 106→93 [0.1ms]
[2026-05-06 13:49:21] MOVE chetan (red): 28→15 [0.2ms]
[2026-05-06 13:49:21] MOVE asha (blue): 104→103 [1.1ms]
[2026-05-06 13:49:21] MOVE chetan (red): 15→14 [0.2ms]
[2026-05-06 13:49:22] MOVE asha (blue): 93→92 [0.1ms]
[2026-05-06 13:49:22] MOVE chetan (red): 14→13 [0.2ms]
[2026-05-06 13:49:22] MOVE asha (blue): 103→102 [0.2ms]
[2026-05-06 13:49:22] MOVE chetan (red): 13→26 [0.1ms]
[2026-05-06 13:49:22] MOVE asha (blue): 92→105 [0.2ms]
[2026-05-06 13:49:22] MOVE chetan (red): 26→27 [0.2ms]
[2026-05-06 13:49:23] MOVE asha (blue): 102→89 [0.2ms]
[2026-05-06 13:49:23] MOVE chetan (red): 27→14 [0.1ms]
[2026-05-06 13:49:23] MOVE asha (blue): 105→104 [0.1ms]
[2026-05-06 13:49:23] MOVE chetan (red): 14→15 [0.2ms]
[2026-05-06 13:49:23] MOVE asha (blue): 89→90 [0.9ms]
[2026-05-06 13:49:23] MOVE chetan (red): 15→16 [0.1ms]
[2026-05-06 13:49:24] MOVE asha (blue): 104→103 [0.4ms]
[2026-05-06 13:49:24] MOVE chetan (red): 16→17 [2.9ms]
[2026-05-06 13:49:24] MOVE asha (blue): 90→91 [3.1ms]
[2026-05-06 13:49:24] MOVE chetan (red): 17→18 [0.1ms]
[2026-05-06 13:49:24] MOVE asha (blue): 103→102 [0.2ms]
[2026-05-06 13:49:24] MOVE chetan (red): 18→19 [18.7ms]
[2026-05-06 13:49:25] MOVE asha (blue): 91→103 [0.2ms]
[2026-05-06 13:49:25] MOVE chetan (red): 19→31 [0.2ms]
[2026-05-06 13:49:25] MOVE asha (blue): 102→89 [0.2ms]
[2026-05-06 13:49:25] MOVE chetan (red): 31→30 [0.2ms]
[2026-05-06 13:49:25] MOVE asha (blue): 103→102 [0.2ms]
[2026-05-06 13:49:26] MOVE chetan (red): 30→29 [0.1ms]
[2026-05-06 13:49:26] MOVE asha (blue): 89→90 [0.2ms]
[2026-05-06 13:49:26] MOVE chetan (red): 29→28 [0.2ms]
[2026-05-06 13:49:26] MOVE asha (blue): 102→89 [0.3ms]
[2026-05-06 13:49:26] MOVE chetan (red): 28→15 [0.1ms]
[2026-05-06 13:49:26] MOVE asha (blue): 90→91 [0.3ms]
[2026-05-06 13:49:27] MOVE chetan (red): 15→14 [0.2ms]
[2026-05-06 13:49:27] MOVE asha (blue): 89→90 [0.2ms]
[2026-05-06 13:49:27] MOVE chetan (red): 14→13 [0.1ms]
[2026-05-06 13:49:27] MOVE asha (blue): 91→103 [0.2ms]
[2026-05-06 13:49:27] MOVE chetan (red): 13→26 [0.1ms]
[2026-05-06 13:49:27] MOVE asha (blue): 90→91 [0.1ms]
[2026-05-06 13:49:28] MOVE chetan (red): 26→27 [0.2ms]
[2026-05-06 13:49:28] MOVE asha (blue): 103→102 [0.1ms]
[2026-05-06 13:49:28] MOVE chetan (red): 27→14 [0.1ms]
[2026-05-06 13:49:28] MOVE asha (blue): 91→103 [0.4ms]
[2026-05-06 13:49:28] MOVE chetan (red): 14→15 [0.2ms]
[2026-05-06 13:49:29] MOVE asha (blue): 102→104 [0.2ms]
[2026-05-06 13:49:29] MOVE chetan (red): 15→16 [0.2ms]
[2026-05-06 13:49:29] MOVE asha (blue): 103→105 [0.3ms]
[2026-05-06 13:49:29] MOVE chetan (red): 16→17 [0.2ms]
[2026-05-06 13:49:29] MOVE asha (blue): 104→106 [0.1ms]
[2026-05-06 13:49:29] MOVE chetan (red): 17→18 [0.1ms]
[2026-05-06 13:49:30] MOVE asha (blue): 105→104 [0.2ms]
[2026-05-06 13:49:30] MOVE chetan (red): 18→19 [0.3ms]
[2026-05-06 13:49:30] MOVE asha (blue): 106→105 [0.2ms]
[2026-05-06 13:49:30] MOVE chetan (red): 19→31 [0.3ms]
[2026-05-06 13:49:30] MOVE asha (blue): 104→106 [0.1ms]
[2026-05-06 13:49:30] MOVE chetan (red): 31→30 [0.1ms]
[2026-05-06 13:49:31] MOVE asha (blue): 105→107 [1.1ms]
[2026-05-06 13:49:31] MOVE chetan (red): 30→29 [0.1ms]
[2026-05-06 13:49:31] MOVE asha (blue): 106→93 [0.1ms]
[2026-05-06 13:49:31] MOVE chetan (red): 29→28 [0.1ms]
[2026-05-06 13:49:31] MOVE asha (blue): 107→94 [0.3ms]
[2026-05-06 13:49:31] MOVE chetan (red): 28→15 [0.2ms]
[2026-05-06 13:49:32] MOVE asha (blue): 93→92 [0.6ms]
[2026-05-06 13:49:32] MOVE chetan (red): 15→14 [0.1ms]
[2026-05-06 13:49:32] MOVE asha (blue): 94→93 [0.2ms]
[2026-05-06 13:49:32] MOVE chetan (red): 14→13 [0.1ms]
[2026-05-06 13:49:32] MOVE asha (blue): 92→105 [0.4ms]
[2026-05-06 13:49:32] MOVE chetan (red): 13→26 [0.2ms]
[2026-05-06 13:49:33] MOVE asha (blue): 93→106 [0.2ms]
[2026-05-06 13:49:33] MOVE chetan (red): 26→27 [0.3ms]
[2026-05-06 13:49:33] MOVE asha (blue): 105→104 [0.3ms]
[2026-05-06 13:49:33] MOVE chetan (red): 27→14 [0.1ms]
[2026-05-06 13:49:33] MOVE asha (blue): 106→105 [0.2ms]
[2026-05-06 13:49:33] MOVE chetan (red): 14→15 [0.2ms]
[2026-05-06 13:49:34] MOVE asha (blue): 104→106 [0.3ms]
[2026-05-06 13:49:34] MOVE chetan (red): 15→16 [0.2ms]
[2026-05-06 13:49:34] MOVE asha (blue): 105→104 [0.1ms]
[2026-05-06 13:49:34] MOVE chetan (red): 16→17 [0.3ms]
[2026-05-06 13:49:34] MOVE asha (blue): 106→93 [0.2ms]
[2026-05-06 13:49:34] MOVE chetan (red): 17→18 [0.1ms]
[2026-05-06 13:49:35] MOVE asha (blue): 104→103 [0.1ms]
[2026-05-06 13:49:35] MOVE chetan (red): 18→19 [0.2ms]
[2026-05-06 13:49:35] MOVE asha (blue): 93→92 [0.1ms]
[2026-05-06 13:49:35] MOVE chetan (red): 19→31 [0.2ms]
[2026-05-06 13:49:35] MOVE asha (blue): 103→102 [0.1ms]
[2026-05-06 13:49:35] MOVE chetan (red): 31→30 [0.2ms]
[2026-05-06 13:49:36] MOVE asha (blue): 92→105 [0.3ms]
[2026-05-06 13:49:36] MOVE chetan (red): 30→29 [0.1ms]
[2026-05-06 13:49:36] MOVE asha (blue): 102→89 [0.2ms]
[2026-05-06 13:49:36] MOVE chetan (red): 29→28 [0.2ms]
[2026-05-06 13:49:36] MOVE asha (blue): 105→104 [0.4ms]
[2026-05-06 13:49:36] MOVE chetan (red): 28→15 [0.2ms]
[2026-05-06 13:49:37] MOVE asha (blue): 89→90 [0.1ms]
[2026-05-06 13:49:37] MOVE chetan (red): 15→14 [0.4ms]
[2026-05-06 13:49:37] MOVE asha (blue): 104→103 [0.2ms]
[2026-05-06 13:49:37] MOVE chetan (red): 14→13 [0.4ms]
[2026-05-06 13:49:37] MOVE asha (blue): 90→91 [0.1ms]
[2026-05-06 13:49:38] MOVE chetan (red): 13→26 [0.3ms]
[2026-05-06 13:49:38] MOVE asha (blue): 103→102 [0.2ms]
[2026-05-06 13:49:38] MOVE chetan (red): 26→27 [0.2ms]
[2026-05-06 13:49:38] MOVE asha (blue): 91→103 [0.2ms]
[2026-05-06 13:49:38] MOVE chetan (red): 27→14 [0.2ms]
[2026-05-06 13:49:38] MOVE asha (blue): 102→89 [0.2ms]
[2026-05-06 13:49:39] MOVE chetan (red): 14→15 [0.3ms]
[2026-05-06 13:49:39] MOVE asha (blue): 103→102 [0.3ms]
[2026-05-06 13:49:39] MOVE chetan (red): 15→16 [0.2ms]
[2026-05-06 13:49:39] MOVE asha (blue): 89→90 [0.3ms]
[2026-05-06 13:49:39] MOVE chetan (red): 16→17 [0.3ms]
[2026-05-06 13:49:39] MOVE asha (blue): 102→89 [0.2ms]
[2026-05-06 13:49:40] MOVE chetan (red): 17→18 [0.2ms]
[2026-05-06 13:49:40] MOVE asha (blue): 90→91 [0.2ms]
[2026-05-06 13:49:40] MOVE chetan (red): 18→19 [0.2ms]
[2026-05-06 13:49:40] MOVE asha (blue): 89→90 [0.2ms]
[2026-05-06 13:49:40] MOVE chetan (red): 19→31 [0.3ms]
[2026-05-06 13:49:41] MOVE asha (blue): 91→103 [0.2ms]
[2026-05-06 13:49:41] MOVE chetan (red): 31→30 [0.2ms]
[2026-05-06 13:49:41] MOVE asha (blue): 90→91 [0.1ms]
[2026-05-06 13:49:41] MOVE chetan (red): 30→29 [0.2ms]
[2026-05-06 13:49:41] MOVE asha (blue): 103→102 [0.5ms]
[2026-05-06 13:49:41] MOVE chetan (red): 29→28 [0.2ms]
[2026-05-06 13:49:42] MOVE asha (blue): 91→103 [0.2ms]
[2026-05-06 13:49:42] MOVE chetan (red): 28→15 [0.1ms]
[2026-05-06 13:49:42] MOVE asha (blue): 102→104 [0.1ms]
[2026-05-06 13:49:42] MOVE chetan (red): 15→14 [0.2ms]
[2026-05-06 13:49:42] MOVE asha (blue): 103→105 [0.1ms]
[2026-05-06 13:49:42] MOVE chetan (red): 14→13 [0.3ms]
[2026-05-06 13:49:43] MOVE asha (blue): 104→106 [0.4ms]
[2026-05-06 13:49:43] MOVE chetan (red): 13→26 [0.2ms]
[2026-05-06 13:49:43] MOVE asha (blue): 105→104 [0.1ms]
[2026-05-06 13:49:43] MOVE chetan (red): 26→27 [0.2ms]
[2026-05-06 13:49:43] MOVE asha (blue): 106→105 [0.3ms]
[2026-05-06 13:49:43] MOVE chetan (red): 27→14 [0.4ms]
[2026-05-06 13:49:44] MOVE asha (blue): 104→106 [0.2ms]
[2026-05-06 13:49:44] MOVE chetan (red): 14→15 [0.2ms]
[2026-05-06 13:49:44] MOVE asha (blue): 105→107 [0.2ms]
[2026-05-06 13:49:44] MOVE chetan (red): 15→16 [0.3ms]
[2026-05-06 13:49:44] MOVE asha (blue): 106→93 [0.1ms]
[2026-05-06 13:49:44] MOVE chetan (red): 16→17 [0.2ms]
[2026-05-06 13:49:45] MOVE asha (blue): 107→94 [0.2ms]
[2026-05-06 13:49:45] MOVE chetan (red): 17→18 [0.3ms]
[2026-05-06 13:49:45] MOVE asha (blue): 93→92 [0.3ms]
[2026-05-06 13:49:45] MOVE chetan (red): 18→19 [0.1ms]
[2026-05-06 13:49:45] MOVE asha (blue): 94→93 [0.2ms]
[2026-05-06 13:49:45] MOVE chetan (red): 19→31 [0.1ms]
[2026-05-06 13:49:46] MOVE asha (blue): 92→105 [0.1ms]
[2026-05-06 13:49:46] MOVE chetan (red): 31→30 [0.1ms]
[2026-05-06 13:49:46] MOVE asha (blue): 93→106 [0.3ms]
[2026-05-06 13:49:46] MOVE chetan (red): 30→29 [0.2ms]
[2026-05-06 13:49:46] MOVE asha (blue): 105→104 [0.1ms]
[2026-05-06 13:49:46] MOVE chetan (red): 29→28 [0.1ms]
[2026-05-06 13:49:47] MOVE asha (blue): 106→105 [0.2ms]
[2026-05-06 13:49:47] MOVE chetan (red): 28→15 [0.2ms]
[2026-05-06 13:49:47] MOVE asha (blue): 104→106 [0.2ms]
[2026-05-06 13:49:47] MOVE chetan (red): 15→14 [0.2ms]
[2026-05-06 13:49:47] MOVE asha (blue): 105→104 [0.1ms]
[2026-05-06 13:49:48] MOVE chetan (red): 14→13 [0.1ms]
[2026-05-06 13:49:48] MOVE asha (blue): 106→93 [0.2ms]
[2026-05-06 13:49:48] MOVE chetan (red): 13→26 [0.1ms]
[2026-05-06 13:49:48] MOVE asha (blue): 104→103 [0.2ms]
[2026-05-06 13:49:48] MOVE chetan (red): 26→27 [0.2ms]
[2026-05-06 13:49:48] MOVE asha (blue): 93→92 [0.2ms]
[2026-05-06 13:49:49] MOVE chetan (red): 27→14 [0.3ms]
[2026-05-06 13:49:49] MOVE asha (blue): 103→102 [0.2ms]
[2026-05-06 13:49:49] MOVE chetan (red): 14→15 [0.1ms]
[2026-05-06 13:49:49] MOVE asha (blue): 92→105 [0.1ms]
[2026-05-06 13:49:49] MOVE chetan (red): 15→16 [0.5ms]
[2026-05-06 13:49:49] MOVE asha (blue): 102→89 [0.3ms]
[2026-05-06 13:49:50] MOVE chetan (red): 16→17 [0.1ms]
[2026-05-06 13:49:50] MOVE asha (blue): 105→104 [0.4ms]
[2026-05-06 13:49:50] MOVE chetan (red): 17→18 [0.2ms]
[2026-05-06 13:49:50] MOVE asha (blue): 89→90 [0.1ms]
[2026-05-06 13:49:50] MOVE chetan (red): 18→19 [0.1ms]
[2026-05-06 13:49:50] MOVE asha (blue): 104→103 [0.3ms]
[2026-05-06 13:49:51] MOVE chetan (red): 19→31 [0.5ms]
[2026-05-06 13:49:51] MOVE asha (blue): 90→91 [0.2ms]
[2026-05-06 13:49:51] MOVE chetan (red): 31→30 [0.2ms]
[2026-05-06 13:49:51] MOVE asha (blue): 103→102 [0.1ms]
[2026-05-06 13:49:51] MOVE chetan (red): 30→29 [0.2ms]
[2026-05-06 13:49:51] MOVE asha (blue): 91→103 [0.2ms]
[2026-05-06 13:49:52] MOVE chetan (red): 29→28 [0.2ms]
[2026-05-06 13:49:52] MOVE asha (blue): 102→89 [0.2ms]
[2026-05-06 13:49:52] MOVE chetan (red): 28→15 [0.1ms]
[2026-05-06 13:49:52] MOVE asha (blue): 103→102 [0.3ms]
[2026-05-06 13:49:52] MOVE chetan (red): 15→14 [0.2ms]
[2026-05-06 13:49:52] MOVE asha (blue): 89→90 [0.2ms]
[2026-05-06 13:49:53] MOVE chetan (red): 14→13 [0.1ms]
[2026-05-06 13:49:53] MOVE asha (blue): 102→89 [0.2ms]
[2026-05-06 13:49:53] MOVE chetan (red): 13→26 [0.2ms]
[2026-05-06 13:49:53] MOVE asha (blue): 90→91 [0.2ms]
[2026-05-06 13:49:53] MOVE chetan (red): 26→27 [0.2ms]
[2026-05-06 13:49:53] MOVE asha (blue): 89→90 [0.1ms]
[2026-05-06 13:49:54] MOVE chetan (red): 27→14 [0.3ms]
[2026-05-06 13:49:54] MOVE asha (blue): 91→103 [0.3ms]
[2026-05-06 13:49:54] MOVE chetan (red): 14→15 [0.2ms]
[2026-05-06 13:49:54] MOVE asha (blue): 90→91 [0.1ms]
[2026-05-06 13:49:54] MOVE chetan (red): 15→16 [0.7ms]
[2026-05-06 13:49:54] MOVE asha (blue): 103→102 [0.1ms]
[2026-05-06 13:49:55] MOVE chetan (red): 16→17 [0.2ms]
[2026-05-06 13:49:55] MOVE asha (blue): 91→103 [0.1ms]
[2026-05-06 13:49:55] MOVE chetan (red): 17→18 [0.2ms]
[2026-05-06 13:49:55] MOVE asha (blue): 102→104 [0.2ms]
[2026-05-06 13:49:55] MOVE chetan (red): 18→19 [0.1ms]
[2026-05-06 13:49:56] MOVE asha (blue): 103→105 [0.2ms]
[2026-05-06 13:49:56] MOVE chetan (red): 19→31 [0.1ms]
[2026-05-06 13:49:56] MOVE asha (blue): 104→106 [0.3ms]
[2026-05-06 13:49:56] MOVE chetan (red): 31→30 [0.2ms]
[2026-05-06 13:49:56] MOVE asha (blue): 105→104 [0.2ms]
[2026-05-06 13:49:56] MOVE chetan (red): 30→29 [0.2ms]
[2026-05-06 13:49:57] MOVE asha (blue): 106→105 [0.1ms]
[2026-05-06 13:49:57] MOVE chetan (red): 29→28 [0.1ms]
[2026-05-06 13:49:57] MOVE asha (blue): 104→106 [0.3ms]
[2026-05-06 13:49:57] MOVE chetan (red): 28→15 [0.2ms]
[2026-05-06 13:49:57] MOVE asha (blue): 105→107 [3.6ms]
[2026-05-06 13:49:57] MOVE chetan (red): 15→14 [1.6ms]
[2026-05-06 13:49:58] MOVE asha (blue): 106→93 [1.1ms]
[2026-05-06 13:49:58] MOVE chetan (red): 14→13 [0.1ms]
[2026-05-06 13:49:58] MOVE asha (blue): 107→94 [5.2ms]
[2026-05-06 13:49:58] MOVE chetan (red): 13→26 [0.6ms]
[2026-05-06 13:49:58] MOVE asha (blue): 93→92 [0.4ms]
[2026-05-06 13:49:59] MOVE chetan (red): 26→27 [0.2ms]
[2026-05-06 13:49:59] MOVE asha (blue): 94→93 [0.5ms]
[2026-05-06 13:49:59] MOVE chetan (red): 27→14 [2.3ms]
[2026-05-06 13:50:00] MOVE asha (blue): 92→105 [0.5ms]
[2026-05-06 13:50:00] MOVE chetan (red): 14→15 [0.2ms]
[2026-05-06 13:50:00] MOVE asha (blue): 93→106 [1.5ms]
[2026-05-06 13:50:00] MOVE chetan (red): 15→16 [2.0ms]
[2026-05-06 13:50:01] MOVE asha (blue): 105→104 [0.2ms]
[2026-05-06 13:50:01] MOVE chetan (red): 16→17 [0.2ms]
[2026-05-06 13:50:01] MOVE asha (blue): 106→105 [0.1ms]
[2026-05-06 13:50:01] MOVE chetan (red): 17→18 [0.1ms]
[2026-05-06 13:50:02] MOVE asha (blue): 104→106 [0.1ms]
[2026-05-06 13:50:02] MOVE chetan (red): 18→19 [0.3ms]
[2026-05-06 13:50:02] MOVE asha (blue): 105→104 [0.2ms]
[2026-05-06 13:50:02] MOVE chetan (red): 19→31 [0.2ms]
[2026-05-06 13:50:02] MOVE asha (blue): 106→93 [0.1ms]
[2026-05-06 13:50:02] MOVE chetan (red): 31→30 [0.1ms]
[2026-05-06 13:50:03] MOVE asha (blue): 104→103 [0.5ms]
[2026-05-06 13:50:03] MOVE chetan (red): 30→29 [0.2ms]
[2026-05-06 13:50:03] MOVE asha (blue): 93→92 [0.1ms]
[2026-05-06 13:50:03] MOVE chetan (red): 29→28 [0.1ms]
[2026-05-06 13:50:03] MOVE asha (blue): 103→102 [0.1ms]
[2026-05-06 13:50:03] MOVE chetan (red): 28→15 [0.2ms]
[2026-05-06 13:50:04] MOVE asha (blue): 92→105 [0.3ms]
[2026-05-06 13:50:04] MOVE chetan (red): 15→14 [0.6ms]
[2026-05-06 13:50:04] MOVE asha (blue): 102→89 [0.2ms]
[2026-05-06 13:50:04] MOVE chetan (red): 14→13 [0.1ms]
[2026-05-06 13:50:04] MOVE asha (blue): 105→104 [0.1ms]
[2026-05-06 13:50:04] MOVE chetan (red): 13→26 [0.1ms]
[2026-05-06 13:50:05] MOVE asha (blue): 89→90 [0.2ms]
[2026-05-06 13:50:05] MOVE chetan (red): 26→27 [0.1ms]
[2026-05-06 13:50:05] MOVE asha (blue): 104→103 [0.3ms]
[2026-05-06 13:50:06] MOVE chetan (red): 27→14 [0.1ms]
[2026-05-06 13:50:06] MOVE asha (blue): 90→91 [0.2ms]
[2026-05-06 13:50:06] MOVE chetan (red): 14→15 [0.2ms]
[2026-05-06 13:50:06] MOVE asha (blue): 103→102 [0.3ms]
[2026-05-06 13:50:06] MOVE chetan (red): 15→16 [0.1ms]
[2026-05-06 13:50:06] MOVE asha (blue): 91→103 [0.2ms]
[2026-05-06 13:50:07] MOVE chetan (red): 16→17 [0.4ms]
[2026-05-06 13:50:07] MOVE asha (blue): 102→89 [0.3ms]
[2026-05-06 13:50:07] MOVE chetan (red): 17→18 [0.1ms]
[2026-05-06 13:50:07] MOVE asha (blue): 103→102 [0.1ms]
[2026-05-06 13:50:07] MOVE chetan (red): 18→19 [0.1ms]
[2026-05-06 13:50:07] MOVE asha (blue): 89→90 [0.1ms]
[2026-05-06 13:50:08] MOVE chetan (red): 19→31 [0.1ms]
[2026-05-06 13:50:08] MOVE asha (blue): 102→89 [0.3ms]
[2026-05-06 13:50:08] MOVE chetan (red): 31→30 [0.2ms]
[2026-05-06 13:50:08] MOVE asha (blue): 90→91 [0.2ms]
[2026-05-06 13:50:08] MOVE chetan (red): 30→29 [0.1ms]
[2026-05-06 13:50:08] MOVE asha (blue): 89→90 [0.1ms]
[2026-05-06 13:50:09] MOVE chetan (red): 29→28 [0.2ms]
[2026-05-06 13:50:09] MOVE asha (blue): 91→103 [0.3ms]
[2026-05-06 13:50:09] MOVE chetan (red): 28→15 [0.1ms]
[2026-05-06 13:50:09] MOVE asha (blue): 90→91 [0.2ms]
[2026-05-06 13:50:09] MOVE chetan (red): 15→14 [0.1ms]
[2026-05-06 13:50:09] MOVE asha (blue): 103→102 [0.2ms]
[2026-05-06 13:50:10] MOVE chetan (red): 14→13 [0.3ms]
[2026-05-06 13:50:10] MOVE asha (blue): 91→103 [0.2ms]
[2026-05-06 13:50:10] MOVE chetan (red): 13→26 [0.1ms]
[2026-05-06 13:50:10] MOVE asha (blue): 102→104 [0.3ms]
[2026-05-06 13:50:10] MOVE chetan (red): 26→27 [0.2ms]
[2026-05-06 13:50:10] MOVE asha (blue): 103→105 [0.1ms]
[2026-05-06 13:50:11] MOVE chetan (red): 27→14 [0.2ms]
[2026-05-06 13:50:11] MOVE asha (blue): 104→106 [0.1ms]
[2026-05-06 13:50:11] MOVE chetan (red): 14→15 [0.1ms]
[2026-05-06 13:50:11] MOVE asha (blue): 105→104 [0.2ms]
[2026-05-06 13:50:11] MOVE chetan (red): 15→16 [0.5ms]
[2026-05-06 13:50:11] MOVE asha (blue): 106→105 [0.1ms]
[2026-05-06 13:50:12] MOVE chetan (red): 16→17 [0.2ms]
[2026-05-06 13:50:12] MOVE asha (blue): 104→106 [0.5ms]
[2026-05-06 13:50:12] MOVE chetan (red): 17→18 [0.2ms]
[2026-05-06 13:50:12] MOVE asha (blue): 105→107 [0.2ms]
[2026-05-06 13:50:12] MOVE chetan (red): 18→19 [0.2ms]
[2026-05-06 13:50:12] MOVE asha (blue): 106→93 [0.3ms]
[2026-05-06 13:50:13] MOVE chetan (red): 19→31 [0.3ms]
[2026-05-06 13:50:13] MOVE asha (blue): 107→94 [0.1ms]
[2026-05-06 13:50:13] MOVE chetan (red): 31→30 [0.2ms]
[2026-05-06 13:50:13] MOVE asha (blue): 93→92 [0.2ms]
[2026-05-06 13:50:13] MOVE chetan (red): 30→29 [0.1ms]
[2026-05-06 13:50:13] MOVE asha (blue): 94→93 [0.4ms]
[2026-05-06 13:50:14] MOVE chetan (red): 29→28 [0.1ms]
[2026-05-06 13:50:14] MOVE asha (blue): 92→105 [0.1ms]
[2026-05-06 13:50:14] MOVE chetan (red): 28→15 [0.2ms]
[2026-05-06 13:50:14] MOVE asha (blue): 93→106 [0.4ms]
[2026-05-06 13:50:14] MOVE chetan (red): 15→14 [0.1ms]
[2026-05-06 13:50:15] MOVE asha (blue): 105→104 [0.3ms]
[2026-05-06 13:50:15] MOVE chetan (red): 14→13 [0.1ms]
[2026-05-06 13:50:15] MOVE asha (blue): 106→105 [0.2ms]
[2026-05-06 13:50:15] MOVE chetan (red): 13→26 [0.3ms]
[2026-05-06 13:50:15] MOVE asha (blue): 104→106 [0.1ms]
[2026-05-06 13:50:15] MOVE chetan (red): 26→27 [0.3ms]
[2026-05-06 13:50:16] MOVE asha (blue): 105→104 [0.2ms]
[2026-05-06 13:50:16] MOVE chetan (red): 27→14 [0.2ms]
[2026-05-06 13:50:16] MOVE asha (blue): 106→93 [0.1ms]
[2026-05-06 13:50:16] MOVE chetan (red): 14→15 [0.1ms]
[2026-05-06 13:50:16] MOVE asha (blue): 104→103 [0.2ms]
[2026-05-06 13:50:16] MOVE chetan (red): 15→16 [0.2ms]
[2026-05-06 13:50:17] MOVE asha (blue): 93→92 [0.3ms]
[2026-05-06 13:50:17] MOVE chetan (red): 16→17 [0.2ms]
[2026-05-06 13:50:17] MOVE asha (blue): 103→102 [0.1ms]
[2026-05-06 13:50:17] MOVE chetan (red): 17→18 [0.1ms]
[2026-05-06 13:50:17] MOVE asha (blue): 92→105 [0.2ms]
[2026-05-06 13:50:17] MOVE chetan (red): 18→19 [0.1ms]
[2026-05-06 13:50:18] MOVE asha (blue): 102→89 [0.3ms]
[2026-05-06 13:50:18] MOVE chetan (red): 19→31 [0.2ms]
[2026-05-06 13:50:18] MOVE asha (blue): 105→104 [0.1ms]
[2026-05-06 13:50:18] MOVE chetan (red): 31→30 [0.2ms]
[2026-05-06 13:50:18] MOVE asha (blue): 89→90 [0.7ms]
[2026-05-06 13:50:18] MOVE chetan (red): 30→29 [0.3ms]
[2026-05-06 13:50:19] MOVE asha (blue): 104→103 [0.1ms]
[2026-05-06 13:50:19] MOVE chetan (red): 29→28 [0.3ms]
[2026-05-06 13:50:19] MOVE asha (blue): 90→91 [0.2ms]
[2026-05-06 13:50:19] MOVE chetan (red): 28→15 [0.1ms]
[2026-05-06 13:50:19] MOVE asha (blue): 103→102 [0.2ms]
[2026-05-06 13:50:19] MOVE chetan (red): 15→14 [0.1ms]
[2026-05-06 13:50:20] MOVE asha (blue): 91→103 [0.1ms]
[2026-05-06 13:50:20] MOVE chetan (red): 14→13 [0.4ms]
[2026-05-06 13:50:20] MOVE asha (blue): 102→89 [0.3ms]
[2026-05-06 13:50:20] MOVE chetan (red): 13→26 [0.1ms]
[2026-05-06 13:50:20] MOVE asha (blue): 103→102 [0.2ms]
[2026-05-06 13:50:20] MOVE chetan (red): 26→27 [0.2ms]
[2026-05-06 13:50:21] MOVE asha (blue): 89→90 [0.2ms]
[2026-05-06 13:50:21] MOVE chetan (red): 27→14 [0.6ms]
[2026-05-06 13:50:21] MOVE asha (blue): 102→89 [0.4ms]
[2026-05-06 13:50:21] MOVE chetan (red): 14→15 [0.2ms]
[2026-05-06 13:50:21] MOVE asha (blue): 90→91 [0.2ms]
[2026-05-06 13:50:21] MOVE chetan (red): 15→16 [0.5ms]
[2026-05-06 13:50:22] MOVE asha (blue): 89→90 [0.2ms]
[2026-05-06 13:50:22] MOVE chetan (red): 16→17 [0.1ms]
[2026-05-06 13:50:22] MOVE asha (blue): 91→103 [0.3ms]
[2026-05-06 13:50:22] MOVE chetan (red): 17→18 [0.2ms]
[2026-05-06 13:50:22] MOVE asha (blue): 90→91 [0.1ms]
[2026-05-06 13:50:22] MOVE chetan (red): 18→19 [0.3ms]
[2026-05-06 13:50:23] MOVE asha (blue): 103→102 [0.1ms]
[2026-05-06 13:50:23] MOVE chetan (red): 19→31 [0.1ms]
[2026-05-06 13:50:23] MOVE asha (blue): 91→103 [0.1ms]
[2026-05-06 13:50:23] MOVE chetan (red): 31→30 [0.3ms]
[2026-05-06 13:50:23] MOVE asha (blue): 102→104 [0.3ms]
[2026-05-06 13:50:23] MOVE chetan (red): 30→29 [0.5ms]
[2026-05-06 13:50:24] MOVE asha (blue): 103→105 [0.2ms]
[2026-05-06 13:50:24] MOVE chetan (red): 29→28 [0.1ms]
[2026-05-06 13:50:24] MOVE asha (blue): 104→106 [0.2ms]
[2026-05-06 13:50:24] MOVE chetan (red): 28→15 [0.1ms]
[2026-05-06 13:50:24] MOVE asha (blue): 105→104 [0.2ms]
[2026-05-06 13:50:25] MOVE chetan (red): 15→14 [0.2ms]
[2026-05-06 13:50:25] MOVE asha (blue): 106→105 [0.2ms]
[2026-05-06 13:50:25] MOVE chetan (red): 14→13 [0.3ms]
[2026-05-06 13:50:25] MOVE asha (blue): 104→106 [0.1ms]
[2026-05-06 13:50:25] MOVE chetan (red): 13→26 [1.2ms]
[2026-05-06 13:50:25] MOVE asha (blue): 105→107 [0.1ms]
[2026-05-06 13:50:26] MOVE chetan (red): 26→27 [0.2ms]
[2026-05-06 13:50:26] MOVE asha (blue): 106→93 [0.2ms]
[2026-05-06 13:50:26] MOVE chetan (red): 27→14 [0.1ms]
[2026-05-06 13:50:26] MOVE asha (blue): 107→94 [0.2ms]
[2026-05-06 13:50:26] MOVE chetan (red): 14→15 [0.2ms]
[2026-05-06 13:50:26] MOVE asha (blue): 93→92 [0.1ms]
[2026-05-06 13:50:27] MOVE chetan (red): 15→16 [0.2ms]
[2026-05-06 13:50:27] MOVE asha (blue): 94→93 [0.3ms]
[2026-05-06 13:50:27] MOVE chetan (red): 16→17 [0.2ms]
[2026-05-06 13:50:27] MOVE asha (blue): 92→105 [0.2ms]
[2026-05-06 13:50:27] MOVE chetan (red): 17→18 [0.2ms]
[2026-05-06 13:50:27] MOVE asha (blue): 93→106 [0.2ms]
[2026-05-06 13:50:28] MOVE chetan (red): 18→19 [0.2ms]
[2026-05-06 13:50:28] MOVE asha (blue): 105→104 [0.1ms]
[2026-05-06 13:50:28] MOVE chetan (red): 19→31 [0.1ms]
[2026-05-06 13:50:28] MOVE asha (blue): 106→105 [0.2ms]
[2026-05-06 13:50:28] MOVE chetan (red): 31→30 [0.1ms]
[2026-05-06 13:50:28] MOVE asha (blue): 104→106 [0.1ms]
[2026-05-06 13:50:28] MOVE chetan (red): 30→29 [0.2ms]
[2026-05-06 13:50:29] MOVE asha (blue): 105→104 [0.1ms]
[2026-05-06 13:50:29] MOVE chetan (red): 29→28 [0.2ms]
[2026-05-06 13:50:29] MOVE asha (blue): 106→93 [0.2ms]
[2026-05-06 13:50:29] MOVE chetan (red): 28→15 [0.3ms]
[2026-05-06 13:50:29] MOVE asha (blue): 104→103 [0.1ms]
[2026-05-06 13:50:30] MOVE chetan (red): 15→14 [0.4ms]
[2026-05-06 13:50:30] MOVE asha (blue): 93→92 [0.4ms]
[2026-05-06 13:50:30] MOVE chetan (red): 14→13 [0.2ms]
[2026-05-06 13:50:30] MOVE asha (blue): 103→102 [0.3ms]
[2026-05-06 13:50:30] MOVE chetan (red): 13→26 [0.1ms]
[2026-05-06 13:50:31] MOVE asha (blue): 92→105 [0.2ms]
[2026-05-06 13:50:31] MOVE chetan (red): 26→27 [0.1ms]
[2026-05-06 13:50:31] MOVE asha (blue): 102→89 [0.3ms]
[2026-05-06 13:50:31] MOVE chetan (red): 27→14 [0.2ms]
[2026-05-06 13:50:31] MOVE asha (blue): 105→104 [0.2ms]
[2026-05-06 13:50:32] MOVE chetan (red): 14→15 [0.4ms]
[2026-05-06 13:50:32] MOVE asha (blue): 89→90 [0.2ms]
[2026-05-06 13:50:32] MOVE chetan (red): 15→16 [0.2ms]
[2026-05-06 13:50:32] MOVE asha (blue): 104→103 [0.1ms]
[2026-05-06 13:50:32] MOVE chetan (red): 16→17 [0.2ms]
[2026-05-06 13:50:33] MOVE asha (blue): 90→91 [0.2ms]
[2026-05-06 13:50:33] MOVE chetan (red): 17→18 [0.2ms]
[2026-05-06 13:50:33] MOVE asha (blue): 103→102 [0.2ms]
[2026-05-06 13:50:33] MOVE chetan (red): 18→19 [0.2ms]
[2026-05-06 13:50:34] MOVE asha (blue): 91→103 [0.3ms]
[2026-05-06 13:50:34] MOVE chetan (red): 19→31 [0.1ms]
[2026-05-06 13:50:34] MOVE asha (blue): 102→89 [0.1ms]
[2026-05-06 13:50:34] MOVE chetan (red): 31→30 [0.1ms]
[2026-05-06 13:50:35] MOVE asha (blue): 103→102 [0.3ms]
[2026-05-06 13:50:35] MOVE chetan (red): 30→29 [0.2ms]
[2026-05-06 13:50:35] MOVE asha (blue): 89→90 [0.3ms]
[2026-05-06 13:50:36] MOVE chetan (red): 29→28 [0.3ms]
[2026-05-06 13:50:36] MOVE asha (blue): 102→89 [0.2ms]
[2026-05-06 13:50:36] MOVE chetan (red): 28→15 [0.2ms]
[2026-05-06 13:50:36] MOVE asha (blue): 90→91 [0.2ms]
[2026-05-06 13:50:36] MOVE chetan (red): 15→14 [0.2ms]
[2026-05-06 13:50:37] MOVE asha (blue): 89→90 [0.2ms]
[2026-05-06 13:50:37] MOVE chetan (red): 14→13 [0.1ms]
[2026-05-06 13:50:37] MOVE asha (blue): 91→103 [0.1ms]
[2026-05-06 13:50:38] MOVE chetan (red): 13→26 [0.2ms]
[2026-05-06 13:50:38] MOVE asha (blue): 90→91 [0.1ms]
[2026-05-06 13:50:38] MOVE chetan (red): 26→27 [0.1ms]
[2026-05-06 13:50:38] MOVE asha (blue): 103→102 [0.6ms]
[2026-05-06 13:50:39] MOVE chetan (red): 27→14 [0.5ms]
[2026-05-06 13:50:39] MOVE asha (blue): 91→103 [0.1ms]
[2026-05-06 13:50:39] MOVE chetan (red): 14→15 [0.1ms]
[2026-05-06 13:50:39] MOVE asha (blue): 102→104 [0.3ms]
[2026-05-06 13:50:40] MOVE chetan (red): 15→16 [0.2ms]
[2026-05-06 13:50:40] MOVE asha (blue): 103→105 [0.1ms]
[2026-05-06 13:50:40] MOVE chetan (red): 16→17 [0.4ms]
[2026-05-06 13:50:40] MOVE asha (blue): 104→106 [0.2ms]
[2026-05-06 13:50:41] MOVE chetan (red): 17→18 [0.2ms]
[2026-05-06 13:50:41] MOVE asha (blue): 105→104 [0.1ms]
[2026-05-06 13:50:41] MOVE chetan (red): 18→19 [0.1ms]
[2026-05-06 13:50:42] MOVE asha (blue): 106→105 [0.6ms]
[2026-05-06 13:50:42] MOVE chetan (red): 19→31 [0.1ms]
[2026-05-06 13:50:42] MOVE asha (blue): 104→106 [0.2ms]
[2026-05-06 13:50:43] MOVE chetan (red): 31→30 [0.9ms]
[2026-05-06 13:50:43] MOVE asha (blue): 105→107 [0.6ms]
[2026-05-06 13:50:43] MOVE chetan (red): 30→29 [0.4ms]
[2026-05-06 13:50:43] MOVE asha (blue): 106→93 [0.2ms]
[2026-05-06 13:50:43] MOVE chetan (red): 29→28 [0.6ms]
[2026-05-06 13:50:44] MOVE asha (blue): 107→94 [0.2ms]
[2026-05-06 13:50:44] MOVE chetan (red): 28→15 [0.4ms]
[2026-05-06 13:50:44] MOVE asha (blue): 93→92 [0.3ms]
[2026-05-06 13:50:45] MOVE chetan (red): 15→14 [0.3ms]
[2026-05-06 13:50:45] MOVE asha (blue): 94→93 [0.1ms]
[2026-05-06 13:50:45] MOVE chetan (red): 14→13 [0.1ms]
[2026-05-06 13:50:45] MOVE asha (blue): 92→105 [0.1ms]
[2026-05-06 13:50:45] MOVE chetan (red): 13→26 [0.1ms]
[2026-05-06 13:50:45] MOVE asha (blue): 93→106 [0.2ms]
[2026-05-06 13:50:46] MOVE chetan (red): 26→27 [0.1ms]
[2026-05-06 13:50:46] MOVE asha (blue): 105→104 [0.2ms]
[2026-05-06 13:50:46] MOVE chetan (red): 27→14 [0.1ms]
[2026-05-06 13:50:46] MOVE asha (blue): 106→105 [0.2ms]
[2026-05-06 13:50:46] MOVE chetan (red): 14→15 [0.2ms]
[2026-05-06 13:50:46] MOVE asha (blue): 104→106 [0.3ms]
[2026-05-06 13:50:47] MOVE chetan (red): 15→16 [0.3ms]
[2026-05-06 13:50:47] MOVE asha (blue): 105→104 [0.1ms]
[2026-05-06 13:50:47] MOVE chetan (red): 16→17 [0.1ms]
[2026-05-06 13:50:47] MOVE asha (blue): 106→93 [0.2ms]
[2026-05-06 13:50:47] MOVE chetan (red): 17→18 [0.3ms]
[2026-05-06 13:50:47] MOVE asha (blue): 104→103 [0.1ms]
[2026-05-06 13:50:48] MOVE chetan (red): 18→19 [0.2ms]
[2026-05-06 13:50:48] MOVE asha (blue): 93→92 [0.2ms]
[2026-05-06 13:50:48] MOVE chetan (red): 19→31 [0.2ms]
[2026-05-06 13:50:48] MOVE asha (blue): 103→102 [0.2ms]
[2026-05-06 13:50:48] MOVE chetan (red): 31→30 [0.1ms]
[2026-05-06 13:50:48] MOVE asha (blue): 92→105 [0.2ms]
[2026-05-06 13:50:49] MOVE chetan (red): 30→29 [0.2ms]
[2026-05-06 13:50:49] MOVE asha (blue): 102→89 [0.2ms]
[2026-05-06 13:50:49] MOVE chetan (red): 29→28 [0.1ms]
[2026-05-06 13:50:49] MOVE asha (blue): 105→104 [0.2ms]
[2026-05-06 13:50:49] MOVE chetan (red): 28→15 [0.2ms]
[2026-05-06 13:50:49] MOVE asha (blue): 89→90 [0.2ms]
[2026-05-06 13:50:50] MOVE chetan (red): 15→14 [0.2ms]
[2026-05-06 13:50:50] MOVE asha (blue): 104→103 [0.2ms]
[2026-05-06 13:50:50] MOVE chetan (red): 14→13 [0.2ms]
[2026-05-06 13:50:50] MOVE asha (blue): 90→91 [0.2ms]
[2026-05-06 13:50:50] MOVE chetan (red): 13→26 [0.2ms]
[2026-05-06 13:50:50] MOVE asha (blue): 103→102 [0.1ms]
[2026-05-06 13:50:51] MOVE chetan (red): 26→27 [0.3ms]
[2026-05-06 13:50:51] MOVE asha (blue): 91→103 [0.2ms]
[2026-05-06 13:50:51] MOVE chetan (red): 27→14 [0.1ms]
[2026-05-06 13:50:51] MOVE asha (blue): 102→89 [0.1ms]
[2026-05-06 13:50:51] MOVE chetan (red): 14→15 [0.2ms]
[2026-05-06 13:50:51] MOVE asha (blue): 103→102 [0.2ms]
[2026-05-06 13:50:52] MOVE chetan (red): 15→16 [0.1ms]
[2026-05-06 13:50:52] MOVE asha (blue): 89→90 [0.2ms]
[2026-05-06 13:50:52] MOVE chetan (red): 16→17 [0.2ms]
[2026-05-06 13:50:52] MOVE asha (blue): 102→89 [0.3ms]
[2026-05-06 13:50:52] MOVE chetan (red): 17→18 [0.1ms]
[2026-05-06 13:50:52] MOVE asha (blue): 90→91 [0.2ms]
[2026-05-06 13:50:53] MOVE chetan (red): 18→19 [0.2ms]
[2026-05-06 13:50:53] MOVE asha (blue): 89→90 [0.2ms]
[2026-05-06 13:50:53] MOVE chetan (red): 19→31 [0.2ms]
[2026-05-06 13:50:53] MOVE asha (blue): 91→103 [0.2ms]
[2026-05-06 13:50:53] MOVE chetan (red): 31→30 [0.4ms]
[2026-05-06 13:50:53] MOVE asha (blue): 90→91 [0.2ms]
[2026-05-06 13:50:54] MOVE chetan (red): 30→29 [0.2ms]
[2026-05-06 13:50:54] MOVE asha (blue): 103→102 [0.1ms]
[2026-05-06 13:50:54] MOVE chetan (red): 29→28 [0.1ms]
[2026-05-06 13:50:54] MOVE asha (blue): 91→103 [0.2ms]
[2026-05-06 13:50:54] MOVE chetan (red): 28→15 [0.1ms]
[2026-05-06 13:50:54] MOVE asha (blue): 102→104 [0.2ms]
[2026-05-06 13:50:55] MOVE chetan (red): 15→14 [0.1ms]
[2026-05-06 13:50:55] MOVE asha (blue): 103→105 [0.2ms]
[2026-05-06 13:50:55] MOVE chetan (red): 14→13 [0.1ms]
[2026-05-06 13:50:55] MOVE asha (blue): 104→106 [0.1ms]
[2026-05-06 13:50:55] MOVE chetan (red): 13→26 [0.3ms]
[2026-05-06 13:50:56] MOVE asha (blue): 105→104 [0.2ms]
[2026-05-06 13:50:56] MOVE chetan (red): 26→27 [0.2ms]
[2026-05-06 13:50:56] MOVE asha (blue): 106→105 [0.2ms]
[2026-05-06 13:50:56] MOVE chetan (red): 27→14 [0.1ms]
[2026-05-06 13:50:56] MOVE asha (blue): 104→106 [0.3ms]
[2026-05-06 13:50:56] MOVE chetan (red): 14→15 [0.3ms]
[2026-05-06 13:50:57] MOVE asha (blue): 105→107 [0.4ms]
[2026-05-06 13:50:57] MOVE chetan (red): 15→16 [0.1ms]
[2026-05-06 13:50:57] MOVE asha (blue): 106→93 [0.1ms]
[2026-05-06 13:50:57] MOVE chetan (red): 16→17 [0.3ms]
[2026-05-06 13:50:57] MOVE asha (blue): 107→94 [0.3ms]
[2026-05-06 13:50:57] MOVE chetan (red): 17→18 [0.3ms]
[2026-05-06 13:50:58] MOVE asha (blue): 93→92 [0.4ms]
[2026-05-06 13:50:58] MOVE chetan (red): 18→19 [0.3ms]
[2026-05-06 13:50:58] MOVE asha (blue): 94→93 [0.2ms]
[2026-05-06 13:50:58] MOVE chetan (red): 19→31 [0.1ms]
[2026-05-06 13:50:58] MOVE asha (blue): 92→105 [0.2ms]
[2026-05-06 13:50:59] MOVE chetan (red): 31→30 [0.6ms]
[2026-05-06 13:50:59] MOVE asha (blue): 93→106 [0.4ms]
[2026-05-06 13:50:59] MOVE chetan (red): 30→29 [0.1ms]
[2026-05-06 13:50:59] MOVE asha (blue): 105→104 [0.1ms]
[2026-05-06 13:50:59] MOVE chetan (red): 29→28 [0.1ms]
[2026-05-06 13:50:59] MOVE asha (blue): 106→105 [0.2ms]
[2026-05-06 13:51:00] MOVE chetan (red): 28→15 [0.2ms]
[2026-05-06 13:51:00] MOVE asha (blue): 104→106 [0.1ms]
[2026-05-06 13:51:00] MOVE chetan (red): 15→14 [0.1ms]
[2026-05-06 13:51:00] MOVE asha (blue): 105→104 [0.2ms]
[2026-05-06 13:51:00] MOVE chetan (red): 14→13 [0.2ms]
[2026-05-06 13:51:00] MOVE asha (blue): 106→93 [0.1ms]
[2026-05-06 13:51:01] MOVE chetan (red): 13→26 [0.1ms]
[2026-05-06 13:51:01] MOVE asha (blue): 104→103 [0.1ms]
[2026-05-06 13:51:01] MOVE chetan (red): 26→27 [0.2ms]
[2026-05-06 13:51:01] MOVE asha (blue): 93→92 [0.2ms]
[2026-05-06 13:51:01] MOVE chetan (red): 27→14 [0.2ms]
[2026-05-06 13:51:01] MOVE asha (blue): 103→102 [0.2ms]
[2026-05-06 13:51:02] MOVE chetan (red): 14→15 [0.3ms]
[2026-05-06 13:51:02] MOVE asha (blue): 92→105 [0.1ms]
[2026-05-06 13:51:02] MOVE chetan (red): 15→16 [0.1ms]
[2026-05-06 13:51:02] MOVE asha (blue): 102→89 [0.1ms]
[2026-05-06 13:51:02] MOVE chetan (red): 16→17 [0.2ms]
[2026-05-06 13:51:03] MOVE asha (blue): 105→104 [0.2ms]
[2026-05-06 13:51:03] MOVE chetan (red): 17→18 [0.3ms]
[2026-05-06 13:51:03] MOVE asha (blue): 89→90 [0.2ms]
[2026-05-06 13:51:03] MOVE chetan (red): 18→19 [0.2ms]
[2026-05-06 13:51:03] MOVE asha (blue): 104→103 [0.3ms]
[2026-05-06 13:51:03] MOVE chetan (red): 19→31 [0.1ms]
[2026-05-06 13:51:04] MOVE asha (blue): 90→91 [0.1ms]
[2026-05-06 13:51:04] MOVE chetan (red): 31→30 [0.3ms]
[2026-05-06 13:51:04] MOVE asha (blue): 103→102 [0.1ms]
[2026-05-06 13:51:04] MOVE chetan (red): 30→29 [0.1ms]
[2026-05-06 13:51:04] MOVE asha (blue): 91→103 [0.5ms]
[2026-05-06 13:51:04] MOVE chetan (red): 29→28 [0.1ms]
[2026-05-06 13:51:05] MOVE asha (blue): 102→89 [0.2ms]
[2026-05-06 13:51:05] MOVE chetan (red): 28→15 [0.1ms]
[2026-05-06 13:51:05] MOVE asha (blue): 103→102 [0.1ms]
[2026-05-06 13:51:05] MOVE chetan (red): 15→14 [0.1ms]
[2026-05-06 13:51:05] MOVE asha (blue): 89→90 [0.2ms]
[2026-05-06 13:51:05] MOVE chetan (red): 14→13 [0.1ms]
[2026-05-06 13:51:06] MOVE asha (blue): 102→89 [0.2ms]
[2026-05-06 13:51:06] MOVE chetan (red): 13→26 [0.1ms]
[2026-05-06 13:51:06] MOVE asha (blue): 90→91 [0.1ms]
[2026-05-06 13:51:06] MOVE chetan (red): 26→27 [0.2ms]
[2026-05-06 13:51:06] MOVE asha (blue): 89→90 [0.2ms]
[2026-05-06 13:51:06] MOVE chetan (red): 27→14 [0.2ms]
[2026-05-06 13:51:07] MOVE asha (blue): 91→103 [0.3ms]
[2026-05-06 13:51:07] MOVE chetan (red): 14→15 [0.3ms]
[2026-05-06 13:51:07] MOVE asha (blue): 90→91 [0.1ms]
[2026-05-06 13:51:07] MOVE chetan (red): 15→16 [0.3ms]
[2026-05-06 13:51:07] MOVE asha (blue): 103→102 [0.2ms]
[2026-05-06 13:51:07] MOVE chetan (red): 16→17 [0.1ms]
[2026-05-06 13:51:08] MOVE asha (blue): 91→103 [0.2ms]
[2026-05-06 13:51:08] MOVE chetan (red): 17→18 [0.1ms]
[2026-05-06 13:51:08] MOVE asha (blue): 102→104 [0.3ms]
[2026-05-06 13:51:08] MOVE chetan (red): 18→19 [0.1ms]
[2026-05-06 13:51:08] MOVE asha (blue): 103→105 [0.2ms]
[2026-05-06 13:51:08] MOVE chetan (red): 19→31 [0.2ms]
[2026-05-06 13:51:09] MOVE asha (blue): 104→106 [0.1ms]
[2026-05-06 13:51:09] MOVE chetan (red): 31→30 [0.1ms]
[2026-05-06 13:51:09] MOVE asha (blue): 105→104 [0.1ms]
[2026-05-06 13:51:09] MOVE chetan (red): 30→29 [0.1ms]
[2026-05-06 13:51:09] MOVE asha (blue): 106→105 [0.2ms]
[2026-05-06 13:51:09] MOVE chetan (red): 29→28 [3.6ms]
[2026-05-06 13:51:10] SCORE chetan (red): Final=1098.0, Time=0.0, Moves(1165)=0.0, Pins(9)=900.0, Dist=198.0
[2026-05-06 13:51:10] SCORE asha (blue): Final=998.0, Time=0.0, Moves(1164)=0.0, Pins(8)=800.0, Dist=198.0
[2026-05-06 13:51:10] GAME TIME LIMIT REACHED.
[2026-05-06 13:51:10] SCORE chetan (red): Final=1098.0, Time=0.0, Moves(1165)=0.0, Pins(9)=900.0, Dist=198.0
[2026-05-06 13:51:10] SCORE asha (blue): Final=998.0, Time=0.0, Moves(1164)=0.0, Pins(8)=800.0, Dist=198.0
[2026-05-06 13:51:10] GAME TIME LIMIT REACHED.
[2026-05-06 13:51:10] SCORE chetan (red): Final=1098.0, Time=0.0, Moves(1165)=0.0, Pins(9)=900.0, Dist=198.0
[2026-05-06 13:51:10] SCORE asha (blue): Final=998.0, Time=0.0, Moves(1164)=0.0, Pins(8)=800.0, Dist=198.0
[2026-05-06 13:51:10] GAME TIME LIMIT REACHED.
