[2026-05-06 11:54:22] GAME CREATED
[2026-05-06 11:54:28] PLAYER JOINED: chetan as lawn green
[2026-05-06 11:54:32] PLAYER JOINED: asha as gray0
[2026-05-06 11:54:35] GAME STARTED — turn order: ['lawn green', 'gray0']
[2026-05-06 11:54:35] MOVE chetan (lawn green): 20→18 [0.1ms]
[2026-05-06 11:54:35] MOVE asha (gray0): 75→56 [0.1ms]
[2026-05-06 11:54:36] MOVE chetan (lawn green): 22→43 [0.1ms]
[2026-05-06 11:54:36] MOVE asha (gray0): 98→77 [0.1ms]
[2026-05-06 11:54:36] MOVE chetan (lawn green): 19→17 [0.1ms]
[2026-05-06 11:54:36] MOVE asha (gray0): 65→47 [0.1ms]
[2026-05-06 11:54:36] MOVE chetan (lawn green): 33→29 [0.1ms]
[2026-05-06 11:54:36] MOVE asha (gray0): 87→48 [0.1ms]
[2026-05-06 11:54:37] MOVE chetan (lawn green): 17→40 [0.2ms]
[2026-05-06 11:54:37] MOVE asha (gray0): 47→49 [0.2ms]
[2026-05-06 11:54:37] MOVE chetan (lawn green): 29→50 [0.1ms]
[2026-05-06 11:54:37] MOVE asha (gray0): 88→47 [0.1ms]
[2026-05-06 11:54:37] MOVE chetan (lawn green): 40→57 [0.2ms]
[2026-05-06 11:54:37] MOVE asha (gray0): 56→39 [0.1ms]
[2026-05-06 11:54:38] MOVE chetan (lawn green): 50→59 [0.1ms]
[2026-05-06 11:54:38] MOVE asha (gray0): 49→28 [0.1ms]
[2026-05-06 11:54:38] MOVE chetan (lawn green): 57→56 [0.1ms]
[2026-05-06 11:54:38] MOVE asha (gray0): 39→16 [0.1ms]
[2026-05-06 11:54:38] MOVE chetan (lawn green): 56→65 [0.1ms]
[2026-05-06 11:54:38] MOVE asha (gray0): 100→60 [0.1ms]
[2026-05-06 11:54:39] MOVE chetan (lawn green): 44→15 [0.1ms]
[2026-05-06 11:54:39] MOVE asha (gray0): 47→51 [0.1ms]
[2026-05-06 11:54:39] MOVE chetan (lawn green): 59→58 [0.1ms]
[2026-05-06 11:54:39] MOVE asha (gray0): 60→41 [0.1ms]
[2026-05-06 11:54:39] MOVE chetan (lawn green): 15→14 [0.1ms]
[2026-05-06 11:54:39] MOVE asha (gray0): 51→30 [0.1ms]
[2026-05-06 11:54:39] MOVE chetan (lawn green): 58→57 [0.1ms]
[2026-05-06 11:54:40] MOVE asha (gray0): 16→17 [0.1ms]
[2026-05-06 11:54:40] MOVE chetan (lawn green): 18→39 [0.1ms]
[2026-05-06 11:54:40] MOVE asha (gray0): 17→44 [0.1ms]
[2026-05-06 11:54:40] MOVE chetan (lawn green): 57→56 [0.1ms]
[2026-05-06 11:54:40] MOVE asha (gray0): 41→18 [0.1ms]
[2026-05-06 11:54:40] MOVE chetan (lawn green): 56→98 [0.1ms]
[2026-05-06 11:54:40] MOVE asha (gray0): 18→19 [0.3ms]
[2026-05-06 11:54:41] MOVE chetan (lawn green): 45→41 [0.1ms]
[2026-05-06 11:54:41] MOVE asha (gray0): 30→18 [0.3ms]
[2026-05-06 11:54:41] MOVE chetan (lawn green): 39→38 [0.1ms]
[2026-05-06 11:54:41] MOVE asha (gray0): 18→22 [0.1ms]
[2026-05-06 11:54:41] MOVE chetan (lawn green): 14→26 [0.1ms]
[2026-05-06 11:54:42] MOVE asha (gray0): 48→29 [0.2ms]
[2026-05-06 11:54:42] MOVE chetan (lawn green): 41→37 [0.1ms]
[2026-05-06 11:54:42] MOVE asha (gray0): 28→30 [0.1ms]
[2026-05-06 11:54:42] MOVE chetan (lawn green): 26→47 [0.1ms]
[2026-05-06 11:54:42] MOVE asha (gray0): 29→33 [0.1ms]
[2026-05-06 11:54:42] MOVE chetan (lawn green): 37→75 [0.1ms]
[2026-05-06 11:54:42] MOVE asha (gray0): 30→18 [0.1ms]
[2026-05-06 11:54:43] MOVE chetan (lawn green): 47→56 [0.1ms]
[2026-05-06 11:54:43] MOVE asha (gray0): 18→45 [0.1ms]
[2026-05-06 11:54:43] MOVE chetan (lawn green): 38→37 [0.1ms]
[2026-05-06 11:54:43] MOVE asha (gray0): 76→78 [0.1ms]
[2026-05-06 11:54:43] MOVE chetan (lawn green): 32→53 [0.2ms]
[2026-05-06 11:54:43] MOVE asha (gray0): 77→79 [0.1ms]
[2026-05-06 11:54:44] MOVE chetan (lawn green): 37→47 [0.1ms]
[2026-05-06 11:54:44] MOVE asha (gray0): 78→80 [0.1ms]
[2026-05-06 11:54:44] MOVE chetan (lawn green): 43→62 [0.1ms]
[2026-05-06 11:54:44] MOVE asha (gray0): 79→81 [0.1ms]
[2026-05-06 11:54:44] MOVE chetan (lawn green): 53→69 [0.2ms]
[2026-05-06 11:54:44] MOVE asha (gray0): 80→82 [0.1ms]
[2026-05-06 11:54:44] MOVE chetan (lawn green): 62→61 [0.1ms]
[2026-05-06 11:54:45] MOVE asha (gray0): 81→83 [0.1ms]
[2026-05-06 11:54:45] MOVE chetan (lawn green): 69→68 [0.1ms]
[2026-05-06 11:54:45] MOVE asha (gray0): 82→84 [0.1ms]
[2026-05-06 11:54:45] MOVE chetan (lawn green): 61→60 [0.1ms]
[2026-05-06 11:54:45] MOVE asha (gray0): 83→73 [0.1ms]
[2026-05-06 11:54:45] MOVE chetan (lawn green): 68→67 [0.1ms]
[2026-05-06 11:54:46] MOVE asha (gray0): 84→63 [0.1ms]
[2026-05-06 11:54:46] MOVE chetan (lawn green): 60→59 [0.1ms]
[2026-05-06 11:54:46] MOVE asha (gray0): 73→64 [0.1ms]
[2026-05-06 11:54:46] MOVE chetan (lawn green): 67→66 [0.1ms]
[2026-05-06 11:54:46] MOVE asha (gray0): 63→54 [0.5ms]
[2026-05-06 11:54:46] MOVE chetan (lawn green): 66→76 [0.1ms]
[2026-05-06 11:54:46] MOVE asha (gray0): 64→43 [0.1ms]
[2026-05-06 11:54:47] MOVE chetan (lawn green): 34→53 [0.1ms]
[2026-05-06 11:54:47] MOVE asha (gray0): 43→32 [0.1ms]
[2026-05-06 11:54:47] MOVE chetan (lawn green): 59→58 [0.1ms]
[2026-05-06 11:54:47] MOVE asha (gray0): 54→43 [0.1ms]
[2026-05-06 11:54:47] MOVE chetan (lawn green): 53→52 [0.1ms]
[2026-05-06 11:54:47] MOVE asha (gray0): 43→20 [0.1ms]
[2026-05-06 11:54:48] MOVE chetan (lawn green): 58→57 [0.2ms]
[2026-05-06 11:54:48] MOVE asha (gray0): 101→89 [0.1ms]
[2026-05-06 11:54:48] MOVE chetan (lawn green): 52→51 [0.1ms]
[2026-05-06 11:54:48] MOVE asha (gray0): 86→87 [0.1ms]
[2026-05-06 11:54:48] MOVE chetan (lawn green): 57→66 [0.1ms]
[2026-05-06 11:54:48] MOVE asha (gray0): 89→78 [0.1ms]
[2026-05-06 11:54:49] MOVE chetan (lawn green): 51→50 [0.1ms]
[2026-05-06 11:54:49] MOVE asha (gray0): 87→88 [4.9ms]
[2026-05-06 11:54:49] MOVE chetan (lawn green): 56→100 [0.1ms]
[2026-05-06 11:54:49] MOVE asha (gray0): 78→68 [0.1ms]
[2026-05-06 11:54:49] MOVE chetan (lawn green): 66→87 [0.1ms]
[2026-05-06 11:54:49] MOVE asha (gray0): 99→101 [0.1ms]
[2026-05-06 11:54:49] MOVE chetan (lawn green): 47→56 [0.1ms]
[2026-05-06 11:54:50] MOVE asha (gray0): 68→59 [0.1ms]
[2026-05-06 11:54:50] MOVE chetan (lawn green): 50→68 [0.1ms]
[2026-05-06 11:54:50] MOVE asha (gray0): 88→77 [0.1ms]
[2026-05-06 11:54:50] MOVE chetan (lawn green): 56→66 [0.1ms]
[2026-05-06 11:54:50] MOVE asha (gray0): 59→50 [0.1ms]
[2026-05-06 11:54:50] MOVE chetan (lawn green): 68→67 [0.1ms]
[2026-05-06 11:54:50] MOVE asha (gray0): 77→58 [0.1ms]
[2026-05-06 11:54:51] MOVE chetan (lawn green): 66→77 [0.1ms]
[2026-05-06 11:54:51] MOVE asha (gray0): 50→40 [0.1ms]
[2026-05-06 11:54:51] MOVE chetan (lawn green): 67→86 [0.1ms]
[2026-05-06 11:54:51] MOVE asha (gray0): 58→49 [0.1ms]
[2026-05-06 11:54:51] MOVE chetan (lawn green): 77→88 [0.1ms]
[2026-05-06 11:54:51] MOVE asha (gray0): 40→29 [0.1ms]
[2026-05-06 11:54:52] MOVE chetan (lawn green): 55→54 [0.1ms]
[2026-05-06 11:54:52] MOVE asha (gray0): 49→39 [0.1ms]
[2026-05-06 11:54:52] MOVE chetan (lawn green): 21→34 [0.0ms]
[2026-05-06 11:54:52] MOVE asha (gray0): 29→17 [0.1ms]
[2026-05-06 11:54:52] MOVE chetan (lawn green): 54→53 [0.1ms]
[2026-05-06 11:54:52] MOVE asha (gray0): 39→28 [0.1ms]
[2026-05-06 11:54:53] MOVE chetan (lawn green): 34→55 [0.1ms]
[2026-05-06 11:54:53] MOVE asha (gray0): 17→18 [0.1ms]
[2026-05-06 11:54:53] MOVE chetan (lawn green): 53→52 [0.1ms]
[2026-05-06 11:54:53] MOVE asha (gray0): 28→16 [0.1ms]
[2026-05-06 11:54:53] MOVE chetan (lawn green): 55→54 [0.1ms]
[2026-05-06 11:54:53] MOVE asha (gray0): 18→31 [0.1ms]
[2026-05-06 11:54:53] MOVE chetan (lawn green): 52→51 [0.1ms]
[2026-05-06 11:54:54] MOVE asha (gray0): 16→17 [0.2ms]
[2026-05-06 11:54:54] MOVE chetan (lawn green): 54→53 [0.1ms]
[2026-05-06 11:54:54] MOVE asha (gray0): 31→43 [0.1ms]
[2026-05-06 11:54:54] MOVE chetan (lawn green): 51→50 [0.1ms]
[2026-05-06 11:54:54] MOVE asha (gray0): 17→18 [0.1ms]
[2026-05-06 11:54:54] MOVE chetan (lawn green): 53→52 [0.1ms]
[2026-05-06 11:54:55] MOVE asha (gray0): 43→54 [0.1ms]
[2026-05-06 11:54:55] MOVE chetan (lawn green): 50→49 [0.1ms]
[2026-05-06 11:54:55] MOVE asha (gray0): 54→55 [0.1ms]
[2026-05-06 11:54:55] MOVE chetan (lawn green): 52→51 [0.1ms]
[2026-05-06 11:54:55] MOVE asha (gray0): 18→31 [0.1ms]
[2026-05-06 11:54:55] MOVE chetan (lawn green): 49→48 [0.1ms]
[2026-05-06 11:54:55] MOVE asha (gray0): 101→89 [0.1ms]
[2026-05-06 11:54:56] MOVE chetan (lawn green): 51→50 [0.1ms]
[2026-05-06 11:54:56] MOVE asha (gray0): 31→43 [0.1ms]
[2026-05-06 11:54:56] MOVE chetan (lawn green): 48→47 [0.1ms]
[2026-05-06 11:54:56] MOVE asha (gray0): 89→78 [0.1ms]
[2026-05-06 11:54:56] MOVE chetan (lawn green): 50→49 [0.1ms]
[2026-05-06 11:54:56] MOVE asha (gray0): 43→54 [0.1ms]
[2026-05-06 11:54:57] MOVE chetan (lawn green): 47→56 [0.1ms]
[2026-05-06 11:54:57] MOVE asha (gray0): 78→68 [0.1ms]
[2026-05-06 11:54:57] MOVE chetan (lawn green): 49→48 [0.1ms]
[2026-05-06 11:54:57] MOVE asha (gray0): 54→64 [0.1ms]
[2026-05-06 11:54:57] MOVE chetan (lawn green): 56→66 [0.1ms]
[2026-05-06 11:54:57] MOVE asha (gray0): 68→59 [0.1ms]
[2026-05-06 11:54:58] MOVE chetan (lawn green): 48→47 [0.1ms]
[2026-05-06 11:54:58] MOVE asha (gray0): 64→63 [0.1ms]
[2026-05-06 11:54:58] MOVE chetan (lawn green): 66→77 [0.1ms]
[2026-05-06 11:54:58] MOVE asha (gray0): 59→50 [0.1ms]
[2026-05-06 11:54:58] MOVE chetan (lawn green): 47→56 [0.1ms]
[2026-05-06 11:54:58] MOVE asha (gray0): 63→53 [0.1ms]
[2026-05-06 11:54:58] MOVE chetan (lawn green): 77→89 [0.1ms]
[2026-05-06 11:54:59] MOVE asha (gray0): 50→40 [0.1ms]
[2026-05-06 11:54:59] MOVE chetan (lawn green): 89→101 [0.1ms]
[2026-05-06 11:54:59] MOVE asha (gray0): 53→43 [0.1ms]
[2026-05-06 11:54:59] MOVE chetan (lawn green): 56→66 [0.1ms]
[2026-05-06 11:54:59] MOVE asha (gray0): 40→29 [0.1ms]
[2026-05-06 11:54:59] MOVE chetan (lawn green): 66→77 [0.1ms]
[2026-05-06 11:54:59] MOVE asha (gray0): 43→31 [1.8ms]
[2026-05-06 11:55:00] MOVE chetan (lawn green): 77→89 [0.1ms]
[2026-05-06 11:55:00] MOVE asha (gray0): 29→17 [0.2ms]
[2026-05-06 11:55:00] MOVE chetan (lawn green): 89→102 [0.1ms]
[2026-05-06 11:55:00] MOVE asha (gray0): 31→18 [0.1ms]
[2026-05-06 11:55:00] MOVE chetan (lawn green): 102→90 [0.1ms]
[2026-05-06 11:55:00] MOVE asha (gray0): 17→9 [0.1ms]
[2026-05-06 11:55:01] MOVE chetan (lawn green): 90→78 [0.1ms]
[2026-05-06 11:55:01] MOVE asha (gray0): 18→17 [0.1ms]
[2026-05-06 11:55:01] MOVE chetan (lawn green): 78→67 [0.1ms]
[2026-05-06 11:55:01] MOVE asha (gray0): 9→18 [0.1ms]
[2026-05-06 11:55:01] MOVE chetan (lawn green): 67→57 [0.1ms]
[2026-05-06 11:55:01] MOVE asha (gray0): 17→9 [0.1ms]
[2026-05-06 11:55:02] MOVE chetan (lawn green): 57→56 [0.1ms]
[2026-05-06 11:55:02] MOVE asha (gray0): 18→31 [0.2ms]
[2026-05-06 11:55:02] MOVE chetan (lawn green): 56→66 [0.1ms]
[2026-05-06 11:55:02] MOVE asha (gray0): 9→18 [0.1ms]
[2026-05-06 11:55:02] MOVE chetan (lawn green): 66→77 [0.1ms]
[2026-05-06 11:55:02] MOVE asha (gray0): 31→43 [0.2ms]
[2026-05-06 11:55:02] MOVE chetan (lawn green): 77→89 [0.1ms]
[2026-05-06 11:55:03] MOVE asha (gray0): 18→31 [0.1ms]
[2026-05-06 11:55:03] MOVE chetan (lawn green): 89→102 [0.1ms]
[2026-05-06 11:55:03] MOVE asha (gray0): 43→54 [0.1ms]
[2026-05-06 11:55:03] MOVE chetan (lawn green): 102→90 [0.1ms]
[2026-05-06 11:55:03] MOVE asha (gray0): 31→43 [0.3ms]
[2026-05-06 11:55:03] MOVE chetan (lawn green): 90→78 [0.1ms]
[2026-05-06 11:55:04] MOVE asha (gray0): 54→64 [0.1ms]
[2026-05-06 11:55:04] MOVE chetan (lawn green): 78→67 [0.1ms]
[2026-05-06 11:55:04] MOVE asha (gray0): 43→54 [0.1ms]
[2026-05-06 11:55:04] MOVE chetan (lawn green): 67→57 [0.1ms]
[2026-05-06 11:55:04] MOVE asha (gray0): 64→63 [0.1ms]
[2026-05-06 11:55:04] MOVE chetan (lawn green): 57→56 [0.1ms]
[2026-05-06 11:55:04] MOVE asha (gray0): 54→64 [0.1ms]
[2026-05-06 11:55:05] MOVE chetan (lawn green): 56→66 [0.1ms]
[2026-05-06 11:55:05] MOVE asha (gray0): 63→53 [0.2ms]
[2026-05-06 11:55:05] MOVE chetan (lawn green): 66→77 [0.1ms]
[2026-05-06 11:55:05] MOVE asha (gray0): 64→63 [0.1ms]
[2026-05-06 11:55:05] MOVE chetan (lawn green): 77→89 [0.1ms]
[2026-05-06 11:55:05] MOVE asha (gray0): 53→43 [0.1ms]
[2026-05-06 11:55:06] MOVE chetan (lawn green): 89→102 [0.3ms]
[2026-05-06 11:55:06] MOVE asha (gray0): 63→53 [0.1ms]
[2026-05-06 11:55:06] MOVE chetan (lawn green): 102→90 [0.1ms]
[2026-05-06 11:55:06] MOVE asha (gray0): 43→31 [0.1ms]
[2026-05-06 11:55:06] MOVE chetan (lawn green): 90→78 [0.1ms]
[2026-05-06 11:55:06] MOVE asha (gray0): 53→43 [0.5ms]
[2026-05-06 11:55:06] MOVE chetan (lawn green): 78→67 [0.1ms]
[2026-05-06 11:55:07] MOVE asha (gray0): 31→54 [0.1ms]
[2026-05-06 11:55:07] MOVE chetan (lawn green): 67→57 [0.1ms]
[2026-05-06 11:55:07] MOVE asha (gray0): 43→31 [0.1ms]
[2026-05-06 11:55:07] MOVE chetan (lawn green): 57→56 [0.1ms]
[2026-05-06 11:55:07] MOVE asha (gray0): 54→64 [0.1ms]
[2026-05-06 11:55:07] MOVE chetan (lawn green): 56→66 [0.1ms]
[2026-05-06 11:55:08] MOVE asha (gray0): 31→18 [0.1ms]
[2026-05-06 11:55:08] MOVE chetan (lawn green): 66→77 [0.1ms]
[2026-05-06 11:55:08] MOVE asha (gray0): 64→63 [0.1ms]
[2026-05-06 11:55:08] MOVE chetan (lawn green): 77→89 [0.1ms]
[2026-05-06 11:55:08] MOVE asha (gray0): 18→9 [0.1ms]
[2026-05-06 11:55:08] MOVE chetan (lawn green): 89→102 [0.1ms]
[2026-05-06 11:55:09] MOVE asha (gray0): 63→53 [0.1ms]
[2026-05-06 11:55:09] MOVE chetan (lawn green): 102→90 [0.2ms]
[2026-05-06 11:55:09] MOVE asha (gray0): 9→17 [0.1ms]
[2026-05-06 11:55:09] MOVE chetan (lawn green): 90→78 [0.1ms]
[2026-05-06 11:55:09] MOVE asha (gray0): 53→43 [0.1ms]
[2026-05-06 11:55:09] MOVE chetan (lawn green): 78→67 [0.1ms]
[2026-05-06 11:55:09] MOVE asha (gray0): 17→30 [0.1ms]
[2026-05-06 11:55:10] MOVE chetan (lawn green): 67→57 [0.1ms]
[2026-05-06 11:55:10] MOVE asha (gray0): 43→31 [0.1ms]
[2026-05-06 11:55:10] MOVE chetan (lawn green): 57→56 [0.1ms]
[2026-05-06 11:55:10] MOVE asha (gray0): 30→42 [0.1ms]
[2026-05-06 11:55:10] MOVE chetan (lawn green): 56→66 [0.1ms]
[2026-05-06 11:55:10] MOVE asha (gray0): 31→18 [0.1ms]
[2026-05-06 11:55:11] MOVE chetan (lawn green): 66→77 [0.1ms]
[2026-05-06 11:55:11] MOVE asha (gray0): 42→31 [0.2ms]
[2026-05-06 11:55:11] MOVE chetan (lawn green): 77→89 [0.1ms]
[2026-05-06 11:55:11] MOVE asha (gray0): 18→9 [0.2ms]
[2026-05-06 11:55:11] MOVE chetan (lawn green): 89→102 [0.3ms]
[2026-05-06 11:55:11] MOVE asha (gray0): 31→18 [0.1ms]
[2026-05-06 11:55:11] MOVE chetan (lawn green): 102→90 [0.1ms]
[2026-05-06 11:55:12] MOVE asha (gray0): 9→31 [0.1ms]
[2026-05-06 11:55:12] MOVE chetan (lawn green): 90→78 [0.1ms]
[2026-05-06 11:55:12] MOVE asha (gray0): 18→43 [0.1ms]
[2026-05-06 11:55:12] MOVE chetan (lawn green): 78→67 [0.1ms]
[2026-05-06 11:55:12] MOVE asha (gray0): 31→54 [0.1ms]
[2026-05-06 11:55:12] MOVE chetan (lawn green): 67→57 [0.4ms]
[2026-05-06 11:55:13] MOVE asha (gray0): 43→64 [1.9ms]
[2026-05-06 11:55:13] MOVE chetan (lawn green): 57→56 [0.1ms]
[2026-05-06 11:55:13] MOVE asha (gray0): 54→43 [0.4ms]
[2026-05-06 11:55:13] MOVE chetan (lawn green): 56→66 [0.1ms]
[2026-05-06 11:55:13] MOVE asha (gray0): 64→54 [0.1ms]
[2026-05-06 11:55:13] MOVE chetan (lawn green): 66→77 [0.1ms]
[2026-05-06 11:55:14] MOVE asha (gray0): 43→64 [0.1ms]
[2026-05-06 11:55:14] MOVE chetan (lawn green): 77→89 [0.1ms]
[2026-05-06 11:55:14] MOVE asha (gray0): 54→74 [0.1ms]
[2026-05-06 11:55:14] MOVE chetan (lawn green): 89→102 [0.1ms]
[2026-05-06 11:55:14] MOVE asha (gray0): 64→63 [0.1ms]
[2026-05-06 11:55:14] MOVE chetan (lawn green): 102→90 [0.1ms]
[2026-05-06 11:55:15] MOVE asha (gray0): 74→73 [0.1ms]
[2026-05-06 11:55:15] MOVE chetan (lawn green): 90→78 [0.1ms]
[2026-05-06 11:55:15] MOVE asha (gray0): 63→53 [0.1ms]
[2026-05-06 11:55:15] MOVE chetan (lawn green): 78→67 [0.1ms]
[2026-05-06 11:55:15] MOVE asha (gray0): 73→63 [0.5ms]
[2026-05-06 11:55:15] MOVE chetan (lawn green): 67→57 [0.1ms]
[2026-05-06 11:55:16] MOVE asha (gray0): 53→54 [0.1ms]
[2026-05-06 11:55:16] MOVE chetan (lawn green): 57→56 [0.1ms]
[2026-05-06 11:55:16] MOVE asha (gray0): 63→64 [0.1ms]
[2026-05-06 11:55:16] MOVE chetan (lawn green): 56→66 [0.1ms]
[2026-05-06 11:55:16] MOVE asha (gray0): 54→43 [0.1ms]
[2026-05-06 11:55:16] MOVE chetan (lawn green): 66→77 [0.1ms]
[2026-05-06 11:55:16] MOVE asha (gray0): 64→54 [0.2ms]
[2026-05-06 11:55:17] MOVE chetan (lawn green): 77→89 [0.1ms]
[2026-05-06 11:55:17] MOVE asha (gray0): 43→64 [0.1ms]
[2026-05-06 11:55:17] MOVE chetan (lawn green): 89→102 [0.1ms]
[2026-05-06 11:55:17] MOVE asha (gray0): 54→43 [0.1ms]
[2026-05-06 11:55:17] MOVE chetan (lawn green): 102→90 [0.1ms]
[2026-05-06 11:55:17] MOVE asha (gray0): 64→63 [0.1ms]
[2026-05-06 11:55:18] MOVE chetan (lawn green): 90→78 [0.1ms]
[2026-05-06 11:55:18] MOVE asha (gray0): 43→31 [0.1ms]
[2026-05-06 11:55:18] MOVE chetan (lawn green): 78→67 [0.2ms]
[2026-05-06 11:55:18] MOVE asha (gray0): 63→53 [0.1ms]
[2026-05-06 11:55:18] MOVE chetan (lawn green): 67→57 [0.1ms]
[2026-05-06 11:55:18] MOVE asha (gray0): 31→18 [0.2ms]
[2026-05-06 11:55:19] MOVE chetan (lawn green): 57→56 [0.1ms]
[2026-05-06 11:55:19] MOVE asha (gray0): 53→54 [0.1ms]
[2026-05-06 11:55:19] MOVE chetan (lawn green): 56→66 [0.2ms]
[2026-05-06 11:55:19] MOVE asha (gray0): 18→9 [0.1ms]
[2026-05-06 11:55:19] MOVE chetan (lawn green): 66→77 [0.3ms]
[2026-05-06 11:55:19] MOVE asha (gray0): 54→43 [0.1ms]
[2026-05-06 11:55:20] MOVE chetan (lawn green): 77→89 [0.1ms]
[2026-05-06 11:55:20] MOVE asha (gray0): 9→17 [0.2ms]
[2026-05-06 11:55:20] MOVE chetan (lawn green): 89→102 [0.1ms]
[2026-05-06 11:55:20] MOVE asha (gray0): 43→31 [0.1ms]
[2026-05-06 11:55:21] MOVE chetan (lawn green): 102→90 [0.1ms]
[2026-05-06 11:55:21] MOVE asha (gray0): 17→30 [0.1ms]
[2026-05-06 11:55:21] MOVE chetan (lawn green): 90→78 [0.3ms]
[2026-05-06 11:55:21] MOVE asha (gray0): 31→18 [0.1ms]
[2026-05-06 11:55:21] MOVE chetan (lawn green): 78→67 [0.0ms]
[2026-05-06 11:55:21] MOVE asha (gray0): 30→31 [0.2ms]
[2026-05-06 11:55:21] MOVE chetan (lawn green): 67→57 [0.1ms]
[2026-05-06 11:55:22] MOVE asha (gray0): 18→9 [0.1ms]
[2026-05-06 11:55:22] MOVE chetan (lawn green): 57→56 [0.1ms]
[2026-05-06 11:55:22] MOVE asha (gray0): 31→18 [0.1ms]
[2026-05-06 11:55:22] MOVE chetan (lawn green): 56→66 [0.1ms]
[2026-05-06 11:55:22] MOVE asha (gray0): 9→31 [0.2ms]
[2026-05-06 11:55:22] MOVE chetan (lawn green): 66→77 [0.1ms]
[2026-05-06 11:55:22] MOVE asha (gray0): 18→43 [0.1ms]
[2026-05-06 11:55:23] MOVE chetan (lawn green): 77→89 [0.1ms]
[2026-05-06 11:55:23] MOVE asha (gray0): 31→54 [0.4ms]
[2026-05-06 11:55:23] MOVE chetan (lawn green): 89→102 [0.1ms]
[2026-05-06 11:55:23] MOVE asha (gray0): 43→64 [0.1ms]
[2026-05-06 11:55:23] MOVE chetan (lawn green): 102→90 [0.1ms]
[2026-05-06 11:55:23] MOVE asha (gray0): 54→43 [0.1ms]
[2026-05-06 11:55:24] MOVE chetan (lawn green): 90→78 [0.1ms]
[2026-05-06 11:55:24] MOVE asha (gray0): 64→54 [0.1ms]
[2026-05-06 11:55:24] MOVE chetan (lawn green): 78→67 [0.1ms]
[2026-05-06 11:55:24] MOVE asha (gray0): 43→64 [0.1ms]
[2026-05-06 11:55:24] MOVE chetan (lawn green): 67→57 [0.1ms]
[2026-05-06 11:55:24] MOVE asha (gray0): 54→74 [0.2ms]
[2026-05-06 11:55:25] MOVE chetan (lawn green): 57→56 [0.1ms]
[2026-05-06 11:55:25] MOVE asha (gray0): 64→63 [0.1ms]
[2026-05-06 11:55:25] MOVE chetan (lawn green): 56→66 [0.3ms]
[2026-05-06 11:55:25] MOVE asha (gray0): 74→73 [0.1ms]
[2026-05-06 11:55:25] MOVE chetan (lawn green): 66→77 [0.1ms]
[2026-05-06 11:55:25] MOVE asha (gray0): 63→53 [0.2ms]
[2026-05-06 11:55:26] MOVE chetan (lawn green): 77→89 [0.1ms]
[2026-05-06 11:55:26] MOVE asha (gray0): 73→63 [0.1ms]
[2026-05-06 11:55:26] MOVE chetan (lawn green): 89→102 [0.7ms]
[2026-05-06 11:55:26] MOVE asha (gray0): 53→54 [0.8ms]
[2026-05-06 11:55:26] MOVE chetan (lawn green): 102→90 [0.2ms]
[2026-05-06 11:55:26] MOVE asha (gray0): 63→64 [0.1ms]
[2026-05-06 11:55:27] MOVE chetan (lawn green): 90→78 [0.1ms]
[2026-05-06 11:55:27] MOVE asha (gray0): 54→43 [0.1ms]
[2026-05-06 11:55:27] MOVE chetan (lawn green): 78→67 [0.1ms]
[2026-05-06 11:55:27] MOVE asha (gray0): 64→54 [0.7ms]
[2026-05-06 11:55:27] MOVE chetan (lawn green): 67→57 [0.1ms]
[2026-05-06 11:55:27] MOVE asha (gray0): 43→64 [0.1ms]
[2026-05-06 11:55:27] MOVE chetan (lawn green): 57→56 [0.1ms]
[2026-05-06 11:55:28] MOVE asha (gray0): 54→43 [0.1ms]
[2026-05-06 11:55:28] MOVE chetan (lawn green): 56→66 [0.1ms]
[2026-05-06 11:55:28] MOVE asha (gray0): 64→63 [0.1ms]
[2026-05-06 11:55:28] MOVE chetan (lawn green): 66→77 [0.1ms]
[2026-05-06 11:55:28] MOVE asha (gray0): 43→31 [0.1ms]
[2026-05-06 11:55:28] MOVE chetan (lawn green): 77→89 [0.1ms]
[2026-05-06 11:55:29] MOVE asha (gray0): 63→53 [0.1ms]
[2026-05-06 11:55:29] MOVE chetan (lawn green): 89→102 [0.1ms]
[2026-05-06 11:55:29] MOVE asha (gray0): 31→18 [0.1ms]
[2026-05-06 11:55:29] MOVE chetan (lawn green): 102→90 [0.1ms]
[2026-05-06 11:55:29] MOVE asha (gray0): 53→54 [0.1ms]
[2026-05-06 11:55:29] MOVE chetan (lawn green): 90→78 [0.1ms]
[2026-05-06 11:55:30] MOVE asha (gray0): 18→9 [0.1ms]
[2026-05-06 11:55:30] MOVE chetan (lawn green): 78→67 [0.1ms]
[2026-05-06 11:55:30] MOVE asha (gray0): 54→43 [0.1ms]
[2026-05-06 11:55:30] MOVE chetan (lawn green): 67→57 [0.1ms]
[2026-05-06 11:55:30] MOVE asha (gray0): 9→17 [0.1ms]
[2026-05-06 11:55:30] MOVE chetan (lawn green): 57→56 [0.1ms]
[2026-05-06 11:55:30] MOVE asha (gray0): 43→31 [0.1ms]
[2026-05-06 11:55:31] MOVE chetan (lawn green): 56→66 [0.1ms]
[2026-05-06 11:55:31] MOVE asha (gray0): 17→30 [0.2ms]
[2026-05-06 11:55:31] MOVE chetan (lawn green): 66→77 [0.2ms]
[2026-05-06 11:55:31] MOVE asha (gray0): 31→18 [0.2ms]
[2026-05-06 11:55:31] MOVE chetan (lawn green): 77→89 [0.2ms]
[2026-05-06 11:55:31] MOVE asha (gray0): 30→31 [1.0ms]
[2026-05-06 11:55:32] MOVE chetan (lawn green): 89→102 [0.3ms]
[2026-05-06 11:55:32] MOVE asha (gray0): 18→9 [0.1ms]
[2026-05-06 11:55:32] MOVE chetan (lawn green): 102→90 [0.1ms]
[2026-05-06 11:55:32] MOVE asha (gray0): 31→18 [0.5ms]
[2026-05-06 11:55:32] MOVE chetan (lawn green): 90→78 [0.1ms]
[2026-05-06 11:55:32] MOVE asha (gray0): 9→31 [0.1ms]
[2026-05-06 11:55:33] MOVE chetan (lawn green): 78→67 [0.1ms]
[2026-05-06 11:55:33] MOVE asha (gray0): 18→43 [0.1ms]
[2026-05-06 11:55:33] MOVE chetan (lawn green): 67→57 [0.1ms]
[2026-05-06 11:55:33] MOVE asha (gray0): 31→54 [0.1ms]
[2026-05-06 11:55:33] MOVE chetan (lawn green): 57→56 [0.1ms]
[2026-05-06 11:55:33] MOVE asha (gray0): 43→64 [0.1ms]
[2026-05-06 11:55:34] MOVE chetan (lawn green): 56→66 [0.1ms]
[2026-05-06 11:55:34] MOVE asha (gray0): 54→43 [0.1ms]
[2026-05-06 11:55:34] MOVE chetan (lawn green): 66→77 [0.1ms]
[2026-05-06 11:55:34] MOVE asha (gray0): 64→54 [0.1ms]
[2026-05-06 11:55:34] MOVE chetan (lawn green): 77→89 [0.1ms]
[2026-05-06 11:55:34] MOVE asha (gray0): 43→64 [0.1ms]
[2026-05-06 11:55:35] MOVE chetan (lawn green): 89→102 [0.1ms]
[2026-05-06 11:55:35] MOVE asha (gray0): 54→74 [0.1ms]
[2026-05-06 11:55:35] MOVE chetan (lawn green): 102→90 [0.1ms]
[2026-05-06 11:55:35] MOVE asha (gray0): 64→63 [0.1ms]
[2026-05-06 11:55:35] MOVE chetan (lawn green): 90→78 [0.3ms]
[2026-05-06 11:55:35] MOVE asha (gray0): 74→73 [0.1ms]
[2026-05-06 11:55:35] MOVE chetan (lawn green): 78→67 [0.1ms]
[2026-05-06 11:55:36] MOVE asha (gray0): 63→53 [0.1ms]
[2026-05-06 11:55:36] MOVE chetan (lawn green): 67→57 [0.1ms]
[2026-05-06 11:55:36] MOVE asha (gray0): 73→63 [0.1ms]
[2026-05-06 11:55:36] MOVE chetan (lawn green): 57→56 [0.1ms]
[2026-05-06 11:55:36] MOVE asha (gray0): 53→54 [0.1ms]
[2026-05-06 11:55:36] MOVE chetan (lawn green): 56→66 [0.1ms]
[2026-05-06 11:55:36] MOVE asha (gray0): 63→64 [0.1ms]
[2026-05-06 11:55:37] MOVE chetan (lawn green): 66→77 [0.1ms]
[2026-05-06 11:55:37] MOVE asha (gray0): 54→43 [0.1ms]
[2026-05-06 11:55:37] MOVE chetan (lawn green): 77→89 [0.1ms]
[2026-05-06 11:55:37] MOVE asha (gray0): 64→54 [0.1ms]
[2026-05-06 11:55:37] MOVE chetan (lawn green): 89→102 [0.1ms]
[2026-05-06 11:55:37] MOVE asha (gray0): 43→64 [0.3ms]
[2026-05-06 11:55:38] MOVE chetan (lawn green): 102→90 [0.1ms]
[2026-05-06 11:55:38] MOVE asha (gray0): 54→43 [0.1ms]
[2026-05-06 11:55:38] MOVE chetan (lawn green): 90→78 [0.4ms]
[2026-05-06 11:55:38] MOVE asha (gray0): 64→63 [0.4ms]
[2026-05-06 11:55:38] MOVE chetan (lawn green): 78→67 [0.1ms]
[2026-05-06 11:55:38] MOVE asha (gray0): 43→31 [0.1ms]
[2026-05-06 11:55:39] MOVE chetan (lawn green): 67→57 [0.1ms]
[2026-05-06 11:55:39] MOVE asha (gray0): 63→53 [0.1ms]
[2026-05-06 11:55:39] MOVE chetan (lawn green): 57→56 [0.1ms]
[2026-05-06 11:55:39] MOVE asha (gray0): 31→18 [0.1ms]
[2026-05-06 11:55:39] MOVE chetan (lawn green): 56→66 [0.1ms]
[2026-05-06 11:55:39] MOVE asha (gray0): 53→54 [0.4ms]
[2026-05-06 11:55:40] MOVE chetan (lawn green): 66→77 [0.2ms]
[2026-05-06 11:55:40] MOVE asha (gray0): 18→9 [0.1ms]
[2026-05-06 11:55:40] MOVE chetan (lawn green): 77→89 [0.2ms]
[2026-05-06 11:55:40] MOVE asha (gray0): 54→43 [0.1ms]
[2026-05-06 11:55:40] MOVE chetan (lawn green): 89→102 [0.1ms]
[2026-05-06 11:55:40] MOVE asha (gray0): 9→17 [0.5ms]
[2026-05-06 11:55:41] MOVE chetan (lawn green): 102→90 [0.1ms]
[2026-05-06 11:55:41] MOVE asha (gray0): 43→31 [0.1ms]
[2026-05-06 11:55:41] MOVE chetan (lawn green): 90→78 [1.6ms]
[2026-05-06 11:55:41] MOVE asha (gray0): 17→30 [0.1ms]
[2026-05-06 11:55:41] MOVE chetan (lawn green): 78→67 [0.1ms]
[2026-05-06 11:55:41] MOVE asha (gray0): 31→18 [0.1ms]
[2026-05-06 11:55:42] MOVE chetan (lawn green): 67→57 [0.3ms]
[2026-05-06 11:55:42] MOVE asha (gray0): 30→31 [0.3ms]
[2026-05-06 11:55:42] MOVE chetan (lawn green): 57→56 [0.1ms]
[2026-05-06 11:55:42] MOVE asha (gray0): 18→9 [0.1ms]
[2026-05-06 11:55:42] MOVE chetan (lawn green): 56→66 [0.1ms]
[2026-05-06 11:55:42] MOVE asha (gray0): 31→18 [0.1ms]
[2026-05-06 11:55:43] MOVE chetan (lawn green): 66→77 [0.2ms]
[2026-05-06 11:55:43] MOVE asha (gray0): 9→31 [0.1ms]
[2026-05-06 11:55:43] MOVE chetan (lawn green): 77→89 [0.1ms]
[2026-05-06 11:55:43] MOVE asha (gray0): 18→43 [0.5ms]
[2026-05-06 11:55:43] MOVE chetan (lawn green): 89→102 [0.1ms]
[2026-05-06 11:55:43] MOVE asha (gray0): 31→54 [0.6ms]
[2026-05-06 11:55:43] MOVE chetan (lawn green): 102→90 [0.1ms]
[2026-05-06 11:55:44] MOVE asha (gray0): 43→64 [0.1ms]
[2026-05-06 11:55:44] MOVE chetan (lawn green): 90→78 [0.1ms]
[2026-05-06 11:55:44] MOVE asha (gray0): 54→43 [0.1ms]
[2026-05-06 11:55:44] MOVE chetan (lawn green): 78→67 [0.1ms]
[2026-05-06 11:55:44] MOVE asha (gray0): 64→54 [0.1ms]
[2026-05-06 11:55:44] MOVE chetan (lawn green): 67→57 [0.1ms]
[2026-05-06 11:55:44] MOVE asha (gray0): 43→64 [0.1ms]
[2026-05-06 11:55:45] MOVE chetan (lawn green): 57→56 [0.1ms]
[2026-05-06 11:55:45] MOVE asha (gray0): 54→74 [0.1ms]
[2026-05-06 11:55:45] MOVE chetan (lawn green): 56→66 [0.1ms]
[2026-05-06 11:55:45] MOVE asha (gray0): 64→63 [0.1ms]
[2026-05-06 11:55:45] MOVE chetan (lawn green): 66→77 [0.1ms]
[2026-05-06 11:55:45] MOVE asha (gray0): 74→73 [0.1ms]
[2026-05-06 11:55:46] MOVE chetan (lawn green): 77→89 [0.1ms]
[2026-05-06 11:55:46] MOVE asha (gray0): 63→53 [0.1ms]
[2026-05-06 11:55:46] MOVE chetan (lawn green): 89→102 [0.1ms]
[2026-05-06 11:55:46] MOVE asha (gray0): 73→63 [0.1ms]
[2026-05-06 11:55:46] MOVE chetan (lawn green): 102→90 [0.1ms]
[2026-05-06 11:55:46] MOVE asha (gray0): 53→54 [0.1ms]
[2026-05-06 11:55:47] MOVE chetan (lawn green): 90→78 [0.1ms]
[2026-05-06 11:55:47] MOVE asha (gray0): 63→64 [0.2ms]
[2026-05-06 11:55:47] MOVE chetan (lawn green): 78→67 [0.1ms]
[2026-05-06 11:55:47] MOVE asha (gray0): 54→43 [0.1ms]
[2026-05-06 11:55:47] MOVE chetan (lawn green): 67→57 [0.1ms]
[2026-05-06 11:55:47] MOVE asha (gray0): 64→54 [0.1ms]
[2026-05-06 11:55:48] MOVE chetan (lawn green): 57→56 [0.1ms]
[2026-05-06 11:55:48] MOVE asha (gray0): 43→64 [0.1ms]
[2026-05-06 11:55:48] MOVE chetan (lawn green): 56→66 [0.3ms]
[2026-05-06 11:55:48] MOVE asha (gray0): 54→43 [0.1ms]
[2026-05-06 11:55:48] MOVE chetan (lawn green): 66→77 [0.1ms]
[2026-05-06 11:55:48] MOVE asha (gray0): 64→63 [0.1ms]
[2026-05-06 11:55:48] MOVE chetan (lawn green): 77→89 [0.1ms]
[2026-05-06 11:55:49] MOVE asha (gray0): 43→31 [0.4ms]
[2026-05-06 11:55:49] MOVE chetan (lawn green): 89→102 [0.1ms]
[2026-05-06 11:55:49] MOVE asha (gray0): 63→53 [0.1ms]
[2026-05-06 11:55:49] MOVE chetan (lawn green): 102→90 [0.1ms]
[2026-05-06 11:55:49] MOVE asha (gray0): 31→18 [0.1ms]
[2026-05-06 11:55:49] MOVE chetan (lawn green): 90→78 [0.1ms]
[2026-05-06 11:55:49] MOVE asha (gray0): 53→54 [0.1ms]
[2026-05-06 11:55:50] MOVE chetan (lawn green): 78→67 [0.1ms]
[2026-05-06 11:55:50] MOVE asha (gray0): 18→9 [0.1ms]
[2026-05-06 11:55:50] MOVE chetan (lawn green): 67→57 [0.1ms]
[2026-05-06 11:55:50] MOVE asha (gray0): 54→43 [0.1ms]
[2026-05-06 11:55:50] MOVE chetan (lawn green): 57→56 [0.1ms]
[2026-05-06 11:55:50] MOVE asha (gray0): 9→17 [0.1ms]
[2026-05-06 11:55:51] MOVE chetan (lawn green): 56→66 [0.1ms]
[2026-05-06 11:55:51] MOVE asha (gray0): 43→31 [0.1ms]
[2026-05-06 11:55:51] MOVE chetan (lawn green): 66→77 [0.1ms]
[2026-05-06 11:55:51] MOVE asha (gray0): 17→30 [0.1ms]
[2026-05-06 11:55:51] MOVE chetan (lawn green): 77→89 [0.1ms]
[2026-05-06 11:55:51] MOVE asha (gray0): 31→18 [0.1ms]
[2026-05-06 11:55:52] MOVE chetan (lawn green): 89→102 [0.1ms]
[2026-05-06 11:55:52] MOVE asha (gray0): 30→31 [0.1ms]
[2026-05-06 11:55:52] MOVE chetan (lawn green): 102→90 [0.1ms]
[2026-05-06 11:55:52] MOVE asha (gray0): 18→9 [0.1ms]
[2026-05-06 11:55:52] MOVE chetan (lawn green): 90→78 [0.1ms]
[2026-05-06 11:55:52] MOVE asha (gray0): 31→18 [0.1ms]
[2026-05-06 11:55:53] MOVE chetan (lawn green): 78→67 [0.1ms]
[2026-05-06 11:55:53] MOVE asha (gray0): 9→31 [0.1ms]
[2026-05-06 11:55:53] MOVE chetan (lawn green): 67→57 [0.2ms]
[2026-05-06 11:55:53] MOVE asha (gray0): 18→43 [0.1ms]
[2026-05-06 11:55:53] MOVE chetan (lawn green): 57→56 [0.1ms]
[2026-05-06 11:55:53] MOVE asha (gray0): 31→54 [0.1ms]
[2026-05-06 11:55:53] MOVE chetan (lawn green): 56→66 [0.1ms]
[2026-05-06 11:55:54] MOVE asha (gray0): 43→64 [0.1ms]
[2026-05-06 11:55:54] MOVE chetan (lawn green): 66→77 [0.1ms]
[2026-05-06 11:55:54] MOVE asha (gray0): 54→43 [0.1ms]
[2026-05-06 11:55:54] MOVE chetan (lawn green): 77→89 [0.1ms]
[2026-05-06 11:55:54] MOVE asha (gray0): 64→54 [0.1ms]
[2026-05-06 11:55:54] MOVE chetan (lawn green): 89→102 [0.2ms]
[2026-05-06 11:55:54] MOVE asha (gray0): 43→64 [0.1ms]
[2026-05-06 11:55:55] MOVE chetan (lawn green): 102→90 [0.1ms]
[2026-05-06 11:55:55] MOVE asha (gray0): 54→74 [0.4ms]
[2026-05-06 11:55:55] MOVE chetan (lawn green): 90→78 [1.6ms]
[2026-05-06 11:55:55] MOVE asha (gray0): 64→63 [0.1ms]
[2026-05-06 11:55:55] MOVE chetan (lawn green): 78→67 [0.1ms]
[2026-05-06 11:55:55] MOVE asha (gray0): 74→73 [0.1ms]
[2026-05-06 11:55:56] MOVE chetan (lawn green): 67→57 [0.1ms]
[2026-05-06 11:55:56] MOVE asha (gray0): 63→53 [0.1ms]
[2026-05-06 11:55:56] MOVE chetan (lawn green): 57→56 [0.1ms]
[2026-05-06 11:55:56] MOVE asha (gray0): 73→63 [0.1ms]
[2026-05-06 11:55:56] MOVE chetan (lawn green): 56→66 [0.5ms]
[2026-05-06 11:55:56] MOVE asha (gray0): 53→54 [0.1ms]
[2026-05-06 11:55:57] MOVE chetan (lawn green): 66→77 [0.1ms]
[2026-05-06 11:55:57] MOVE asha (gray0): 63→64 [0.1ms]
[2026-05-06 11:55:57] MOVE chetan (lawn green): 77→89 [0.1ms]
[2026-05-06 11:55:57] MOVE asha (gray0): 54→43 [0.1ms]
[2026-05-06 11:55:57] MOVE chetan (lawn green): 89→102 [0.3ms]
[2026-05-06 11:55:57] MOVE asha (gray0): 64→54 [0.1ms]
[2026-05-06 11:55:58] MOVE chetan (lawn green): 102→90 [0.1ms]
[2026-05-06 11:55:58] MOVE asha (gray0): 43→64 [0.5ms]
[2026-05-06 11:55:58] MOVE chetan (lawn green): 90→78 [0.1ms]
[2026-05-06 11:55:58] MOVE asha (gray0): 54→43 [0.1ms]
[2026-05-06 11:55:58] MOVE chetan (lawn green): 78→67 [0.1ms]
[2026-05-06 11:55:58] MOVE asha (gray0): 64→63 [0.1ms]
[2026-05-06 11:55:58] MOVE chetan (lawn green): 67→57 [0.1ms]
[2026-05-06 11:55:59] MOVE asha (gray0): 43→31 [0.1ms]
[2026-05-06 11:55:59] MOVE chetan (lawn green): 57→56 [0.1ms]
[2026-05-06 11:55:59] MOVE asha (gray0): 63→53 [0.1ms]
[2026-05-06 11:55:59] MOVE chetan (lawn green): 56→66 [0.1ms]
[2026-05-06 11:55:59] MOVE asha (gray0): 31→18 [0.1ms]
[2026-05-06 11:55:59] MOVE chetan (lawn green): 66→77 [0.1ms]
[2026-05-06 11:56:00] MOVE asha (gray0): 53→54 [0.1ms]
[2026-05-06 11:56:00] MOVE chetan (lawn green): 77→89 [0.1ms]
[2026-05-06 11:56:00] MOVE asha (gray0): 18→9 [0.1ms]
[2026-05-06 11:56:00] MOVE chetan (lawn green): 89→102 [0.1ms]
[2026-05-06 11:56:00] MOVE asha (gray0): 54→43 [0.1ms]
[2026-05-06 11:56:00] MOVE chetan (lawn green): 102→90 [0.1ms]
[2026-05-06 11:56:01] MOVE asha (gray0): 9→17 [0.1ms]
[2026-05-06 11:56:01] MOVE chetan (lawn green): 90→78 [0.1ms]
[2026-05-06 11:56:01] MOVE asha (gray0): 43→31 [0.1ms]
[2026-05-06 11:56:01] MOVE chetan (lawn green): 78→67 [0.1ms]
[2026-05-06 11:56:01] MOVE asha (gray0): 17→30 [0.1ms]
[2026-05-06 11:56:01] MOVE chetan (lawn green): 67→57 [0.2ms]
[2026-05-06 11:56:01] MOVE asha (gray0): 31→18 [0.2ms]
[2026-05-06 11:56:02] MOVE chetan (lawn green): 57→56 [0.1ms]
[2026-05-06 11:56:02] MOVE asha (gray0): 30→31 [0.1ms]
[2026-05-06 11:56:02] MOVE chetan (lawn green): 56→66 [0.1ms]
[2026-05-06 11:56:02] MOVE asha (gray0): 18→9 [0.1ms]
[2026-05-06 11:56:02] MOVE chetan (lawn green): 66→77 [0.1ms]
[2026-05-06 11:56:02] MOVE asha (gray0): 31→18 [0.1ms]
[2026-05-06 11:56:03] MOVE chetan (lawn green): 77→89 [0.1ms]
[2026-05-06 11:56:03] MOVE asha (gray0): 9→31 [0.1ms]
[2026-05-06 11:56:03] MOVE chetan (lawn green): 89→102 [0.1ms]
[2026-05-06 11:56:03] MOVE asha (gray0): 18→43 [0.1ms]
[2026-05-06 11:56:03] MOVE chetan (lawn green): 102→90 [1.5ms]
[2026-05-06 11:56:03] MOVE asha (gray0): 31→54 [0.1ms]
[2026-05-06 11:56:04] MOVE chetan (lawn green): 90→78 [0.1ms]
[2026-05-06 11:56:04] MOVE asha (gray0): 43→64 [0.3ms]
[2026-05-06 11:56:04] MOVE chetan (lawn green): 78→67 [0.1ms]
[2026-05-06 11:56:04] MOVE asha (gray0): 54→43 [0.2ms]
[2026-05-06 11:56:04] MOVE chetan (lawn green): 67→57 [0.2ms]
[2026-05-06 11:56:04] MOVE asha (gray0): 64→54 [0.1ms]
[2026-05-06 11:56:04] MOVE chetan (lawn green): 57→56 [0.1ms]
[2026-05-06 11:56:05] MOVE asha (gray0): 43→64 [0.1ms]
[2026-05-06 11:56:05] MOVE chetan (lawn green): 56→66 [0.1ms]
[2026-05-06 11:56:05] MOVE asha (gray0): 54→74 [0.1ms]
[2026-05-06 11:56:05] MOVE chetan (lawn green): 66→77 [0.2ms]
[2026-05-06 11:56:05] MOVE asha (gray0): 64→63 [0.2ms]
[2026-05-06 11:56:05] MOVE chetan (lawn green): 77→89 [0.1ms]
[2026-05-06 11:56:06] MOVE asha (gray0): 74→73 [0.1ms]
[2026-05-06 11:56:06] MOVE chetan (lawn green): 89→102 [0.1ms]
[2026-05-06 11:56:06] MOVE asha (gray0): 63→53 [0.2ms]
[2026-05-06 11:56:06] MOVE chetan (lawn green): 102→90 [0.1ms]
[2026-05-06 11:56:06] MOVE asha (gray0): 73→63 [0.1ms]
[2026-05-06 11:56:06] MOVE chetan (lawn green): 90→78 [0.1ms]
[2026-05-06 11:56:07] MOVE asha (gray0): 53→54 [0.1ms]
[2026-05-06 11:56:07] MOVE chetan (lawn green): 78→67 [0.1ms]
[2026-05-06 11:56:07] MOVE asha (gray0): 63→64 [0.1ms]
[2026-05-06 11:56:07] MOVE chetan (lawn green): 67→57 [0.2ms]
[2026-05-06 11:56:07] MOVE asha (gray0): 54→43 [0.1ms]
[2026-05-06 11:56:07] MOVE chetan (lawn green): 57→56 [0.1ms]
[2026-05-06 11:56:08] MOVE asha (gray0): 64→54 [0.1ms]
[2026-05-06 11:56:08] MOVE chetan (lawn green): 56→66 [0.1ms]
[2026-05-06 11:56:08] MOVE asha (gray0): 43→64 [0.1ms]
[2026-05-06 11:56:08] MOVE chetan (lawn green): 66→77 [0.1ms]
[2026-05-06 11:56:08] MOVE asha (gray0): 54→43 [0.1ms]
[2026-05-06 11:56:08] MOVE chetan (lawn green): 77→89 [0.1ms]
[2026-05-06 11:56:08] MOVE asha (gray0): 64→63 [0.1ms]
[2026-05-06 11:56:09] MOVE chetan (lawn green): 89→102 [0.1ms]
[2026-05-06 11:56:09] MOVE asha (gray0): 43→31 [0.1ms]
[2026-05-06 11:56:09] MOVE chetan (lawn green): 102→90 [0.1ms]
[2026-05-06 11:56:09] MOVE asha (gray0): 63→53 [0.1ms]
[2026-05-06 11:56:09] MOVE chetan (lawn green): 90→78 [0.1ms]
[2026-05-06 11:56:09] MOVE asha (gray0): 31→18 [0.1ms]
[2026-05-06 11:56:10] MOVE chetan (lawn green): 78→67 [0.1ms]
[2026-05-06 11:56:10] MOVE asha (gray0): 53→54 [0.1ms]
[2026-05-06 11:56:10] MOVE chetan (lawn green): 67→57 [0.1ms]
[2026-05-06 11:56:10] MOVE asha (gray0): 18→9 [0.1ms]
[2026-05-06 11:56:10] MOVE chetan (lawn green): 57→56 [0.1ms]
[2026-05-06 11:56:10] MOVE asha (gray0): 54→43 [0.1ms]
[2026-05-06 11:56:10] MOVE chetan (lawn green): 56→66 [0.2ms]
[2026-05-06 11:56:11] MOVE asha (gray0): 9→17 [0.1ms]
[2026-05-06 11:56:11] MOVE chetan (lawn green): 66→77 [0.1ms]
[2026-05-06 11:56:11] MOVE asha (gray0): 43→31 [0.2ms]
[2026-05-06 11:56:11] MOVE chetan (lawn green): 77→89 [0.1ms]
[2026-05-06 11:56:11] MOVE asha (gray0): 17→30 [0.1ms]
[2026-05-06 11:56:11] MOVE chetan (lawn green): 89→102 [0.1ms]
[2026-05-06 11:56:12] MOVE asha (gray0): 31→18 [0.2ms]
[2026-05-06 11:56:12] MOVE chetan (lawn green): 102→90 [0.1ms]
[2026-05-06 11:56:12] MOVE asha (gray0): 30→31 [0.2ms]
[2026-05-06 11:56:12] MOVE chetan (lawn green): 90→78 [0.2ms]
[2026-05-06 11:56:12] MOVE asha (gray0): 18→9 [0.1ms]
[2026-05-06 11:56:12] MOVE chetan (lawn green): 78→67 [0.1ms]
[2026-05-06 11:56:13] MOVE asha (gray0): 31→18 [0.1ms]
[2026-05-06 11:56:13] MOVE chetan (lawn green): 67→57 [0.1ms]
[2026-05-06 11:56:13] MOVE asha (gray0): 9→31 [0.1ms]
[2026-05-06 11:56:13] MOVE chetan (lawn green): 57→56 [0.1ms]
[2026-05-06 11:56:13] MOVE asha (gray0): 18→43 [0.1ms]
[2026-05-06 11:56:13] MOVE chetan (lawn green): 56→66 [0.2ms]
[2026-05-06 11:56:13] MOVE asha (gray0): 31→54 [0.1ms]
[2026-05-06 11:56:14] MOVE chetan (lawn green): 66→77 [0.1ms]
[2026-05-06 11:56:14] MOVE asha (gray0): 43→64 [0.3ms]
[2026-05-06 11:56:14] MOVE chetan (lawn green): 77→89 [0.1ms]
[2026-05-06 11:56:14] MOVE asha (gray0): 54→43 [0.1ms]
[2026-05-06 11:56:14] MOVE chetan (lawn green): 89→102 [0.1ms]
[2026-05-06 11:56:14] MOVE asha (gray0): 64→54 [0.2ms]
[2026-05-06 11:56:15] MOVE chetan (lawn green): 102→90 [0.1ms]
[2026-05-06 11:56:15] MOVE asha (gray0): 43→64 [0.1ms]
[2026-05-06 11:56:15] MOVE chetan (lawn green): 90→78 [0.1ms]
[2026-05-06 11:56:15] MOVE asha (gray0): 54→74 [0.1ms]
[2026-05-06 11:56:15] MOVE chetan (lawn green): 78→67 [0.5ms]
[2026-05-06 11:56:15] MOVE asha (gray0): 64→63 [0.1ms]
[2026-05-06 11:56:15] MOVE chetan (lawn green): 67→57 [0.1ms]
[2026-05-06 11:56:16] MOVE asha (gray0): 74→73 [0.1ms]
[2026-05-06 11:56:16] MOVE chetan (lawn green): 57→56 [0.1ms]
[2026-05-06 11:56:16] MOVE asha (gray0): 63→53 [0.1ms]
[2026-05-06 11:56:16] MOVE chetan (lawn green): 56→66 [0.1ms]
[2026-05-06 11:56:16] MOVE asha (gray0): 73→63 [0.1ms]
[2026-05-06 11:56:16] MOVE chetan (lawn green): 66→77 [0.1ms]
[2026-05-06 11:56:17] MOVE asha (gray0): 53→54 [0.1ms]
[2026-05-06 11:56:17] MOVE chetan (lawn green): 77→89 [0.1ms]
[2026-05-06 11:56:17] MOVE asha (gray0): 63→64 [5.7ms]
[2026-05-06 11:56:17] MOVE chetan (lawn green): 89→102 [0.1ms]
[2026-05-06 11:56:17] MOVE asha (gray0): 54→43 [0.1ms]
[2026-05-06 11:56:17] MOVE chetan (lawn green): 102→90 [1.7ms]
[2026-05-06 11:56:18] MOVE asha (gray0): 64→54 [0.1ms]
[2026-05-06 11:56:18] MOVE chetan (lawn green): 90→78 [0.1ms]
[2026-05-06 11:56:18] MOVE asha (gray0): 43→64 [0.1ms]
[2026-05-06 11:56:18] MOVE chetan (lawn green): 78→67 [0.1ms]
[2026-05-06 11:56:18] MOVE asha (gray0): 54→43 [0.1ms]
[2026-05-06 11:56:18] MOVE chetan (lawn green): 67→57 [0.1ms]
[2026-05-06 11:56:18] MOVE asha (gray0): 64→63 [0.1ms]
[2026-05-06 11:56:19] MOVE chetan (lawn green): 57→56 [0.1ms]
[2026-05-06 11:56:19] MOVE asha (gray0): 43→31 [2.1ms]
[2026-05-06 11:56:19] MOVE chetan (lawn green): 56→66 [0.2ms]
[2026-05-06 11:56:19] MOVE asha (gray0): 63→53 [0.1ms]
[2026-05-06 11:56:19] MOVE chetan (lawn green): 66→77 [0.1ms]
[2026-05-06 11:56:19] MOVE asha (gray0): 31→18 [0.1ms]
[2026-05-06 11:56:20] MOVE chetan (lawn green): 77→89 [0.5ms]
[2026-05-06 11:56:20] MOVE asha (gray0): 53→54 [0.1ms]
[2026-05-06 11:56:20] MOVE chetan (lawn green): 89→102 [0.1ms]
[2026-05-06 11:56:20] MOVE asha (gray0): 18→9 [0.2ms]
[2026-05-06 11:56:20] MOVE chetan (lawn green): 102→90 [0.1ms]
[2026-05-06 11:56:20] MOVE asha (gray0): 54→43 [0.1ms]
[2026-05-06 11:56:21] MOVE chetan (lawn green): 90→78 [0.1ms]
[2026-05-06 11:56:21] MOVE asha (gray0): 9→17 [0.2ms]
[2026-05-06 11:56:21] MOVE chetan (lawn green): 78→67 [0.1ms]
[2026-05-06 11:56:21] MOVE asha (gray0): 43→31 [0.1ms]
[2026-05-06 11:56:21] MOVE chetan (lawn green): 67→57 [0.1ms]
[2026-05-06 11:56:21] MOVE asha (gray0): 17→30 [0.1ms]
[2026-05-06 11:56:22] MOVE chetan (lawn green): 57→56 [0.1ms]
[2026-05-06 11:56:22] MOVE asha (gray0): 31→18 [0.1ms]
[2026-05-06 11:56:22] MOVE chetan (lawn green): 56→66 [0.3ms]
[2026-05-06 11:56:22] MOVE asha (gray0): 30→31 [0.1ms]
[2026-05-06 11:56:22] MOVE chetan (lawn green): 66→77 [0.1ms]
[2026-05-06 11:56:22] MOVE asha (gray0): 18→9 [0.1ms]
[2026-05-06 11:56:22] MOVE chetan (lawn green): 77→89 [0.1ms]
[2026-05-06 11:56:23] MOVE asha (gray0): 31→18 [0.1ms]
[2026-05-06 11:56:23] MOVE chetan (lawn green): 89→102 [0.1ms]
[2026-05-06 11:56:23] MOVE asha (gray0): 9→31 [0.1ms]
[2026-05-06 11:56:23] MOVE chetan (lawn green): 102→90 [0.1ms]
[2026-05-06 11:56:23] MOVE asha (gray0): 18→43 [0.1ms]
[2026-05-06 11:56:23] MOVE chetan (lawn green): 90→78 [0.1ms]
[2026-05-06 11:56:24] MOVE asha (gray0): 31→54 [0.2ms]
[2026-05-06 11:56:24] MOVE chetan (lawn green): 78→67 [0.1ms]
[2026-05-06 11:56:24] MOVE asha (gray0): 43→64 [0.1ms]
[2026-05-06 11:56:24] MOVE chetan (lawn green): 67→57 [0.1ms]
[2026-05-06 11:56:24] MOVE asha (gray0): 54→43 [0.1ms]
[2026-05-06 11:56:24] MOVE chetan (lawn green): 57→56 [0.1ms]
[2026-05-06 11:56:24] MOVE asha (gray0): 64→54 [0.1ms]
[2026-05-06 11:56:25] MOVE chetan (lawn green): 56→66 [0.1ms]
[2026-05-06 11:56:25] MOVE asha (gray0): 43→64 [0.1ms]
[2026-05-06 11:56:25] MOVE chetan (lawn green): 66→77 [0.1ms]
[2026-05-06 11:56:25] MOVE asha (gray0): 54→74 [0.4ms]
[2026-05-06 11:56:25] MOVE chetan (lawn green): 77→89 [0.1ms]
[2026-05-06 11:56:25] MOVE asha (gray0): 64→63 [0.1ms]
[2026-05-06 11:56:26] MOVE chetan (lawn green): 89→102 [0.1ms]
[2026-05-06 11:56:26] MOVE asha (gray0): 74→73 [0.2ms]
[2026-05-06 11:56:26] MOVE chetan (lawn green): 102→90 [0.1ms]
[2026-05-06 11:56:26] MOVE asha (gray0): 63→53 [0.1ms]
[2026-05-06 11:56:26] MOVE chetan (lawn green): 90→78 [0.1ms]
[2026-05-06 11:56:26] MOVE asha (gray0): 73→63 [0.5ms]
[2026-05-06 11:56:27] MOVE chetan (lawn green): 78→67 [0.3ms]
[2026-05-06 11:56:27] MOVE asha (gray0): 53→54 [0.1ms]
[2026-05-06 11:56:27] MOVE chetan (lawn green): 67→57 [0.1ms]
[2026-05-06 11:56:27] MOVE asha (gray0): 63→64 [0.1ms]
[2026-05-06 11:56:27] MOVE chetan (lawn green): 57→56 [0.2ms]
[2026-05-06 11:56:27] MOVE asha (gray0): 54→43 [0.1ms]
[2026-05-06 11:56:27] MOVE chetan (lawn green): 56→66 [0.1ms]
[2026-05-06 11:56:28] MOVE asha (gray0): 64→54 [1.4ms]
[2026-05-06 11:56:28] MOVE chetan (lawn green): 66→77 [0.1ms]
[2026-05-06 11:56:28] MOVE asha (gray0): 43→64 [0.1ms]
[2026-05-06 11:56:28] MOVE chetan (lawn green): 77→89 [0.1ms]
[2026-05-06 11:56:28] MOVE asha (gray0): 54→43 [0.1ms]
[2026-05-06 11:56:28] MOVE chetan (lawn green): 89→102 [0.1ms]
[2026-05-06 11:56:29] MOVE asha (gray0): 64→63 [0.1ms]
[2026-05-06 11:56:29] MOVE chetan (lawn green): 102→90 [0.1ms]
[2026-05-06 11:56:29] MOVE asha (gray0): 43→31 [0.1ms]
[2026-05-06 11:56:29] MOVE chetan (lawn green): 90→78 [0.1ms]
[2026-05-06 11:56:29] MOVE asha (gray0): 63→53 [0.1ms]
[2026-05-06 11:56:29] MOVE chetan (lawn green): 78→67 [0.1ms]
[2026-05-06 11:56:30] MOVE asha (gray0): 31→18 [0.1ms]
[2026-05-06 11:56:30] MOVE chetan (lawn green): 67→57 [0.1ms]
[2026-05-06 11:56:30] MOVE asha (gray0): 53→54 [0.1ms]
[2026-05-06 11:56:30] MOVE chetan (lawn green): 57→56 [0.1ms]
[2026-05-06 11:56:30] MOVE asha (gray0): 18→9 [0.1ms]
[2026-05-06 11:56:30] MOVE chetan (lawn green): 56→66 [0.1ms]
[2026-05-06 11:56:31] MOVE asha (gray0): 54→43 [0.1ms]
[2026-05-06 11:56:31] MOVE chetan (lawn green): 66→77 [0.1ms]
[2026-05-06 11:56:31] MOVE asha (gray0): 9→17 [0.1ms]
[2026-05-06 11:56:31] MOVE chetan (lawn green): 77→89 [0.1ms]
[2026-05-06 11:56:31] MOVE asha (gray0): 43→31 [0.1ms]
[2026-05-06 11:56:31] MOVE chetan (lawn green): 89→102 [0.1ms]
[2026-05-06 11:56:31] MOVE asha (gray0): 17→30 [0.1ms]
[2026-05-06 11:56:32] MOVE chetan (lawn green): 102→90 [0.4ms]
[2026-05-06 11:56:32] MOVE asha (gray0): 31→18 [0.1ms]
[2026-05-06 11:56:32] MOVE chetan (lawn green): 90→78 [0.1ms]
[2026-05-06 11:56:32] MOVE asha (gray0): 30→31 [0.1ms]
[2026-05-06 11:56:32] MOVE chetan (lawn green): 78→67 [0.1ms]
[2026-05-06 11:56:32] MOVE asha (gray0): 18→9 [0.1ms]
[2026-05-06 11:56:33] MOVE chetan (lawn green): 67→57 [0.2ms]
[2026-05-06 11:56:33] MOVE asha (gray0): 31→18 [0.8ms]
[2026-05-06 11:56:33] MOVE chetan (lawn green): 57→56 [0.1ms]
[2026-05-06 11:56:33] MOVE asha (gray0): 9→31 [0.1ms]
[2026-05-06 11:56:33] MOVE chetan (lawn green): 56→66 [0.1ms]
[2026-05-06 11:56:33] MOVE asha (gray0): 18→43 [0.1ms]
[2026-05-06 11:56:33] MOVE chetan (lawn green): 66→77 [0.1ms]
[2026-05-06 11:56:34] MOVE asha (gray0): 31→54 [0.1ms]
[2026-05-06 11:56:34] MOVE chetan (lawn green): 77→89 [0.1ms]
[2026-05-06 11:56:34] MOVE asha (gray0): 43→64 [0.1ms]
[2026-05-06 11:56:34] MOVE chetan (lawn green): 89→102 [0.1ms]
[2026-05-06 11:56:34] MOVE asha (gray0): 54→43 [0.1ms]
[2026-05-06 11:56:34] MOVE chetan (lawn green): 102→90 [0.6ms]
[2026-05-06 11:56:35] MOVE asha (gray0): 64→54 [0.1ms]
[2026-05-06 11:56:35] MOVE chetan (lawn green): 90→78 [0.1ms]
[2026-05-06 11:56:35] MOVE asha (gray0): 43→64 [0.1ms]
[2026-05-06 11:56:35] MOVE chetan (lawn green): 78→67 [0.1ms]
[2026-05-06 11:56:35] MOVE asha (gray0): 54→74 [0.1ms]
[2026-05-06 11:56:35] MOVE chetan (lawn green): 67→57 [0.1ms]
[2026-05-06 11:56:36] MOVE asha (gray0): 64→63 [0.1ms]
[2026-05-06 11:56:36] MOVE chetan (lawn green): 57→56 [0.1ms]
[2026-05-06 11:56:36] MOVE asha (gray0): 74→73 [0.1ms]
[2026-05-06 11:56:36] MOVE chetan (lawn green): 56→66 [0.1ms]
[2026-05-06 11:56:36] MOVE asha (gray0): 63→53 [0.2ms]
[2026-05-06 11:56:36] MOVE chetan (lawn green): 66→77 [0.1ms]
[2026-05-06 11:56:36] MOVE asha (gray0): 73→63 [0.1ms]
[2026-05-06 11:56:37] MOVE chetan (lawn green): 77→89 [0.1ms]
[2026-05-06 11:56:37] MOVE asha (gray0): 53→54 [0.1ms]
[2026-05-06 11:56:37] MOVE chetan (lawn green): 89→102 [0.1ms]
[2026-05-06 11:56:37] MOVE asha (gray0): 63→64 [0.1ms]
[2026-05-06 11:56:37] MOVE chetan (lawn green): 102→90 [0.1ms]
[2026-05-06 11:56:37] MOVE asha (gray0): 54→43 [0.1ms]
[2026-05-06 11:56:38] MOVE chetan (lawn green): 90→78 [0.1ms]
[2026-05-06 11:56:38] MOVE asha (gray0): 64→54 [0.3ms]
[2026-05-06 11:56:38] MOVE chetan (lawn green): 78→67 [0.1ms]
[2026-05-06 11:56:38] MOVE asha (gray0): 43→64 [0.1ms]
[2026-05-06 11:56:38] MOVE chetan (lawn green): 67→57 [0.1ms]
[2026-05-06 11:56:38] MOVE asha (gray0): 54→43 [0.1ms]
[2026-05-06 11:56:38] MOVE chetan (lawn green): 57→56 [0.1ms]
[2026-05-06 11:56:39] MOVE asha (gray0): 64→63 [0.1ms]
[2026-05-06 11:56:39] MOVE chetan (lawn green): 56→66 [0.1ms]
[2026-05-06 11:56:39] MOVE asha (gray0): 43→31 [0.1ms]
[2026-05-06 11:56:39] MOVE chetan (lawn green): 66→77 [0.1ms]
[2026-05-06 11:56:39] MOVE asha (gray0): 63→53 [0.1ms]
[2026-05-06 11:56:39] MOVE chetan (lawn green): 77→89 [0.1ms]
[2026-05-06 11:56:40] MOVE asha (gray0): 31→18 [0.1ms]
[2026-05-06 11:56:40] MOVE chetan (lawn green): 89→102 [0.2ms]
[2026-05-06 11:56:40] MOVE asha (gray0): 53→54 [0.1ms]
[2026-05-06 11:56:40] MOVE chetan (lawn green): 102→90 [0.1ms]
[2026-05-06 11:56:40] MOVE asha (gray0): 18→9 [0.1ms]
[2026-05-06 11:56:40] MOVE chetan (lawn green): 90→78 [0.1ms]
[2026-05-06 11:56:41] MOVE asha (gray0): 54→43 [0.1ms]
[2026-05-06 11:56:41] MOVE chetan (lawn green): 78→67 [0.1ms]
[2026-05-06 11:56:41] MOVE asha (gray0): 9→17 [0.2ms]
[2026-05-06 11:56:41] MOVE chetan (lawn green): 67→57 [0.4ms]
[2026-05-06 11:56:41] MOVE asha (gray0): 43→31 [0.1ms]
[2026-05-06 11:56:41] MOVE chetan (lawn green): 57→56 [0.1ms]
[2026-05-06 11:56:42] MOVE asha (gray0): 17→30 [0.1ms]
[2026-05-06 11:56:42] MOVE chetan (lawn green): 56→66 [0.1ms]
[2026-05-06 11:56:42] MOVE asha (gray0): 31→18 [0.1ms]
[2026-05-06 11:56:42] MOVE chetan (lawn green): 66→77 [0.1ms]
[2026-05-06 11:56:42] MOVE asha (gray0): 30→31 [0.3ms]
[2026-05-06 11:56:42] MOVE chetan (lawn green): 77→89 [0.1ms]
[2026-05-06 11:56:42] MOVE asha (gray0): 18→9 [0.1ms]
[2026-05-06 11:56:43] MOVE chetan (lawn green): 89→102 [0.1ms]
[2026-05-06 11:56:43] MOVE asha (gray0): 31→18 [0.1ms]
[2026-05-06 11:56:43] MOVE chetan (lawn green): 102→90 [0.3ms]
[2026-05-06 11:56:43] MOVE asha (gray0): 9→31 [0.1ms]
[2026-05-06 11:56:43] MOVE chetan (lawn green): 90→78 [0.1ms]
[2026-05-06 11:56:43] MOVE asha (gray0): 18→43 [0.1ms]
[2026-05-06 11:56:43] MOVE chetan (lawn green): 78→67 [0.3ms]
[2026-05-06 11:56:44] MOVE asha (gray0): 31→54 [0.6ms]
[2026-05-06 11:56:44] MOVE chetan (lawn green): 67→57 [0.1ms]
[2026-05-06 11:56:44] MOVE asha (gray0): 43→64 [0.1ms]
[2026-05-06 11:56:44] MOVE chetan (lawn green): 57→56 [0.1ms]
[2026-05-06 11:56:44] MOVE asha (gray0): 54→43 [0.1ms]
[2026-05-06 11:56:44] MOVE chetan (lawn green): 56→66 [0.1ms]
[2026-05-06 11:56:45] MOVE asha (gray0): 64→54 [0.2ms]
[2026-05-06 11:56:45] MOVE chetan (lawn green): 66→77 [0.1ms]
[2026-05-06 11:56:45] MOVE asha (gray0): 43→64 [0.2ms]
[2026-05-06 11:56:45] MOVE chetan (lawn green): 77→89 [0.1ms]
[2026-05-06 11:56:45] MOVE asha (gray0): 54→74 [0.1ms]
[2026-05-06 11:56:45] MOVE chetan (lawn green): 89→102 [0.1ms]
[2026-05-06 11:56:46] MOVE asha (gray0): 64→63 [0.1ms]
[2026-05-06 11:56:46] MOVE chetan (lawn green): 102→90 [0.1ms]
[2026-05-06 11:56:46] MOVE asha (gray0): 74→73 [0.1ms]
[2026-05-06 11:56:46] MOVE chetan (lawn green): 90→78 [0.1ms]
[2026-05-06 11:56:46] MOVE asha (gray0): 63→53 [0.1ms]
[2026-05-06 11:56:46] MOVE chetan (lawn green): 78→67 [0.1ms]
[2026-05-06 11:56:47] MOVE asha (gray0): 73→63 [0.1ms]
[2026-05-06 11:56:47] MOVE chetan (lawn green): 67→57 [0.1ms]
[2026-05-06 11:56:47] MOVE asha (gray0): 53→54 [0.1ms]
[2026-05-06 11:56:47] MOVE chetan (lawn green): 57→56 [0.2ms]
[2026-05-06 11:56:47] MOVE asha (gray0): 63→64 [0.1ms]
[2026-05-06 11:56:47] MOVE chetan (lawn green): 56→66 [0.1ms]
[2026-05-06 11:56:48] MOVE asha (gray0): 54→43 [0.1ms]
[2026-05-06 11:56:48] MOVE chetan (lawn green): 66→77 [0.1ms]
[2026-05-06 11:56:48] MOVE asha (gray0): 64→54 [0.1ms]
[2026-05-06 11:56:48] MOVE chetan (lawn green): 77→89 [0.1ms]
[2026-05-06 11:56:48] MOVE asha (gray0): 43→64 [0.1ms]
[2026-05-06 11:56:48] MOVE chetan (lawn green): 89→102 [0.1ms]
[2026-05-06 11:56:49] MOVE asha (gray0): 54→43 [0.1ms]
[2026-05-06 11:56:49] MOVE chetan (lawn green): 102→90 [0.1ms]
[2026-05-06 11:56:49] MOVE asha (gray0): 64→63 [0.1ms]
[2026-05-06 11:56:49] MOVE chetan (lawn green): 90→78 [0.1ms]
[2026-05-06 11:56:49] MOVE asha (gray0): 43→31 [0.1ms]
[2026-05-06 11:56:49] MOVE chetan (lawn green): 78→67 [0.5ms]
[2026-05-06 11:56:50] MOVE asha (gray0): 63→53 [0.1ms]
[2026-05-06 11:56:50] MOVE chetan (lawn green): 67→57 [0.1ms]
[2026-05-06 11:56:50] MOVE asha (gray0): 31→18 [0.1ms]
[2026-05-06 11:56:50] MOVE chetan (lawn green): 57→56 [0.1ms]
[2026-05-06 11:56:50] MOVE asha (gray0): 53→54 [0.1ms]
[2026-05-06 11:56:50] MOVE chetan (lawn green): 56→66 [0.1ms]
[2026-05-06 11:56:51] MOVE asha (gray0): 18→9 [0.1ms]
[2026-05-06 11:56:51] MOVE chetan (lawn green): 66→77 [0.1ms]
[2026-05-06 11:56:51] MOVE asha (gray0): 54→43 [0.2ms]
[2026-05-06 11:56:51] MOVE chetan (lawn green): 77→89 [0.1ms]
[2026-05-06 11:56:52] MOVE asha (gray0): 9→17 [0.1ms]
[2026-05-06 11:56:52] MOVE chetan (lawn green): 89→102 [0.1ms]
[2026-05-06 11:56:52] MOVE asha (gray0): 43→31 [0.1ms]
[2026-05-06 11:56:52] MOVE chetan (lawn green): 102→90 [0.1ms]
[2026-05-06 11:56:52] MOVE asha (gray0): 17→30 [0.1ms]
[2026-05-06 11:56:52] MOVE chetan (lawn green): 90→78 [0.1ms]
[2026-05-06 11:56:53] MOVE asha (gray0): 31→18 [0.1ms]
[2026-05-06 11:56:53] MOVE chetan (lawn green): 78→67 [0.3ms]
[2026-05-06 11:56:53] MOVE asha (gray0): 30→31 [0.1ms]
[2026-05-06 11:56:53] MOVE chetan (lawn green): 67→57 [0.1ms]
[2026-05-06 11:56:53] MOVE asha (gray0): 18→9 [0.1ms]
[2026-05-06 11:56:53] MOVE chetan (lawn green): 57→56 [0.1ms]
[2026-05-06 11:56:54] MOVE asha (gray0): 31→18 [0.1ms]
[2026-05-06 11:56:54] MOVE chetan (lawn green): 56→66 [0.1ms]
[2026-05-06 11:56:54] MOVE asha (gray0): 9→31 [0.2ms]
[2026-05-06 11:56:54] MOVE chetan (lawn green): 66→77 [0.1ms]
[2026-05-06 11:56:54] MOVE asha (gray0): 18→43 [0.2ms]
[2026-05-06 11:56:54] MOVE chetan (lawn green): 77→89 [0.1ms]
[2026-05-06 11:56:54] MOVE asha (gray0): 31→54 [0.2ms]
[2026-05-06 11:56:55] MOVE chetan (lawn green): 89→102 [0.1ms]
[2026-05-06 11:56:55] MOVE asha (gray0): 43→64 [0.1ms]
[2026-05-06 11:56:55] MOVE chetan (lawn green): 102→90 [0.1ms]
[2026-05-06 11:56:55] MOVE asha (gray0): 54→43 [0.1ms]
[2026-05-06 11:56:55] MOVE chetan (lawn green): 90→78 [0.1ms]
[2026-05-06 11:56:55] MOVE asha (gray0): 64→54 [0.1ms]
[2026-05-06 11:56:55] MOVE chetan (lawn green): 78→67 [0.1ms]
[2026-05-06 11:56:56] MOVE asha (gray0): 43→64 [0.1ms]
[2026-05-06 11:56:56] MOVE chetan (lawn green): 67→57 [0.1ms]
[2026-05-06 11:56:56] MOVE asha (gray0): 54→74 [0.2ms]
[2026-05-06 11:56:56] MOVE chetan (lawn green): 57→56 [0.1ms]
[2026-05-06 11:56:56] MOVE asha (gray0): 64→63 [0.1ms]
[2026-05-06 11:56:56] MOVE chetan (lawn green): 56→66 [0.2ms]
[2026-05-06 11:56:57] MOVE asha (gray0): 74→73 [0.1ms]
[2026-05-06 11:56:57] MOVE chetan (lawn green): 66→77 [0.1ms]
[2026-05-06 11:56:57] MOVE asha (gray0): 63→53 [0.2ms]
[2026-05-06 11:56:57] MOVE chetan (lawn green): 77→89 [0.1ms]
[2026-05-06 11:56:57] MOVE asha (gray0): 73→63 [0.6ms]
[2026-05-06 11:56:57] MOVE chetan (lawn green): 89→102 [0.3ms]
[2026-05-06 11:56:58] MOVE asha (gray0): 53→54 [0.1ms]
[2026-05-06 11:56:58] MOVE chetan (lawn green): 102→90 [0.1ms]
[2026-05-06 11:56:58] MOVE asha (gray0): 63→64 [0.1ms]
[2026-05-06 11:56:58] MOVE chetan (lawn green): 90→78 [0.3ms]
[2026-05-06 11:56:58] MOVE asha (gray0): 54→43 [0.1ms]
[2026-05-06 11:56:58] MOVE chetan (lawn green): 78→67 [0.1ms]
[2026-05-06 11:56:59] MOVE asha (gray0): 64→54 [0.1ms]
[2026-05-06 11:56:59] MOVE chetan (lawn green): 67→57 [0.1ms]
[2026-05-06 11:56:59] MOVE asha (gray0): 43→64 [0.1ms]
[2026-05-06 11:56:59] MOVE chetan (lawn green): 57→56 [0.1ms]
[2026-05-06 11:56:59] MOVE asha (gray0): 54→43 [0.1ms]
[2026-05-06 11:56:59] MOVE chetan (lawn green): 56→66 [0.1ms]
[2026-05-06 11:57:00] MOVE asha (gray0): 64→63 [0.2ms]
[2026-05-06 11:57:00] MOVE chetan (lawn green): 66→77 [0.1ms]
[2026-05-06 11:57:00] MOVE asha (gray0): 43→31 [0.1ms]
[2026-05-06 11:57:00] MOVE chetan (lawn green): 77→89 [0.1ms]
[2026-05-06 11:57:00] MOVE asha (gray0): 63→53 [0.1ms]
[2026-05-06 11:57:00] MOVE chetan (lawn green): 89→102 [0.1ms]
[2026-05-06 11:57:00] MOVE asha (gray0): 31→18 [0.1ms]
[2026-05-06 11:57:01] MOVE chetan (lawn green): 102→90 [0.1ms]
[2026-05-06 11:57:01] MOVE asha (gray0): 53→54 [0.2ms]
[2026-05-06 11:57:01] MOVE chetan (lawn green): 90→78 [0.1ms]
[2026-05-06 11:57:01] MOVE asha (gray0): 18→9 [0.1ms]
[2026-05-06 11:57:01] MOVE chetan (lawn green): 78→67 [0.1ms]
[2026-05-06 11:57:01] MOVE asha (gray0): 54→43 [0.1ms]
[2026-05-06 11:57:02] MOVE chetan (lawn green): 67→57 [0.1ms]
[2026-05-06 11:57:02] MOVE asha (gray0): 9→17 [0.1ms]
[2026-05-06 11:57:02] MOVE chetan (lawn green): 57→56 [0.1ms]
[2026-05-06 11:57:02] MOVE asha (gray0): 43→31 [0.1ms]
[2026-05-06 11:57:02] MOVE chetan (lawn green): 56→66 [0.7ms]
[2026-05-06 11:57:02] MOVE asha (gray0): 17→30 [0.1ms]
[2026-05-06 11:57:03] MOVE chetan (lawn green): 66→77 [0.1ms]
[2026-05-06 11:57:03] MOVE asha (gray0): 31→18 [0.1ms]
[2026-05-06 11:57:03] MOVE chetan (lawn green): 77→89 [0.1ms]
[2026-05-06 11:57:03] MOVE asha (gray0): 30→31 [0.1ms]
[2026-05-06 11:57:03] MOVE chetan (lawn green): 89→102 [0.1ms]
[2026-05-06 11:57:03] MOVE asha (gray0): 18→9 [0.1ms]
[2026-05-06 11:57:03] MOVE chetan (lawn green): 102→90 [0.1ms]
[2026-05-06 11:57:04] MOVE asha (gray0): 31→18 [0.1ms]
[2026-05-06 11:57:04] MOVE chetan (lawn green): 90→78 [0.1ms]
[2026-05-06 11:57:04] MOVE asha (gray0): 9→31 [0.1ms]
[2026-05-06 11:57:04] MOVE chetan (lawn green): 78→67 [0.2ms]
[2026-05-06 11:57:04] MOVE asha (gray0): 18→43 [0.1ms]
[2026-05-06 11:57:04] MOVE chetan (lawn green): 67→57 [0.3ms]
[2026-05-06 11:57:05] MOVE asha (gray0): 31→54 [0.2ms]
[2026-05-06 11:57:05] MOVE chetan (lawn green): 57→56 [0.1ms]
[2026-05-06 11:57:05] MOVE asha (gray0): 43→64 [0.1ms]
[2026-05-06 11:57:05] MOVE chetan (lawn green): 56→66 [0.5ms]
[2026-05-06 11:57:05] MOVE asha (gray0): 54→43 [0.1ms]
[2026-05-06 11:57:05] MOVE chetan (lawn green): 66→77 [0.1ms]
[2026-05-06 11:57:06] MOVE asha (gray0): 64→54 [0.1ms]
[2026-05-06 11:57:06] MOVE chetan (lawn green): 77→89 [0.1ms]
[2026-05-06 11:57:06] MOVE asha (gray0): 43→64 [0.1ms]
[2026-05-06 11:57:06] MOVE chetan (lawn green): 89→102 [0.1ms]
[2026-05-06 11:57:06] MOVE asha (gray0): 54→74 [0.2ms]
[2026-05-06 11:57:06] MOVE chetan (lawn green): 102→90 [0.1ms]
[2026-05-06 11:57:06] MOVE asha (gray0): 64→63 [0.1ms]
[2026-05-06 11:57:07] MOVE chetan (lawn green): 90→78 [0.1ms]
[2026-05-06 11:57:07] MOVE asha (gray0): 74→73 [0.1ms]
[2026-05-06 11:57:07] MOVE chetan (lawn green): 78→67 [0.1ms]
[2026-05-06 11:57:07] MOVE asha (gray0): 63→53 [0.1ms]
[2026-05-06 11:57:07] MOVE chetan (lawn green): 67→57 [0.1ms]
[2026-05-06 11:57:07] MOVE asha (gray0): 73→63 [0.1ms]
[2026-05-06 11:57:08] MOVE chetan (lawn green): 57→56 [0.1ms]
[2026-05-06 11:57:08] MOVE asha (gray0): 53→54 [0.1ms]
[2026-05-06 11:57:08] MOVE chetan (lawn green): 56→66 [0.2ms]
[2026-05-06 11:57:08] MOVE asha (gray0): 63→64 [0.1ms]
[2026-05-06 11:57:08] MOVE chetan (lawn green): 66→77 [0.4ms]
[2026-05-06 11:57:08] MOVE asha (gray0): 54→43 [0.1ms]
[2026-05-06 11:57:08] MOVE chetan (lawn green): 77→89 [0.1ms]
[2026-05-06 11:57:09] MOVE asha (gray0): 64→54 [0.1ms]
[2026-05-06 11:57:09] MOVE chetan (lawn green): 89→102 [0.1ms]
[2026-05-06 11:57:09] MOVE asha (gray0): 43→64 [0.2ms]
[2026-05-06 11:57:09] MOVE chetan (lawn green): 102→90 [0.9ms]
[2026-05-06 11:57:09] MOVE asha (gray0): 54→43 [0.1ms]
[2026-05-06 11:57:09] MOVE chetan (lawn green): 90→78 [0.1ms]
[2026-05-06 11:57:10] MOVE asha (gray0): 64→63 [0.2ms]
[2026-05-06 11:57:10] MOVE chetan (lawn green): 78→67 [0.1ms]
[2026-05-06 11:57:10] MOVE asha (gray0): 43→31 [0.1ms]
[2026-05-06 11:57:10] MOVE chetan (lawn green): 67→57 [0.3ms]
[2026-05-06 11:57:10] MOVE asha (gray0): 63→53 [0.1ms]
[2026-05-06 11:57:10] MOVE chetan (lawn green): 57→56 [0.1ms]
[2026-05-06 11:57:11] MOVE asha (gray0): 31→18 [0.1ms]
[2026-05-06 11:57:11] MOVE chetan (lawn green): 56→66 [0.1ms]
[2026-05-06 11:57:11] MOVE asha (gray0): 53→54 [0.7ms]
[2026-05-06 11:57:11] MOVE chetan (lawn green): 66→77 [0.1ms]
[2026-05-06 11:57:11] MOVE asha (gray0): 18→9 [0.1ms]
[2026-05-06 11:57:11] MOVE chetan (lawn green): 77→89 [0.1ms]
[2026-05-06 11:57:11] MOVE asha (gray0): 54→43 [0.1ms]
[2026-05-06 11:57:12] MOVE chetan (lawn green): 89→102 [0.1ms]
[2026-05-06 11:57:12] MOVE asha (gray0): 9→17 [0.1ms]
[2026-05-06 11:57:12] MOVE chetan (lawn green): 102→90 [0.1ms]
[2026-05-06 11:57:12] MOVE asha (gray0): 43→31 [0.1ms]
[2026-05-06 11:57:12] MOVE chetan (lawn green): 90→78 [0.1ms]
[2026-05-06 11:57:12] MOVE asha (gray0): 17→30 [0.1ms]
[2026-05-06 11:57:13] MOVE chetan (lawn green): 78→67 [0.1ms]
[2026-05-06 11:57:13] MOVE asha (gray0): 31→18 [0.1ms]
[2026-05-06 11:57:13] MOVE chetan (lawn green): 67→57 [0.2ms]
[2026-05-06 11:57:13] MOVE asha (gray0): 30→31 [0.1ms]
[2026-05-06 11:57:13] MOVE chetan (lawn green): 57→56 [0.1ms]
[2026-05-06 11:57:13] MOVE asha (gray0): 18→9 [0.1ms]
[2026-05-06 11:57:13] MOVE chetan (lawn green): 56→66 [0.1ms]
[2026-05-06 11:57:14] MOVE asha (gray0): 31→18 [0.1ms]
[2026-05-06 11:57:14] MOVE chetan (lawn green): 66→77 [0.1ms]
[2026-05-06 11:57:14] MOVE asha (gray0): 9→31 [0.1ms]
[2026-05-06 11:57:14] MOVE chetan (lawn green): 77→89 [0.1ms]
[2026-05-06 11:57:14] MOVE asha (gray0): 18→43 [0.1ms]
[2026-05-06 11:57:14] MOVE chetan (lawn green): 89→102 [0.1ms]
[2026-05-06 11:57:15] MOVE asha (gray0): 31→54 [0.1ms]
[2026-05-06 11:57:15] MOVE chetan (lawn green): 102→90 [0.1ms]
[2026-05-06 11:57:15] MOVE asha (gray0): 43→64 [0.1ms]
[2026-05-06 11:57:15] MOVE chetan (lawn green): 90→78 [0.1ms]
[2026-05-06 11:57:15] MOVE asha (gray0): 54→43 [0.1ms]
[2026-05-06 11:57:15] MOVE chetan (lawn green): 78→67 [0.1ms]
[2026-05-06 11:57:16] MOVE asha (gray0): 64→54 [0.1ms]
[2026-05-06 11:57:16] MOVE chetan (lawn green): 67→57 [0.1ms]
[2026-05-06 11:57:16] MOVE asha (gray0): 43→64 [0.2ms]
[2026-05-06 11:57:16] MOVE chetan (lawn green): 57→56 [0.1ms]
[2026-05-06 11:57:16] MOVE asha (gray0): 54→74 [0.1ms]
[2026-05-06 11:57:16] MOVE chetan (lawn green): 56→66 [0.2ms]
[2026-05-06 11:57:17] MOVE asha (gray0): 64→63 [0.1ms]
[2026-05-06 11:57:17] MOVE chetan (lawn green): 66→77 [0.1ms]
[2026-05-06 11:57:17] MOVE asha (gray0): 74→73 [0.1ms]
[2026-05-06 11:57:17] MOVE chetan (lawn green): 77→89 [0.1ms]
[2026-05-06 11:57:17] MOVE asha (gray0): 63→53 [0.1ms]
[2026-05-06 11:57:17] MOVE chetan (lawn green): 89→102 [0.1ms]
[2026-05-06 11:57:18] MOVE asha (gray0): 73→63 [0.1ms]
[2026-05-06 11:57:18] MOVE chetan (lawn green): 102→90 [0.1ms]
[2026-05-06 11:57:18] MOVE asha (gray0): 53→54 [0.1ms]
[2026-05-06 11:57:18] MOVE chetan (lawn green): 90→78 [0.4ms]
[2026-05-06 11:57:18] MOVE asha (gray0): 63→64 [0.1ms]
[2026-05-06 11:57:18] MOVE chetan (lawn green): 78→67 [0.1ms]
[2026-05-06 11:57:18] MOVE asha (gray0): 54→43 [0.1ms]
[2026-05-06 11:57:19] MOVE chetan (lawn green): 67→57 [0.1ms]
[2026-05-06 11:57:19] MOVE asha (gray0): 64→54 [0.1ms]
[2026-05-06 11:57:19] MOVE chetan (lawn green): 57→56 [0.1ms]
[2026-05-06 11:57:19] MOVE asha (gray0): 43→64 [0.1ms]
[2026-05-06 11:57:19] MOVE chetan (lawn green): 56→66 [5.9ms]
[2026-05-06 11:57:19] MOVE asha (gray0): 54→43 [0.1ms]
[2026-05-06 11:57:20] MOVE chetan (lawn green): 66→77 [0.1ms]
[2026-05-06 11:57:20] MOVE asha (gray0): 64→63 [0.1ms]
[2026-05-06 11:57:20] MOVE chetan (lawn green): 77→89 [0.1ms]
[2026-05-06 11:57:20] MOVE asha (gray0): 43→31 [0.1ms]
[2026-05-06 11:57:20] MOVE chetan (lawn green): 89→102 [0.1ms]
[2026-05-06 11:57:20] MOVE asha (gray0): 63→53 [0.1ms]
[2026-05-06 11:57:21] MOVE chetan (lawn green): 102→90 [0.1ms]
[2026-05-06 11:57:21] MOVE asha (gray0): 31→18 [0.1ms]
[2026-05-06 11:57:21] MOVE chetan (lawn green): 90→78 [0.1ms]
[2026-05-06 11:57:21] MOVE asha (gray0): 53→54 [0.1ms]
[2026-05-06 11:57:21] MOVE chetan (lawn green): 78→67 [0.1ms]
[2026-05-06 11:57:21] MOVE asha (gray0): 18→9 [0.1ms]
[2026-05-06 11:57:22] MOVE chetan (lawn green): 67→57 [0.3ms]
[2026-05-06 11:57:22] MOVE asha (gray0): 54→43 [0.5ms]
[2026-05-06 11:57:22] MOVE chetan (lawn green): 57→56 [0.1ms]
[2026-05-06 11:57:22] MOVE asha (gray0): 9→17 [0.1ms]
[2026-05-06 11:57:22] MOVE chetan (lawn green): 56→66 [0.1ms]
[2026-05-06 11:57:22] MOVE asha (gray0): 43→31 [0.1ms]
[2026-05-06 11:57:22] MOVE chetan (lawn green): 66→77 [0.1ms]
[2026-05-06 11:57:23] MOVE asha (gray0): 17→30 [0.1ms]
[2026-05-06 11:57:23] MOVE chetan (lawn green): 77→89 [1.6ms]
[2026-05-06 11:57:23] MOVE asha (gray0): 31→18 [0.1ms]
[2026-05-06 11:57:23] MOVE chetan (lawn green): 89→102 [0.1ms]
[2026-05-06 11:57:23] MOVE asha (gray0): 30→31 [0.1ms]
[2026-05-06 11:57:23] MOVE chetan (lawn green): 102→90 [0.1ms]
[2026-05-06 11:57:24] MOVE asha (gray0): 18→9 [0.1ms]
[2026-05-06 11:57:24] MOVE chetan (lawn green): 90→78 [0.1ms]
[2026-05-06 11:57:24] MOVE asha (gray0): 31→18 [0.1ms]
[2026-05-06 11:57:24] MOVE chetan (lawn green): 78→67 [0.1ms]
[2026-05-06 11:57:24] MOVE asha (gray0): 9→31 [0.1ms]
[2026-05-06 11:57:24] MOVE chetan (lawn green): 67→57 [0.1ms]
[2026-05-06 11:57:24] MOVE asha (gray0): 18→43 [0.1ms]
[2026-05-06 11:57:25] MOVE chetan (lawn green): 57→56 [0.1ms]
[2026-05-06 11:57:25] MOVE asha (gray0): 31→54 [0.1ms]
[2026-05-06 11:57:25] MOVE chetan (lawn green): 56→66 [0.1ms]
[2026-05-06 11:57:25] MOVE asha (gray0): 43→64 [0.2ms]
[2026-05-06 11:57:25] MOVE chetan (lawn green): 66→77 [0.1ms]
[2026-05-06 11:57:25] MOVE asha (gray0): 54→43 [0.1ms]
[2026-05-06 11:57:26] MOVE chetan (lawn green): 77→89 [0.1ms]
[2026-05-06 11:57:26] MOVE asha (gray0): 64→54 [0.1ms]
[2026-05-06 11:57:26] MOVE chetan (lawn green): 89→102 [0.1ms]
[2026-05-06 11:57:26] MOVE asha (gray0): 43→64 [0.1ms]
[2026-05-06 11:57:26] MOVE chetan (lawn green): 102→90 [0.1ms]
[2026-05-06 11:57:26] MOVE asha (gray0): 54→74 [0.1ms]
[2026-05-06 11:57:27] MOVE chetan (lawn green): 90→78 [0.1ms]
[2026-05-06 11:57:27] MOVE asha (gray0): 64→63 [0.1ms]
[2026-05-06 11:57:27] MOVE chetan (lawn green): 78→67 [0.1ms]
[2026-05-06 11:57:27] MOVE asha (gray0): 74→73 [0.1ms]
[2026-05-06 11:57:27] MOVE chetan (lawn green): 67→57 [0.1ms]
[2026-05-06 11:57:27] MOVE asha (gray0): 63→53 [0.1ms]
[2026-05-06 11:57:28] MOVE chetan (lawn green): 57→56 [0.1ms]
[2026-05-06 11:57:28] MOVE asha (gray0): 73→63 [0.1ms]
[2026-05-06 11:57:28] MOVE chetan (lawn green): 56→66 [0.1ms]
[2026-05-06 11:57:28] MOVE asha (gray0): 53→54 [0.1ms]
[2026-05-06 11:57:28] MOVE chetan (lawn green): 66→77 [0.1ms]
[2026-05-06 11:57:28] MOVE asha (gray0): 63→64 [0.1ms]
[2026-05-06 11:57:28] MOVE chetan (lawn green): 77→89 [0.1ms]
[2026-05-06 11:57:29] MOVE asha (gray0): 54→43 [0.1ms]
[2026-05-06 11:57:29] MOVE chetan (lawn green): 89→102 [0.7ms]
[2026-05-06 11:57:29] MOVE asha (gray0): 64→54 [0.1ms]
[2026-05-06 11:57:29] MOVE chetan (lawn green): 102→90 [0.1ms]
[2026-05-06 11:57:29] MOVE asha (gray0): 43→64 [0.1ms]
[2026-05-06 11:57:29] MOVE chetan (lawn green): 90→78 [0.1ms]
[2026-05-06 11:57:30] MOVE asha (gray0): 54→43 [0.1ms]
[2026-05-06 11:57:30] MOVE chetan (lawn green): 78→67 [0.1ms]
[2026-05-06 11:57:30] MOVE asha (gray0): 64→63 [0.1ms]
[2026-05-06 11:57:30] MOVE chetan (lawn green): 67→57 [0.1ms]
[2026-05-06 11:57:30] MOVE asha (gray0): 43→31 [0.1ms]
[2026-05-06 11:57:30] MOVE chetan (lawn green): 57→56 [0.1ms]
[2026-05-06 11:57:30] MOVE asha (gray0): 63→53 [0.3ms]
[2026-05-06 11:57:31] MOVE chetan (lawn green): 56→66 [0.1ms]
[2026-05-06 11:57:31] MOVE asha (gray0): 31→18 [0.1ms]
[2026-05-06 11:57:31] MOVE chetan (lawn green): 66→77 [0.1ms]
[2026-05-06 11:57:31] MOVE asha (gray0): 53→54 [0.1ms]
[2026-05-06 11:57:31] MOVE chetan (lawn green): 77→89 [0.3ms]
[2026-05-06 11:57:31] MOVE asha (gray0): 18→9 [0.1ms]
[2026-05-06 11:57:32] MOVE chetan (lawn green): 89→102 [0.1ms]
[2026-05-06 11:57:32] MOVE asha (gray0): 54→43 [0.1ms]
[2026-05-06 11:57:32] MOVE chetan (lawn green): 102→90 [0.2ms]
[2026-05-06 11:57:32] MOVE asha (gray0): 9→17 [0.1ms]
[2026-05-06 11:57:32] MOVE chetan (lawn green): 90→78 [0.1ms]
[2026-05-06 11:57:32] MOVE asha (gray0): 43→31 [0.1ms]
[2026-05-06 11:57:33] MOVE chetan (lawn green): 78→67 [0.4ms]
[2026-05-06 11:57:33] MOVE asha (gray0): 17→30 [0.1ms]
[2026-05-06 11:57:33] MOVE chetan (lawn green): 67→57 [0.1ms]
[2026-05-06 11:57:33] MOVE asha (gray0): 31→18 [0.1ms]
[2026-05-06 11:57:33] MOVE chetan (lawn green): 57→56 [0.1ms]
[2026-05-06 11:57:33] MOVE asha (gray0): 30→31 [0.1ms]
[2026-05-06 11:57:33] MOVE chetan (lawn green): 56→66 [0.1ms]
[2026-05-06 11:57:34] MOVE asha (gray0): 18→9 [0.1ms]
[2026-05-06 11:57:34] MOVE chetan (lawn green): 66→77 [0.1ms]
[2026-05-06 11:57:34] MOVE asha (gray0): 31→18 [0.2ms]
[2026-05-06 11:57:34] MOVE chetan (lawn green): 77→89 [0.1ms]
[2026-05-06 11:57:34] MOVE asha (gray0): 9→31 [0.3ms]
[2026-05-06 11:57:34] MOVE chetan (lawn green): 89→102 [0.1ms]
[2026-05-06 11:57:35] MOVE asha (gray0): 18→43 [0.1ms]
[2026-05-06 11:57:35] MOVE chetan (lawn green): 102→90 [0.1ms]
[2026-05-06 11:57:35] MOVE asha (gray0): 31→54 [0.1ms]
[2026-05-06 11:57:35] MOVE chetan (lawn green): 90→78 [0.1ms]
[2026-05-06 11:57:35] MOVE asha (gray0): 43→64 [0.1ms]
[2026-05-06 11:57:35] MOVE chetan (lawn green): 78→67 [0.1ms]
[2026-05-06 11:57:36] MOVE asha (gray0): 54→43 [0.1ms]
[2026-05-06 11:57:36] MOVE chetan (lawn green): 67→57 [0.1ms]
[2026-05-06 11:57:36] MOVE asha (gray0): 64→54 [0.1ms]
[2026-05-06 11:57:36] MOVE chetan (lawn green): 57→56 [0.1ms]
[2026-05-06 11:57:36] MOVE asha (gray0): 43→64 [0.1ms]
[2026-05-06 11:57:36] MOVE chetan (lawn green): 56→66 [0.7ms]
[2026-05-06 11:57:36] MOVE asha (gray0): 54→74 [0.1ms]
[2026-05-06 11:57:37] MOVE chetan (lawn green): 66→77 [0.1ms]
[2026-05-06 11:57:37] MOVE asha (gray0): 64→63 [0.1ms]
[2026-05-06 11:57:37] MOVE chetan (lawn green): 77→89 [0.1ms]
[2026-05-06 11:57:37] MOVE asha (gray0): 74→73 [0.1ms]
[2026-05-06 11:57:37] MOVE chetan (lawn green): 89→102 [0.2ms]
[2026-05-06 11:57:37] MOVE asha (gray0): 63→53 [0.1ms]
[2026-05-06 11:57:38] MOVE chetan (lawn green): 102→90 [0.1ms]
[2026-05-06 11:57:38] MOVE asha (gray0): 73→63 [0.2ms]
[2026-05-06 11:57:38] MOVE chetan (lawn green): 90→78 [0.1ms]
[2026-05-06 11:57:38] MOVE asha (gray0): 53→54 [0.1ms]
[2026-05-06 11:57:38] MOVE chetan (lawn green): 78→67 [0.1ms]
[2026-05-06 11:57:38] MOVE asha (gray0): 63→64 [0.1ms]
[2026-05-06 11:57:39] MOVE chetan (lawn green): 67→57 [0.1ms]
[2026-05-06 11:57:39] MOVE asha (gray0): 54→43 [0.2ms]
[2026-05-06 11:57:39] MOVE chetan (lawn green): 57→56 [0.1ms]
[2026-05-06 11:57:39] MOVE asha (gray0): 64→54 [0.1ms]
[2026-05-06 11:57:39] MOVE chetan (lawn green): 56→66 [4.9ms]
[2026-05-06 11:57:39] MOVE asha (gray0): 43→64 [0.3ms]
[2026-05-06 11:57:40] MOVE chetan (lawn green): 66→77 [0.1ms]
[2026-05-06 11:57:40] MOVE asha (gray0): 54→43 [0.1ms]
[2026-05-06 11:57:40] MOVE chetan (lawn green): 77→89 [0.1ms]
[2026-05-06 11:57:40] MOVE asha (gray0): 64→63 [0.1ms]
[2026-05-06 11:57:40] MOVE chetan (lawn green): 89→102 [0.1ms]
[2026-05-06 11:57:40] MOVE asha (gray0): 43→31 [0.1ms]
[2026-05-06 11:57:40] MOVE chetan (lawn green): 102→90 [0.1ms]
[2026-05-06 11:57:41] MOVE asha (gray0): 63→53 [0.1ms]
[2026-05-06 11:57:41] MOVE chetan (lawn green): 90→78 [0.1ms]
[2026-05-06 11:57:41] MOVE asha (gray0): 31→18 [0.1ms]
[2026-05-06 11:57:41] MOVE chetan (lawn green): 78→67 [0.3ms]
[2026-05-06 11:57:41] MOVE asha (gray0): 53→54 [0.1ms]
[2026-05-06 11:57:41] MOVE chetan (lawn green): 67→57 [0.1ms]
[2026-05-06 11:57:42] MOVE asha (gray0): 18→9 [0.1ms]
[2026-05-06 11:57:42] MOVE chetan (lawn green): 57→56 [0.1ms]
[2026-05-06 11:57:42] MOVE asha (gray0): 54→43 [0.1ms]
[2026-05-06 11:57:42] MOVE chetan (lawn green): 56→66 [0.1ms]
[2026-05-06 11:57:42] MOVE asha (gray0): 9→17 [0.1ms]
[2026-05-06 11:57:42] MOVE chetan (lawn green): 66→77 [0.1ms]
[2026-05-06 11:57:42] MOVE asha (gray0): 43→31 [0.1ms]
[2026-05-06 11:57:43] MOVE chetan (lawn green): 77→89 [0.1ms]
[2026-05-06 11:57:43] MOVE asha (gray0): 17→30 [0.1ms]
[2026-05-06 11:57:43] MOVE chetan (lawn green): 89→102 [0.1ms]
[2026-05-06 11:57:43] MOVE asha (gray0): 31→18 [0.1ms]
[2026-05-06 11:57:43] MOVE chetan (lawn green): 102→90 [0.1ms]
[2026-05-06 11:57:43] MOVE asha (gray0): 30→31 [0.1ms]
[2026-05-06 11:57:44] MOVE chetan (lawn green): 90→78 [0.1ms]
[2026-05-06 11:57:44] MOVE asha (gray0): 18→9 [0.2ms]
[2026-05-06 11:57:44] MOVE chetan (lawn green): 78→67 [0.1ms]
[2026-05-06 11:57:44] MOVE asha (gray0): 31→18 [0.1ms]
[2026-05-06 11:57:44] MOVE chetan (lawn green): 67→57 [0.1ms]
[2026-05-06 11:57:44] MOVE asha (gray0): 9→31 [0.1ms]
[2026-05-06 11:57:45] MOVE chetan (lawn green): 57→56 [0.1ms]
[2026-05-06 11:57:45] MOVE asha (gray0): 18→43 [0.1ms]
[2026-05-06 11:57:45] MOVE chetan (lawn green): 56→66 [0.3ms]
[2026-05-06 11:57:45] MOVE asha (gray0): 31→54 [0.1ms]
[2026-05-06 11:57:45] MOVE chetan (lawn green): 66→77 [0.1ms]
[2026-05-06 11:57:45] MOVE asha (gray0): 43→64 [0.1ms]
[2026-05-06 11:57:46] MOVE chetan (lawn green): 77→89 [0.1ms]
[2026-05-06 11:57:46] MOVE asha (gray0): 54→43 [0.1ms]
[2026-05-06 11:57:46] MOVE chetan (lawn green): 89→102 [0.1ms]
[2026-05-06 11:57:46] MOVE asha (gray0): 64→54 [0.1ms]
[2026-05-06 11:57:46] MOVE chetan (lawn green): 102→90 [0.1ms]
[2026-05-06 11:57:46] MOVE asha (gray0): 43→64 [0.1ms]
[2026-05-06 11:57:46] MOVE chetan (lawn green): 90→78 [0.1ms]
[2026-05-06 11:57:46] MOVE asha (gray0): 54→74 [0.1ms]
[2026-05-06 11:57:47] MOVE chetan (lawn green): 78→67 [0.1ms]
[2026-05-06 11:57:47] MOVE asha (gray0): 64→63 [0.1ms]
[2026-05-06 11:57:47] MOVE chetan (lawn green): 67→57 [0.3ms]
[2026-05-06 11:57:47] MOVE asha (gray0): 74→73 [0.2ms]
[2026-05-06 11:57:47] MOVE chetan (lawn green): 57→56 [0.1ms]
[2026-05-06 11:57:47] MOVE asha (gray0): 63→53 [0.7ms]
[2026-05-06 11:57:48] MOVE chetan (lawn green): 56→66 [0.1ms]
[2026-05-06 11:57:48] MOVE asha (gray0): 73→63 [0.1ms]
[2026-05-06 11:57:48] MOVE chetan (lawn green): 66→77 [0.1ms]
[2026-05-06 11:57:48] MOVE asha (gray0): 53→54 [0.1ms]
[2026-05-06 11:57:48] MOVE chetan (lawn green): 77→89 [0.1ms]
[2026-05-06 11:57:48] MOVE asha (gray0): 63→64 [0.1ms]
[2026-05-06 11:57:49] MOVE chetan (lawn green): 89→102 [0.2ms]
[2026-05-06 11:57:49] MOVE asha (gray0): 54→43 [0.1ms]
[2026-05-06 11:57:49] MOVE chetan (lawn green): 102→90 [0.9ms]
[2026-05-06 11:57:49] MOVE asha (gray0): 64→54 [0.1ms]
[2026-05-06 11:57:49] MOVE chetan (lawn green): 90→78 [0.7ms]
[2026-05-06 11:57:49] MOVE asha (gray0): 43→64 [0.1ms]
[2026-05-06 11:57:50] MOVE chetan (lawn green): 78→67 [0.1ms]
[2026-05-06 11:57:50] MOVE asha (gray0): 54→43 [0.1ms]
[2026-05-06 11:57:50] MOVE chetan (lawn green): 67→57 [0.3ms]
[2026-05-06 11:57:50] MOVE asha (gray0): 64→63 [0.1ms]
[2026-05-06 11:57:50] MOVE chetan (lawn green): 57→56 [0.1ms]
[2026-05-06 11:57:50] MOVE asha (gray0): 43→31 [0.1ms]
[2026-05-06 11:57:51] MOVE chetan (lawn green): 56→66 [0.1ms]
[2026-05-06 11:57:51] MOVE asha (gray0): 63→53 [0.1ms]
[2026-05-06 11:57:51] MOVE chetan (lawn green): 66→77 [0.2ms]
[2026-05-06 11:57:51] MOVE asha (gray0): 31→18 [0.1ms]
[2026-05-06 11:57:51] MOVE chetan (lawn green): 77→89 [0.2ms]
[2026-05-06 11:57:51] MOVE asha (gray0): 53→54 [0.1ms]
[2026-05-06 11:57:51] MOVE chetan (lawn green): 89→102 [0.1ms]
[2026-05-06 11:57:52] MOVE asha (gray0): 18→9 [0.1ms]
[2026-05-06 11:57:52] MOVE chetan (lawn green): 102→90 [0.1ms]
[2026-05-06 11:57:52] MOVE asha (gray0): 54→43 [0.1ms]
[2026-05-06 11:57:52] MOVE chetan (lawn green): 90→78 [0.1ms]
[2026-05-06 11:57:52] MOVE asha (gray0): 9→17 [0.1ms]
[2026-05-06 11:57:52] MOVE chetan (lawn green): 78→67 [0.3ms]
[2026-05-06 11:57:52] MOVE asha (gray0): 43→31 [0.1ms]
[2026-05-06 11:57:53] MOVE chetan (lawn green): 67→57 [0.7ms]
[2026-05-06 11:57:53] MOVE asha (gray0): 17→30 [0.1ms]
[2026-05-06 11:57:53] MOVE chetan (lawn green): 57→56 [0.1ms]
[2026-05-06 11:57:53] MOVE asha (gray0): 31→18 [0.1ms]
[2026-05-06 11:57:53] MOVE chetan (lawn green): 56→66 [0.1ms]
[2026-05-06 11:57:53] MOVE asha (gray0): 30→31 [0.1ms]
[2026-05-06 11:57:54] MOVE chetan (lawn green): 66→77 [0.1ms]
[2026-05-06 11:57:54] MOVE asha (gray0): 18→9 [0.3ms]
[2026-05-06 11:57:54] MOVE chetan (lawn green): 77→89 [0.1ms]
[2026-05-06 11:57:54] MOVE asha (gray0): 31→18 [0.1ms]
[2026-05-06 11:57:55] MOVE chetan (lawn green): 89→102 [0.5ms]
[2026-05-06 11:57:55] MOVE asha (gray0): 9→31 [0.1ms]
[2026-05-06 11:57:55] MOVE chetan (lawn green): 102→90 [0.1ms]
[2026-05-06 11:57:55] MOVE asha (gray0): 18→43 [0.3ms]
[2026-05-06 11:57:56] MOVE chetan (lawn green): 90→78 [0.2ms]
[2026-05-06 11:57:56] MOVE asha (gray0): 31→54 [0.1ms]
[2026-05-06 11:57:56] MOVE chetan (lawn green): 78→67 [0.1ms]
[2026-05-06 11:57:56] MOVE asha (gray0): 43→64 [0.1ms]
[2026-05-06 11:57:56] MOVE chetan (lawn green): 67→57 [0.1ms]
[2026-05-06 11:57:56] MOVE asha (gray0): 54→43 [0.1ms]
[2026-05-06 11:57:57] MOVE chetan (lawn green): 57→56 [0.1ms]
[2026-05-06 11:57:57] MOVE asha (gray0): 64→54 [0.1ms]
[2026-05-06 11:57:57] MOVE chetan (lawn green): 56→66 [0.1ms]
[2026-05-06 11:57:57] MOVE asha (gray0): 43→64 [0.1ms]
[2026-05-06 11:57:57] MOVE chetan (lawn green): 66→77 [0.1ms]
[2026-05-06 11:57:57] MOVE asha (gray0): 54→74 [0.1ms]
[2026-05-06 11:57:57] MOVE chetan (lawn green): 77→89 [0.1ms]
[2026-05-06 11:57:57] MOVE asha (gray0): 64→63 [0.1ms]
[2026-05-06 11:57:58] MOVE chetan (lawn green): 89→102 [0.1ms]
[2026-05-06 11:57:58] MOVE asha (gray0): 74→73 [0.1ms]
[2026-05-06 11:57:58] MOVE chetan (lawn green): 102→90 [0.2ms]
[2026-05-06 11:57:58] MOVE asha (gray0): 63→53 [0.1ms]
[2026-05-06 11:57:58] MOVE chetan (lawn green): 90→78 [0.1ms]
[2026-05-06 11:57:58] MOVE asha (gray0): 73→63 [0.1ms]
[2026-05-06 11:57:59] MOVE chetan (lawn green): 78→67 [0.1ms]
[2026-05-06 11:57:59] MOVE asha (gray0): 53→54 [0.1ms]
[2026-05-06 11:57:59] MOVE chetan (lawn green): 67→57 [0.1ms]
[2026-05-06 11:57:59] MOVE asha (gray0): 63→64 [0.1ms]
[2026-05-06 11:57:59] MOVE chetan (lawn green): 57→56 [0.1ms]
[2026-05-06 11:57:59] MOVE asha (gray0): 54→43 [0.1ms]
[2026-05-06 11:58:00] MOVE chetan (lawn green): 56→66 [0.1ms]
[2026-05-06 11:58:00] MOVE asha (gray0): 64→54 [0.1ms]
[2026-05-06 11:58:00] MOVE chetan (lawn green): 66→77 [0.1ms]
[2026-05-06 11:58:00] MOVE asha (gray0): 43→64 [0.1ms]
[2026-05-06 11:58:00] MOVE chetan (lawn green): 77→89 [0.2ms]
[2026-05-06 11:58:00] MOVE asha (gray0): 54→43 [0.1ms]
[2026-05-06 11:58:01] MOVE chetan (lawn green): 89→102 [0.1ms]
[2026-05-06 11:58:01] MOVE asha (gray0): 64→63 [0.1ms]
[2026-05-06 11:58:01] MOVE chetan (lawn green): 102→90 [0.1ms]
[2026-05-06 11:58:01] MOVE asha (gray0): 43→31 [0.1ms]
[2026-05-06 11:58:01] MOVE chetan (lawn green): 90→78 [0.1ms]
[2026-05-06 11:58:01] MOVE asha (gray0): 63→53 [0.1ms]
[2026-05-06 11:58:01] MOVE chetan (lawn green): 78→67 [0.1ms]
[2026-05-06 11:58:02] MOVE asha (gray0): 31→18 [0.1ms]
[2026-05-06 11:58:02] MOVE chetan (lawn green): 67→57 [0.2ms]
[2026-05-06 11:58:02] MOVE asha (gray0): 53→54 [0.1ms]
[2026-05-06 11:58:02] MOVE chetan (lawn green): 57→56 [0.1ms]
[2026-05-06 11:58:02] MOVE asha (gray0): 18→9 [0.1ms]
[2026-05-06 11:58:02] MOVE chetan (lawn green): 56→66 [0.1ms]
[2026-05-06 11:58:03] MOVE asha (gray0): 54→43 [0.1ms]
[2026-05-06 11:58:03] MOVE chetan (lawn green): 66→77 [0.1ms]
[2026-05-06 11:58:03] MOVE asha (gray0): 9→17 [0.2ms]
[2026-05-06 11:58:03] MOVE chetan (lawn green): 77→89 [0.6ms]
[2026-05-06 11:58:03] MOVE asha (gray0): 43→31 [0.1ms]
[2026-05-06 11:58:03] MOVE chetan (lawn green): 89→102 [0.1ms]
[2026-05-06 11:58:03] MOVE asha (gray0): 17→30 [0.4ms]
[2026-05-06 11:58:04] MOVE chetan (lawn green): 102→90 [0.1ms]
[2026-05-06 11:58:04] MOVE asha (gray0): 31→18 [0.1ms]
[2026-05-06 11:58:04] MOVE chetan (lawn green): 90→78 [0.8ms]
[2026-05-06 11:58:04] MOVE asha (gray0): 30→31 [0.1ms]
[2026-05-06 11:58:04] MOVE chetan (lawn green): 78→67 [0.1ms]
[2026-05-06 11:58:04] MOVE asha (gray0): 18→9 [0.5ms]
[2026-05-06 11:58:05] MOVE chetan (lawn green): 67→57 [0.1ms]
[2026-05-06 11:58:05] MOVE asha (gray0): 31→18 [0.3ms]
[2026-05-06 11:58:05] MOVE chetan (lawn green): 57→56 [0.1ms]
[2026-05-06 11:58:05] MOVE asha (gray0): 9→31 [0.1ms]
[2026-05-06 11:58:05] MOVE chetan (lawn green): 56→66 [0.1ms]
[2026-05-06 11:58:05] MOVE asha (gray0): 18→43 [0.1ms]
[2026-05-06 11:58:06] MOVE chetan (lawn green): 66→77 [0.1ms]
[2026-05-06 11:58:06] MOVE asha (gray0): 31→54 [0.1ms]
[2026-05-06 11:58:06] MOVE chetan (lawn green): 77→89 [0.1ms]
[2026-05-06 11:58:06] MOVE asha (gray0): 43→64 [0.1ms]
[2026-05-06 11:58:06] MOVE chetan (lawn green): 89→102 [0.1ms]
[2026-05-06 11:58:06] MOVE asha (gray0): 54→43 [0.1ms]
[2026-05-06 11:58:07] MOVE chetan (lawn green): 102→90 [0.2ms]
[2026-05-06 11:58:07] MOVE asha (gray0): 64→54 [0.1ms]
[2026-05-06 11:58:07] MOVE chetan (lawn green): 90→78 [0.1ms]
[2026-05-06 11:58:07] MOVE asha (gray0): 43→64 [0.1ms]
[2026-05-06 11:58:07] MOVE chetan (lawn green): 78→67 [0.1ms]
[2026-05-06 11:58:07] MOVE asha (gray0): 54→74 [0.1ms]
[2026-05-06 11:58:07] MOVE chetan (lawn green): 67→57 [0.2ms]
[2026-05-06 11:58:08] MOVE asha (gray0): 64→63 [0.6ms]
[2026-05-06 11:58:08] MOVE chetan (lawn green): 57→56 [0.1ms]
[2026-05-06 11:58:08] MOVE asha (gray0): 74→73 [0.1ms]
[2026-05-06 11:58:08] MOVE chetan (lawn green): 56→66 [0.1ms]
[2026-05-06 11:58:08] MOVE asha (gray0): 63→53 [0.1ms]
[2026-05-06 11:58:08] MOVE chetan (lawn green): 66→77 [0.1ms]
[2026-05-06 11:58:09] MOVE asha (gray0): 73→63 [0.1ms]
[2026-05-06 11:58:09] MOVE chetan (lawn green): 77→89 [0.3ms]
[2026-05-06 11:58:09] MOVE asha (gray0): 53→54 [0.1ms]
[2026-05-06 11:58:09] MOVE chetan (lawn green): 89→102 [0.1ms]
[2026-05-06 11:58:09] MOVE asha (gray0): 63→64 [0.1ms]
[2026-05-06 11:58:09] MOVE chetan (lawn green): 102→90 [0.1ms]
[2026-05-06 11:58:10] MOVE asha (gray0): 54→43 [0.1ms]
[2026-05-06 11:58:10] MOVE chetan (lawn green): 90→78 [0.1ms]
[2026-05-06 11:58:10] MOVE asha (gray0): 64→54 [0.1ms]
[2026-05-06 11:58:10] MOVE chetan (lawn green): 78→67 [0.1ms]
[2026-05-06 11:58:10] MOVE asha (gray0): 43→64 [0.1ms]
[2026-05-06 11:58:10] MOVE chetan (lawn green): 67→57 [0.1ms]
[2026-05-06 11:58:10] MOVE asha (gray0): 54→43 [0.1ms]
[2026-05-06 11:58:11] MOVE chetan (lawn green): 57→56 [0.1ms]
[2026-05-06 11:58:11] MOVE asha (gray0): 64→63 [0.1ms]
[2026-05-06 11:58:11] MOVE chetan (lawn green): 56→66 [0.1ms]
[2026-05-06 11:58:11] MOVE asha (gray0): 43→31 [0.1ms]
[2026-05-06 11:58:11] MOVE chetan (lawn green): 66→77 [0.6ms]
[2026-05-06 11:58:11] MOVE asha (gray0): 63→53 [0.1ms]
[2026-05-06 11:58:12] MOVE chetan (lawn green): 77→89 [0.1ms]
[2026-05-06 11:58:12] MOVE asha (gray0): 31→18 [0.1ms]
[2026-05-06 11:58:12] MOVE chetan (lawn green): 89→102 [0.4ms]
[2026-05-06 11:58:12] MOVE asha (gray0): 53→54 [0.1ms]
[2026-05-06 11:58:12] MOVE chetan (lawn green): 102→90 [0.1ms]
[2026-05-06 11:58:12] MOVE asha (gray0): 18→9 [0.1ms]
[2026-05-06 11:58:13] MOVE chetan (lawn green): 90→78 [0.3ms]
[2026-05-06 11:58:13] MOVE asha (gray0): 54→43 [0.1ms]
[2026-05-06 11:58:13] MOVE chetan (lawn green): 78→67 [0.1ms]
[2026-05-06 11:58:13] MOVE asha (gray0): 9→17 [0.1ms]
[2026-05-06 11:58:13] MOVE chetan (lawn green): 67→57 [0.1ms]
[2026-05-06 11:58:13] MOVE asha (gray0): 43→31 [0.2ms]
[2026-05-06 11:58:13] MOVE chetan (lawn green): 57→56 [0.1ms]
[2026-05-06 11:58:14] MOVE asha (gray0): 17→30 [0.1ms]
[2026-05-06 11:58:14] MOVE chetan (lawn green): 56→66 [0.1ms]
[2026-05-06 11:58:14] MOVE asha (gray0): 31→18 [2.0ms]
[2026-05-06 11:58:14] MOVE chetan (lawn green): 66→77 [0.1ms]
[2026-05-06 11:58:14] MOVE asha (gray0): 30→31 [0.1ms]
[2026-05-06 11:58:14] MOVE chetan (lawn green): 77→89 [0.1ms]
[2026-05-06 11:58:15] MOVE asha (gray0): 18→9 [0.2ms]
[2026-05-06 11:58:15] MOVE chetan (lawn green): 89→102 [0.1ms]
[2026-05-06 11:58:15] MOVE asha (gray0): 31→18 [0.1ms]
[2026-05-06 11:58:15] MOVE chetan (lawn green): 102→90 [0.1ms]
[2026-05-06 11:58:15] MOVE asha (gray0): 9→31 [0.1ms]
[2026-05-06 11:58:15] MOVE chetan (lawn green): 90→78 [0.1ms]
[2026-05-06 11:58:15] MOVE asha (gray0): 18→43 [0.1ms]
[2026-05-06 11:58:16] MOVE chetan (lawn green): 78→67 [0.1ms]
[2026-05-06 11:58:16] MOVE asha (gray0): 31→54 [0.1ms]
[2026-05-06 11:58:16] MOVE chetan (lawn green): 67→57 [0.1ms]
[2026-05-06 11:58:16] MOVE asha (gray0): 43→64 [0.1ms]
[2026-05-06 11:58:16] MOVE chetan (lawn green): 57→56 [0.1ms]
[2026-05-06 11:58:16] MOVE asha (gray0): 54→43 [0.1ms]
[2026-05-06 11:58:17] MOVE chetan (lawn green): 56→66 [0.1ms]
[2026-05-06 11:58:17] MOVE asha (gray0): 64→54 [0.2ms]
[2026-05-06 11:58:17] MOVE chetan (lawn green): 66→77 [0.1ms]
[2026-05-06 11:58:17] MOVE asha (gray0): 43→64 [0.1ms]
[2026-05-06 11:58:17] MOVE chetan (lawn green): 77→89 [0.1ms]
[2026-05-06 11:58:17] MOVE asha (gray0): 54→74 [0.1ms]
[2026-05-06 11:58:18] MOVE chetan (lawn green): 89→102 [0.1ms]
[2026-05-06 11:58:18] MOVE asha (gray0): 64→63 [0.1ms]
[2026-05-06 11:58:18] MOVE chetan (lawn green): 102→90 [0.1ms]
[2026-05-06 11:58:18] MOVE asha (gray0): 74→73 [0.1ms]
[2026-05-06 11:58:18] MOVE chetan (lawn green): 90→78 [0.1ms]
[2026-05-06 11:58:18] MOVE asha (gray0): 63→53 [0.1ms]
[2026-05-06 11:58:19] MOVE chetan (lawn green): 78→67 [0.1ms]
[2026-05-06 11:58:19] MOVE asha (gray0): 73→63 [0.1ms]
[2026-05-06 11:58:19] MOVE chetan (lawn green): 67→57 [0.3ms]
[2026-05-06 11:58:19] MOVE asha (gray0): 53→54 [0.1ms]
[2026-05-06 11:58:19] MOVE chetan (lawn green): 57→56 [0.2ms]
[2026-05-06 11:58:19] MOVE asha (gray0): 63→64 [0.1ms]
[2026-05-06 11:58:19] MOVE chetan (lawn green): 56→66 [0.1ms]
[2026-05-06 11:58:20] MOVE asha (gray0): 54→43 [0.1ms]
[2026-05-06 11:58:20] MOVE chetan (lawn green): 66→77 [0.1ms]
[2026-05-06 11:58:20] MOVE asha (gray0): 64→54 [0.4ms]
[2026-05-06 11:58:20] MOVE chetan (lawn green): 77→89 [0.1ms]
[2026-05-06 11:58:20] MOVE asha (gray0): 43→64 [0.3ms]
[2026-05-06 11:58:20] MOVE chetan (lawn green): 89→102 [0.2ms]
[2026-05-06 11:58:21] MOVE asha (gray0): 54→43 [0.1ms]
[2026-05-06 11:58:21] MOVE chetan (lawn green): 102→90 [0.2ms]
[2026-05-06 11:58:21] MOVE asha (gray0): 64→63 [0.1ms]
[2026-05-06 11:58:21] MOVE chetan (lawn green): 90→78 [0.1ms]
[2026-05-06 11:58:21] MOVE asha (gray0): 43→31 [0.1ms]
[2026-05-06 11:58:21] MOVE chetan (lawn green): 78→67 [0.1ms]
[2026-05-06 11:58:21] MOVE asha (gray0): 63→53 [0.1ms]
[2026-05-06 11:58:22] MOVE chetan (lawn green): 67→57 [0.1ms]
[2026-05-06 11:58:22] MOVE asha (gray0): 31→18 [0.1ms]
[2026-05-06 11:58:22] MOVE chetan (lawn green): 57→56 [0.3ms]
[2026-05-06 11:58:22] MOVE asha (gray0): 53→54 [0.1ms]
[2026-05-06 11:58:22] MOVE chetan (lawn green): 56→66 [0.2ms]
[2026-05-06 11:58:22] MOVE asha (gray0): 18→9 [0.1ms]
[2026-05-06 11:58:23] MOVE chetan (lawn green): 66→77 [0.1ms]
[2026-05-06 11:58:23] MOVE asha (gray0): 54→43 [0.1ms]
[2026-05-06 11:58:23] MOVE chetan (lawn green): 77→89 [0.1ms]
[2026-05-06 11:58:23] MOVE asha (gray0): 9→17 [0.2ms]
[2026-05-06 11:58:23] MOVE chetan (lawn green): 89→102 [0.1ms]
[2026-05-06 11:58:23] MOVE asha (gray0): 43→31 [0.1ms]
[2026-05-06 11:58:24] MOVE chetan (lawn green): 102→90 [0.1ms]
[2026-05-06 11:58:24] MOVE asha (gray0): 17→30 [0.1ms]
[2026-05-06 11:58:24] MOVE chetan (lawn green): 90→78 [0.1ms]
[2026-05-06 11:58:24] MOVE asha (gray0): 31→18 [0.1ms]
[2026-05-06 11:58:24] MOVE chetan (lawn green): 78→67 [0.2ms]
[2026-05-06 11:58:24] MOVE asha (gray0): 30→31 [0.1ms]
[2026-05-06 11:58:25] MOVE chetan (lawn green): 67→57 [0.1ms]
[2026-05-06 11:58:25] MOVE asha (gray0): 18→9 [0.1ms]
[2026-05-06 11:58:25] MOVE chetan (lawn green): 57→56 [0.1ms]
[2026-05-06 11:58:25] MOVE asha (gray0): 31→18 [0.1ms]
[2026-05-06 11:58:25] MOVE chetan (lawn green): 56→66 [0.2ms]
[2026-05-06 11:58:26] MOVE asha (gray0): 9→31 [0.1ms]
[2026-05-06 11:58:26] MOVE chetan (lawn green): 66→77 [0.1ms]
[2026-05-06 11:58:26] MOVE asha (gray0): 18→43 [0.2ms]
[2026-05-06 11:58:26] MOVE chetan (lawn green): 77→89 [0.1ms]
[2026-05-06 11:58:26] MOVE asha (gray0): 31→54 [0.1ms]
[2026-05-06 11:58:26] MOVE chetan (lawn green): 89→102 [0.1ms]
[2026-05-06 11:58:27] MOVE asha (gray0): 43→64 [0.1ms]
[2026-05-06 11:58:27] MOVE chetan (lawn green): 102→90 [0.1ms]
[2026-05-06 11:58:27] MOVE asha (gray0): 54→43 [0.1ms]
[2026-05-06 11:58:27] MOVE chetan (lawn green): 90→78 [0.1ms]
[2026-05-06 11:58:27] MOVE asha (gray0): 64→54 [0.1ms]
[2026-05-06 11:58:27] MOVE chetan (lawn green): 78→67 [0.1ms]
[2026-05-06 11:58:27] MOVE asha (gray0): 43→64 [0.1ms]
[2026-05-06 11:58:28] MOVE chetan (lawn green): 67→57 [0.1ms]
[2026-05-06 11:58:28] MOVE asha (gray0): 54→74 [0.1ms]
[2026-05-06 11:58:28] MOVE chetan (lawn green): 57→56 [0.1ms]
[2026-05-06 11:58:28] MOVE asha (gray0): 64→63 [0.1ms]
[2026-05-06 11:58:28] MOVE chetan (lawn green): 56→66 [0.1ms]
[2026-05-06 11:58:28] MOVE asha (gray0): 74→73 [0.1ms]
[2026-05-06 11:58:29] MOVE chetan (lawn green): 66→77 [0.1ms]
[2026-05-06 11:58:29] MOVE asha (gray0): 63→53 [0.1ms]
[2026-05-06 11:58:29] MOVE chetan (lawn green): 77→89 [0.1ms]
[2026-05-06 11:58:29] MOVE asha (gray0): 73→63 [0.1ms]
[2026-05-06 11:58:30] MOVE chetan (lawn green): 89→102 [0.6ms]
[2026-05-06 11:58:30] MOVE asha (gray0): 53→54 [0.3ms]
[2026-05-06 11:58:30] MOVE chetan (lawn green): 102→90 [0.1ms]
[2026-05-06 11:58:30] MOVE asha (gray0): 63→64 [0.1ms]
[2026-05-06 11:58:31] MOVE chetan (lawn green): 90→78 [0.1ms]
[2026-05-06 11:58:31] MOVE asha (gray0): 54→43 [0.1ms]
[2026-05-06 11:58:31] MOVE chetan (lawn green): 78→67 [0.1ms]
[2026-05-06 11:58:31] MOVE asha (gray0): 64→54 [0.1ms]
[2026-05-06 11:58:31] MOVE chetan (lawn green): 67→57 [0.1ms]
[2026-05-06 11:58:32] MOVE asha (gray0): 43→64 [0.2ms]
[2026-05-06 11:58:32] MOVE chetan (lawn green): 57→56 [0.1ms]
[2026-05-06 11:58:32] MOVE asha (gray0): 54→43 [3.8ms]
[2026-05-06 11:58:32] MOVE chetan (lawn green): 56→66 [0.1ms]
[2026-05-06 11:58:32] MOVE asha (gray0): 64→63 [0.1ms]
[2026-05-06 11:58:32] MOVE chetan (lawn green): 66→77 [0.3ms]
[2026-05-06 11:58:33] MOVE asha (gray0): 43→31 [0.2ms]
[2026-05-06 11:58:33] MOVE chetan (lawn green): 77→89 [0.1ms]
[2026-05-06 11:58:33] MOVE asha (gray0): 63→53 [0.1ms]
[2026-05-06 11:58:33] MOVE chetan (lawn green): 89→102 [0.1ms]
[2026-05-06 11:58:33] MOVE asha (gray0): 31→18 [0.1ms]
[2026-05-06 11:58:33] MOVE chetan (lawn green): 102→90 [0.1ms]
[2026-05-06 11:58:33] MOVE asha (gray0): 53→54 [0.1ms]
[2026-05-06 11:58:34] MOVE chetan (lawn green): 90→78 [0.1ms]
[2026-05-06 11:58:34] MOVE asha (gray0): 18→9 [0.1ms]
[2026-05-06 11:58:34] MOVE chetan (lawn green): 78→67 [0.1ms]
[2026-05-06 11:58:34] MOVE asha (gray0): 54→43 [0.1ms]
[2026-05-06 11:58:34] MOVE chetan (lawn green): 67→57 [0.3ms]
[2026-05-06 11:58:34] MOVE asha (gray0): 9→17 [0.1ms]
[2026-05-06 11:58:35] MOVE chetan (lawn green): 57→56 [0.1ms]
[2026-05-06 11:58:35] MOVE asha (gray0): 43→31 [0.1ms]
[2026-05-06 11:58:35] MOVE chetan (lawn green): 56→66 [0.1ms]
[2026-05-06 11:58:35] MOVE asha (gray0): 17→30 [0.1ms]
[2026-05-06 11:58:35] MOVE chetan (lawn green): 66→77 [0.3ms]
[2026-05-06 11:58:35] MOVE asha (gray0): 31→18 [0.1ms]
[2026-05-06 11:58:36] MOVE chetan (lawn green): 77→89 [0.1ms]
[2026-05-06 11:58:36] MOVE asha (gray0): 30→31 [0.1ms]
[2026-05-06 11:58:36] MOVE chetan (lawn green): 89→102 [0.1ms]
[2026-05-06 11:58:36] MOVE asha (gray0): 18→9 [0.1ms]
[2026-05-06 11:58:36] MOVE chetan (lawn green): 102→90 [0.1ms]
[2026-05-06 11:58:36] MOVE asha (gray0): 31→18 [0.1ms]
[2026-05-06 11:58:36] MOVE chetan (lawn green): 90→78 [0.1ms]
[2026-05-06 11:58:37] MOVE asha (gray0): 9→31 [0.1ms]
[2026-05-06 11:58:37] MOVE chetan (lawn green): 78→67 [0.1ms]
[2026-05-06 11:58:37] MOVE asha (gray0): 18→43 [0.1ms]
[2026-05-06 11:58:37] MOVE chetan (lawn green): 67→57 [0.1ms]
[2026-05-06 11:58:37] MOVE asha (gray0): 31→54 [0.1ms]
[2026-05-06 11:58:37] MOVE chetan (lawn green): 57→56 [0.1ms]
[2026-05-06 11:58:38] MOVE asha (gray0): 43→64 [0.1ms]
[2026-05-06 11:58:38] MOVE chetan (lawn green): 56→66 [0.1ms]
[2026-05-06 11:58:38] MOVE asha (gray0): 54→43 [0.1ms]
[2026-05-06 11:58:38] MOVE chetan (lawn green): 66→77 [0.1ms]
[2026-05-06 11:58:38] MOVE asha (gray0): 64→54 [0.3ms]
[2026-05-06 11:58:38] MOVE chetan (lawn green): 77→89 [0.1ms]
[2026-05-06 11:58:39] MOVE asha (gray0): 43→64 [0.1ms]
[2026-05-06 11:58:39] MOVE chetan (lawn green): 89→102 [0.1ms]
[2026-05-06 11:58:39] MOVE asha (gray0): 54→74 [0.2ms]
[2026-05-06 11:58:39] MOVE chetan (lawn green): 102→90 [0.1ms]
[2026-05-06 11:58:39] MOVE asha (gray0): 64→63 [0.1ms]
[2026-05-06 11:58:39] MOVE chetan (lawn green): 90→78 [0.1ms]
[2026-05-06 11:58:40] MOVE asha (gray0): 74→73 [0.1ms]
[2026-05-06 11:58:40] MOVE chetan (lawn green): 78→67 [0.1ms]
[2026-05-06 11:58:40] MOVE asha (gray0): 63→53 [0.1ms]
[2026-05-06 11:58:40] MOVE chetan (lawn green): 67→57 [0.1ms]
[2026-05-06 11:58:40] MOVE asha (gray0): 73→63 [0.1ms]
[2026-05-06 11:58:40] MOVE chetan (lawn green): 57→56 [0.1ms]
[2026-05-06 11:58:40] MOVE asha (gray0): 53→54 [0.1ms]
[2026-05-06 11:58:41] MOVE chetan (lawn green): 56→66 [0.1ms]
[2026-05-06 11:58:41] MOVE asha (gray0): 63→64 [0.1ms]
[2026-05-06 11:58:41] MOVE chetan (lawn green): 66→77 [0.1ms]
[2026-05-06 11:58:41] MOVE asha (gray0): 54→43 [0.1ms]
[2026-05-06 11:58:41] MOVE chetan (lawn green): 77→89 [0.1ms]
[2026-05-06 11:58:41] MOVE asha (gray0): 64→54 [0.1ms]
[2026-05-06 11:58:41] MOVE chetan (lawn green): 89→102 [0.1ms]
[2026-05-06 11:58:42] MOVE asha (gray0): 43→64 [0.1ms]
[2026-05-06 11:58:42] MOVE chetan (lawn green): 102→90 [0.1ms]
[2026-05-06 11:58:42] MOVE asha (gray0): 54→43 [0.1ms]
[2026-05-06 11:58:42] MOVE chetan (lawn green): 90→78 [0.1ms]
[2026-05-06 11:58:42] MOVE asha (gray0): 64→63 [0.1ms]
[2026-05-06 11:58:42] MOVE chetan (lawn green): 78→67 [0.1ms]
[2026-05-06 11:58:43] MOVE asha (gray0): 43→31 [3.6ms]
[2026-05-06 11:58:43] MOVE chetan (lawn green): 67→57 [0.1ms]
[2026-05-06 11:58:43] MOVE asha (gray0): 63→53 [0.1ms]
[2026-05-06 11:58:43] MOVE chetan (lawn green): 57→56 [0.1ms]
[2026-05-06 11:58:43] MOVE asha (gray0): 31→18 [0.1ms]
[2026-05-06 11:58:43] MOVE chetan (lawn green): 56→66 [0.1ms]
[2026-05-06 11:58:44] MOVE asha (gray0): 53→54 [0.1ms]
[2026-05-06 11:58:44] MOVE chetan (lawn green): 66→77 [0.1ms]
[2026-05-06 11:58:44] MOVE asha (gray0): 18→9 [0.1ms]
[2026-05-06 11:58:44] MOVE chetan (lawn green): 77→89 [0.1ms]
[2026-05-06 11:58:44] MOVE asha (gray0): 54→43 [0.1ms]
[2026-05-06 11:58:44] MOVE chetan (lawn green): 89→102 [0.1ms]
[2026-05-06 11:58:45] MOVE asha (gray0): 9→17 [2.4ms]
[2026-05-06 11:58:45] MOVE chetan (lawn green): 102→90 [0.1ms]
[2026-05-06 11:58:45] MOVE asha (gray0): 43→31 [0.1ms]
[2026-05-06 11:58:45] MOVE chetan (lawn green): 90→78 [0.1ms]
[2026-05-06 11:58:45] MOVE asha (gray0): 17→30 [0.1ms]
[2026-05-06 11:58:45] MOVE chetan (lawn green): 78→67 [0.1ms]
[2026-05-06 11:58:45] MOVE asha (gray0): 31→18 [0.1ms]
[2026-05-06 11:58:46] MOVE chetan (lawn green): 67→57 [0.1ms]
[2026-05-06 11:58:46] MOVE asha (gray0): 30→31 [0.1ms]
[2026-05-06 11:58:46] MOVE chetan (lawn green): 57→56 [0.1ms]
[2026-05-06 11:58:46] MOVE asha (gray0): 18→9 [0.1ms]
[2026-05-06 11:58:46] MOVE chetan (lawn green): 56→66 [0.1ms]
[2026-05-06 11:58:46] MOVE asha (gray0): 31→18 [0.1ms]
[2026-05-06 11:58:46] MOVE chetan (lawn green): 66→77 [0.1ms]
[2026-05-06 11:58:47] MOVE asha (gray0): 9→31 [0.1ms]
[2026-05-06 11:58:47] MOVE chetan (lawn green): 77→89 [0.2ms]
[2026-05-06 11:58:47] MOVE asha (gray0): 18→43 [0.1ms]
[2026-05-06 11:58:47] MOVE chetan (lawn green): 89→102 [0.1ms]
[2026-05-06 11:58:47] MOVE asha (gray0): 31→54 [0.1ms]
[2026-05-06 11:58:47] MOVE chetan (lawn green): 102→90 [0.1ms]
[2026-05-06 11:58:48] MOVE asha (gray0): 43→64 [0.1ms]
[2026-05-06 11:58:48] MOVE chetan (lawn green): 90→78 [0.1ms]
[2026-05-06 11:58:48] MOVE asha (gray0): 54→43 [0.1ms]
[2026-05-06 11:58:48] MOVE chetan (lawn green): 78→67 [0.1ms]
[2026-05-06 11:58:48] MOVE asha (gray0): 64→54 [0.1ms]
[2026-05-06 11:58:48] MOVE chetan (lawn green): 67→57 [0.1ms]
[2026-05-06 11:58:49] MOVE asha (gray0): 43→64 [0.1ms]
[2026-05-06 11:58:49] MOVE chetan (lawn green): 57→56 [0.1ms]
[2026-05-06 11:58:49] MOVE asha (gray0): 54→74 [0.4ms]
[2026-05-06 11:58:49] MOVE chetan (lawn green): 56→66 [0.1ms]
[2026-05-06 11:58:49] MOVE asha (gray0): 64→63 [0.1ms]
[2026-05-06 11:58:49] MOVE chetan (lawn green): 66→77 [0.1ms]
[2026-05-06 11:58:49] MOVE asha (gray0): 74→73 [0.1ms]
[2026-05-06 11:58:50] MOVE chetan (lawn green): 77→89 [0.1ms]
[2026-05-06 11:58:50] MOVE asha (gray0): 63→53 [0.1ms]
[2026-05-06 11:58:50] MOVE chetan (lawn green): 89→102 [0.1ms]
[2026-05-06 11:58:50] MOVE asha (gray0): 73→63 [0.2ms]
[2026-05-06 11:58:50] MOVE chetan (lawn green): 102→90 [0.1ms]
[2026-05-06 11:58:50] MOVE asha (gray0): 53→54 [0.1ms]
[2026-05-06 11:58:51] MOVE chetan (lawn green): 90→78 [0.1ms]
[2026-05-06 11:58:51] MOVE asha (gray0): 63→64 [0.3ms]
[2026-05-06 11:58:51] MOVE chetan (lawn green): 78→67 [0.1ms]
[2026-05-06 11:58:51] MOVE asha (gray0): 54→43 [0.1ms]
[2026-05-06 11:58:51] MOVE chetan (lawn green): 67→57 [0.1ms]
[2026-05-06 11:58:51] MOVE asha (gray0): 64→54 [0.1ms]
[2026-05-06 11:58:51] MOVE chetan (lawn green): 57→56 [0.1ms]
[2026-05-06 11:58:52] MOVE asha (gray0): 43→64 [0.1ms]
[2026-05-06 11:58:52] MOVE chetan (lawn green): 56→66 [0.1ms]
[2026-05-06 11:58:52] MOVE asha (gray0): 54→43 [0.1ms]
[2026-05-06 11:58:52] MOVE chetan (lawn green): 66→77 [0.1ms]
[2026-05-06 11:58:52] MOVE asha (gray0): 64→63 [0.2ms]
[2026-05-06 11:58:52] MOVE chetan (lawn green): 77→89 [0.1ms]
[2026-05-06 11:58:53] MOVE asha (gray0): 43→31 [0.2ms]
[2026-05-06 11:58:53] MOVE chetan (lawn green): 89→102 [0.1ms]
[2026-05-06 11:58:53] MOVE asha (gray0): 63→53 [0.1ms]
[2026-05-06 11:58:53] MOVE chetan (lawn green): 102→90 [0.1ms]
[2026-05-06 11:58:53] MOVE asha (gray0): 31→18 [0.1ms]
[2026-05-06 11:58:53] MOVE chetan (lawn green): 90→78 [0.1ms]
[2026-05-06 11:58:54] MOVE asha (gray0): 53→54 [0.1ms]
[2026-05-06 11:58:54] MOVE chetan (lawn green): 78→67 [0.1ms]
[2026-05-06 11:58:54] MOVE asha (gray0): 18→9 [0.1ms]
[2026-05-06 11:58:54] MOVE chetan (lawn green): 67→57 [0.2ms]
[2026-05-06 11:58:54] MOVE asha (gray0): 54→43 [0.1ms]
[2026-05-06 11:58:54] MOVE chetan (lawn green): 57→56 [0.1ms]
[2026-05-06 11:58:55] MOVE asha (gray0): 9→17 [0.1ms]
[2026-05-06 11:58:55] MOVE chetan (lawn green): 56→66 [0.1ms]
[2026-05-06 11:58:55] MOVE asha (gray0): 43→31 [0.1ms]
[2026-05-06 11:58:55] MOVE chetan (lawn green): 66→77 [0.2ms]
[2026-05-06 11:58:55] MOVE asha (gray0): 17→30 [0.1ms]
[2026-05-06 11:58:55] MOVE chetan (lawn green): 77→89 [0.1ms]
[2026-05-06 11:58:56] MOVE asha (gray0): 31→18 [0.1ms]
[2026-05-06 11:58:56] MOVE chetan (lawn green): 89→102 [0.1ms]
[2026-05-06 11:58:56] MOVE asha (gray0): 30→31 [0.1ms]
[2026-05-06 11:58:56] MOVE chetan (lawn green): 102→90 [0.1ms]
[2026-05-06 11:58:56] MOVE asha (gray0): 18→9 [0.3ms]
[2026-05-06 11:58:56] MOVE chetan (lawn green): 90→78 [0.1ms]
[2026-05-06 11:58:57] MOVE asha (gray0): 31→18 [0.1ms]
[2026-05-06 11:58:57] MOVE chetan (lawn green): 78→67 [0.1ms]
[2026-05-06 11:58:57] MOVE asha (gray0): 9→31 [0.1ms]
[2026-05-06 11:58:57] MOVE chetan (lawn green): 67→57 [0.2ms]
[2026-05-06 11:58:57] MOVE asha (gray0): 18→43 [0.2ms]
[2026-05-06 11:58:57] MOVE chetan (lawn green): 57→56 [0.1ms]
[2026-05-06 11:58:57] MOVE asha (gray0): 31→54 [0.1ms]
[2026-05-06 11:58:58] MOVE chetan (lawn green): 56→66 [0.1ms]
[2026-05-06 11:58:58] MOVE asha (gray0): 43→64 [0.1ms]
[2026-05-06 11:58:58] MOVE chetan (lawn green): 66→77 [0.1ms]
[2026-05-06 11:58:58] MOVE asha (gray0): 54→43 [0.1ms]
[2026-05-06 11:58:58] MOVE chetan (lawn green): 77→89 [0.1ms]
[2026-05-06 11:58:58] MOVE asha (gray0): 64→54 [0.1ms]
[2026-05-06 11:58:58] MOVE chetan (lawn green): 89→102 [0.3ms]
[2026-05-06 11:58:59] MOVE asha (gray0): 43→64 [0.1ms]
[2026-05-06 11:58:59] MOVE chetan (lawn green): 102→90 [0.1ms]
[2026-05-06 11:58:59] MOVE asha (gray0): 54→74 [0.5ms]
[2026-05-06 11:58:59] MOVE chetan (lawn green): 90→78 [0.1ms]
[2026-05-06 11:58:59] MOVE asha (gray0): 64→63 [0.1ms]
[2026-05-06 11:59:00] MOVE chetan (lawn green): 78→67 [0.1ms]
[2026-05-06 11:59:00] MOVE asha (gray0): 74→73 [0.1ms]
[2026-05-06 11:59:00] MOVE chetan (lawn green): 67→57 [0.1ms]
[2026-05-06 11:59:00] MOVE asha (gray0): 63→53 [0.2ms]
[2026-05-06 11:59:00] MOVE chetan (lawn green): 57→56 [0.1ms]
[2026-05-06 11:59:00] MOVE asha (gray0): 73→63 [0.1ms]
[2026-05-06 11:59:01] MOVE chetan (lawn green): 56→66 [0.1ms]
[2026-05-06 11:59:01] MOVE asha (gray0): 53→54 [0.3ms]
[2026-05-06 11:59:01] MOVE chetan (lawn green): 66→77 [0.1ms]
[2026-05-06 11:59:01] MOVE asha (gray0): 63→64 [0.1ms]
[2026-05-06 11:59:01] MOVE chetan (lawn green): 77→89 [0.2ms]
[2026-05-06 11:59:01] MOVE asha (gray0): 54→43 [0.1ms]
[2026-05-06 11:59:02] MOVE chetan (lawn green): 89→102 [0.1ms]
[2026-05-06 11:59:02] MOVE asha (gray0): 64→54 [0.1ms]
[2026-05-06 11:59:02] MOVE chetan (lawn green): 102→90 [0.1ms]
[2026-05-06 11:59:02] MOVE asha (gray0): 43→64 [0.1ms]
[2026-05-06 11:59:02] MOVE chetan (lawn green): 90→78 [0.1ms]
[2026-05-06 11:59:02] MOVE asha (gray0): 54→43 [0.9ms]
[2026-05-06 11:59:02] MOVE chetan (lawn green): 78→67 [0.1ms]
[2026-05-06 11:59:03] MOVE asha (gray0): 64→63 [0.1ms]
[2026-05-06 11:59:03] MOVE chetan (lawn green): 67→57 [0.1ms]
[2026-05-06 11:59:03] MOVE asha (gray0): 43→31 [0.1ms]
[2026-05-06 11:59:03] MOVE chetan (lawn green): 57→56 [0.1ms]
[2026-05-06 11:59:03] MOVE asha (gray0): 63→53 [0.1ms]
[2026-05-06 11:59:03] MOVE chetan (lawn green): 56→66 [0.1ms]
[2026-05-06 11:59:04] MOVE asha (gray0): 31→18 [0.1ms]
[2026-05-06 11:59:04] MOVE chetan (lawn green): 66→77 [0.1ms]
[2026-05-06 11:59:04] MOVE asha (gray0): 53→54 [0.1ms]
[2026-05-06 11:59:04] MOVE chetan (lawn green): 77→89 [0.1ms]
[2026-05-06 11:59:04] MOVE asha (gray0): 18→9 [0.1ms]
[2026-05-06 11:59:04] MOVE chetan (lawn green): 89→102 [0.1ms]
[2026-05-06 11:59:05] MOVE asha (gray0): 54→43 [0.1ms]
[2026-05-06 11:59:05] MOVE chetan (lawn green): 102→90 [0.1ms]
[2026-05-06 11:59:05] MOVE asha (gray0): 9→17 [0.1ms]
[2026-05-06 11:59:05] MOVE chetan (lawn green): 90→78 [0.1ms]
[2026-05-06 11:59:05] MOVE asha (gray0): 43→31 [0.1ms]
[2026-05-06 11:59:05] MOVE chetan (lawn green): 78→67 [0.1ms]
[2026-05-06 11:59:06] MOVE asha (gray0): 17→30 [0.1ms]
[2026-05-06 11:59:06] MOVE chetan (lawn green): 67→57 [0.1ms]
[2026-05-06 11:59:06] MOVE asha (gray0): 31→18 [0.1ms]
[2026-05-06 11:59:06] MOVE chetan (lawn green): 57→56 [0.1ms]
[2026-05-06 11:59:06] MOVE asha (gray0): 30→31 [0.1ms]
[2026-05-06 11:59:06] MOVE chetan (lawn green): 56→66 [0.1ms]
[2026-05-06 11:59:07] MOVE asha (gray0): 18→9 [0.1ms]
[2026-05-06 11:59:07] MOVE chetan (lawn green): 66→77 [0.6ms]
[2026-05-06 11:59:07] MOVE asha (gray0): 31→18 [0.1ms]
[2026-05-06 11:59:07] MOVE chetan (lawn green): 77→89 [0.1ms]
[2026-05-06 11:59:07] MOVE asha (gray0): 9→31 [0.1ms]
[2026-05-06 11:59:07] MOVE chetan (lawn green): 89→102 [0.1ms]
[2026-05-06 11:59:08] MOVE asha (gray0): 18→43 [0.9ms]
[2026-05-06 11:59:08] MOVE chetan (lawn green): 102→90 [0.1ms]
[2026-05-06 11:59:08] MOVE asha (gray0): 31→54 [0.1ms]
[2026-05-06 11:59:08] MOVE chetan (lawn green): 90→78 [0.1ms]
[2026-05-06 11:59:08] MOVE asha (gray0): 43→64 [0.1ms]
[2026-05-06 11:59:08] MOVE chetan (lawn green): 78→67 [0.1ms]
[2026-05-06 11:59:08] MOVE asha (gray0): 54→43 [0.1ms]
[2026-05-06 11:59:09] MOVE chetan (lawn green): 67→57 [0.1ms]
[2026-05-06 11:59:09] MOVE asha (gray0): 64→54 [0.1ms]
[2026-05-06 11:59:09] MOVE chetan (lawn green): 57→56 [0.1ms]
[2026-05-06 11:59:09] MOVE asha (gray0): 43→64 [0.1ms]
[2026-05-06 11:59:09] MOVE chetan (lawn green): 56→66 [0.1ms]
[2026-05-06 11:59:09] MOVE asha (gray0): 54→74 [0.1ms]
[2026-05-06 11:59:09] MOVE chetan (lawn green): 66→77 [0.1ms]
[2026-05-06 11:59:10] MOVE asha (gray0): 64→63 [0.1ms]
[2026-05-06 11:59:10] MOVE chetan (lawn green): 77→89 [0.1ms]
[2026-05-06 11:59:10] MOVE asha (gray0): 74→73 [0.1ms]
[2026-05-06 11:59:10] MOVE chetan (lawn green): 89→102 [0.1ms]
[2026-05-06 11:59:10] MOVE asha (gray0): 63→53 [0.1ms]
[2026-05-06 11:59:10] MOVE chetan (lawn green): 102→90 [0.1ms]
[2026-05-06 11:59:11] MOVE asha (gray0): 73→63 [0.2ms]
[2026-05-06 11:59:11] MOVE chetan (lawn green): 90→78 [0.1ms]
[2026-05-06 11:59:11] MOVE asha (gray0): 53→54 [0.1ms]
[2026-05-06 11:59:11] MOVE chetan (lawn green): 78→67 [0.1ms]
[2026-05-06 11:59:11] MOVE asha (gray0): 63→64 [0.1ms]
[2026-05-06 11:59:12] MOVE chetan (lawn green): 67→57 [0.5ms]
[2026-05-06 11:59:12] MOVE asha (gray0): 54→43 [0.1ms]
[2026-05-06 11:59:12] MOVE chetan (lawn green): 57→56 [0.1ms]
[2026-05-06 11:59:12] MOVE asha (gray0): 64→54 [0.1ms]
[2026-05-06 11:59:12] MOVE chetan (lawn green): 56→66 [0.1ms]
[2026-05-06 11:59:12] MOVE asha (gray0): 43→64 [0.3ms]
[2026-05-06 11:59:13] MOVE chetan (lawn green): 66→77 [0.1ms]
[2026-05-06 11:59:13] MOVE asha (gray0): 54→43 [0.1ms]
[2026-05-06 11:59:13] MOVE chetan (lawn green): 77→89 [0.1ms]
[2026-05-06 11:59:13] MOVE asha (gray0): 64→63 [0.1ms]
[2026-05-06 11:59:13] MOVE chetan (lawn green): 89→102 [0.4ms]
[2026-05-06 11:59:14] MOVE asha (gray0): 43→31 [0.2ms]
[2026-05-06 11:59:14] MOVE chetan (lawn green): 102→90 [0.1ms]
[2026-05-06 11:59:14] MOVE asha (gray0): 63→53 [0.1ms]
[2026-05-06 11:59:14] MOVE chetan (lawn green): 90→78 [0.1ms]
[2026-05-06 11:59:14] MOVE asha (gray0): 31→18 [0.1ms]
[2026-05-06 11:59:14] MOVE chetan (lawn green): 78→67 [0.1ms]
[2026-05-06 11:59:14] MOVE asha (gray0): 53→54 [0.1ms]
[2026-05-06 11:59:14] MOVE chetan (lawn green): 67→57 [0.1ms]
[2026-05-06 11:59:15] MOVE asha (gray0): 18→9 [0.1ms]
[2026-05-06 11:59:15] MOVE chetan (lawn green): 57→56 [0.1ms]
[2026-05-06 11:59:15] MOVE asha (gray0): 54→43 [0.1ms]
[2026-05-06 11:59:15] MOVE chetan (lawn green): 56→66 [0.9ms]
[2026-05-06 11:59:15] MOVE asha (gray0): 9→17 [0.1ms]
[2026-05-06 11:59:16] MOVE chetan (lawn green): 66→77 [0.1ms]
[2026-05-06 11:59:16] MOVE asha (gray0): 43→31 [0.1ms]
[2026-05-06 11:59:16] MOVE chetan (lawn green): 77→89 [0.1ms]
[2026-05-06 11:59:16] MOVE asha (gray0): 17→30 [0.3ms]
[2026-05-06 11:59:16] MOVE chetan (lawn green): 89→102 [0.2ms]
[2026-05-06 11:59:16] MOVE asha (gray0): 31→18 [0.1ms]
[2026-05-06 11:59:17] MOVE chetan (lawn green): 102→90 [0.1ms]
[2026-05-06 11:59:17] MOVE asha (gray0): 30→31 [0.1ms]
[2026-05-06 11:59:17] MOVE chetan (lawn green): 90→78 [0.1ms]
[2026-05-06 11:59:17] MOVE asha (gray0): 18→9 [0.7ms]
[2026-05-06 11:59:17] MOVE chetan (lawn green): 78→67 [0.7ms]
[2026-05-06 11:59:17] MOVE asha (gray0): 31→18 [0.1ms]
[2026-05-06 11:59:18] MOVE chetan (lawn green): 67→57 [0.1ms]
[2026-05-06 11:59:18] MOVE asha (gray0): 9→31 [0.1ms]
[2026-05-06 11:59:18] MOVE chetan (lawn green): 57→56 [0.1ms]
[2026-05-06 11:59:18] MOVE asha (gray0): 18→43 [0.1ms]
[2026-05-06 11:59:18] MOVE chetan (lawn green): 56→66 [0.1ms]
[2026-05-06 11:59:18] MOVE asha (gray0): 31→54 [0.1ms]
[2026-05-06 11:59:19] MOVE chetan (lawn green): 66→77 [0.1ms]
[2026-05-06 11:59:19] MOVE asha (gray0): 43→64 [0.1ms]
[2026-05-06 11:59:19] MOVE chetan (lawn green): 77→89 [0.1ms]
[2026-05-06 11:59:19] MOVE asha (gray0): 54→43 [0.1ms]
[2026-05-06 11:59:19] MOVE chetan (lawn green): 89→102 [0.1ms]
[2026-05-06 11:59:19] MOVE asha (gray0): 64→54 [0.1ms]
[2026-05-06 11:59:19] MOVE chetan (lawn green): 102→90 [0.1ms]
[2026-05-06 11:59:20] MOVE asha (gray0): 43→64 [0.1ms]
[2026-05-06 11:59:20] MOVE chetan (lawn green): 90→78 [0.3ms]
[2026-05-06 11:59:20] MOVE asha (gray0): 54→74 [0.1ms]
[2026-05-06 11:59:20] MOVE chetan (lawn green): 78→67 [0.1ms]
[2026-05-06 11:59:20] MOVE asha (gray0): 64→63 [0.1ms]
[2026-05-06 11:59:20] MOVE chetan (lawn green): 67→57 [0.1ms]
[2026-05-06 11:59:20] MOVE asha (gray0): 74→73 [0.1ms]
[2026-05-06 11:59:21] MOVE chetan (lawn green): 57→56 [0.1ms]
[2026-05-06 11:59:21] MOVE asha (gray0): 63→53 [0.1ms]
[2026-05-06 11:59:21] MOVE chetan (lawn green): 56→66 [0.1ms]
[2026-05-06 11:59:21] MOVE asha (gray0): 73→63 [0.1ms]
[2026-05-06 11:59:21] MOVE chetan (lawn green): 66→77 [0.1ms]
[2026-05-06 11:59:21] MOVE asha (gray0): 53→54 [0.1ms]
[2026-05-06 11:59:22] MOVE chetan (lawn green): 77→89 [0.1ms]
[2026-05-06 11:59:22] MOVE asha (gray0): 63→64 [0.1ms]
[2026-05-06 11:59:22] MOVE chetan (lawn green): 89→102 [0.1ms]
[2026-05-06 11:59:22] MOVE asha (gray0): 54→43 [0.1ms]
[2026-05-06 11:59:22] MOVE chetan (lawn green): 102→90 [0.1ms]
[2026-05-06 11:59:22] MOVE asha (gray0): 64→54 [0.1ms]
[2026-05-06 11:59:23] MOVE chetan (lawn green): 90→78 [0.1ms]
[2026-05-06 11:59:23] MOVE asha (gray0): 43→64 [0.1ms]
[2026-05-06 11:59:23] MOVE chetan (lawn green): 78→67 [0.3ms]
[2026-05-06 11:59:23] MOVE asha (gray0): 54→43 [0.3ms]
[2026-05-06 11:59:23] MOVE chetan (lawn green): 67→57 [0.1ms]
[2026-05-06 11:59:23] MOVE asha (gray0): 64→63 [0.3ms]
[2026-05-06 11:59:24] MOVE chetan (lawn green): 57→56 [0.1ms]
[2026-05-06 11:59:24] MOVE asha (gray0): 43→31 [0.1ms]
[2026-05-06 11:59:24] MOVE chetan (lawn green): 56→66 [0.1ms]
[2026-05-06 11:59:24] MOVE asha (gray0): 63→53 [0.1ms]
[2026-05-06 11:59:24] MOVE chetan (lawn green): 66→77 [0.2ms]
[2026-05-06 11:59:24] MOVE asha (gray0): 31→18 [0.1ms]
[2026-05-06 11:59:24] MOVE chetan (lawn green): 77→89 [0.1ms]
[2026-05-06 11:59:25] MOVE asha (gray0): 53→54 [0.2ms]
[2026-05-06 11:59:25] MOVE chetan (lawn green): 89→102 [0.2ms]
[2026-05-06 11:59:25] MOVE asha (gray0): 18→9 [0.1ms]
[2026-05-06 11:59:25] MOVE chetan (lawn green): 102→90 [0.1ms]
[2026-05-06 11:59:25] MOVE asha (gray0): 54→43 [0.1ms]
[2026-05-06 11:59:25] MOVE chetan (lawn green): 90→78 [0.1ms]
[2026-05-06 11:59:25] MOVE asha (gray0): 9→17 [0.1ms]
[2026-05-06 11:59:26] MOVE chetan (lawn green): 78→67 [0.1ms]
[2026-05-06 11:59:26] MOVE asha (gray0): 43→31 [0.1ms]
[2026-05-06 11:59:26] MOVE chetan (lawn green): 67→57 [0.1ms]
[2026-05-06 11:59:26] MOVE asha (gray0): 17→30 [0.1ms]
[2026-05-06 11:59:26] MOVE chetan (lawn green): 57→56 [0.2ms]
[2026-05-06 11:59:26] MOVE asha (gray0): 31→18 [0.1ms]
[2026-05-06 11:59:27] MOVE chetan (lawn green): 56→66 [0.1ms]
[2026-05-06 11:59:27] MOVE asha (gray0): 30→31 [0.1ms]
[2026-05-06 11:59:27] MOVE chetan (lawn green): 66→77 [0.1ms]
[2026-05-06 11:59:27] MOVE asha (gray0): 18→9 [0.1ms]
[2026-05-06 11:59:27] MOVE chetan (lawn green): 77→89 [0.1ms]
[2026-05-06 11:59:27] MOVE asha (gray0): 31→18 [0.4ms]
[2026-05-06 11:59:28] MOVE chetan (lawn green): 89→102 [0.1ms]
[2026-05-06 11:59:28] MOVE asha (gray0): 9→31 [0.1ms]
[2026-05-06 11:59:28] MOVE chetan (lawn green): 102→90 [0.2ms]
[2026-05-06 11:59:28] MOVE asha (gray0): 18→43 [0.1ms]
[2026-05-06 11:59:28] MOVE chetan (lawn green): 90→78 [0.1ms]
[2026-05-06 11:59:28] MOVE asha (gray0): 31→54 [0.1ms]
[2026-05-06 11:59:29] MOVE chetan (lawn green): 78→67 [0.1ms]
[2026-05-06 11:59:29] MOVE asha (gray0): 43→64 [0.1ms]
[2026-05-06 11:59:29] MOVE chetan (lawn green): 67→57 [0.1ms]
[2026-05-06 11:59:29] MOVE asha (gray0): 54→43 [0.1ms]
[2026-05-06 11:59:29] MOVE chetan (lawn green): 57→56 [0.1ms]
[2026-05-06 11:59:29] MOVE asha (gray0): 64→54 [0.1ms]
[2026-05-06 11:59:29] MOVE chetan (lawn green): 56→66 [0.4ms]
[2026-05-06 11:59:30] MOVE asha (gray0): 43→64 [0.1ms]
[2026-05-06 11:59:30] MOVE chetan (lawn green): 66→77 [0.1ms]
[2026-05-06 11:59:30] MOVE asha (gray0): 54→74 [0.1ms]
[2026-05-06 11:59:30] MOVE chetan (lawn green): 77→89 [0.1ms]
[2026-05-06 11:59:30] MOVE asha (gray0): 64→63 [0.1ms]
[2026-05-06 11:59:30] MOVE chetan (lawn green): 89→102 [0.1ms]
[2026-05-06 11:59:31] MOVE asha (gray0): 74→73 [0.1ms]
[2026-05-06 11:59:31] MOVE chetan (lawn green): 102→90 [0.1ms]
[2026-05-06 11:59:31] MOVE asha (gray0): 63→53 [0.1ms]
[2026-05-06 11:59:31] MOVE chetan (lawn green): 90→78 [0.1ms]
[2026-05-06 11:59:31] MOVE asha (gray0): 73→63 [0.1ms]
[2026-05-06 11:59:31] MOVE chetan (lawn green): 78→67 [0.1ms]
[2026-05-06 11:59:31] MOVE asha (gray0): 53→54 [0.1ms]
[2026-05-06 11:59:32] MOVE chetan (lawn green): 67→57 [0.1ms]
[2026-05-06 11:59:32] MOVE asha (gray0): 63→64 [0.1ms]
[2026-05-06 11:59:32] MOVE chetan (lawn green): 57→56 [0.1ms]
[2026-05-06 11:59:32] MOVE asha (gray0): 54→43 [0.1ms]
[2026-05-06 11:59:32] MOVE chetan (lawn green): 56→66 [0.1ms]
[2026-05-06 11:59:33] MOVE asha (gray0): 64→54 [0.1ms]
[2026-05-06 11:59:33] MOVE chetan (lawn green): 66→77 [0.1ms]
[2026-05-06 11:59:33] MOVE asha (gray0): 43→64 [0.1ms]
[2026-05-06 11:59:33] MOVE chetan (lawn green): 77→89 [1.7ms]
[2026-05-06 11:59:33] MOVE asha (gray0): 54→43 [0.1ms]
[2026-05-06 11:59:33] MOVE chetan (lawn green): 89→102 [0.1ms]
[2026-05-06 11:59:33] MOVE asha (gray0): 64→63 [0.2ms]
[2026-05-06 11:59:34] MOVE chetan (lawn green): 102→90 [0.1ms]
[2026-05-06 11:59:34] MOVE asha (gray0): 43→31 [0.1ms]
[2026-05-06 11:59:34] MOVE chetan (lawn green): 90→78 [0.1ms]
[2026-05-06 11:59:34] MOVE asha (gray0): 63→53 [0.2ms]
[2026-05-06 11:59:34] MOVE chetan (lawn green): 78→67 [0.1ms]
[2026-05-06 11:59:34] MOVE asha (gray0): 31→18 [0.1ms]
[2026-05-06 11:59:34] MOVE chetan (lawn green): 67→57 [0.1ms]
[2026-05-06 11:59:35] MOVE asha (gray0): 53→54 [0.1ms]
[2026-05-06 11:59:35] MOVE chetan (lawn green): 57→56 [0.1ms]
[2026-05-06 11:59:35] MOVE asha (gray0): 18→9 [0.1ms]
[2026-05-06 11:59:35] MOVE chetan (lawn green): 56→66 [0.1ms]
[2026-05-06 11:59:35] MOVE asha (gray0): 54→43 [0.1ms]
[2026-05-06 11:59:35] MOVE chetan (lawn green): 66→77 [0.1ms]
[2026-05-06 11:59:36] MOVE asha (gray0): 9→17 [0.1ms]
[2026-05-06 11:59:36] MOVE chetan (lawn green): 77→89 [0.1ms]
[2026-05-06 11:59:36] MOVE asha (gray0): 43→31 [0.1ms]
[2026-05-06 11:59:36] MOVE chetan (lawn green): 89→102 [0.1ms]
[2026-05-06 11:59:36] MOVE asha (gray0): 17→30 [0.1ms]
[2026-05-06 11:59:36] MOVE chetan (lawn green): 102→90 [0.1ms]
[2026-05-06 11:59:37] MOVE asha (gray0): 31→18 [0.1ms]
[2026-05-06 11:59:37] MOVE chetan (lawn green): 90→78 [0.1ms]
[2026-05-06 11:59:37] MOVE asha (gray0): 30→31 [0.1ms]
[2026-05-06 11:59:37] MOVE chetan (lawn green): 78→67 [0.1ms]
[2026-05-06 11:59:37] MOVE asha (gray0): 18→9 [0.1ms]
[2026-05-06 11:59:37] MOVE chetan (lawn green): 67→57 [0.1ms]
[2026-05-06 11:59:38] MOVE asha (gray0): 31→18 [0.1ms]
[2026-05-06 11:59:38] MOVE chetan (lawn green): 57→56 [0.1ms]
[2026-05-06 11:59:38] MOVE asha (gray0): 9→31 [0.1ms]
[2026-05-06 11:59:38] MOVE chetan (lawn green): 56→66 [0.1ms]
[2026-05-06 11:59:38] MOVE asha (gray0): 18→43 [0.1ms]
[2026-05-06 11:59:38] MOVE chetan (lawn green): 66→77 [0.1ms]
[2026-05-06 11:59:39] MOVE asha (gray0): 31→54 [0.1ms]
[2026-05-06 11:59:39] MOVE chetan (lawn green): 77→89 [0.4ms]
[2026-05-06 11:59:39] MOVE asha (gray0): 43→64 [0.2ms]
[2026-05-06 11:59:39] MOVE chetan (lawn green): 89→102 [0.4ms]
[2026-05-06 11:59:39] MOVE asha (gray0): 54→43 [0.1ms]
[2026-05-06 11:59:39] MOVE chetan (lawn green): 102→90 [0.1ms]
[2026-05-06 11:59:40] MOVE asha (gray0): 64→54 [0.1ms]
[2026-05-06 11:59:40] MOVE chetan (lawn green): 90→78 [0.2ms]
[2026-05-06 11:59:40] MOVE asha (gray0): 43→64 [0.1ms]
[2026-05-06 11:59:40] MOVE chetan (lawn green): 78→67 [0.1ms]
[2026-05-06 11:59:40] MOVE asha (gray0): 54→74 [0.1ms]
[2026-05-06 11:59:40] MOVE chetan (lawn green): 67→57 [0.1ms]
[2026-05-06 11:59:41] MOVE asha (gray0): 64→63 [0.1ms]
[2026-05-06 11:59:41] MOVE chetan (lawn green): 57→56 [0.1ms]
[2026-05-06 11:59:41] MOVE asha (gray0): 74→73 [0.1ms]
[2026-05-06 11:59:41] MOVE chetan (lawn green): 56→66 [0.1ms]
[2026-05-06 11:59:41] MOVE asha (gray0): 63→53 [0.1ms]
[2026-05-06 11:59:41] MOVE chetan (lawn green): 66→77 [0.1ms]
[2026-05-06 11:59:42] MOVE asha (gray0): 73→63 [0.2ms]
[2026-05-06 11:59:42] MOVE chetan (lawn green): 77→89 [0.1ms]
[2026-05-06 11:59:42] MOVE asha (gray0): 53→54 [0.1ms]
[2026-05-06 11:59:42] MOVE chetan (lawn green): 89→102 [0.1ms]
[2026-05-06 11:59:42] MOVE asha (gray0): 63→64 [0.1ms]
[2026-05-06 11:59:42] MOVE chetan (lawn green): 102→90 [0.1ms]
[2026-05-06 11:59:43] MOVE asha (gray0): 54→43 [0.1ms]
[2026-05-06 11:59:43] MOVE chetan (lawn green): 90→78 [0.1ms]
[2026-05-06 11:59:43] MOVE asha (gray0): 64→54 [0.1ms]
[2026-05-06 11:59:43] MOVE chetan (lawn green): 78→67 [0.1ms]
[2026-05-06 11:59:43] MOVE asha (gray0): 43→64 [0.1ms]
[2026-05-06 11:59:43] MOVE chetan (lawn green): 67→57 [0.1ms]
[2026-05-06 11:59:44] MOVE asha (gray0): 54→43 [0.1ms]
[2026-05-06 11:59:44] MOVE chetan (lawn green): 57→56 [0.1ms]
[2026-05-06 11:59:44] MOVE asha (gray0): 64→63 [0.1ms]
[2026-05-06 11:59:44] MOVE chetan (lawn green): 56→66 [0.1ms]
[2026-05-06 11:59:44] MOVE asha (gray0): 43→31 [0.1ms]
[2026-05-06 11:59:44] MOVE chetan (lawn green): 66→77 [0.1ms]
[2026-05-06 11:59:44] MOVE asha (gray0): 63→53 [0.1ms]
[2026-05-06 11:59:45] MOVE chetan (lawn green): 77→89 [0.1ms]
[2026-05-06 11:59:45] MOVE asha (gray0): 31→18 [0.1ms]
[2026-05-06 11:59:45] MOVE chetan (lawn green): 89→102 [0.1ms]
[2026-05-06 11:59:45] MOVE asha (gray0): 53→54 [0.1ms]
[2026-05-06 11:59:45] MOVE chetan (lawn green): 102→90 [0.1ms]
[2026-05-06 11:59:45] MOVE asha (gray0): 18→9 [0.1ms]
[2026-05-06 11:59:45] MOVE chetan (lawn green): 90→78 [0.1ms]
[2026-05-06 11:59:46] MOVE asha (gray0): 54→43 [0.1ms]
[2026-05-06 11:59:46] MOVE chetan (lawn green): 78→67 [0.3ms]
[2026-05-06 11:59:46] MOVE asha (gray0): 9→17 [0.3ms]
[2026-05-06 11:59:46] MOVE chetan (lawn green): 67→57 [0.3ms]
[2026-05-06 11:59:46] MOVE asha (gray0): 43→31 [0.1ms]
[2026-05-06 11:59:46] MOVE chetan (lawn green): 57→56 [2.1ms]
[2026-05-06 11:59:47] MOVE asha (gray0): 17→30 [0.1ms]
[2026-05-06 11:59:47] MOVE chetan (lawn green): 56→66 [0.1ms]
[2026-05-06 11:59:47] MOVE asha (gray0): 31→18 [0.1ms]
[2026-05-06 11:59:47] MOVE chetan (lawn green): 66→77 [0.1ms]
[2026-05-06 11:59:47] MOVE asha (gray0): 30→31 [0.1ms]
[2026-05-06 11:59:47] MOVE chetan (lawn green): 77→89 [0.1ms]
[2026-05-06 11:59:48] MOVE asha (gray0): 18→9 [0.1ms]
[2026-05-06 11:59:48] MOVE chetan (lawn green): 89→102 [0.1ms]
[2026-05-06 11:59:48] MOVE asha (gray0): 31→18 [0.1ms]
[2026-05-06 11:59:48] MOVE chetan (lawn green): 102→90 [0.1ms]
[2026-05-06 11:59:48] MOVE asha (gray0): 9→31 [0.1ms]
[2026-05-06 11:59:48] MOVE chetan (lawn green): 90→78 [0.1ms]
[2026-05-06 11:59:49] MOVE asha (gray0): 18→43 [0.2ms]
[2026-05-06 11:59:49] MOVE chetan (lawn green): 78→67 [0.1ms]
[2026-05-06 11:59:49] MOVE asha (gray0): 31→54 [0.1ms]
[2026-05-06 11:59:49] MOVE chetan (lawn green): 67→57 [0.1ms]
[2026-05-06 11:59:49] MOVE asha (gray0): 43→64 [0.1ms]
[2026-05-06 11:59:49] MOVE chetan (lawn green): 57→56 [0.1ms]
[2026-05-06 11:59:49] MOVE asha (gray0): 54→43 [0.1ms]
[2026-05-06 11:59:50] MOVE chetan (lawn green): 56→66 [0.1ms]
[2026-05-06 11:59:50] MOVE asha (gray0): 64→54 [0.1ms]
[2026-05-06 11:59:50] MOVE chetan (lawn green): 66→77 [0.1ms]
[2026-05-06 11:59:50] MOVE asha (gray0): 43→64 [0.1ms]
[2026-05-06 11:59:50] MOVE chetan (lawn green): 77→89 [0.1ms]
[2026-05-06 11:59:50] MOVE asha (gray0): 54→74 [0.1ms]
[2026-05-06 11:59:50] MOVE chetan (lawn green): 89→102 [0.1ms]
[2026-05-06 11:59:51] MOVE asha (gray0): 64→63 [0.1ms]
[2026-05-06 11:59:51] MOVE chetan (lawn green): 102→90 [0.1ms]
[2026-05-06 11:59:51] MOVE asha (gray0): 74→73 [0.2ms]
[2026-05-06 11:59:51] MOVE chetan (lawn green): 90→78 [0.1ms]
[2026-05-06 11:59:51] MOVE asha (gray0): 63→53 [3.1ms]
[2026-05-06 11:59:51] MOVE chetan (lawn green): 78→67 [0.1ms]
[2026-05-06 11:59:52] MOVE asha (gray0): 73→63 [0.1ms]
[2026-05-06 11:59:52] MOVE chetan (lawn green): 67→57 [0.1ms]
[2026-05-06 11:59:52] MOVE asha (gray0): 53→54 [0.1ms]
[2026-05-06 11:59:52] MOVE chetan (lawn green): 57→56 [0.1ms]
[2026-05-06 11:59:52] MOVE asha (gray0): 63→64 [0.1ms]
[2026-05-06 11:59:52] MOVE chetan (lawn green): 56→66 [0.1ms]
[2026-05-06 11:59:53] MOVE asha (gray0): 54→43 [0.1ms]
[2026-05-06 11:59:53] MOVE chetan (lawn green): 66→77 [0.1ms]
[2026-05-06 11:59:53] MOVE asha (gray0): 64→54 [0.1ms]
[2026-05-06 11:59:53] MOVE chetan (lawn green): 77→89 [0.1ms]
[2026-05-06 11:59:53] MOVE asha (gray0): 43→64 [0.1ms]
[2026-05-06 11:59:53] MOVE chetan (lawn green): 89→102 [0.7ms]
[2026-05-06 11:59:54] MOVE asha (gray0): 54→43 [0.1ms]
[2026-05-06 11:59:54] MOVE chetan (lawn green): 102→90 [0.1ms]
[2026-05-06 11:59:54] MOVE asha (gray0): 64→63 [0.1ms]
[2026-05-06 11:59:54] MOVE chetan (lawn green): 90→78 [0.1ms]
[2026-05-06 11:59:54] MOVE asha (gray0): 43→31 [0.4ms]
[2026-05-06 11:59:54] MOVE chetan (lawn green): 78→67 [0.2ms]
[2026-05-06 11:59:55] MOVE asha (gray0): 63→53 [0.1ms]
[2026-05-06 11:59:55] MOVE chetan (lawn green): 67→57 [0.1ms]
[2026-05-06 11:59:55] MOVE asha (gray0): 31→18 [0.1ms]
[2026-05-06 11:59:55] MOVE chetan (lawn green): 57→56 [0.1ms]
[2026-05-06 11:59:55] MOVE asha (gray0): 53→54 [0.1ms]
[2026-05-06 11:59:55] MOVE chetan (lawn green): 56→66 [0.1ms]
[2026-05-06 11:59:55] MOVE asha (gray0): 18→9 [0.2ms]
[2026-05-06 11:59:56] MOVE chetan (lawn green): 66→77 [1.3ms]
[2026-05-06 11:59:56] MOVE asha (gray0): 54→43 [0.1ms]
[2026-05-06 11:59:56] MOVE chetan (lawn green): 77→89 [0.1ms]
[2026-05-06 11:59:56] MOVE asha (gray0): 9→17 [0.1ms]
[2026-05-06 11:59:56] MOVE chetan (lawn green): 89→102 [0.1ms]
[2026-05-06 11:59:56] MOVE asha (gray0): 43→31 [0.1ms]
[2026-05-06 11:59:56] MOVE chetan (lawn green): 102→90 [0.1ms]
[2026-05-06 11:59:57] MOVE asha (gray0): 17→30 [0.2ms]
[2026-05-06 11:59:57] MOVE chetan (lawn green): 90→78 [0.1ms]
[2026-05-06 11:59:57] MOVE asha (gray0): 31→18 [0.1ms]
[2026-05-06 11:59:57] MOVE chetan (lawn green): 78→67 [0.1ms]
[2026-05-06 11:59:57] MOVE asha (gray0): 30→31 [0.1ms]
[2026-05-06 11:59:57] MOVE chetan (lawn green): 67→57 [0.1ms]
[2026-05-06 11:59:58] MOVE asha (gray0): 18→9 [0.1ms]
[2026-05-06 11:59:58] MOVE chetan (lawn green): 57→56 [0.3ms]
[2026-05-06 11:59:58] MOVE asha (gray0): 31→18 [0.1ms]
[2026-05-06 11:59:58] MOVE chetan (lawn green): 56→66 [0.1ms]
[2026-05-06 11:59:58] MOVE asha (gray0): 9→31 [0.4ms]
[2026-05-06 11:59:58] MOVE chetan (lawn green): 66→77 [0.1ms]
[2026-05-06 11:59:59] MOVE asha (gray0): 18→43 [0.1ms]
[2026-05-06 11:59:59] MOVE chetan (lawn green): 77→89 [0.1ms]
[2026-05-06 11:59:59] MOVE asha (gray0): 31→54 [0.1ms]
[2026-05-06 11:59:59] MOVE chetan (lawn green): 89→102 [0.1ms]
[2026-05-06 11:59:59] MOVE asha (gray0): 43→64 [0.1ms]
[2026-05-06 11:59:59] MOVE chetan (lawn green): 102→90 [0.1ms]
[2026-05-06 12:00:00] MOVE asha (gray0): 54→43 [0.1ms]
[2026-05-06 12:00:00] MOVE chetan (lawn green): 90→78 [0.1ms]
[2026-05-06 12:00:00] MOVE asha (gray0): 64→54 [0.1ms]
[2026-05-06 12:00:00] MOVE chetan (lawn green): 78→67 [0.1ms]
[2026-05-06 12:00:00] MOVE asha (gray0): 43→64 [0.1ms]
[2026-05-06 12:00:00] MOVE chetan (lawn green): 67→57 [0.2ms]
[2026-05-06 12:00:00] MOVE asha (gray0): 54→74 [0.1ms]
[2026-05-06 12:00:01] MOVE chetan (lawn green): 57→56 [0.1ms]
[2026-05-06 12:00:01] MOVE asha (gray0): 64→63 [0.1ms]
[2026-05-06 12:00:01] MOVE chetan (lawn green): 56→66 [0.2ms]
[2026-05-06 12:00:01] MOVE asha (gray0): 74→73 [0.1ms]
[2026-05-06 12:00:01] MOVE chetan (lawn green): 66→77 [0.1ms]
[2026-05-06 12:00:01] MOVE asha (gray0): 63→53 [0.1ms]
[2026-05-06 12:00:02] MOVE chetan (lawn green): 77→89 [0.1ms]
[2026-05-06 12:00:02] MOVE asha (gray0): 73→63 [0.1ms]
[2026-05-06 12:00:02] MOVE chetan (lawn green): 89→102 [0.8ms]
[2026-05-06 12:00:02] MOVE asha (gray0): 53→54 [0.1ms]
[2026-05-06 12:00:02] MOVE chetan (lawn green): 102→90 [0.1ms]
[2026-05-06 12:00:02] MOVE asha (gray0): 63→64 [0.1ms]
[2026-05-06 12:00:03] MOVE chetan (lawn green): 90→78 [0.1ms]
[2026-05-06 12:00:03] MOVE asha (gray0): 54→43 [0.1ms]
[2026-05-06 12:00:03] MOVE chetan (lawn green): 78→67 [0.1ms]
[2026-05-06 12:00:03] MOVE asha (gray0): 64→54 [0.1ms]
[2026-05-06 12:00:03] MOVE chetan (lawn green): 67→57 [0.1ms]
[2026-05-06 12:00:03] MOVE asha (gray0): 43→64 [0.1ms]
[2026-05-06 12:00:04] MOVE chetan (lawn green): 57→56 [0.1ms]
[2026-05-06 12:00:04] MOVE asha (gray0): 54→43 [1.6ms]
[2026-05-06 12:00:04] MOVE chetan (lawn green): 56→66 [0.1ms]
[2026-05-06 12:00:04] MOVE asha (gray0): 64→63 [0.1ms]
[2026-05-06 12:00:04] MOVE chetan (lawn green): 66→77 [0.1ms]
[2026-05-06 12:00:04] MOVE asha (gray0): 43→31 [0.1ms]
[2026-05-06 12:00:05] MOVE chetan (lawn green): 77→89 [0.1ms]
[2026-05-06 12:00:05] MOVE asha (gray0): 63→53 [0.1ms]
[2026-05-06 12:00:05] MOVE chetan (lawn green): 89→102 [0.1ms]
[2026-05-06 12:00:05] MOVE asha (gray0): 31→18 [0.1ms]
[2026-05-06 12:00:05] MOVE chetan (lawn green): 102→90 [0.1ms]
[2026-05-06 12:00:05] MOVE asha (gray0): 53→54 [0.1ms]
[2026-05-06 12:00:05] MOVE chetan (lawn green): 90→78 [0.1ms]
[2026-05-06 12:00:06] MOVE asha (gray0): 18→9 [0.1ms]
[2026-05-06 12:00:06] MOVE chetan (lawn green): 78→67 [0.1ms]
[2026-05-06 12:00:06] MOVE asha (gray0): 54→43 [0.1ms]
[2026-05-06 12:00:06] MOVE chetan (lawn green): 67→57 [0.1ms]
[2026-05-06 12:00:06] MOVE asha (gray0): 9→17 [0.1ms]
[2026-05-06 12:00:06] MOVE chetan (lawn green): 57→56 [0.1ms]
[2026-05-06 12:00:07] MOVE asha (gray0): 43→31 [0.1ms]
[2026-05-06 12:00:07] MOVE chetan (lawn green): 56→66 [0.1ms]
[2026-05-06 12:00:07] MOVE asha (gray0): 17→30 [0.1ms]
[2026-05-06 12:00:07] MOVE chetan (lawn green): 66→77 [0.1ms]
[2026-05-06 12:00:07] MOVE asha (gray0): 31→18 [0.1ms]
[2026-05-06 12:00:07] MOVE chetan (lawn green): 77→89 [0.1ms]
[2026-05-06 12:00:08] MOVE asha (gray0): 30→31 [0.1ms]
[2026-05-06 12:00:08] MOVE chetan (lawn green): 89→102 [0.1ms]
[2026-05-06 12:00:08] MOVE asha (gray0): 18→9 [0.1ms]
[2026-05-06 12:00:08] MOVE chetan (lawn green): 102→90 [0.1ms]
[2026-05-06 12:00:08] MOVE asha (gray0): 31→18 [0.1ms]
[2026-05-06 12:00:08] MOVE chetan (lawn green): 90→78 [0.1ms]
[2026-05-06 12:00:08] MOVE asha (gray0): 9→31 [0.1ms]
[2026-05-06 12:00:09] MOVE chetan (lawn green): 78→67 [0.1ms]
[2026-05-06 12:00:09] MOVE asha (gray0): 18→43 [0.1ms]
[2026-05-06 12:00:09] MOVE chetan (lawn green): 67→57 [0.1ms]
[2026-05-06 12:00:09] MOVE asha (gray0): 31→54 [0.1ms]
[2026-05-06 12:00:09] MOVE chetan (lawn green): 57→56 [0.1ms]
[2026-05-06 12:00:09] MOVE asha (gray0): 43→64 [0.1ms]
[2026-05-06 12:00:10] MOVE chetan (lawn green): 56→66 [0.1ms]
[2026-05-06 12:00:10] MOVE asha (gray0): 54→43 [0.1ms]
[2026-05-06 12:00:10] MOVE chetan (lawn green): 66→77 [0.1ms]
[2026-05-06 12:00:10] MOVE asha (gray0): 64→54 [0.1ms]
[2026-05-06 12:00:10] MOVE chetan (lawn green): 77→89 [0.1ms]
[2026-05-06 12:00:10] MOVE asha (gray0): 43→64 [0.1ms]
[2026-05-06 12:00:10] MOVE chetan (lawn green): 89→102 [0.1ms]
[2026-05-06 12:00:11] MOVE asha (gray0): 54→74 [0.1ms]
[2026-05-06 12:00:11] MOVE chetan (lawn green): 102→90 [0.1ms]
[2026-05-06 12:00:11] MOVE asha (gray0): 64→63 [0.1ms]
[2026-05-06 12:00:11] MOVE chetan (lawn green): 90→78 [0.1ms]
[2026-05-06 12:00:11] MOVE asha (gray0): 74→73 [0.2ms]
[2026-05-06 12:00:11] MOVE chetan (lawn green): 78→67 [0.1ms]
[2026-05-06 12:00:12] MOVE asha (gray0): 63→53 [0.1ms]
[2026-05-06 12:00:12] MOVE chetan (lawn green): 67→57 [0.1ms]
[2026-05-06 12:00:12] MOVE asha (gray0): 73→63 [0.1ms]
[2026-05-06 12:00:12] MOVE chetan (lawn green): 57→56 [0.1ms]
[2026-05-06 12:00:12] MOVE asha (gray0): 53→54 [0.1ms]
[2026-05-06 12:00:12] MOVE chetan (lawn green): 56→66 [0.1ms]
[2026-05-06 12:00:12] MOVE asha (gray0): 63→64 [0.1ms]
[2026-05-06 12:00:13] MOVE chetan (lawn green): 66→77 [0.1ms]
[2026-05-06 12:00:13] MOVE asha (gray0): 54→43 [0.1ms]
[2026-05-06 12:00:13] MOVE chetan (lawn green): 77→89 [0.2ms]
[2026-05-06 12:00:13] MOVE asha (gray0): 64→54 [0.1ms]
[2026-05-06 12:00:13] MOVE chetan (lawn green): 89→102 [0.1ms]
[2026-05-06 12:00:13] MOVE asha (gray0): 43→64 [0.1ms]
[2026-05-06 12:00:14] MOVE chetan (lawn green): 102→90 [1.8ms]
[2026-05-06 12:00:14] MOVE asha (gray0): 54→43 [0.3ms]
[2026-05-06 12:00:14] MOVE chetan (lawn green): 90→78 [0.6ms]
[2026-05-06 12:00:14] MOVE asha (gray0): 64→63 [0.1ms]
[2026-05-06 12:00:14] MOVE chetan (lawn green): 78→67 [0.1ms]
[2026-05-06 12:00:14] MOVE asha (gray0): 43→31 [0.1ms]
[2026-05-06 12:00:15] MOVE chetan (lawn green): 67→57 [1.7ms]
[2026-05-06 12:00:15] MOVE asha (gray0): 63→53 [0.1ms]
[2026-05-06 12:00:15] MOVE chetan (lawn green): 57→56 [0.1ms]
[2026-05-06 12:00:15] MOVE asha (gray0): 31→18 [0.1ms]
[2026-05-06 12:00:15] MOVE chetan (lawn green): 56→66 [0.1ms]
[2026-05-06 12:00:15] MOVE asha (gray0): 53→54 [0.1ms]
[2026-05-06 12:00:15] MOVE chetan (lawn green): 66→77 [0.1ms]
[2026-05-06 12:00:16] MOVE asha (gray0): 18→9 [1.5ms]
[2026-05-06 12:00:16] MOVE chetan (lawn green): 77→89 [0.2ms]
[2026-05-06 12:00:16] MOVE asha (gray0): 54→43 [0.1ms]
[2026-05-06 12:00:16] MOVE chetan (lawn green): 89→102 [0.1ms]
[2026-05-06 12:00:17] MOVE asha (gray0): 9→17 [0.1ms]
[2026-05-06 12:00:17] MOVE chetan (lawn green): 102→90 [0.1ms]
[2026-05-06 12:00:17] MOVE asha (gray0): 43→31 [0.1ms]
[2026-05-06 12:00:17] MOVE chetan (lawn green): 90→78 [0.1ms]
[2026-05-06 12:00:17] MOVE asha (gray0): 17→30 [1.7ms]
[2026-05-06 12:00:17] MOVE chetan (lawn green): 78→67 [0.5ms]
[2026-05-06 12:00:18] MOVE asha (gray0): 31→18 [0.1ms]
[2026-05-06 12:00:18] MOVE chetan (lawn green): 67→57 [0.1ms]
[2026-05-06 12:00:18] MOVE asha (gray0): 30→31 [0.5ms]
[2026-05-06 12:00:18] MOVE chetan (lawn green): 57→56 [0.4ms]
[2026-05-06 12:00:18] MOVE asha (gray0): 18→9 [0.1ms]
[2026-05-06 12:00:18] MOVE chetan (lawn green): 56→66 [0.1ms]
[2026-05-06 12:00:19] MOVE asha (gray0): 31→18 [0.1ms]
[2026-05-06 12:00:19] MOVE chetan (lawn green): 66→77 [0.6ms]
[2026-05-06 12:00:19] MOVE asha (gray0): 9→31 [0.1ms]
[2026-05-06 12:00:19] MOVE chetan (lawn green): 77→89 [0.1ms]
[2026-05-06 12:00:19] MOVE asha (gray0): 18→43 [0.1ms]
[2026-05-06 12:00:19] MOVE chetan (lawn green): 89→102 [0.7ms]
[2026-05-06 12:00:20] MOVE asha (gray0): 31→54 [0.2ms]
[2026-05-06 12:00:20] MOVE chetan (lawn green): 102→90 [0.1ms]
[2026-05-06 12:00:20] MOVE asha (gray0): 43→64 [0.1ms]
[2026-05-06 12:00:20] MOVE chetan (lawn green): 90→78 [0.1ms]
[2026-05-06 12:00:20] MOVE asha (gray0): 54→43 [0.3ms]
[2026-05-06 12:00:20] MOVE chetan (lawn green): 78→67 [0.1ms]
[2026-05-06 12:00:20] MOVE asha (gray0): 64→54 [0.1ms]
[2026-05-06 12:00:21] MOVE chetan (lawn green): 67→57 [0.1ms]
[2026-05-06 12:00:21] MOVE asha (gray0): 43→64 [0.1ms]
[2026-05-06 12:00:21] MOVE chetan (lawn green): 57→56 [0.1ms]
[2026-05-06 12:00:21] MOVE asha (gray0): 54→74 [0.1ms]
[2026-05-06 12:00:21] MOVE chetan (lawn green): 56→66 [0.1ms]
[2026-05-06 12:00:21] MOVE asha (gray0): 64→63 [0.2ms]
[2026-05-06 12:00:22] MOVE chetan (lawn green): 66→77 [0.1ms]
[2026-05-06 12:00:22] MOVE asha (gray0): 74→73 [1.1ms]
[2026-05-06 12:00:22] MOVE chetan (lawn green): 77→89 [0.1ms]
[2026-05-06 12:00:22] MOVE asha (gray0): 63→53 [0.1ms]
[2026-05-06 12:00:22] MOVE chetan (lawn green): 89→102 [0.1ms]
[2026-05-06 12:00:22] MOVE asha (gray0): 73→63 [0.1ms]
[2026-05-06 12:00:22] MOVE chetan (lawn green): 102→90 [0.2ms]
[2026-05-06 12:00:23] MOVE asha (gray0): 53→54 [0.1ms]
[2026-05-06 12:00:23] MOVE chetan (lawn green): 90→78 [0.1ms]
[2026-05-06 12:00:23] MOVE asha (gray0): 63→64 [0.2ms]
[2026-05-06 12:00:23] MOVE chetan (lawn green): 78→67 [0.1ms]
[2026-05-06 12:00:23] MOVE asha (gray0): 54→43 [0.1ms]
[2026-05-06 12:00:23] MOVE chetan (lawn green): 67→57 [0.1ms]
[2026-05-06 12:00:24] MOVE asha (gray0): 64→54 [0.1ms]
[2026-05-06 12:00:24] MOVE chetan (lawn green): 57→56 [0.2ms]
[2026-05-06 12:00:24] MOVE asha (gray0): 43→64 [0.4ms]
[2026-05-06 12:00:24] MOVE chetan (lawn green): 56→66 [0.1ms]
[2026-05-06 12:00:24] MOVE asha (gray0): 54→43 [0.1ms]
[2026-05-06 12:00:24] MOVE chetan (lawn green): 66→77 [0.1ms]
[2026-05-06 12:00:25] MOVE asha (gray0): 64→63 [0.1ms]
[2026-05-06 12:00:25] MOVE chetan (lawn green): 77→89 [0.1ms]
[2026-05-06 12:00:25] MOVE asha (gray0): 43→31 [0.1ms]
[2026-05-06 12:00:25] MOVE chetan (lawn green): 89→102 [7.2ms]
[2026-05-06 12:00:25] MOVE asha (gray0): 63→53 [0.1ms]
[2026-05-06 12:00:25] MOVE chetan (lawn green): 102→90 [0.1ms]
[2026-05-06 12:00:26] MOVE asha (gray0): 31→18 [0.2ms]
[2026-05-06 12:00:26] MOVE chetan (lawn green): 90→78 [0.1ms]
[2026-05-06 12:00:26] MOVE asha (gray0): 53→54 [0.3ms]
[2026-05-06 12:00:26] MOVE chetan (lawn green): 78→67 [0.1ms]
[2026-05-06 12:00:26] MOVE asha (gray0): 18→9 [0.1ms]
[2026-05-06 12:00:26] MOVE chetan (lawn green): 67→57 [0.1ms]
[2026-05-06 12:00:27] MOVE asha (gray0): 54→43 [0.2ms]
[2026-05-06 12:00:27] MOVE chetan (lawn green): 57→56 [0.1ms]
[2026-05-06 12:00:27] MOVE asha (gray0): 9→17 [0.1ms]
[2026-05-06 12:00:27] MOVE chetan (lawn green): 56→66 [0.1ms]
[2026-05-06 12:00:27] MOVE asha (gray0): 43→31 [0.1ms]
[2026-05-06 12:00:27] MOVE chetan (lawn green): 66→77 [0.1ms]
[2026-05-06 12:00:27] MOVE asha (gray0): 17→30 [0.1ms]
[2026-05-06 12:00:28] MOVE chetan (lawn green): 77→89 [0.1ms]
[2026-05-06 12:00:28] MOVE asha (gray0): 31→18 [0.1ms]
[2026-05-06 12:00:28] MOVE chetan (lawn green): 89→102 [0.1ms]
[2026-05-06 12:00:28] MOVE asha (gray0): 30→31 [0.1ms]
[2026-05-06 12:00:28] MOVE chetan (lawn green): 102→90 [1.5ms]
[2026-05-06 12:00:28] MOVE asha (gray0): 18→9 [0.4ms]
[2026-05-06 12:00:29] MOVE chetan (lawn green): 90→78 [0.1ms]
[2026-05-06 12:00:29] MOVE asha (gray0): 31→18 [0.1ms]
[2026-05-06 12:00:29] MOVE chetan (lawn green): 78→67 [0.1ms]
[2026-05-06 12:00:29] MOVE asha (gray0): 9→31 [0.1ms]
[2026-05-06 12:00:29] MOVE chetan (lawn green): 67→57 [0.1ms]
[2026-05-06 12:00:29] MOVE asha (gray0): 18→43 [0.1ms]
[2026-05-06 12:00:29] MOVE chetan (lawn green): 57→56 [0.1ms]
[2026-05-06 12:00:30] MOVE asha (gray0): 31→54 [0.1ms]
[2026-05-06 12:00:30] MOVE chetan (lawn green): 56→66 [0.1ms]
[2026-05-06 12:00:30] MOVE asha (gray0): 43→64 [0.1ms]
[2026-05-06 12:00:30] MOVE chetan (lawn green): 66→77 [0.1ms]
[2026-05-06 12:00:30] MOVE asha (gray0): 54→43 [0.1ms]
[2026-05-06 12:00:30] MOVE chetan (lawn green): 77→89 [0.1ms]
[2026-05-06 12:00:31] MOVE asha (gray0): 64→54 [0.1ms]
[2026-05-06 12:00:31] MOVE chetan (lawn green): 89→102 [0.1ms]
[2026-05-06 12:00:31] MOVE asha (gray0): 43→64 [0.1ms]
[2026-05-06 12:00:31] MOVE chetan (lawn green): 102→90 [0.1ms]
[2026-05-06 12:00:31] MOVE asha (gray0): 54→74 [0.1ms]
[2026-05-06 12:00:31] MOVE chetan (lawn green): 90→78 [0.1ms]
[2026-05-06 12:00:31] MOVE asha (gray0): 64→63 [0.1ms]
[2026-05-06 12:00:32] MOVE chetan (lawn green): 78→67 [0.2ms]
[2026-05-06 12:00:32] MOVE asha (gray0): 74→73 [0.1ms]
[2026-05-06 12:00:32] MOVE chetan (lawn green): 67→57 [0.1ms]
[2026-05-06 12:00:32] MOVE asha (gray0): 63→53 [0.2ms]
[2026-05-06 12:00:32] MOVE chetan (lawn green): 57→56 [0.1ms]
[2026-05-06 12:00:32] MOVE asha (gray0): 73→63 [0.1ms]
[2026-05-06 12:00:33] MOVE chetan (lawn green): 56→66 [0.1ms]
[2026-05-06 12:00:33] MOVE asha (gray0): 53→54 [0.1ms]
[2026-05-06 12:00:33] MOVE chetan (lawn green): 66→77 [0.1ms]
[2026-05-06 12:00:33] MOVE asha (gray0): 63→64 [0.1ms]
[2026-05-06 12:00:33] MOVE chetan (lawn green): 77→89 [0.1ms]
[2026-05-06 12:00:33] MOVE asha (gray0): 54→43 [0.1ms]
[2026-05-06 12:00:34] MOVE chetan (lawn green): 89→102 [0.1ms]
[2026-05-06 12:00:34] MOVE asha (gray0): 64→54 [0.1ms]
[2026-05-06 12:00:34] MOVE chetan (lawn green): 102→90 [0.2ms]
[2026-05-06 12:00:34] MOVE asha (gray0): 43→64 [0.1ms]
[2026-05-06 12:00:34] MOVE chetan (lawn green): 90→78 [0.1ms]
[2026-05-06 12:00:34] MOVE asha (gray0): 54→43 [0.1ms]
[2026-05-06 12:00:34] MOVE chetan (lawn green): 78→67 [0.1ms]
[2026-05-06 12:00:35] MOVE asha (gray0): 64→63 [0.1ms]
[2026-05-06 12:00:35] MOVE chetan (lawn green): 67→57 [0.1ms]
[2026-05-06 12:00:35] MOVE asha (gray0): 43→31 [0.1ms]
[2026-05-06 12:00:35] MOVE chetan (lawn green): 57→56 [0.1ms]
[2026-05-06 12:00:35] MOVE asha (gray0): 63→53 [0.1ms]
[2026-05-06 12:00:35] MOVE chetan (lawn green): 56→66 [0.2ms]
[2026-05-06 12:00:36] MOVE asha (gray0): 31→18 [0.1ms]
[2026-05-06 12:00:36] MOVE chetan (lawn green): 66→77 [0.1ms]
[2026-05-06 12:00:36] MOVE asha (gray0): 53→54 [0.1ms]
[2026-05-06 12:00:36] MOVE chetan (lawn green): 77→89 [0.1ms]
[2026-05-06 12:00:36] MOVE asha (gray0): 18→9 [0.1ms]
[2026-05-06 12:00:36] MOVE chetan (lawn green): 89→102 [0.1ms]
[2026-05-06 12:00:37] MOVE asha (gray0): 54→43 [0.1ms]
[2026-05-06 12:00:37] MOVE chetan (lawn green): 102→90 [0.1ms]
[2026-05-06 12:00:37] MOVE asha (gray0): 9→17 [0.1ms]
[2026-05-06 12:00:37] MOVE chetan (lawn green): 90→78 [0.1ms]
[2026-05-06 12:00:37] MOVE asha (gray0): 43→31 [0.1ms]
[2026-05-06 12:00:37] MOVE chetan (lawn green): 78→67 [0.1ms]
[2026-05-06 12:00:37] MOVE asha (gray0): 17→30 [0.1ms]
[2026-05-06 12:00:38] MOVE chetan (lawn green): 67→57 [0.1ms]
[2026-05-06 12:00:38] MOVE asha (gray0): 31→18 [0.1ms]
[2026-05-06 12:00:38] MOVE chetan (lawn green): 57→56 [0.1ms]
[2026-05-06 12:00:38] MOVE asha (gray0): 30→31 [0.1ms]
[2026-05-06 12:00:38] MOVE chetan (lawn green): 56→66 [0.1ms]
[2026-05-06 12:00:38] MOVE asha (gray0): 18→9 [0.1ms]
[2026-05-06 12:00:39] MOVE chetan (lawn green): 66→77 [0.1ms]
[2026-05-06 12:00:39] MOVE asha (gray0): 31→18 [0.1ms]
[2026-05-06 12:00:39] MOVE chetan (lawn green): 77→89 [0.2ms]
[2026-05-06 12:00:39] MOVE asha (gray0): 9→31 [0.4ms]
[2026-05-06 12:00:39] MOVE chetan (lawn green): 89→102 [0.1ms]
[2026-05-06 12:00:39] MOVE asha (gray0): 18→43 [0.1ms]
[2026-05-06 12:00:40] MOVE chetan (lawn green): 102→90 [0.1ms]
[2026-05-06 12:00:40] MOVE asha (gray0): 31→54 [0.2ms]
[2026-05-06 12:00:40] MOVE chetan (lawn green): 90→78 [0.2ms]
[2026-05-06 12:00:40] MOVE asha (gray0): 43→64 [0.3ms]
[2026-05-06 12:00:40] MOVE chetan (lawn green): 78→67 [0.1ms]
[2026-05-06 12:00:40] MOVE asha (gray0): 54→43 [0.1ms]
[2026-05-06 12:00:40] MOVE chetan (lawn green): 67→57 [0.1ms]
[2026-05-06 12:00:41] MOVE asha (gray0): 64→54 [0.1ms]
[2026-05-06 12:00:41] MOVE chetan (lawn green): 57→56 [0.1ms]
[2026-05-06 12:00:41] MOVE asha (gray0): 43→64 [0.2ms]
[2026-05-06 12:00:41] MOVE chetan (lawn green): 56→66 [0.1ms]
[2026-05-06 12:00:41] MOVE asha (gray0): 54→74 [0.2ms]
[2026-05-06 12:00:41] MOVE chetan (lawn green): 66→77 [0.1ms]
[2026-05-06 12:00:42] MOVE asha (gray0): 64→63 [0.2ms]
[2026-05-06 12:00:42] MOVE chetan (lawn green): 77→89 [0.1ms]
[2026-05-06 12:00:42] MOVE asha (gray0): 74→73 [0.1ms]
[2026-05-06 12:00:42] MOVE chetan (lawn green): 89→102 [0.2ms]
[2026-05-06 12:00:42] MOVE asha (gray0): 63→53 [0.1ms]
[2026-05-06 12:00:42] MOVE chetan (lawn green): 102→90 [0.1ms]
[2026-05-06 12:00:42] MOVE asha (gray0): 73→63 [0.1ms]
[2026-05-06 12:00:43] MOVE chetan (lawn green): 90→78 [0.1ms]
[2026-05-06 12:00:43] MOVE asha (gray0): 53→54 [0.2ms]
[2026-05-06 12:00:43] MOVE chetan (lawn green): 78→67 [0.2ms]
[2026-05-06 12:00:43] MOVE asha (gray0): 63→64 [0.1ms]
[2026-05-06 12:00:43] MOVE chetan (lawn green): 67→57 [0.2ms]
[2026-05-06 12:00:43] MOVE asha (gray0): 54→43 [0.1ms]
[2026-05-06 12:00:44] MOVE chetan (lawn green): 57→56 [0.3ms]
[2026-05-06 12:00:44] MOVE asha (gray0): 64→54 [0.2ms]
[2026-05-06 12:00:44] MOVE chetan (lawn green): 56→66 [0.1ms]
[2026-05-06 12:00:44] MOVE asha (gray0): 43→64 [0.1ms]
[2026-05-06 12:00:44] MOVE chetan (lawn green): 66→77 [0.1ms]
[2026-05-06 12:00:44] MOVE asha (gray0): 54→43 [0.1ms]
[2026-05-06 12:00:45] MOVE chetan (lawn green): 77→89 [0.1ms]
[2026-05-06 12:00:45] MOVE asha (gray0): 64→63 [0.1ms]
[2026-05-06 12:00:45] MOVE chetan (lawn green): 89→102 [0.1ms]
[2026-05-06 12:00:45] MOVE asha (gray0): 43→31 [0.1ms]
[2026-05-06 12:00:45] MOVE chetan (lawn green): 102→90 [0.1ms]
[2026-05-06 12:00:45] MOVE asha (gray0): 63→53 [0.1ms]
[2026-05-06 12:00:46] MOVE chetan (lawn green): 90→78 [0.1ms]
[2026-05-06 12:00:46] MOVE asha (gray0): 31→18 [0.1ms]
[2026-05-06 12:00:46] MOVE chetan (lawn green): 78→67 [0.1ms]
[2026-05-06 12:00:46] MOVE asha (gray0): 53→54 [0.8ms]
[2026-05-06 12:00:46] MOVE chetan (lawn green): 67→57 [0.1ms]
[2026-05-06 12:00:46] MOVE asha (gray0): 18→9 [0.1ms]
[2026-05-06 12:00:47] MOVE chetan (lawn green): 57→56 [0.1ms]
[2026-05-06 12:00:47] MOVE asha (gray0): 54→43 [0.1ms]
[2026-05-06 12:00:47] MOVE chetan (lawn green): 56→66 [0.5ms]
[2026-05-06 12:00:47] MOVE asha (gray0): 9→17 [0.2ms]
[2026-05-06 12:00:47] MOVE chetan (lawn green): 66→77 [2.6ms]
[2026-05-06 12:00:47] MOVE asha (gray0): 43→31 [0.1ms]
[2026-05-06 12:00:48] MOVE chetan (lawn green): 77→89 [0.1ms]
[2026-05-06 12:00:48] MOVE asha (gray0): 17→30 [0.6ms]
[2026-05-06 12:00:48] MOVE chetan (lawn green): 89→102 [0.1ms]
[2026-05-06 12:00:48] MOVE asha (gray0): 31→18 [0.1ms]
[2026-05-06 12:00:48] MOVE chetan (lawn green): 102→90 [0.1ms]
[2026-05-06 12:00:48] MOVE asha (gray0): 30→31 [0.1ms]
[2026-05-06 12:00:49] MOVE chetan (lawn green): 90→78 [0.1ms]
[2026-05-06 12:00:49] MOVE asha (gray0): 18→9 [0.2ms]
[2026-05-06 12:00:49] MOVE chetan (lawn green): 78→67 [0.1ms]
[2026-05-06 12:00:49] MOVE asha (gray0): 31→18 [0.1ms]
[2026-05-06 12:00:49] MOVE chetan (lawn green): 67→57 [0.2ms]
[2026-05-06 12:00:49] MOVE asha (gray0): 9→31 [0.1ms]
[2026-05-06 12:00:50] MOVE chetan (lawn green): 57→56 [0.1ms]
[2026-05-06 12:00:50] MOVE asha (gray0): 18→43 [0.1ms]
[2026-05-06 12:00:50] MOVE chetan (lawn green): 56→66 [0.1ms]
[2026-05-06 12:00:50] MOVE asha (gray0): 31→54 [0.1ms]
[2026-05-06 12:00:50] MOVE chetan (lawn green): 66→77 [0.1ms]
[2026-05-06 12:00:50] MOVE asha (gray0): 43→64 [0.1ms]
[2026-05-06 12:00:50] MOVE chetan (lawn green): 77→89 [0.1ms]
[2026-05-06 12:00:51] MOVE asha (gray0): 54→43 [0.1ms]
[2026-05-06 12:00:51] MOVE chetan (lawn green): 89→102 [0.1ms]
[2026-05-06 12:00:51] MOVE asha (gray0): 64→54 [0.1ms]
[2026-05-06 12:00:51] MOVE chetan (lawn green): 102→90 [0.1ms]
[2026-05-06 12:00:51] MOVE asha (gray0): 43→64 [0.1ms]
[2026-05-06 12:00:51] MOVE chetan (lawn green): 90→78 [0.1ms]
[2026-05-06 12:00:52] MOVE asha (gray0): 54→74 [0.1ms]
[2026-05-06 12:00:52] MOVE chetan (lawn green): 78→67 [0.1ms]
[2026-05-06 12:00:52] MOVE asha (gray0): 64→63 [0.1ms]
[2026-05-06 12:00:52] MOVE chetan (lawn green): 67→57 [0.1ms]
[2026-05-06 12:00:52] MOVE asha (gray0): 74→73 [0.1ms]
[2026-05-06 12:00:52] MOVE chetan (lawn green): 57→56 [0.1ms]
[2026-05-06 12:00:53] MOVE asha (gray0): 63→53 [0.1ms]
[2026-05-06 12:00:53] MOVE chetan (lawn green): 56→66 [0.1ms]
[2026-05-06 12:00:53] MOVE asha (gray0): 73→63 [0.3ms]
[2026-05-06 12:00:53] MOVE chetan (lawn green): 66→77 [0.1ms]
[2026-05-06 12:00:54] MOVE asha (gray0): 53→54 [0.6ms]
[2026-05-06 12:00:54] MOVE chetan (lawn green): 77→89 [0.1ms]
[2026-05-06 12:00:54] MOVE asha (gray0): 63→64 [0.1ms]
[2026-05-06 12:00:54] MOVE chetan (lawn green): 89→102 [0.1ms]
[2026-05-06 12:00:55] MOVE asha (gray0): 54→43 [0.1ms]
[2026-05-06 12:00:55] MOVE chetan (lawn green): 102→90 [0.1ms]
[2026-05-06 12:00:55] MOVE asha (gray0): 64→54 [0.1ms]
[2026-05-06 12:00:55] MOVE chetan (lawn green): 90→78 [0.4ms]
[2026-05-06 12:00:55] MOVE asha (gray0): 43→64 [0.1ms]
[2026-05-06 12:00:55] MOVE chetan (lawn green): 78→67 [0.1ms]
[2026-05-06 12:00:55] MOVE asha (gray0): 54→43 [0.3ms]
[2026-05-06 12:00:56] MOVE chetan (lawn green): 67→57 [0.1ms]
[2026-05-06 12:00:56] MOVE asha (gray0): 64→63 [0.1ms]
[2026-05-06 12:00:56] MOVE chetan (lawn green): 57→56 [0.1ms]
[2026-05-06 12:00:56] MOVE asha (gray0): 43→31 [0.1ms]
[2026-05-06 12:00:56] MOVE chetan (lawn green): 56→66 [0.1ms]
[2026-05-06 12:00:56] MOVE asha (gray0): 63→53 [0.1ms]
[2026-05-06 12:00:56] MOVE chetan (lawn green): 66→77 [0.1ms]
[2026-05-06 12:00:57] MOVE asha (gray0): 31→18 [0.2ms]
[2026-05-06 12:00:57] MOVE chetan (lawn green): 77→89 [0.1ms]
[2026-05-06 12:00:57] MOVE asha (gray0): 53→54 [0.1ms]
[2026-05-06 12:00:57] MOVE chetan (lawn green): 89→102 [0.2ms]
[2026-05-06 12:00:57] MOVE asha (gray0): 18→9 [0.1ms]
[2026-05-06 12:00:57] MOVE chetan (lawn green): 102→90 [0.1ms]
[2026-05-06 12:00:58] MOVE asha (gray0): 54→43 [0.4ms]
[2026-05-06 12:00:58] MOVE chetan (lawn green): 90→78 [0.1ms]
[2026-05-06 12:00:58] MOVE asha (gray0): 9→17 [0.3ms]
[2026-05-06 12:00:58] MOVE chetan (lawn green): 78→67 [0.1ms]
[2026-05-06 12:00:58] MOVE asha (gray0): 43→31 [0.1ms]
[2026-05-06 12:00:58] MOVE chetan (lawn green): 67→57 [0.1ms]
[2026-05-06 12:00:59] MOVE asha (gray0): 17→30 [0.1ms]
[2026-05-06 12:00:59] MOVE chetan (lawn green): 57→56 [0.1ms]
[2026-05-06 12:00:59] MOVE asha (gray0): 31→18 [0.1ms]
[2026-05-06 12:00:59] MOVE chetan (lawn green): 56→66 [0.1ms]
[2026-05-06 12:00:59] MOVE asha (gray0): 30→31 [0.1ms]
[2026-05-06 12:01:00] MOVE chetan (lawn green): 66→77 [0.1ms]
[2026-05-06 12:01:00] MOVE asha (gray0): 18→9 [0.1ms]
[2026-05-06 12:01:00] MOVE chetan (lawn green): 77→89 [0.1ms]
[2026-05-06 12:01:00] MOVE asha (gray0): 31→18 [0.2ms]
[2026-05-06 12:01:00] MOVE chetan (lawn green): 89→102 [0.1ms]
[2026-05-06 12:01:01] MOVE asha (gray0): 9→31 [0.1ms]
[2026-05-06 12:01:01] MOVE chetan (lawn green): 102→90 [0.1ms]
[2026-05-06 12:01:01] MOVE asha (gray0): 18→43 [0.1ms]
[2026-05-06 12:01:01] MOVE chetan (lawn green): 90→78 [0.1ms]
[2026-05-06 12:01:01] MOVE asha (gray0): 31→54 [0.6ms]
[2026-05-06 12:01:01] MOVE chetan (lawn green): 78→67 [0.1ms]
[2026-05-06 12:01:01] MOVE asha (gray0): 43→64 [0.1ms]
[2026-05-06 12:01:02] MOVE chetan (lawn green): 67→57 [4.1ms]
[2026-05-06 12:01:02] MOVE asha (gray0): 54→43 [0.5ms]
[2026-05-06 12:01:02] MOVE chetan (lawn green): 57→56 [0.3ms]
[2026-05-06 12:01:02] MOVE asha (gray0): 64→54 [0.1ms]
[2026-05-06 12:01:03] MOVE chetan (lawn green): 56→66 [0.1ms]
[2026-05-06 12:01:03] MOVE asha (gray0): 43→64 [0.1ms]
[2026-05-06 12:01:03] MOVE chetan (lawn green): 66→77 [0.1ms]
[2026-05-06 12:01:03] MOVE asha (gray0): 54→74 [0.2ms]
[2026-05-06 12:01:03] MOVE chetan (lawn green): 77→89 [0.3ms]
[2026-05-06 12:01:03] MOVE asha (gray0): 64→63 [0.1ms]
[2026-05-06 12:01:04] MOVE chetan (lawn green): 89→102 [0.1ms]
[2026-05-06 12:01:04] MOVE asha (gray0): 74→73 [0.1ms]
[2026-05-06 12:01:04] MOVE chetan (lawn green): 102→90 [0.1ms]
[2026-05-06 12:01:04] MOVE asha (gray0): 63→53 [0.1ms]
[2026-05-06 12:01:04] MOVE chetan (lawn green): 90→78 [0.2ms]
[2026-05-06 12:01:04] MOVE asha (gray0): 73→63 [0.1ms]
[2026-05-06 12:01:04] MOVE chetan (lawn green): 78→67 [0.1ms]
[2026-05-06 12:01:05] MOVE asha (gray0): 53→54 [0.1ms]
[2026-05-06 12:01:05] MOVE chetan (lawn green): 67→57 [0.1ms]
[2026-05-06 12:01:05] MOVE asha (gray0): 63→64 [0.1ms]
[2026-05-06 12:01:05] MOVE chetan (lawn green): 57→56 [0.1ms]
[2026-05-06 12:01:05] MOVE asha (gray0): 54→43 [0.1ms]
[2026-05-06 12:01:05] MOVE chetan (lawn green): 56→66 [0.1ms]
[2026-05-06 12:01:06] MOVE asha (gray0): 64→54 [0.1ms]
[2026-05-06 12:01:06] MOVE chetan (lawn green): 66→77 [0.1ms]
[2026-05-06 12:01:06] MOVE asha (gray0): 43→64 [0.1ms]
[2026-05-06 12:01:06] MOVE chetan (lawn green): 77→89 [0.1ms]
[2026-05-06 12:01:06] MOVE asha (gray0): 54→43 [0.1ms]
[2026-05-06 12:01:06] MOVE chetan (lawn green): 89→102 [0.1ms]
[2026-05-06 12:01:07] MOVE asha (gray0): 64→63 [0.1ms]
[2026-05-06 12:01:07] MOVE chetan (lawn green): 102→90 [0.1ms]
[2026-05-06 12:01:07] MOVE asha (gray0): 43→31 [0.1ms]
[2026-05-06 12:01:07] MOVE chetan (lawn green): 90→78 [0.1ms]
[2026-05-06 12:01:07] MOVE asha (gray0): 63→53 [0.2ms]
[2026-05-06 12:01:07] MOVE chetan (lawn green): 78→67 [0.1ms]
[2026-05-06 12:01:08] MOVE asha (gray0): 31→18 [0.1ms]
[2026-05-06 12:01:08] MOVE chetan (lawn green): 67→57 [0.1ms]
[2026-05-06 12:01:08] MOVE asha (gray0): 53→54 [0.1ms]
[2026-05-06 12:01:08] MOVE chetan (lawn green): 57→56 [0.1ms]
[2026-05-06 12:01:08] MOVE asha (gray0): 18→9 [0.1ms]
[2026-05-06 12:01:08] MOVE chetan (lawn green): 56→66 [0.1ms]
[2026-05-06 12:01:08] MOVE asha (gray0): 54→43 [1.0ms]
[2026-05-06 12:01:09] MOVE chetan (lawn green): 66→77 [0.1ms]
[2026-05-06 12:01:09] MOVE asha (gray0): 9→17 [2.4ms]
[2026-05-06 12:01:09] MOVE chetan (lawn green): 77→89 [1.7ms]
[2026-05-06 12:01:09] MOVE asha (gray0): 43→31 [0.1ms]
[2026-05-06 12:01:09] MOVE chetan (lawn green): 89→102 [0.1ms]
[2026-05-06 12:01:10] MOVE asha (gray0): 17→30 [0.1ms]
[2026-05-06 12:01:10] MOVE chetan (lawn green): 102→90 [0.1ms]
[2026-05-06 12:01:10] MOVE asha (gray0): 31→18 [0.1ms]
[2026-05-06 12:01:10] MOVE chetan (lawn green): 90→78 [0.2ms]
[2026-05-06 12:01:11] MOVE asha (gray0): 30→31 [0.1ms]
[2026-05-06 12:01:11] MOVE chetan (lawn green): 78→67 [0.1ms]
[2026-05-06 12:01:11] MOVE asha (gray0): 18→9 [0.1ms]
[2026-05-06 12:01:11] MOVE chetan (lawn green): 67→57 [0.1ms]
[2026-05-06 12:01:11] MOVE asha (gray0): 31→18 [0.1ms]
[2026-05-06 12:01:11] MOVE chetan (lawn green): 57→56 [0.1ms]
[2026-05-06 12:01:12] MOVE asha (gray0): 9→31 [0.1ms]
[2026-05-06 12:01:12] MOVE chetan (lawn green): 56→66 [0.1ms]
[2026-05-06 12:01:12] MOVE asha (gray0): 18→43 [0.5ms]
[2026-05-06 12:01:12] MOVE chetan (lawn green): 66→77 [0.1ms]
[2026-05-06 12:01:12] MOVE asha (gray0): 31→54 [0.1ms]
[2026-05-06 12:01:12] MOVE chetan (lawn green): 77→89 [0.1ms]
[2026-05-06 12:01:13] MOVE asha (gray0): 43→64 [0.2ms]
[2026-05-06 12:01:13] MOVE chetan (lawn green): 89→102 [0.3ms]
[2026-05-06 12:01:13] MOVE asha (gray0): 54→43 [0.2ms]
[2026-05-06 12:01:13] MOVE chetan (lawn green): 102→90 [0.1ms]
[2026-05-06 12:01:13] MOVE asha (gray0): 64→54 [0.1ms]
[2026-05-06 12:01:13] MOVE chetan (lawn green): 90→78 [0.2ms]
[2026-05-06 12:01:14] MOVE asha (gray0): 43→64 [0.1ms]
[2026-05-06 12:01:14] MOVE chetan (lawn green): 78→67 [0.2ms]
[2026-05-06 12:01:14] MOVE asha (gray0): 54→74 [0.1ms]
[2026-05-06 12:01:14] MOVE chetan (lawn green): 67→57 [0.1ms]
[2026-05-06 12:01:14] MOVE asha (gray0): 64→63 [0.1ms]
[2026-05-06 12:01:14] MOVE chetan (lawn green): 57→56 [0.1ms]
[2026-05-06 12:01:14] MOVE asha (gray0): 74→73 [0.1ms]
[2026-05-06 12:01:15] MOVE chetan (lawn green): 56→66 [0.1ms]
[2026-05-06 12:01:15] MOVE asha (gray0): 63→53 [0.1ms]
[2026-05-06 12:01:15] MOVE chetan (lawn green): 66→77 [0.1ms]
[2026-05-06 12:01:15] MOVE asha (gray0): 73→63 [0.1ms]
[2026-05-06 12:01:15] MOVE chetan (lawn green): 77→89 [12.1ms]
[2026-05-06 12:01:15] SCORE chetan (lawn green): Final=1099.0, Time=0.0, Moves(1249)=0.0, Pins(9)=900.0, Dist=199.0
[2026-05-06 12:01:15] SCORE asha (gray0): Final=996.0, Time=0.0, Moves(1248)=0.0, Pins(8)=800.0, Dist=196.0
[2026-05-06 12:01:15] GAME TIME LIMIT REACHED.
[2026-05-06 12:01:16] SCORE chetan (lawn green): Final=1099.0, Time=0.0, Moves(1249)=0.0, Pins(9)=900.0, Dist=199.0
[2026-05-06 12:01:16] SCORE asha (gray0): Final=996.0, Time=0.0, Moves(1248)=0.0, Pins(8)=800.0, Dist=196.0
[2026-05-06 12:01:16] GAME TIME LIMIT REACHED.
[2026-05-06 12:01:16] SCORE chetan (lawn green): Final=1099.0, Time=0.0, Moves(1249)=0.0, Pins(9)=900.0, Dist=199.0
[2026-05-06 12:01:16] SCORE asha (gray0): Final=996.0, Time=0.0, Moves(1248)=0.0, Pins(8)=800.0, Dist=196.0
[2026-05-06 12:01:16] GAME TIME LIMIT REACHED.
