[2026-05-06 12:25:14] GAME CREATED
[2026-05-06 12:25:24] PLAYER JOINED: chetan as lawn green
[2026-05-06 12:25:32] PLAYER JOINED: asha as gray0
[2026-05-06 12:25:46] GAME STARTED — turn order: ['lawn green', 'gray0']
[2026-05-06 12:25:46] MOVE chetan (lawn green): 20→18 [0.1ms]
[2026-05-06 12:25:46] MOVE asha (gray0): 75→56 [0.1ms]
[2026-05-06 12:25:47] MOVE chetan (lawn green): 22→43 [0.1ms]
[2026-05-06 12:25:47] MOVE asha (gray0): 98→77 [0.2ms]
[2026-05-06 12:25:47] MOVE chetan (lawn green): 19→17 [0.1ms]
[2026-05-06 12:25:47] MOVE asha (gray0): 65→47 [0.1ms]
[2026-05-06 12:25:47] MOVE chetan (lawn green): 33→29 [0.1ms]
[2026-05-06 12:25:47] MOVE asha (gray0): 87→48 [0.1ms]
[2026-05-06 12:25:48] MOVE chetan (lawn green): 17→40 [0.1ms]
[2026-05-06 12:25:48] MOVE asha (gray0): 47→49 [0.1ms]
[2026-05-06 12:25:48] MOVE chetan (lawn green): 29→50 [0.1ms]
[2026-05-06 12:25:48] MOVE asha (gray0): 88→47 [0.1ms]
[2026-05-06 12:25:48] MOVE chetan (lawn green): 40→57 [0.4ms]
[2026-05-06 12:25:48] MOVE asha (gray0): 56→39 [0.1ms]
[2026-05-06 12:25:49] MOVE chetan (lawn green): 50→59 [0.3ms]
[2026-05-06 12:25:49] MOVE asha (gray0): 49→28 [0.2ms]
[2026-05-06 12:25:49] MOVE chetan (lawn green): 57→56 [0.1ms]
[2026-05-06 12:25:49] MOVE asha (gray0): 39→16 [0.1ms]
[2026-05-06 12:25:49] MOVE chetan (lawn green): 56→65 [0.1ms]
[2026-05-06 12:25:49] MOVE asha (gray0): 100→60 [0.3ms]
[2026-05-06 12:25:50] MOVE chetan (lawn green): 44→15 [0.2ms]
[2026-05-06 12:25:50] MOVE asha (gray0): 47→51 [0.2ms]
[2026-05-06 12:25:50] MOVE chetan (lawn green): 59→58 [0.2ms]
[2026-05-06 12:25:50] MOVE asha (gray0): 60→41 [0.1ms]
[2026-05-06 12:25:50] MOVE chetan (lawn green): 15→14 [0.2ms]
[2026-05-06 12:25:50] MOVE asha (gray0): 51→30 [0.2ms]
[2026-05-06 12:25:51] MOVE chetan (lawn green): 58→57 [0.1ms]
[2026-05-06 12:25:51] MOVE asha (gray0): 16→17 [0.1ms]
[2026-05-06 12:25:51] MOVE chetan (lawn green): 18→39 [0.1ms]
[2026-05-06 12:25:51] MOVE asha (gray0): 17→44 [0.1ms]
[2026-05-06 12:25:51] MOVE chetan (lawn green): 57→56 [0.2ms]
[2026-05-06 12:25:52] MOVE asha (gray0): 41→18 [0.1ms]
[2026-05-06 12:25:52] MOVE chetan (lawn green): 56→98 [0.1ms]
[2026-05-06 12:25:52] MOVE asha (gray0): 18→19 [0.1ms]
[2026-05-06 12:25:52] MOVE chetan (lawn green): 45→41 [0.1ms]
[2026-05-06 12:25:52] MOVE asha (gray0): 30→18 [0.1ms]
[2026-05-06 12:25:53] MOVE chetan (lawn green): 39→38 [0.3ms]
[2026-05-06 12:25:53] MOVE asha (gray0): 18→22 [0.1ms]
[2026-05-06 12:25:53] MOVE chetan (lawn green): 14→26 [0.1ms]
[2026-05-06 12:25:53] MOVE asha (gray0): 48→29 [0.1ms]
[2026-05-06 12:25:53] MOVE chetan (lawn green): 41→37 [0.1ms]
[2026-05-06 12:25:53] MOVE asha (gray0): 28→30 [0.1ms]
[2026-05-06 12:25:54] MOVE chetan (lawn green): 26→47 [0.2ms]
[2026-05-06 12:25:54] MOVE asha (gray0): 29→33 [0.1ms]
[2026-05-06 12:25:54] MOVE chetan (lawn green): 37→75 [0.2ms]
[2026-05-06 12:25:54] MOVE asha (gray0): 30→18 [0.3ms]
[2026-05-06 12:25:54] MOVE chetan (lawn green): 47→56 [0.1ms]
[2026-05-06 12:25:54] MOVE asha (gray0): 18→45 [0.1ms]
[2026-05-06 12:25:55] MOVE chetan (lawn green): 38→37 [0.1ms]
[2026-05-06 12:25:55] MOVE asha (gray0): 76→78 [0.1ms]
[2026-05-06 12:25:55] MOVE chetan (lawn green): 32→53 [0.1ms]
[2026-05-06 12:25:55] MOVE asha (gray0): 77→79 [0.1ms]
[2026-05-06 12:25:55] MOVE chetan (lawn green): 37→47 [0.1ms]
[2026-05-06 12:25:55] MOVE asha (gray0): 78→80 [0.1ms]
[2026-05-06 12:25:56] MOVE chetan (lawn green): 43→62 [0.1ms]
[2026-05-06 12:25:56] MOVE asha (gray0): 79→81 [0.1ms]
[2026-05-06 12:25:56] MOVE chetan (lawn green): 53→69 [0.1ms]
[2026-05-06 12:25:56] MOVE asha (gray0): 80→82 [0.3ms]
[2026-05-06 12:25:56] MOVE chetan (lawn green): 62→61 [0.1ms]
[2026-05-06 12:25:56] MOVE asha (gray0): 81→83 [0.1ms]
[2026-05-06 12:25:56] MOVE chetan (lawn green): 69→68 [0.1ms]
[2026-05-06 12:25:57] MOVE asha (gray0): 82→84 [0.1ms]
[2026-05-06 12:25:57] MOVE chetan (lawn green): 61→60 [0.1ms]
[2026-05-06 12:25:57] MOVE asha (gray0): 83→73 [0.1ms]
[2026-05-06 12:25:57] MOVE chetan (lawn green): 68→67 [0.1ms]
[2026-05-06 12:25:57] MOVE asha (gray0): 84→63 [0.1ms]
[2026-05-06 12:25:57] MOVE chetan (lawn green): 60→59 [0.2ms]
[2026-05-06 12:25:58] MOVE asha (gray0): 73→64 [0.1ms]
[2026-05-06 12:25:58] MOVE chetan (lawn green): 67→66 [0.2ms]
[2026-05-06 12:25:58] MOVE asha (gray0): 63→54 [0.1ms]
[2026-05-06 12:25:58] MOVE chetan (lawn green): 66→76 [0.1ms]
[2026-05-06 12:25:58] MOVE asha (gray0): 64→43 [0.1ms]
[2026-05-06 12:25:58] MOVE chetan (lawn green): 34→53 [0.1ms]
[2026-05-06 12:25:58] MOVE asha (gray0): 43→32 [0.1ms]
[2026-05-06 12:25:59] MOVE chetan (lawn green): 59→58 [0.2ms]
[2026-05-06 12:25:59] MOVE asha (gray0): 54→43 [0.1ms]
[2026-05-06 12:25:59] MOVE chetan (lawn green): 53→52 [0.1ms]
[2026-05-06 12:25:59] MOVE asha (gray0): 43→20 [0.1ms]
[2026-05-06 12:25:59] MOVE chetan (lawn green): 58→57 [0.1ms]
[2026-05-06 12:25:59] MOVE asha (gray0): 101→89 [0.2ms]
[2026-05-06 12:26:00] MOVE chetan (lawn green): 52→51 [0.1ms]
[2026-05-06 12:26:00] MOVE asha (gray0): 86→87 [0.2ms]
[2026-05-06 12:26:00] MOVE chetan (lawn green): 57→66 [0.3ms]
[2026-05-06 12:26:00] MOVE asha (gray0): 89→78 [0.2ms]
[2026-05-06 12:26:00] MOVE chetan (lawn green): 51→50 [0.1ms]
[2026-05-06 12:26:00] MOVE asha (gray0): 87→88 [0.1ms]
[2026-05-06 12:26:01] MOVE chetan (lawn green): 56→100 [0.2ms]
[2026-05-06 12:26:01] MOVE asha (gray0): 78→68 [0.1ms]
[2026-05-06 12:26:01] MOVE chetan (lawn green): 66→87 [0.1ms]
[2026-05-06 12:26:01] MOVE asha (gray0): 99→101 [0.2ms]
[2026-05-06 12:26:01] MOVE chetan (lawn green): 47→56 [0.1ms]
[2026-05-06 12:26:01] MOVE asha (gray0): 68→59 [0.2ms]
[2026-05-06 12:26:02] MOVE chetan (lawn green): 50→68 [0.3ms]
[2026-05-06 12:26:02] MOVE asha (gray0): 88→77 [0.1ms]
[2026-05-06 12:26:02] MOVE chetan (lawn green): 56→66 [0.1ms]
[2026-05-06 12:26:02] MOVE asha (gray0): 59→50 [0.1ms]
[2026-05-06 12:26:02] MOVE chetan (lawn green): 68→67 [0.1ms]
[2026-05-06 12:26:02] MOVE asha (gray0): 77→58 [0.1ms]
[2026-05-06 12:26:03] MOVE chetan (lawn green): 66→77 [0.1ms]
[2026-05-06 12:26:03] MOVE asha (gray0): 50→40 [0.1ms]
[2026-05-06 12:26:03] MOVE chetan (lawn green): 67→86 [0.1ms]
[2026-05-06 12:26:03] MOVE asha (gray0): 58→49 [0.1ms]
[2026-05-06 12:26:03] MOVE chetan (lawn green): 77→88 [0.1ms]
[2026-05-06 12:26:03] MOVE asha (gray0): 40→29 [0.1ms]
[2026-05-06 12:26:03] MOVE chetan (lawn green): 55→54 [0.1ms]
[2026-05-06 12:26:04] MOVE asha (gray0): 49→39 [0.1ms]
[2026-05-06 12:26:04] MOVE chetan (lawn green): 21→34 [0.1ms]
[2026-05-06 12:26:04] MOVE asha (gray0): 29→17 [0.2ms]
[2026-05-06 12:26:04] MOVE chetan (lawn green): 54→53 [0.1ms]
[2026-05-06 12:26:04] MOVE asha (gray0): 39→28 [0.1ms]
[2026-05-06 12:26:04] MOVE chetan (lawn green): 34→55 [0.2ms]
[2026-05-06 12:26:05] MOVE asha (gray0): 17→18 [0.1ms]
[2026-05-06 12:26:05] MOVE chetan (lawn green): 53→52 [0.1ms]
[2026-05-06 12:26:05] MOVE asha (gray0): 28→16 [0.3ms]
[2026-05-06 12:26:05] MOVE chetan (lawn green): 55→54 [0.1ms]
[2026-05-06 12:26:05] MOVE asha (gray0): 18→31 [0.1ms]
[2026-05-06 12:26:05] MOVE chetan (lawn green): 52→51 [0.1ms]
[2026-05-06 12:26:06] MOVE asha (gray0): 16→17 [0.1ms]
[2026-05-06 12:26:06] MOVE chetan (lawn green): 54→53 [0.1ms]
[2026-05-06 12:26:06] MOVE asha (gray0): 31→43 [0.1ms]
[2026-05-06 12:26:06] MOVE chetan (lawn green): 51→50 [0.1ms]
[2026-05-06 12:26:06] MOVE asha (gray0): 17→18 [0.1ms]
[2026-05-06 12:26:06] MOVE chetan (lawn green): 53→52 [0.1ms]
[2026-05-06 12:26:07] MOVE asha (gray0): 43→54 [0.1ms]
[2026-05-06 12:26:07] MOVE chetan (lawn green): 50→49 [0.1ms]
[2026-05-06 12:26:07] MOVE asha (gray0): 54→55 [0.1ms]
[2026-05-06 12:26:07] MOVE chetan (lawn green): 52→51 [0.1ms]
[2026-05-06 12:26:07] MOVE asha (gray0): 18→31 [0.1ms]
[2026-05-06 12:26:07] MOVE chetan (lawn green): 49→48 [0.1ms]
[2026-05-06 12:26:08] MOVE asha (gray0): 101→89 [0.1ms]
[2026-05-06 12:26:08] MOVE chetan (lawn green): 51→50 [0.1ms]
[2026-05-06 12:26:08] MOVE asha (gray0): 31→43 [0.4ms]
[2026-05-06 12:26:08] MOVE chetan (lawn green): 48→47 [0.1ms]
[2026-05-06 12:26:08] MOVE asha (gray0): 89→78 [0.1ms]
[2026-05-06 12:26:08] MOVE chetan (lawn green): 50→49 [0.2ms]
[2026-05-06 12:26:09] MOVE asha (gray0): 43→54 [0.1ms]
[2026-05-06 12:26:09] MOVE chetan (lawn green): 47→56 [0.1ms]
[2026-05-06 12:26:09] MOVE asha (gray0): 78→68 [0.1ms]
[2026-05-06 12:26:09] MOVE chetan (lawn green): 49→48 [0.1ms]
[2026-05-06 12:26:09] MOVE asha (gray0): 54→64 [0.1ms]
[2026-05-06 12:26:09] MOVE chetan (lawn green): 56→66 [0.1ms]
[2026-05-06 12:26:09] MOVE asha (gray0): 68→59 [0.1ms]
[2026-05-06 12:26:10] MOVE chetan (lawn green): 48→47 [0.1ms]
[2026-05-06 12:26:10] MOVE asha (gray0): 64→63 [0.1ms]
[2026-05-06 12:26:10] MOVE chetan (lawn green): 66→77 [0.1ms]
[2026-05-06 12:26:10] MOVE asha (gray0): 59→50 [0.1ms]
[2026-05-06 12:26:10] MOVE chetan (lawn green): 47→56 [0.1ms]
[2026-05-06 12:26:10] MOVE asha (gray0): 63→53 [0.2ms]
[2026-05-06 12:26:10] MOVE chetan (lawn green): 77→89 [0.1ms]
[2026-05-06 12:26:11] MOVE asha (gray0): 50→40 [0.4ms]
[2026-05-06 12:26:11] MOVE chetan (lawn green): 89→101 [0.1ms]
[2026-05-06 12:26:11] MOVE asha (gray0): 53→43 [0.1ms]
[2026-05-06 12:26:11] MOVE chetan (lawn green): 56→66 [0.1ms]
[2026-05-06 12:26:11] MOVE asha (gray0): 40→29 [0.1ms]
[2026-05-06 12:26:11] MOVE chetan (lawn green): 66→77 [0.1ms]
[2026-05-06 12:26:12] MOVE asha (gray0): 43→31 [0.1ms]
[2026-05-06 12:26:12] MOVE chetan (lawn green): 77→89 [0.1ms]
[2026-05-06 12:26:12] MOVE asha (gray0): 29→17 [0.1ms]
[2026-05-06 12:26:12] MOVE chetan (lawn green): 89→102 [0.1ms]
[2026-05-06 12:26:12] MOVE asha (gray0): 31→18 [0.2ms]
[2026-05-06 12:26:12] MOVE chetan (lawn green): 102→90 [0.1ms]
[2026-05-06 12:26:13] MOVE asha (gray0): 17→9 [0.1ms]
[2026-05-06 12:26:13] MOVE chetan (lawn green): 90→78 [0.1ms]
[2026-05-06 12:26:13] MOVE asha (gray0): 18→17 [0.1ms]
[2026-05-06 12:26:13] MOVE chetan (lawn green): 78→67 [0.1ms]
[2026-05-06 12:26:13] MOVE asha (gray0): 9→18 [0.1ms]
[2026-05-06 12:26:13] MOVE chetan (lawn green): 67→57 [0.1ms]
[2026-05-06 12:26:14] MOVE asha (gray0): 17→9 [0.4ms]
[2026-05-06 12:26:14] MOVE chetan (lawn green): 57→56 [0.1ms]
[2026-05-06 12:26:14] MOVE asha (gray0): 18→31 [0.1ms]
[2026-05-06 12:26:14] MOVE chetan (lawn green): 56→66 [0.2ms]
[2026-05-06 12:26:15] MOVE asha (gray0): 9→18 [0.1ms]
[2026-05-06 12:26:15] MOVE chetan (lawn green): 66→77 [0.1ms]
[2026-05-06 12:26:15] MOVE asha (gray0): 31→43 [0.1ms]
[2026-05-06 12:26:15] MOVE chetan (lawn green): 77→89 [0.1ms]
[2026-05-06 12:26:15] MOVE asha (gray0): 18→31 [0.1ms]
[2026-05-06 12:26:15] MOVE chetan (lawn green): 89→102 [0.2ms]
[2026-05-06 12:26:16] MOVE asha (gray0): 43→54 [0.1ms]
[2026-05-06 12:26:16] MOVE chetan (lawn green): 102→90 [0.1ms]
[2026-05-06 12:26:16] MOVE asha (gray0): 31→43 [0.1ms]
[2026-05-06 12:26:16] MOVE chetan (lawn green): 90→78 [0.1ms]
[2026-05-06 12:26:16] MOVE asha (gray0): 54→64 [0.1ms]
[2026-05-06 12:26:16] MOVE chetan (lawn green): 78→67 [0.1ms]
[2026-05-06 12:26:16] MOVE asha (gray0): 43→54 [0.2ms]
[2026-05-06 12:26:17] MOVE chetan (lawn green): 67→57 [0.1ms]
[2026-05-06 12:26:17] MOVE asha (gray0): 64→63 [0.2ms]
[2026-05-06 12:26:17] MOVE chetan (lawn green): 57→56 [0.1ms]
[2026-05-06 12:26:18] MOVE asha (gray0): 54→64 [0.1ms]
[2026-05-06 12:26:18] MOVE chetan (lawn green): 56→66 [0.1ms]
[2026-05-06 12:26:18] MOVE asha (gray0): 63→53 [0.1ms]
[2026-05-06 12:26:18] MOVE chetan (lawn green): 66→77 [0.2ms]
[2026-05-06 12:26:18] MOVE asha (gray0): 64→63 [0.1ms]
[2026-05-06 12:26:19] MOVE chetan (lawn green): 77→89 [0.1ms]
[2026-05-06 12:26:19] MOVE asha (gray0): 53→43 [0.1ms]
[2026-05-06 12:26:19] MOVE chetan (lawn green): 89→102 [0.1ms]
[2026-05-06 12:26:19] MOVE asha (gray0): 63→53 [0.1ms]
[2026-05-06 12:26:19] MOVE chetan (lawn green): 102→90 [0.2ms]
[2026-05-06 12:26:20] MOVE asha (gray0): 43→31 [0.1ms]
[2026-05-06 12:26:20] MOVE chetan (lawn green): 90→78 [0.2ms]
[2026-05-06 12:26:20] MOVE asha (gray0): 53→43 [0.1ms]
[2026-05-06 12:26:20] MOVE chetan (lawn green): 78→67 [0.1ms]
[2026-05-06 12:26:20] MOVE asha (gray0): 31→54 [0.1ms]
[2026-05-06 12:26:20] MOVE chetan (lawn green): 67→57 [0.1ms]
[2026-05-06 12:26:21] MOVE asha (gray0): 43→31 [0.1ms]
[2026-05-06 12:26:21] MOVE chetan (lawn green): 57→56 [0.1ms]
[2026-05-06 12:26:21] MOVE asha (gray0): 54→64 [0.1ms]
[2026-05-06 12:26:21] MOVE chetan (lawn green): 56→66 [0.1ms]
[2026-05-06 12:26:21] MOVE asha (gray0): 31→18 [0.1ms]
[2026-05-06 12:26:21] MOVE chetan (lawn green): 66→77 [0.1ms]
[2026-05-06 12:26:22] MOVE asha (gray0): 64→63 [0.2ms]
[2026-05-06 12:26:22] MOVE chetan (lawn green): 77→89 [0.1ms]
[2026-05-06 12:26:22] MOVE asha (gray0): 18→9 [0.1ms]
[2026-05-06 12:26:22] MOVE chetan (lawn green): 89→102 [0.1ms]
[2026-05-06 12:26:22] MOVE asha (gray0): 63→53 [0.1ms]
[2026-05-06 12:26:22] MOVE chetan (lawn green): 102→90 [0.1ms]
[2026-05-06 12:26:22] MOVE asha (gray0): 9→17 [0.1ms]
[2026-05-06 12:26:23] MOVE chetan (lawn green): 90→78 [0.1ms]
[2026-05-06 12:26:23] MOVE asha (gray0): 53→43 [0.1ms]
[2026-05-06 12:26:23] MOVE chetan (lawn green): 78→67 [0.1ms]
[2026-05-06 12:26:23] MOVE asha (gray0): 17→30 [0.1ms]
[2026-05-06 12:26:23] MOVE chetan (lawn green): 67→57 [0.1ms]
[2026-05-06 12:26:23] MOVE asha (gray0): 43→31 [0.1ms]
[2026-05-06 12:26:24] MOVE chetan (lawn green): 57→56 [0.1ms]
[2026-05-06 12:26:24] MOVE asha (gray0): 30→42 [0.1ms]
[2026-05-06 12:26:24] MOVE chetan (lawn green): 56→66 [0.1ms]
[2026-05-06 12:26:24] MOVE asha (gray0): 31→18 [0.1ms]
[2026-05-06 12:26:24] MOVE chetan (lawn green): 66→77 [0.2ms]
[2026-05-06 12:26:24] MOVE asha (gray0): 42→31 [0.1ms]
[2026-05-06 12:26:25] MOVE chetan (lawn green): 77→89 [0.1ms]
[2026-05-06 12:26:25] MOVE asha (gray0): 18→9 [0.1ms]
[2026-05-06 12:26:25] MOVE chetan (lawn green): 89→102 [0.2ms]
[2026-05-06 12:26:25] MOVE asha (gray0): 31→18 [0.1ms]
[2026-05-06 12:26:25] MOVE chetan (lawn green): 102→90 [0.1ms]
[2026-05-06 12:26:25] MOVE asha (gray0): 9→31 [0.2ms]
[2026-05-06 12:26:26] MOVE chetan (lawn green): 90→78 [0.1ms]
[2026-05-06 12:26:26] MOVE asha (gray0): 18→43 [0.1ms]
[2026-05-06 12:26:26] MOVE chetan (lawn green): 78→67 [0.1ms]
[2026-05-06 12:26:26] MOVE asha (gray0): 31→54 [0.1ms]
[2026-05-06 12:26:26] MOVE chetan (lawn green): 67→57 [0.1ms]
[2026-05-06 12:26:26] MOVE asha (gray0): 43→64 [0.3ms]
[2026-05-06 12:26:26] MOVE chetan (lawn green): 57→56 [0.1ms]
[2026-05-06 12:26:27] MOVE asha (gray0): 54→43 [0.2ms]
[2026-05-06 12:26:27] MOVE chetan (lawn green): 56→66 [0.2ms]
[2026-05-06 12:26:27] MOVE asha (gray0): 64→54 [0.1ms]
[2026-05-06 12:26:27] MOVE chetan (lawn green): 66→77 [0.1ms]
[2026-05-06 12:26:27] MOVE asha (gray0): 43→64 [0.1ms]
[2026-05-06 12:26:27] MOVE chetan (lawn green): 77→89 [0.1ms]
[2026-05-06 12:26:28] MOVE asha (gray0): 54→74 [0.1ms]
[2026-05-06 12:26:28] MOVE chetan (lawn green): 89→102 [0.2ms]
[2026-05-06 12:26:28] MOVE asha (gray0): 64→63 [0.1ms]
[2026-05-06 12:26:28] MOVE chetan (lawn green): 102→90 [0.1ms]
[2026-05-06 12:26:28] MOVE asha (gray0): 74→73 [0.1ms]
[2026-05-06 12:26:28] MOVE chetan (lawn green): 90→78 [0.1ms]
[2026-05-06 12:26:29] MOVE asha (gray0): 63→53 [0.2ms]
[2026-05-06 12:26:29] MOVE chetan (lawn green): 78→67 [0.1ms]
[2026-05-06 12:26:29] MOVE asha (gray0): 73→63 [0.1ms]
[2026-05-06 12:26:29] MOVE chetan (lawn green): 67→57 [0.1ms]
[2026-05-06 12:26:29] MOVE asha (gray0): 53→54 [0.1ms]
[2026-05-06 12:26:29] MOVE chetan (lawn green): 57→56 [0.1ms]
[2026-05-06 12:26:30] MOVE asha (gray0): 63→64 [0.1ms]
[2026-05-06 12:26:30] MOVE chetan (lawn green): 56→66 [0.1ms]
[2026-05-06 12:26:30] MOVE asha (gray0): 54→43 [0.1ms]
[2026-05-06 12:26:30] MOVE chetan (lawn green): 66→77 [0.1ms]
[2026-05-06 12:26:30] MOVE asha (gray0): 64→54 [0.1ms]
[2026-05-06 12:26:30] MOVE chetan (lawn green): 77→89 [0.1ms]
[2026-05-06 12:26:31] MOVE asha (gray0): 43→64 [0.1ms]
[2026-05-06 12:26:31] MOVE chetan (lawn green): 89→102 [0.1ms]
[2026-05-06 12:26:31] MOVE asha (gray0): 54→43 [0.1ms]
[2026-05-06 12:26:31] MOVE chetan (lawn green): 102→90 [0.2ms]
[2026-05-06 12:26:31] MOVE asha (gray0): 64→63 [0.2ms]
[2026-05-06 12:26:31] MOVE chetan (lawn green): 90→78 [0.2ms]
[2026-05-06 12:26:31] MOVE asha (gray0): 43→31 [0.2ms]
[2026-05-06 12:26:32] MOVE chetan (lawn green): 78→67 [0.3ms]
[2026-05-06 12:26:32] MOVE asha (gray0): 63→53 [0.1ms]
[2026-05-06 12:26:32] MOVE chetan (lawn green): 67→57 [0.1ms]
[2026-05-06 12:26:32] MOVE asha (gray0): 31→18 [0.1ms]
[2026-05-06 12:26:32] MOVE chetan (lawn green): 57→56 [0.1ms]
[2026-05-06 12:26:32] MOVE asha (gray0): 53→54 [0.2ms]
[2026-05-06 12:26:33] MOVE chetan (lawn green): 56→66 [0.2ms]
[2026-05-06 12:26:33] MOVE asha (gray0): 18→9 [0.3ms]
[2026-05-06 12:26:33] MOVE chetan (lawn green): 66→77 [0.1ms]
[2026-05-06 12:26:33] MOVE asha (gray0): 54→43 [0.1ms]
[2026-05-06 12:26:33] MOVE chetan (lawn green): 77→89 [0.1ms]
[2026-05-06 12:26:33] MOVE asha (gray0): 9→17 [0.1ms]
[2026-05-06 12:26:34] MOVE chetan (lawn green): 89→102 [0.2ms]
[2026-05-06 12:26:34] MOVE asha (gray0): 43→31 [0.1ms]
[2026-05-06 12:26:34] MOVE chetan (lawn green): 102→90 [0.1ms]
[2026-05-06 12:26:34] MOVE asha (gray0): 17→30 [0.1ms]
[2026-05-06 12:26:34] MOVE chetan (lawn green): 90→78 [0.1ms]
[2026-05-06 12:26:34] MOVE asha (gray0): 31→18 [0.1ms]
[2026-05-06 12:26:35] MOVE chetan (lawn green): 78→67 [0.1ms]
[2026-05-06 12:26:35] MOVE asha (gray0): 30→31 [0.1ms]
[2026-05-06 12:26:35] MOVE chetan (lawn green): 67→57 [0.3ms]
[2026-05-06 12:26:35] MOVE asha (gray0): 18→9 [0.1ms]
[2026-05-06 12:26:35] MOVE chetan (lawn green): 57→56 [0.2ms]
[2026-05-06 12:26:35] MOVE asha (gray0): 31→18 [0.3ms]
[2026-05-06 12:26:36] MOVE chetan (lawn green): 56→66 [0.1ms]
[2026-05-06 12:26:36] MOVE asha (gray0): 9→31 [0.1ms]
[2026-05-06 12:26:36] MOVE chetan (lawn green): 66→77 [0.1ms]
[2026-05-06 12:26:36] MOVE asha (gray0): 18→43 [0.1ms]
[2026-05-06 12:26:36] MOVE chetan (lawn green): 77→89 [1.0ms]
[2026-05-06 12:26:36] MOVE asha (gray0): 31→54 [0.2ms]
[2026-05-06 12:26:37] MOVE chetan (lawn green): 89→102 [0.1ms]
[2026-05-06 12:26:37] MOVE asha (gray0): 43→64 [0.1ms]
[2026-05-06 12:26:37] MOVE chetan (lawn green): 102→90 [0.1ms]
[2026-05-06 12:26:37] MOVE asha (gray0): 54→43 [0.1ms]
[2026-05-06 12:26:37] MOVE chetan (lawn green): 90→78 [0.1ms]
[2026-05-06 12:26:37] MOVE asha (gray0): 64→54 [0.1ms]
[2026-05-06 12:26:38] MOVE chetan (lawn green): 78→67 [0.1ms]
[2026-05-06 12:26:38] MOVE asha (gray0): 43→64 [0.1ms]
[2026-05-06 12:26:38] MOVE chetan (lawn green): 67→57 [0.1ms]
[2026-05-06 12:26:38] MOVE asha (gray0): 54→74 [0.2ms]
[2026-05-06 12:26:38] MOVE chetan (lawn green): 57→56 [0.1ms]
[2026-05-06 12:26:38] MOVE asha (gray0): 64→63 [0.1ms]
[2026-05-06 12:26:39] MOVE chetan (lawn green): 56→66 [0.1ms]
[2026-05-06 12:26:39] MOVE asha (gray0): 74→73 [0.1ms]
[2026-05-06 12:26:39] MOVE chetan (lawn green): 66→77 [0.1ms]
[2026-05-06 12:26:39] MOVE asha (gray0): 63→53 [0.1ms]
[2026-05-06 12:26:39] MOVE chetan (lawn green): 77→89 [0.1ms]
[2026-05-06 12:26:39] MOVE asha (gray0): 73→63 [0.1ms]
[2026-05-06 12:26:39] MOVE chetan (lawn green): 89→102 [0.3ms]
[2026-05-06 12:26:40] MOVE asha (gray0): 53→54 [0.1ms]
[2026-05-06 12:26:40] MOVE chetan (lawn green): 102→90 [0.1ms]
[2026-05-06 12:26:40] MOVE asha (gray0): 63→64 [0.1ms]
[2026-05-06 12:26:40] MOVE chetan (lawn green): 90→78 [0.1ms]
[2026-05-06 12:26:40] MOVE asha (gray0): 54→43 [0.1ms]
[2026-05-06 12:26:40] MOVE chetan (lawn green): 78→67 [0.1ms]
[2026-05-06 12:26:41] MOVE asha (gray0): 64→54 [0.2ms]
[2026-05-06 12:26:41] MOVE chetan (lawn green): 67→57 [0.2ms]
[2026-05-06 12:26:41] MOVE asha (gray0): 43→64 [0.1ms]
[2026-05-06 12:26:41] MOVE chetan (lawn green): 57→56 [0.1ms]
[2026-05-06 12:26:41] MOVE asha (gray0): 54→43 [0.1ms]
[2026-05-06 12:26:41] MOVE chetan (lawn green): 56→66 [0.1ms]
[2026-05-06 12:26:41] MOVE asha (gray0): 64→63 [0.1ms]
[2026-05-06 12:26:42] MOVE chetan (lawn green): 66→77 [0.1ms]
[2026-05-06 12:26:42] MOVE asha (gray0): 43→31 [0.3ms]
[2026-05-06 12:26:42] MOVE chetan (lawn green): 77→89 [0.1ms]
[2026-05-06 12:26:42] MOVE asha (gray0): 63→53 [0.1ms]
[2026-05-06 12:26:42] MOVE chetan (lawn green): 89→102 [0.1ms]
[2026-05-06 12:26:42] MOVE asha (gray0): 31→18 [0.1ms]
[2026-05-06 12:26:43] MOVE chetan (lawn green): 102→90 [0.1ms]
[2026-05-06 12:26:43] MOVE asha (gray0): 53→54 [0.1ms]
[2026-05-06 12:26:43] MOVE chetan (lawn green): 90→78 [0.1ms]
[2026-05-06 12:26:43] MOVE asha (gray0): 18→9 [0.1ms]
[2026-05-06 12:26:43] MOVE chetan (lawn green): 78→67 [0.1ms]
[2026-05-06 12:26:44] MOVE asha (gray0): 54→43 [0.5ms]
[2026-05-06 12:26:44] MOVE chetan (lawn green): 67→57 [0.1ms]
[2026-05-06 12:26:44] MOVE asha (gray0): 9→17 [0.1ms]
[2026-05-06 12:26:44] MOVE chetan (lawn green): 57→56 [0.2ms]
[2026-05-06 12:26:45] MOVE asha (gray0): 43→31 [0.1ms]
[2026-05-06 12:26:45] MOVE chetan (lawn green): 56→66 [0.2ms]
[2026-05-06 12:26:45] MOVE asha (gray0): 17→30 [0.1ms]
[2026-05-06 12:26:45] MOVE chetan (lawn green): 66→77 [0.1ms]
[2026-05-06 12:26:45] MOVE asha (gray0): 31→18 [0.1ms]
[2026-05-06 12:26:46] MOVE chetan (lawn green): 77→89 [0.1ms]
[2026-05-06 12:26:46] MOVE asha (gray0): 30→31 [0.1ms]
[2026-05-06 12:26:46] MOVE chetan (lawn green): 89→102 [0.2ms]
[2026-05-06 12:26:46] MOVE asha (gray0): 18→9 [0.1ms]
[2026-05-06 12:26:46] MOVE chetan (lawn green): 102→90 [0.1ms]
[2026-05-06 12:26:46] MOVE asha (gray0): 31→18 [0.5ms]
[2026-05-06 12:26:47] MOVE chetan (lawn green): 90→78 [0.1ms]
[2026-05-06 12:26:47] MOVE asha (gray0): 9→31 [0.1ms]
[2026-05-06 12:26:47] MOVE chetan (lawn green): 78→67 [0.1ms]
[2026-05-06 12:26:47] MOVE asha (gray0): 18→43 [0.1ms]
[2026-05-06 12:26:47] MOVE chetan (lawn green): 67→57 [0.1ms]
[2026-05-06 12:26:47] MOVE asha (gray0): 31→54 [0.1ms]
[2026-05-06 12:26:48] MOVE chetan (lawn green): 57→56 [0.1ms]
[2026-05-06 12:26:48] MOVE asha (gray0): 43→64 [0.1ms]
[2026-05-06 12:26:48] MOVE chetan (lawn green): 56→66 [0.1ms]
[2026-05-06 12:26:48] MOVE asha (gray0): 54→43 [0.1ms]
[2026-05-06 12:26:48] MOVE chetan (lawn green): 66→77 [0.1ms]
[2026-05-06 12:26:49] MOVE asha (gray0): 64→54 [0.3ms]
[2026-05-06 12:26:49] MOVE chetan (lawn green): 77→89 [0.1ms]
[2026-05-06 12:26:49] MOVE asha (gray0): 43→64 [0.1ms]
[2026-05-06 12:26:49] MOVE chetan (lawn green): 89→102 [0.1ms]
[2026-05-06 12:26:49] MOVE asha (gray0): 54→74 [0.1ms]
[2026-05-06 12:26:49] MOVE chetan (lawn green): 102→90 [0.1ms]
[2026-05-06 12:26:50] MOVE asha (gray0): 64→63 [0.1ms]
[2026-05-06 12:26:50] MOVE chetan (lawn green): 90→78 [0.1ms]
[2026-05-06 12:26:50] MOVE asha (gray0): 74→73 [0.1ms]
[2026-05-06 12:26:50] MOVE chetan (lawn green): 78→67 [0.1ms]
[2026-05-06 12:26:50] MOVE asha (gray0): 63→53 [0.1ms]
[2026-05-06 12:26:50] MOVE chetan (lawn green): 67→57 [0.2ms]
[2026-05-06 12:26:50] MOVE asha (gray0): 73→63 [0.1ms]
[2026-05-06 12:26:51] MOVE chetan (lawn green): 57→56 [0.1ms]
[2026-05-06 12:26:51] MOVE asha (gray0): 53→54 [0.1ms]
[2026-05-06 12:26:51] MOVE chetan (lawn green): 56→66 [0.1ms]
[2026-05-06 12:26:51] MOVE asha (gray0): 63→64 [0.2ms]
[2026-05-06 12:26:51] MOVE chetan (lawn green): 66→77 [0.1ms]
[2026-05-06 12:26:51] MOVE asha (gray0): 54→43 [0.1ms]
[2026-05-06 12:26:52] MOVE chetan (lawn green): 77→89 [0.1ms]
[2026-05-06 12:26:52] MOVE asha (gray0): 64→54 [0.1ms]
[2026-05-06 12:26:52] MOVE chetan (lawn green): 89→102 [0.1ms]
[2026-05-06 12:26:52] MOVE asha (gray0): 43→64 [0.1ms]
[2026-05-06 12:26:52] MOVE chetan (lawn green): 102→90 [0.2ms]
[2026-05-06 12:26:52] MOVE asha (gray0): 54→43 [0.1ms]
[2026-05-06 12:26:53] MOVE chetan (lawn green): 90→78 [0.1ms]
[2026-05-06 12:26:53] MOVE asha (gray0): 64→63 [0.1ms]
[2026-05-06 12:26:53] MOVE chetan (lawn green): 78→67 [0.1ms]
[2026-05-06 12:26:53] MOVE asha (gray0): 43→31 [0.2ms]
[2026-05-06 12:26:53] MOVE chetan (lawn green): 67→57 [0.3ms]
[2026-05-06 12:26:53] MOVE asha (gray0): 63→53 [0.1ms]
[2026-05-06 12:26:54] MOVE chetan (lawn green): 57→56 [0.3ms]
[2026-05-06 12:26:54] MOVE asha (gray0): 31→18 [0.4ms]
[2026-05-06 12:26:54] MOVE chetan (lawn green): 56→66 [0.2ms]
[2026-05-06 12:26:54] MOVE asha (gray0): 53→54 [0.1ms]
[2026-05-06 12:26:54] MOVE chetan (lawn green): 66→77 [0.1ms]
[2026-05-06 12:26:54] MOVE asha (gray0): 18→9 [0.2ms]
[2026-05-06 12:26:55] MOVE chetan (lawn green): 77→89 [0.1ms]
[2026-05-06 12:26:55] MOVE asha (gray0): 54→43 [0.1ms]
[2026-05-06 12:26:55] MOVE chetan (lawn green): 89→102 [0.2ms]
[2026-05-06 12:26:55] MOVE asha (gray0): 9→17 [0.1ms]
[2026-05-06 12:26:55] MOVE chetan (lawn green): 102→90 [0.1ms]
[2026-05-06 12:26:55] MOVE asha (gray0): 43→31 [0.1ms]
[2026-05-06 12:26:56] MOVE chetan (lawn green): 90→78 [0.1ms]
[2026-05-06 12:26:56] MOVE asha (gray0): 17→30 [0.1ms]
[2026-05-06 12:26:56] MOVE chetan (lawn green): 78→67 [0.1ms]
[2026-05-06 12:26:56] MOVE asha (gray0): 31→18 [0.1ms]
[2026-05-06 12:26:56] MOVE chetan (lawn green): 67→57 [0.1ms]
[2026-05-06 12:26:56] MOVE asha (gray0): 30→31 [0.1ms]
[2026-05-06 12:26:56] MOVE chetan (lawn green): 57→56 [0.2ms]
[2026-05-06 12:26:57] MOVE asha (gray0): 18→9 [0.1ms]
[2026-05-06 12:26:57] MOVE chetan (lawn green): 56→66 [0.1ms]
[2026-05-06 12:26:57] MOVE asha (gray0): 31→18 [0.1ms]
[2026-05-06 12:26:57] MOVE chetan (lawn green): 66→77 [0.1ms]
[2026-05-06 12:26:57] MOVE asha (gray0): 9→31 [0.1ms]
[2026-05-06 12:26:57] MOVE chetan (lawn green): 77→89 [0.1ms]
[2026-05-06 12:26:58] MOVE asha (gray0): 18→43 [0.1ms]
[2026-05-06 12:26:58] MOVE chetan (lawn green): 89→102 [0.1ms]
[2026-05-06 12:26:58] MOVE asha (gray0): 31→54 [0.1ms]
[2026-05-06 12:26:58] MOVE chetan (lawn green): 102→90 [0.1ms]
[2026-05-06 12:26:58] MOVE asha (gray0): 43→64 [0.1ms]
[2026-05-06 12:26:58] MOVE chetan (lawn green): 90→78 [0.1ms]
[2026-05-06 12:26:58] MOVE asha (gray0): 54→43 [0.3ms]
[2026-05-06 12:26:59] MOVE chetan (lawn green): 78→67 [0.2ms]
[2026-05-06 12:26:59] MOVE asha (gray0): 64→54 [0.2ms]
[2026-05-06 12:26:59] MOVE chetan (lawn green): 67→57 [0.1ms]
[2026-05-06 12:26:59] MOVE asha (gray0): 43→64 [0.2ms]
[2026-05-06 12:26:59] MOVE chetan (lawn green): 57→56 [0.1ms]
[2026-05-06 12:26:59] MOVE asha (gray0): 54→74 [0.1ms]
[2026-05-06 12:27:00] MOVE chetan (lawn green): 56→66 [0.1ms]
[2026-05-06 12:27:00] MOVE asha (gray0): 64→63 [0.1ms]
[2026-05-06 12:27:00] MOVE chetan (lawn green): 66→77 [0.1ms]
[2026-05-06 12:27:00] MOVE asha (gray0): 74→73 [0.1ms]
[2026-05-06 12:27:00] MOVE chetan (lawn green): 77→89 [0.1ms]
[2026-05-06 12:27:00] MOVE asha (gray0): 63→53 [0.2ms]
[2026-05-06 12:27:01] MOVE chetan (lawn green): 89→102 [0.1ms]
[2026-05-06 12:27:01] MOVE asha (gray0): 73→63 [0.1ms]
[2026-05-06 12:27:01] MOVE chetan (lawn green): 102→90 [0.1ms]
[2026-05-06 12:27:01] MOVE asha (gray0): 53→54 [0.1ms]
[2026-05-06 12:27:01] MOVE chetan (lawn green): 90→78 [0.1ms]
[2026-05-06 12:27:01] MOVE asha (gray0): 63→64 [0.1ms]
[2026-05-06 12:27:02] MOVE chetan (lawn green): 78→67 [0.1ms]
[2026-05-06 12:27:02] MOVE asha (gray0): 54→43 [0.2ms]
[2026-05-06 12:27:02] MOVE chetan (lawn green): 67→57 [0.1ms]
[2026-05-06 12:27:02] MOVE asha (gray0): 64→54 [0.1ms]
[2026-05-06 12:27:02] MOVE chetan (lawn green): 57→56 [0.1ms]
[2026-05-06 12:27:02] MOVE asha (gray0): 43→64 [0.1ms]
[2026-05-06 12:27:03] MOVE chetan (lawn green): 56→66 [0.2ms]
[2026-05-06 12:27:03] MOVE asha (gray0): 54→43 [0.1ms]
[2026-05-06 12:27:03] MOVE chetan (lawn green): 66→77 [0.1ms]
[2026-05-06 12:27:03] MOVE asha (gray0): 64→63 [0.1ms]
[2026-05-06 12:27:03] MOVE chetan (lawn green): 77→89 [0.2ms]
[2026-05-06 12:27:03] MOVE asha (gray0): 43→31 [0.1ms]
[2026-05-06 12:27:04] MOVE chetan (lawn green): 89→102 [0.1ms]
[2026-05-06 12:27:04] MOVE asha (gray0): 63→53 [0.1ms]
[2026-05-06 12:27:04] MOVE chetan (lawn green): 102→90 [0.1ms]
[2026-05-06 12:27:04] MOVE asha (gray0): 31→18 [0.2ms]
[2026-05-06 12:27:04] MOVE chetan (lawn green): 90→78 [0.1ms]
[2026-05-06 12:27:04] MOVE asha (gray0): 53→54 [0.1ms]
[2026-05-06 12:27:04] MOVE chetan (lawn green): 78→67 [0.1ms]
[2026-05-06 12:27:05] MOVE asha (gray0): 18→9 [0.2ms]
[2026-05-06 12:27:05] MOVE chetan (lawn green): 67→57 [0.1ms]
[2026-05-06 12:27:05] MOVE asha (gray0): 54→43 [0.2ms]
[2026-05-06 12:27:05] MOVE chetan (lawn green): 57→56 [0.1ms]
[2026-05-06 12:27:05] MOVE asha (gray0): 9→17 [0.1ms]
[2026-05-06 12:27:05] MOVE chetan (lawn green): 56→66 [0.1ms]
[2026-05-06 12:27:06] MOVE asha (gray0): 43→31 [1.0ms]
[2026-05-06 12:27:06] MOVE chetan (lawn green): 66→77 [0.1ms]
[2026-05-06 12:27:06] MOVE asha (gray0): 17→30 [0.1ms]
[2026-05-06 12:27:06] MOVE chetan (lawn green): 77→89 [0.1ms]
[2026-05-06 12:27:06] MOVE asha (gray0): 31→18 [0.1ms]
[2026-05-06 12:27:06] MOVE chetan (lawn green): 89→102 [0.1ms]
[2026-05-06 12:27:07] MOVE asha (gray0): 30→31 [0.1ms]
[2026-05-06 12:27:07] MOVE chetan (lawn green): 102→90 [0.1ms]
[2026-05-06 12:27:07] MOVE asha (gray0): 18→9 [0.1ms]
[2026-05-06 12:27:07] MOVE chetan (lawn green): 90→78 [0.1ms]
[2026-05-06 12:27:07] MOVE asha (gray0): 31→18 [0.1ms]
[2026-05-06 12:27:07] MOVE chetan (lawn green): 78→67 [0.1ms]
[2026-05-06 12:27:08] MOVE asha (gray0): 9→31 [0.1ms]
[2026-05-06 12:27:08] MOVE chetan (lawn green): 67→57 [0.1ms]
[2026-05-06 12:27:08] MOVE asha (gray0): 18→43 [0.1ms]
[2026-05-06 12:27:08] MOVE chetan (lawn green): 57→56 [0.1ms]
[2026-05-06 12:27:08] MOVE asha (gray0): 31→54 [0.1ms]
[2026-05-06 12:27:08] MOVE chetan (lawn green): 56→66 [0.1ms]
[2026-05-06 12:27:08] MOVE asha (gray0): 43→64 [0.1ms]
[2026-05-06 12:27:09] MOVE chetan (lawn green): 66→77 [0.2ms]
[2026-05-06 12:27:09] MOVE asha (gray0): 54→43 [0.1ms]
[2026-05-06 12:27:09] MOVE chetan (lawn green): 77→89 [0.3ms]
[2026-05-06 12:27:09] MOVE asha (gray0): 64→54 [0.2ms]
[2026-05-06 12:27:09] MOVE chetan (lawn green): 89→102 [0.1ms]
[2026-05-06 12:27:09] MOVE asha (gray0): 43→64 [0.1ms]
[2026-05-06 12:27:10] MOVE chetan (lawn green): 102→90 [0.1ms]
[2026-05-06 12:27:10] MOVE asha (gray0): 54→74 [0.1ms]
[2026-05-06 12:27:10] MOVE chetan (lawn green): 90→78 [0.1ms]
[2026-05-06 12:27:10] MOVE asha (gray0): 64→63 [0.1ms]
[2026-05-06 12:27:10] MOVE chetan (lawn green): 78→67 [0.1ms]
[2026-05-06 12:27:10] MOVE asha (gray0): 74→73 [0.1ms]
[2026-05-06 12:27:11] MOVE chetan (lawn green): 67→57 [0.1ms]
[2026-05-06 12:27:11] MOVE asha (gray0): 63→53 [0.1ms]
[2026-05-06 12:27:11] MOVE chetan (lawn green): 57→56 [0.1ms]
[2026-05-06 12:27:11] MOVE asha (gray0): 73→63 [0.1ms]
[2026-05-06 12:27:11] MOVE chetan (lawn green): 56→66 [0.1ms]
[2026-05-06 12:27:11] MOVE asha (gray0): 53→54 [0.1ms]
[2026-05-06 12:27:12] MOVE chetan (lawn green): 66→77 [0.1ms]
[2026-05-06 12:27:12] MOVE asha (gray0): 63→64 [0.1ms]
[2026-05-06 12:27:12] MOVE chetan (lawn green): 77→89 [0.1ms]
[2026-05-06 12:27:12] MOVE asha (gray0): 54→43 [0.1ms]
[2026-05-06 12:27:12] MOVE chetan (lawn green): 89→102 [0.1ms]
[2026-05-06 12:27:12] MOVE asha (gray0): 64→54 [0.1ms]
[2026-05-06 12:27:13] MOVE chetan (lawn green): 102→90 [0.1ms]
[2026-05-06 12:27:13] MOVE asha (gray0): 43→64 [0.1ms]
[2026-05-06 12:27:13] MOVE chetan (lawn green): 90→78 [0.1ms]
[2026-05-06 12:27:13] MOVE asha (gray0): 54→43 [0.1ms]
[2026-05-06 12:27:13] MOVE chetan (lawn green): 78→67 [0.1ms]
[2026-05-06 12:27:13] MOVE asha (gray0): 64→63 [0.2ms]
[2026-05-06 12:27:14] MOVE chetan (lawn green): 67→57 [0.2ms]
[2026-05-06 12:27:14] MOVE asha (gray0): 43→31 [0.1ms]
[2026-05-06 12:27:14] MOVE chetan (lawn green): 57→56 [0.3ms]
[2026-05-06 12:27:14] MOVE asha (gray0): 63→53 [0.1ms]
[2026-05-06 12:27:14] MOVE chetan (lawn green): 56→66 [0.1ms]
[2026-05-06 12:27:14] MOVE asha (gray0): 31→18 [0.1ms]
[2026-05-06 12:27:14] MOVE chetan (lawn green): 66→77 [0.2ms]
[2026-05-06 12:27:15] MOVE asha (gray0): 53→54 [0.1ms]
[2026-05-06 12:27:15] MOVE chetan (lawn green): 77→89 [0.1ms]
[2026-05-06 12:27:15] MOVE asha (gray0): 18→9 [0.1ms]
[2026-05-06 12:27:15] MOVE chetan (lawn green): 89→102 [0.1ms]
[2026-05-06 12:27:15] MOVE asha (gray0): 54→43 [0.1ms]
[2026-05-06 12:27:15] MOVE chetan (lawn green): 102→90 [0.3ms]
[2026-05-06 12:27:16] MOVE asha (gray0): 9→17 [0.1ms]
[2026-05-06 12:27:16] MOVE chetan (lawn green): 90→78 [0.1ms]
[2026-05-06 12:27:16] MOVE asha (gray0): 43→31 [0.1ms]
[2026-05-06 12:27:16] MOVE chetan (lawn green): 78→67 [0.1ms]
[2026-05-06 12:27:16] MOVE asha (gray0): 17→30 [0.1ms]
[2026-05-06 12:27:16] MOVE chetan (lawn green): 67→57 [0.1ms]
[2026-05-06 12:27:17] MOVE asha (gray0): 31→18 [0.2ms]
[2026-05-06 12:27:17] MOVE chetan (lawn green): 57→56 [0.1ms]
[2026-05-06 12:27:17] MOVE asha (gray0): 30→31 [0.1ms]
[2026-05-06 12:27:17] MOVE chetan (lawn green): 56→66 [0.1ms]
[2026-05-06 12:27:17] MOVE asha (gray0): 18→9 [0.1ms]
[2026-05-06 12:27:17] MOVE chetan (lawn green): 66→77 [0.2ms]
[2026-05-06 12:27:18] MOVE asha (gray0): 31→18 [0.2ms]
[2026-05-06 12:27:18] MOVE chetan (lawn green): 77→89 [0.2ms]
[2026-05-06 12:27:18] MOVE asha (gray0): 9→31 [0.1ms]
[2026-05-06 12:27:18] MOVE chetan (lawn green): 89→102 [0.1ms]
[2026-05-06 12:27:18] MOVE asha (gray0): 18→43 [0.1ms]
[2026-05-06 12:27:18] MOVE chetan (lawn green): 102→90 [0.1ms]
[2026-05-06 12:27:19] MOVE asha (gray0): 31→54 [0.1ms]
[2026-05-06 12:27:19] MOVE chetan (lawn green): 90→78 [0.1ms]
[2026-05-06 12:27:19] MOVE asha (gray0): 43→64 [0.1ms]
[2026-05-06 12:27:19] MOVE chetan (lawn green): 78→67 [0.1ms]
[2026-05-06 12:27:19] MOVE asha (gray0): 54→43 [0.1ms]
[2026-05-06 12:27:19] MOVE chetan (lawn green): 67→57 [0.1ms]
[2026-05-06 12:27:19] MOVE asha (gray0): 64→54 [0.3ms]
[2026-05-06 12:27:20] MOVE chetan (lawn green): 57→56 [0.1ms]
[2026-05-06 12:27:20] MOVE asha (gray0): 43→64 [0.1ms]
[2026-05-06 12:27:20] MOVE chetan (lawn green): 56→66 [0.1ms]
[2026-05-06 12:27:20] MOVE asha (gray0): 54→74 [0.1ms]
[2026-05-06 12:27:20] MOVE chetan (lawn green): 66→77 [0.1ms]
[2026-05-06 12:27:20] MOVE asha (gray0): 64→63 [0.1ms]
[2026-05-06 12:27:21] MOVE chetan (lawn green): 77→89 [0.1ms]
[2026-05-06 12:27:21] MOVE asha (gray0): 74→73 [0.1ms]
[2026-05-06 12:27:21] MOVE chetan (lawn green): 89→102 [0.1ms]
[2026-05-06 12:27:21] MOVE asha (gray0): 63→53 [0.1ms]
[2026-05-06 12:27:21] MOVE chetan (lawn green): 102→90 [0.1ms]
[2026-05-06 12:27:21] MOVE asha (gray0): 73→63 [0.1ms]
[2026-05-06 12:27:22] MOVE chetan (lawn green): 90→78 [0.1ms]
[2026-05-06 12:27:22] MOVE asha (gray0): 53→54 [0.1ms]
[2026-05-06 12:27:22] MOVE chetan (lawn green): 78→67 [0.1ms]
[2026-05-06 12:27:22] MOVE asha (gray0): 63→64 [0.1ms]
[2026-05-06 12:27:22] MOVE chetan (lawn green): 67→57 [0.1ms]
[2026-05-06 12:27:22] MOVE asha (gray0): 54→43 [0.1ms]
[2026-05-06 12:27:23] MOVE chetan (lawn green): 57→56 [0.1ms]
[2026-05-06 12:27:23] MOVE asha (gray0): 64→54 [0.1ms]
[2026-05-06 12:27:23] MOVE chetan (lawn green): 56→66 [0.1ms]
[2026-05-06 12:27:23] MOVE asha (gray0): 43→64 [0.1ms]
[2026-05-06 12:27:23] MOVE chetan (lawn green): 66→77 [0.1ms]
[2026-05-06 12:27:23] MOVE asha (gray0): 54→43 [0.1ms]
[2026-05-06 12:27:24] MOVE chetan (lawn green): 77→89 [0.3ms]
[2026-05-06 12:27:24] MOVE asha (gray0): 64→63 [0.1ms]
[2026-05-06 12:27:24] MOVE chetan (lawn green): 89→102 [0.1ms]
[2026-05-06 12:27:24] MOVE asha (gray0): 43→31 [0.2ms]
[2026-05-06 12:27:24] MOVE chetan (lawn green): 102→90 [0.2ms]
[2026-05-06 12:27:24] MOVE asha (gray0): 63→53 [0.1ms]
[2026-05-06 12:27:25] MOVE chetan (lawn green): 90→78 [0.1ms]
[2026-05-06 12:27:25] MOVE asha (gray0): 31→18 [0.1ms]
[2026-05-06 12:27:25] MOVE chetan (lawn green): 78→67 [0.2ms]
[2026-05-06 12:27:25] MOVE asha (gray0): 53→54 [0.1ms]
[2026-05-06 12:27:25] MOVE chetan (lawn green): 67→57 [0.1ms]
[2026-05-06 12:27:25] MOVE asha (gray0): 18→9 [0.1ms]
[2026-05-06 12:27:26] MOVE chetan (lawn green): 57→56 [0.1ms]
[2026-05-06 12:27:26] MOVE asha (gray0): 54→43 [0.1ms]
[2026-05-06 12:27:26] MOVE chetan (lawn green): 56→66 [0.1ms]
[2026-05-06 12:27:26] MOVE asha (gray0): 9→17 [0.1ms]
[2026-05-06 12:27:26] MOVE chetan (lawn green): 66→77 [0.1ms]
[2026-05-06 12:27:26] MOVE asha (gray0): 43→31 [0.2ms]
[2026-05-06 12:27:26] MOVE chetan (lawn green): 77→89 [0.1ms]
[2026-05-06 12:27:27] MOVE asha (gray0): 17→30 [0.2ms]
[2026-05-06 12:27:27] MOVE chetan (lawn green): 89→102 [0.2ms]
[2026-05-06 12:27:27] MOVE asha (gray0): 31→18 [0.2ms]
[2026-05-06 12:27:27] MOVE chetan (lawn green): 102→90 [0.1ms]
[2026-05-06 12:27:27] MOVE asha (gray0): 30→31 [0.1ms]
[2026-05-06 12:27:27] MOVE chetan (lawn green): 90→78 [0.1ms]
[2026-05-06 12:27:28] MOVE asha (gray0): 18→9 [0.1ms]
[2026-05-06 12:27:28] MOVE chetan (lawn green): 78→67 [0.1ms]
[2026-05-06 12:27:28] MOVE asha (gray0): 31→18 [0.1ms]
[2026-05-06 12:27:28] MOVE chetan (lawn green): 67→57 [0.1ms]
[2026-05-06 12:27:28] MOVE asha (gray0): 9→31 [0.2ms]
[2026-05-06 12:27:28] MOVE chetan (lawn green): 57→56 [0.1ms]
[2026-05-06 12:27:29] MOVE asha (gray0): 18→43 [0.1ms]
[2026-05-06 12:27:29] MOVE chetan (lawn green): 56→66 [0.2ms]
[2026-05-06 12:27:29] MOVE asha (gray0): 31→54 [0.1ms]
[2026-05-06 12:27:29] MOVE chetan (lawn green): 66→77 [0.1ms]
[2026-05-06 12:27:29] MOVE asha (gray0): 43→64 [0.1ms]
[2026-05-06 12:27:29] MOVE chetan (lawn green): 77→89 [0.1ms]
[2026-05-06 12:27:30] MOVE asha (gray0): 54→43 [0.1ms]
[2026-05-06 12:27:30] MOVE chetan (lawn green): 89→102 [0.3ms]
[2026-05-06 12:27:30] MOVE asha (gray0): 64→54 [0.2ms]
[2026-05-06 12:27:30] MOVE chetan (lawn green): 102→90 [0.2ms]
[2026-05-06 12:27:30] MOVE asha (gray0): 43→64 [0.1ms]
[2026-05-06 12:27:30] MOVE chetan (lawn green): 90→78 [0.1ms]
[2026-05-06 12:27:30] MOVE asha (gray0): 54→74 [0.1ms]
[2026-05-06 12:27:31] MOVE chetan (lawn green): 78→67 [0.1ms]
[2026-05-06 12:27:31] MOVE asha (gray0): 64→63 [0.1ms]
[2026-05-06 12:27:31] MOVE chetan (lawn green): 67→57 [0.3ms]
[2026-05-06 12:27:31] MOVE asha (gray0): 74→73 [0.2ms]
[2026-05-06 12:27:31] MOVE chetan (lawn green): 57→56 [0.2ms]
[2026-05-06 12:27:31] MOVE asha (gray0): 63→53 [0.1ms]
[2026-05-06 12:27:32] MOVE chetan (lawn green): 56→66 [0.1ms]
[2026-05-06 12:27:32] MOVE asha (gray0): 73→63 [0.2ms]
[2026-05-06 12:27:32] MOVE chetan (lawn green): 66→77 [0.1ms]
[2026-05-06 12:27:32] MOVE asha (gray0): 53→54 [0.1ms]
[2026-05-06 12:27:32] MOVE chetan (lawn green): 77→89 [0.1ms]
[2026-05-06 12:27:32] MOVE asha (gray0): 63→64 [0.2ms]
[2026-05-06 12:27:33] MOVE chetan (lawn green): 89→102 [0.1ms]
[2026-05-06 12:27:33] MOVE asha (gray0): 54→43 [0.2ms]
[2026-05-06 12:27:33] MOVE chetan (lawn green): 102→90 [0.1ms]
[2026-05-06 12:27:33] MOVE asha (gray0): 64→54 [0.1ms]
[2026-05-06 12:27:33] MOVE chetan (lawn green): 90→78 [0.2ms]
[2026-05-06 12:27:33] MOVE asha (gray0): 43→64 [0.2ms]
[2026-05-06 12:27:34] MOVE chetan (lawn green): 78→67 [0.2ms]
[2026-05-06 12:27:34] MOVE asha (gray0): 54→43 [0.2ms]
[2026-05-06 12:27:34] MOVE chetan (lawn green): 67→57 [0.2ms]
[2026-05-06 12:27:34] MOVE asha (gray0): 64→63 [0.1ms]
[2026-05-06 12:27:34] MOVE chetan (lawn green): 57→56 [0.1ms]
[2026-05-06 12:27:34] MOVE asha (gray0): 43→31 [0.1ms]
[2026-05-06 12:27:35] MOVE chetan (lawn green): 56→66 [0.2ms]
[2026-05-06 12:27:35] MOVE asha (gray0): 63→53 [0.2ms]
[2026-05-06 12:27:35] MOVE chetan (lawn green): 66→77 [0.1ms]
[2026-05-06 12:27:35] MOVE asha (gray0): 31→18 [0.2ms]
[2026-05-06 12:27:35] MOVE chetan (lawn green): 77→89 [0.1ms]
[2026-05-06 12:27:35] MOVE asha (gray0): 53→54 [0.1ms]
[2026-05-06 12:27:36] MOVE chetan (lawn green): 89→102 [0.1ms]
[2026-05-06 12:27:36] MOVE asha (gray0): 18→9 [0.1ms]
[2026-05-06 12:27:36] MOVE chetan (lawn green): 102→90 [0.2ms]
[2026-05-06 12:27:36] MOVE asha (gray0): 54→43 [0.1ms]
[2026-05-06 12:27:36] MOVE chetan (lawn green): 90→78 [0.2ms]
[2026-05-06 12:27:36] MOVE asha (gray0): 9→17 [0.1ms]
[2026-05-06 12:27:37] MOVE chetan (lawn green): 78→67 [0.1ms]
[2026-05-06 12:27:37] MOVE asha (gray0): 43→31 [0.1ms]
[2026-05-06 12:27:37] MOVE chetan (lawn green): 67→57 [0.1ms]
[2026-05-06 12:27:37] MOVE asha (gray0): 17→30 [0.2ms]
[2026-05-06 12:27:37] MOVE chetan (lawn green): 57→56 [0.1ms]
[2026-05-06 12:27:37] MOVE asha (gray0): 31→18 [0.1ms]
[2026-05-06 12:27:38] MOVE chetan (lawn green): 56→66 [0.1ms]
[2026-05-06 12:27:38] MOVE asha (gray0): 30→31 [0.1ms]
[2026-05-06 12:27:38] MOVE chetan (lawn green): 66→77 [0.1ms]
[2026-05-06 12:27:38] MOVE asha (gray0): 18→9 [0.1ms]
[2026-05-06 12:27:38] MOVE chetan (lawn green): 77→89 [0.2ms]
[2026-05-06 12:27:38] MOVE asha (gray0): 31→18 [0.3ms]
[2026-05-06 12:27:38] MOVE chetan (lawn green): 89→102 [0.1ms]
[2026-05-06 12:27:39] MOVE asha (gray0): 9→31 [0.1ms]
[2026-05-06 12:27:39] MOVE chetan (lawn green): 102→90 [0.1ms]
[2026-05-06 12:27:39] MOVE asha (gray0): 18→43 [0.1ms]
[2026-05-06 12:27:39] MOVE chetan (lawn green): 90→78 [0.2ms]
[2026-05-06 12:27:39] MOVE asha (gray0): 31→54 [0.1ms]
[2026-05-06 12:27:39] MOVE chetan (lawn green): 78→67 [0.1ms]
[2026-05-06 12:27:40] MOVE asha (gray0): 43→64 [0.3ms]
[2026-05-06 12:27:40] MOVE chetan (lawn green): 67→57 [0.1ms]
[2026-05-06 12:27:40] MOVE asha (gray0): 54→43 [0.1ms]
[2026-05-06 12:27:40] MOVE chetan (lawn green): 57→56 [0.1ms]
[2026-05-06 12:27:40] MOVE asha (gray0): 64→54 [0.1ms]
[2026-05-06 12:27:40] MOVE chetan (lawn green): 56→66 [0.1ms]
[2026-05-06 12:27:41] MOVE asha (gray0): 43→64 [0.3ms]
[2026-05-06 12:27:41] MOVE chetan (lawn green): 66→77 [0.1ms]
[2026-05-06 12:27:41] MOVE asha (gray0): 54→74 [0.1ms]
[2026-05-06 12:27:41] MOVE chetan (lawn green): 77→89 [0.1ms]
[2026-05-06 12:27:41] MOVE asha (gray0): 64→63 [0.1ms]
[2026-05-06 12:27:41] MOVE chetan (lawn green): 89→102 [0.1ms]
[2026-05-06 12:27:41] MOVE asha (gray0): 74→73 [0.1ms]
[2026-05-06 12:27:42] MOVE chetan (lawn green): 102→90 [0.1ms]
[2026-05-06 12:27:42] MOVE asha (gray0): 63→53 [0.1ms]
[2026-05-06 12:27:42] MOVE chetan (lawn green): 90→78 [0.2ms]
[2026-05-06 12:27:42] MOVE asha (gray0): 73→63 [0.2ms]
[2026-05-06 12:27:42] MOVE chetan (lawn green): 78→67 [0.1ms]
[2026-05-06 12:27:42] MOVE asha (gray0): 53→54 [0.1ms]
[2026-05-06 12:27:43] MOVE chetan (lawn green): 67→57 [0.1ms]
[2026-05-06 12:27:43] MOVE asha (gray0): 63→64 [0.1ms]
[2026-05-06 12:27:43] MOVE chetan (lawn green): 57→56 [0.1ms]
[2026-05-06 12:27:43] MOVE asha (gray0): 54→43 [0.1ms]
[2026-05-06 12:27:43] MOVE chetan (lawn green): 56→66 [0.1ms]
[2026-05-06 12:27:43] MOVE asha (gray0): 64→54 [0.2ms]
[2026-05-06 12:27:44] MOVE chetan (lawn green): 66→77 [0.1ms]
[2026-05-06 12:27:44] MOVE asha (gray0): 43→64 [0.1ms]
[2026-05-06 12:27:44] MOVE chetan (lawn green): 77→89 [0.1ms]
[2026-05-06 12:27:44] MOVE asha (gray0): 54→43 [0.2ms]
[2026-05-06 12:27:44] MOVE chetan (lawn green): 89→102 [0.1ms]
[2026-05-06 12:27:44] MOVE asha (gray0): 64→63 [0.1ms]
[2026-05-06 12:27:45] MOVE chetan (lawn green): 102→90 [0.1ms]
[2026-05-06 12:27:45] MOVE asha (gray0): 43→31 [0.1ms]
[2026-05-06 12:27:45] MOVE chetan (lawn green): 90→78 [0.1ms]
[2026-05-06 12:27:45] MOVE asha (gray0): 63→53 [0.1ms]
[2026-05-06 12:27:45] MOVE chetan (lawn green): 78→67 [0.1ms]
[2026-05-06 12:27:45] MOVE asha (gray0): 31→18 [0.1ms]
[2026-05-06 12:27:45] MOVE chetan (lawn green): 67→57 [0.1ms]
[2026-05-06 12:27:46] MOVE asha (gray0): 53→54 [0.1ms]
[2026-05-06 12:27:46] MOVE chetan (lawn green): 57→56 [0.1ms]
[2026-05-06 12:27:46] MOVE asha (gray0): 18→9 [0.1ms]
[2026-05-06 12:27:46] MOVE chetan (lawn green): 56→66 [0.1ms]
[2026-05-06 12:27:46] MOVE asha (gray0): 54→43 [0.3ms]
[2026-05-06 12:27:46] MOVE chetan (lawn green): 66→77 [0.2ms]
[2026-05-06 12:27:47] MOVE asha (gray0): 9→17 [0.2ms]
[2026-05-06 12:27:47] MOVE chetan (lawn green): 77→89 [0.1ms]
[2026-05-06 12:27:47] MOVE asha (gray0): 43→31 [0.2ms]
[2026-05-06 12:27:47] MOVE chetan (lawn green): 89→102 [0.2ms]
[2026-05-06 12:27:47] MOVE asha (gray0): 17→30 [0.1ms]
[2026-05-06 12:27:47] MOVE chetan (lawn green): 102→90 [0.1ms]
[2026-05-06 12:27:48] MOVE asha (gray0): 31→18 [0.1ms]
[2026-05-06 12:27:48] MOVE chetan (lawn green): 90→78 [0.1ms]
[2026-05-06 12:27:48] MOVE asha (gray0): 30→31 [0.1ms]
[2026-05-06 12:27:48] MOVE chetan (lawn green): 78→67 [0.1ms]
[2026-05-06 12:27:48] MOVE asha (gray0): 18→9 [0.2ms]
[2026-05-06 12:27:48] MOVE chetan (lawn green): 67→57 [0.1ms]
[2026-05-06 12:27:49] MOVE asha (gray0): 31→18 [0.1ms]
[2026-05-06 12:27:49] MOVE chetan (lawn green): 57→56 [0.1ms]
[2026-05-06 12:27:49] MOVE asha (gray0): 9→31 [0.1ms]
[2026-05-06 12:27:49] MOVE chetan (lawn green): 56→66 [0.1ms]
[2026-05-06 12:27:49] MOVE asha (gray0): 18→43 [0.1ms]
[2026-05-06 12:27:49] MOVE chetan (lawn green): 66→77 [0.1ms]
[2026-05-06 12:27:50] MOVE asha (gray0): 31→54 [0.1ms]
[2026-05-06 12:27:50] MOVE chetan (lawn green): 77→89 [0.1ms]
[2026-05-06 12:27:50] MOVE asha (gray0): 43→64 [0.2ms]
[2026-05-06 12:27:50] MOVE chetan (lawn green): 89→102 [0.1ms]
[2026-05-06 12:27:50] MOVE asha (gray0): 54→43 [0.1ms]
[2026-05-06 12:27:50] MOVE chetan (lawn green): 102→90 [0.1ms]
[2026-05-06 12:27:50] MOVE asha (gray0): 64→54 [0.2ms]
[2026-05-06 12:27:51] MOVE chetan (lawn green): 90→78 [0.1ms]
[2026-05-06 12:27:51] MOVE asha (gray0): 43→64 [0.1ms]
[2026-05-06 12:27:51] MOVE chetan (lawn green): 78→67 [0.1ms]
[2026-05-06 12:27:51] MOVE asha (gray0): 54→74 [0.1ms]
[2026-05-06 12:27:51] MOVE chetan (lawn green): 67→57 [0.1ms]
[2026-05-06 12:27:51] MOVE asha (gray0): 64→63 [0.1ms]
[2026-05-06 12:27:52] MOVE chetan (lawn green): 57→56 [0.1ms]
[2026-05-06 12:27:52] MOVE asha (gray0): 74→73 [0.2ms]
[2026-05-06 12:27:52] MOVE chetan (lawn green): 56→66 [0.1ms]
[2026-05-06 12:27:52] MOVE asha (gray0): 63→53 [0.1ms]
[2026-05-06 12:27:52] MOVE chetan (lawn green): 66→77 [0.1ms]
[2026-05-06 12:27:52] MOVE asha (gray0): 73→63 [0.1ms]
[2026-05-06 12:27:53] MOVE chetan (lawn green): 77→89 [0.2ms]
[2026-05-06 12:27:53] MOVE asha (gray0): 53→54 [0.2ms]
[2026-05-06 12:27:53] MOVE chetan (lawn green): 89→102 [0.1ms]
[2026-05-06 12:27:53] MOVE asha (gray0): 63→64 [0.1ms]
[2026-05-06 12:27:53] MOVE chetan (lawn green): 102→90 [0.1ms]
[2026-05-06 12:27:53] MOVE asha (gray0): 54→43 [0.1ms]
[2026-05-06 12:27:54] MOVE chetan (lawn green): 90→78 [0.1ms]
[2026-05-06 12:27:54] MOVE asha (gray0): 64→54 [0.2ms]
[2026-05-06 12:27:54] MOVE chetan (lawn green): 78→67 [0.1ms]
[2026-05-06 12:27:54] MOVE asha (gray0): 43→64 [0.1ms]
[2026-05-06 12:27:54] MOVE chetan (lawn green): 67→57 [0.1ms]
[2026-05-06 12:27:54] MOVE asha (gray0): 54→43 [0.1ms]
[2026-05-06 12:27:55] MOVE chetan (lawn green): 57→56 [0.1ms]
[2026-05-06 12:27:55] MOVE asha (gray0): 64→63 [0.2ms]
[2026-05-06 12:27:55] MOVE chetan (lawn green): 56→66 [0.1ms]
[2026-05-06 12:27:55] MOVE asha (gray0): 43→31 [0.1ms]
[2026-05-06 12:27:55] MOVE chetan (lawn green): 66→77 [0.2ms]
[2026-05-06 12:27:55] MOVE asha (gray0): 63→53 [0.1ms]
[2026-05-06 12:27:56] MOVE chetan (lawn green): 77→89 [0.1ms]
[2026-05-06 12:27:56] MOVE asha (gray0): 31→18 [0.1ms]
[2026-05-06 12:27:56] MOVE chetan (lawn green): 89→102 [0.1ms]
[2026-05-06 12:27:56] MOVE asha (gray0): 53→54 [0.4ms]
[2026-05-06 12:27:56] MOVE chetan (lawn green): 102→90 [0.1ms]
[2026-05-06 12:27:56] MOVE asha (gray0): 18→9 [0.1ms]
[2026-05-06 12:27:57] MOVE chetan (lawn green): 90→78 [0.1ms]
[2026-05-06 12:27:57] MOVE asha (gray0): 54→43 [0.1ms]
[2026-05-06 12:27:57] MOVE chetan (lawn green): 78→67 [0.1ms]
[2026-05-06 12:27:57] MOVE asha (gray0): 9→17 [0.1ms]
[2026-05-06 12:27:57] MOVE chetan (lawn green): 67→57 [0.1ms]
[2026-05-06 12:27:57] MOVE asha (gray0): 43→31 [0.1ms]
[2026-05-06 12:27:58] MOVE chetan (lawn green): 57→56 [0.1ms]
[2026-05-06 12:27:58] MOVE asha (gray0): 17→30 [0.1ms]
[2026-05-06 12:27:58] MOVE chetan (lawn green): 56→66 [0.2ms]
[2026-05-06 12:27:58] MOVE asha (gray0): 31→18 [0.1ms]
[2026-05-06 12:27:58] MOVE chetan (lawn green): 66→77 [0.2ms]
[2026-05-06 12:27:58] MOVE asha (gray0): 30→31 [0.1ms]
[2026-05-06 12:27:59] MOVE chetan (lawn green): 77→89 [0.2ms]
[2026-05-06 12:27:59] MOVE asha (gray0): 18→9 [0.2ms]
[2026-05-06 12:27:59] MOVE chetan (lawn green): 89→102 [0.1ms]
[2026-05-06 12:27:59] MOVE asha (gray0): 31→18 [0.1ms]
[2026-05-06 12:27:59] MOVE chetan (lawn green): 102→90 [0.1ms]
[2026-05-06 12:27:59] MOVE asha (gray0): 9→31 [0.1ms]
[2026-05-06 12:28:00] MOVE chetan (lawn green): 90→78 [0.2ms]
[2026-05-06 12:28:00] MOVE asha (gray0): 18→43 [0.1ms]
[2026-05-06 12:28:00] MOVE chetan (lawn green): 78→67 [0.3ms]
[2026-05-06 12:28:00] MOVE asha (gray0): 31→54 [0.2ms]
[2026-05-06 12:28:00] MOVE chetan (lawn green): 67→57 [0.1ms]
[2026-05-06 12:28:00] MOVE asha (gray0): 43→64 [0.1ms]
[2026-05-06 12:28:00] MOVE chetan (lawn green): 57→56 [0.1ms]
[2026-05-06 12:28:01] MOVE asha (gray0): 54→43 [0.1ms]
[2026-05-06 12:28:01] MOVE chetan (lawn green): 56→66 [0.2ms]
[2026-05-06 12:28:01] MOVE asha (gray0): 64→54 [0.2ms]
[2026-05-06 12:28:01] MOVE chetan (lawn green): 66→77 [0.1ms]
[2026-05-06 12:28:01] MOVE asha (gray0): 43→64 [0.1ms]
[2026-05-06 12:28:02] MOVE chetan (lawn green): 77→89 [0.2ms]
[2026-05-06 12:28:02] MOVE asha (gray0): 54→74 [0.1ms]
[2026-05-06 12:28:02] MOVE chetan (lawn green): 89→102 [0.2ms]
[2026-05-06 12:28:02] MOVE asha (gray0): 64→63 [0.1ms]
[2026-05-06 12:28:02] MOVE chetan (lawn green): 102→90 [0.1ms]
[2026-05-06 12:28:02] MOVE asha (gray0): 74→73 [0.2ms]
[2026-05-06 12:28:02] MOVE chetan (lawn green): 90→78 [0.2ms]
[2026-05-06 12:28:03] MOVE asha (gray0): 63→53 [0.1ms]
[2026-05-06 12:28:03] MOVE chetan (lawn green): 78→67 [0.2ms]
[2026-05-06 12:28:03] MOVE asha (gray0): 73→63 [0.1ms]
[2026-05-06 12:28:03] MOVE chetan (lawn green): 67→57 [0.1ms]
[2026-05-06 12:28:03] MOVE asha (gray0): 53→54 [0.1ms]
[2026-05-06 12:28:03] MOVE chetan (lawn green): 57→56 [0.2ms]
[2026-05-06 12:28:04] MOVE asha (gray0): 63→64 [0.3ms]
[2026-05-06 12:28:04] MOVE chetan (lawn green): 56→66 [0.1ms]
[2026-05-06 12:28:04] MOVE asha (gray0): 54→43 [0.3ms]
[2026-05-06 12:28:04] MOVE chetan (lawn green): 66→77 [0.2ms]
[2026-05-06 12:28:04] MOVE asha (gray0): 64→54 [0.1ms]
[2026-05-06 12:28:04] MOVE chetan (lawn green): 77→89 [0.1ms]
[2026-05-06 12:28:04] MOVE asha (gray0): 43→64 [0.1ms]
[2026-05-06 12:28:05] MOVE chetan (lawn green): 89→102 [0.1ms]
[2026-05-06 12:28:05] MOVE asha (gray0): 54→43 [0.1ms]
[2026-05-06 12:28:05] MOVE chetan (lawn green): 102→90 [0.1ms]
[2026-05-06 12:28:05] MOVE asha (gray0): 64→63 [0.1ms]
[2026-05-06 12:28:05] MOVE chetan (lawn green): 90→78 [0.1ms]
[2026-05-06 12:28:05] MOVE asha (gray0): 43→31 [0.1ms]
[2026-05-06 12:28:06] MOVE chetan (lawn green): 78→67 [0.1ms]
[2026-05-06 12:28:06] MOVE asha (gray0): 63→53 [0.1ms]
[2026-05-06 12:28:06] MOVE chetan (lawn green): 67→57 [0.1ms]
[2026-05-06 12:28:06] MOVE asha (gray0): 31→18 [0.5ms]
[2026-05-06 12:28:06] MOVE chetan (lawn green): 57→56 [0.1ms]
[2026-05-06 12:28:06] MOVE asha (gray0): 53→54 [0.1ms]
[2026-05-06 12:28:07] MOVE chetan (lawn green): 56→66 [0.1ms]
[2026-05-06 12:28:07] MOVE asha (gray0): 18→9 [0.2ms]
[2026-05-06 12:28:07] MOVE chetan (lawn green): 66→77 [0.2ms]
[2026-05-06 12:28:07] MOVE asha (gray0): 54→43 [0.1ms]
[2026-05-06 12:28:07] MOVE chetan (lawn green): 77→89 [0.2ms]
[2026-05-06 12:28:07] MOVE asha (gray0): 9→17 [0.1ms]
[2026-05-06 12:28:08] MOVE chetan (lawn green): 89→102 [0.1ms]
[2026-05-06 12:28:08] MOVE asha (gray0): 43→31 [0.2ms]
[2026-05-06 12:28:08] MOVE chetan (lawn green): 102→90 [0.1ms]
[2026-05-06 12:28:08] MOVE asha (gray0): 17→30 [0.1ms]
[2026-05-06 12:28:08] MOVE chetan (lawn green): 90→78 [0.1ms]
[2026-05-06 12:28:08] MOVE asha (gray0): 31→18 [0.2ms]
[2026-05-06 12:28:09] MOVE chetan (lawn green): 78→67 [0.1ms]
[2026-05-06 12:28:09] MOVE asha (gray0): 30→31 [0.3ms]
[2026-05-06 12:28:09] MOVE chetan (lawn green): 67→57 [0.1ms]
[2026-05-06 12:28:09] MOVE asha (gray0): 18→9 [0.1ms]
[2026-05-06 12:28:09] MOVE chetan (lawn green): 57→56 [0.1ms]
[2026-05-06 12:28:09] MOVE asha (gray0): 31→18 [0.1ms]
[2026-05-06 12:28:10] MOVE chetan (lawn green): 56→66 [0.2ms]
[2026-05-06 12:28:10] MOVE asha (gray0): 9→31 [0.1ms]
[2026-05-06 12:28:10] MOVE chetan (lawn green): 66→77 [0.1ms]
[2026-05-06 12:28:10] MOVE asha (gray0): 18→43 [0.2ms]
[2026-05-06 12:28:10] MOVE chetan (lawn green): 77→89 [0.2ms]
[2026-05-06 12:28:10] MOVE asha (gray0): 31→54 [0.1ms]
[2026-05-06 12:28:11] MOVE chetan (lawn green): 89→102 [0.1ms]
[2026-05-06 12:28:11] MOVE asha (gray0): 43→64 [0.2ms]
[2026-05-06 12:28:11] MOVE chetan (lawn green): 102→90 [0.1ms]
[2026-05-06 12:28:11] MOVE asha (gray0): 54→43 [0.4ms]
[2026-05-06 12:28:11] MOVE chetan (lawn green): 90→78 [0.1ms]
[2026-05-06 12:28:11] MOVE asha (gray0): 64→54 [0.1ms]
[2026-05-06 12:28:11] MOVE chetan (lawn green): 78→67 [0.1ms]
[2026-05-06 12:28:12] MOVE asha (gray0): 43→64 [0.1ms]
[2026-05-06 12:28:12] MOVE chetan (lawn green): 67→57 [0.2ms]
[2026-05-06 12:28:12] MOVE asha (gray0): 54→74 [0.1ms]
[2026-05-06 12:28:12] MOVE chetan (lawn green): 57→56 [0.1ms]
[2026-05-06 12:28:12] MOVE asha (gray0): 64→63 [0.1ms]
[2026-05-06 12:28:12] MOVE chetan (lawn green): 56→66 [0.1ms]
[2026-05-06 12:28:13] MOVE asha (gray0): 74→73 [0.1ms]
[2026-05-06 12:28:13] MOVE chetan (lawn green): 66→77 [0.2ms]
[2026-05-06 12:28:13] MOVE asha (gray0): 63→53 [0.1ms]
[2026-05-06 12:28:13] MOVE chetan (lawn green): 77→89 [0.1ms]
[2026-05-06 12:28:13] MOVE asha (gray0): 73→63 [0.1ms]
[2026-05-06 12:28:13] MOVE chetan (lawn green): 89→102 [0.1ms]
[2026-05-06 12:28:14] MOVE asha (gray0): 53→54 [0.2ms]
[2026-05-06 12:28:14] MOVE chetan (lawn green): 102→90 [0.2ms]
[2026-05-06 12:28:14] MOVE asha (gray0): 63→64 [0.3ms]
[2026-05-06 12:28:14] MOVE chetan (lawn green): 90→78 [0.4ms]
[2026-05-06 12:28:14] MOVE asha (gray0): 54→43 [2.6ms]
[2026-05-06 12:28:14] MOVE chetan (lawn green): 78→67 [0.2ms]
[2026-05-06 12:28:15] MOVE asha (gray0): 64→54 [0.2ms]
[2026-05-06 12:28:15] MOVE chetan (lawn green): 67→57 [0.1ms]
[2026-05-06 12:28:15] MOVE asha (gray0): 43→64 [0.1ms]
[2026-05-06 12:28:15] MOVE chetan (lawn green): 57→56 [0.1ms]
[2026-05-06 12:28:15] MOVE asha (gray0): 54→43 [0.3ms]
[2026-05-06 12:28:15] MOVE chetan (lawn green): 56→66 [0.2ms]
[2026-05-06 12:28:16] MOVE asha (gray0): 64→63 [0.2ms]
[2026-05-06 12:28:16] MOVE chetan (lawn green): 66→77 [0.2ms]
[2026-05-06 12:28:16] MOVE asha (gray0): 43→31 [0.1ms]
[2026-05-06 12:28:16] MOVE chetan (lawn green): 77→89 [0.2ms]
[2026-05-06 12:28:16] MOVE asha (gray0): 63→53 [0.1ms]
[2026-05-06 12:28:16] MOVE chetan (lawn green): 89→102 [0.1ms]
[2026-05-06 12:28:17] MOVE asha (gray0): 31→18 [0.1ms]
[2026-05-06 12:28:17] MOVE chetan (lawn green): 102→90 [0.2ms]
[2026-05-06 12:28:17] MOVE asha (gray0): 53→54 [0.1ms]
[2026-05-06 12:28:17] MOVE chetan (lawn green): 90→78 [0.1ms]
[2026-05-06 12:28:17] MOVE asha (gray0): 18→9 [0.1ms]
[2026-05-06 12:28:17] MOVE chetan (lawn green): 78→67 [0.1ms]
[2026-05-06 12:28:17] MOVE asha (gray0): 54→43 [0.1ms]
[2026-05-06 12:28:18] MOVE chetan (lawn green): 67→57 [0.2ms]
[2026-05-06 12:28:18] MOVE asha (gray0): 9→17 [0.1ms]
[2026-05-06 12:28:18] MOVE chetan (lawn green): 57→56 [0.1ms]
[2026-05-06 12:28:18] MOVE asha (gray0): 43→31 [0.1ms]
[2026-05-06 12:28:18] MOVE chetan (lawn green): 56→66 [0.1ms]
[2026-05-06 12:28:18] MOVE asha (gray0): 17→30 [0.1ms]
[2026-05-06 12:28:19] MOVE chetan (lawn green): 66→77 [0.4ms]
[2026-05-06 12:28:19] MOVE asha (gray0): 31→18 [0.1ms]
[2026-05-06 12:28:19] MOVE chetan (lawn green): 77→89 [0.1ms]
[2026-05-06 12:28:19] MOVE asha (gray0): 30→31 [0.2ms]
[2026-05-06 12:28:20] MOVE chetan (lawn green): 89→102 [0.1ms]
[2026-05-06 12:28:20] MOVE asha (gray0): 18→9 [0.2ms]
[2026-05-06 12:28:20] MOVE chetan (lawn green): 102→90 [0.1ms]
[2026-05-06 12:28:20] MOVE asha (gray0): 31→18 [0.1ms]
[2026-05-06 12:28:21] MOVE chetan (lawn green): 90→78 [0.1ms]
[2026-05-06 12:28:21] MOVE asha (gray0): 9→31 [0.1ms]
[2026-05-06 12:28:21] MOVE chetan (lawn green): 78→67 [0.3ms]
[2026-05-06 12:28:22] MOVE asha (gray0): 18→43 [0.4ms]
[2026-05-06 12:28:22] MOVE chetan (lawn green): 67→57 [0.1ms]
[2026-05-06 12:28:22] MOVE asha (gray0): 31→54 [0.1ms]
[2026-05-06 12:28:22] MOVE chetan (lawn green): 57→56 [0.2ms]
[2026-05-06 12:28:22] MOVE asha (gray0): 43→64 [0.1ms]
[2026-05-06 12:28:22] MOVE chetan (lawn green): 56→66 [0.1ms]
[2026-05-06 12:28:23] MOVE asha (gray0): 54→43 [0.1ms]
[2026-05-06 12:28:23] MOVE chetan (lawn green): 66→77 [0.1ms]
[2026-05-06 12:28:23] MOVE asha (gray0): 64→54 [0.1ms]
[2026-05-06 12:28:23] MOVE chetan (lawn green): 77→89 [0.1ms]
[2026-05-06 12:28:23] MOVE asha (gray0): 43→64 [0.1ms]
[2026-05-06 12:28:23] MOVE chetan (lawn green): 89→102 [0.1ms]
[2026-05-06 12:28:23] MOVE asha (gray0): 54→74 [0.1ms]
[2026-05-06 12:28:24] MOVE chetan (lawn green): 102→90 [0.2ms]
[2026-05-06 12:28:24] MOVE asha (gray0): 64→63 [0.1ms]
[2026-05-06 12:28:24] MOVE chetan (lawn green): 90→78 [0.1ms]
[2026-05-06 12:28:24] MOVE asha (gray0): 74→73 [0.1ms]
[2026-05-06 12:28:24] MOVE chetan (lawn green): 78→67 [0.1ms]
[2026-05-06 12:28:24] MOVE asha (gray0): 63→53 [0.1ms]
[2026-05-06 12:28:24] MOVE chetan (lawn green): 67→57 [0.1ms]
[2026-05-06 12:28:25] MOVE asha (gray0): 73→63 [0.1ms]
[2026-05-06 12:28:25] MOVE chetan (lawn green): 57→56 [0.1ms]
[2026-05-06 12:28:25] MOVE asha (gray0): 53→54 [0.1ms]
[2026-05-06 12:28:25] MOVE chetan (lawn green): 56→66 [0.4ms]
[2026-05-06 12:28:25] MOVE asha (gray0): 63→64 [0.1ms]
[2026-05-06 12:28:25] MOVE chetan (lawn green): 66→77 [0.1ms]
[2026-05-06 12:28:26] MOVE asha (gray0): 54→43 [0.1ms]
[2026-05-06 12:28:26] MOVE chetan (lawn green): 77→89 [0.1ms]
[2026-05-06 12:28:26] MOVE asha (gray0): 64→54 [0.1ms]
[2026-05-06 12:28:26] MOVE chetan (lawn green): 89→102 [0.1ms]
[2026-05-06 12:28:26] MOVE asha (gray0): 43→64 [0.1ms]
[2026-05-06 12:28:26] MOVE chetan (lawn green): 102→90 [0.1ms]
[2026-05-06 12:28:27] MOVE asha (gray0): 54→43 [0.2ms]
[2026-05-06 12:28:27] MOVE chetan (lawn green): 90→78 [0.1ms]
[2026-05-06 12:28:27] MOVE asha (gray0): 64→63 [0.1ms]
[2026-05-06 12:28:27] MOVE chetan (lawn green): 78→67 [0.1ms]
[2026-05-06 12:28:27] MOVE asha (gray0): 43→31 [0.2ms]
[2026-05-06 12:28:27] MOVE chetan (lawn green): 67→57 [0.1ms]
[2026-05-06 12:28:28] MOVE asha (gray0): 63→53 [0.1ms]
[2026-05-06 12:28:28] MOVE chetan (lawn green): 57→56 [0.1ms]
[2026-05-06 12:28:28] MOVE asha (gray0): 31→18 [0.1ms]
[2026-05-06 12:28:28] MOVE chetan (lawn green): 56→66 [0.1ms]
[2026-05-06 12:28:28] MOVE asha (gray0): 53→54 [0.1ms]
[2026-05-06 12:28:28] MOVE chetan (lawn green): 66→77 [0.1ms]
[2026-05-06 12:28:29] MOVE asha (gray0): 18→9 [0.1ms]
[2026-05-06 12:28:29] MOVE chetan (lawn green): 77→89 [0.2ms]
[2026-05-06 12:28:29] MOVE asha (gray0): 54→43 [0.1ms]
[2026-05-06 12:28:29] MOVE chetan (lawn green): 89→102 [0.3ms]
[2026-05-06 12:28:29] MOVE asha (gray0): 9→17 [0.1ms]
[2026-05-06 12:28:29] MOVE chetan (lawn green): 102→90 [0.1ms]
[2026-05-06 12:28:30] MOVE asha (gray0): 43→31 [0.1ms]
[2026-05-06 12:28:30] MOVE chetan (lawn green): 90→78 [0.1ms]
[2026-05-06 12:28:30] MOVE asha (gray0): 17→30 [0.1ms]
[2026-05-06 12:28:30] MOVE chetan (lawn green): 78→67 [0.1ms]
[2026-05-06 12:28:30] MOVE asha (gray0): 31→18 [0.3ms]
[2026-05-06 12:28:30] MOVE chetan (lawn green): 67→57 [0.1ms]
[2026-05-06 12:28:30] MOVE asha (gray0): 30→31 [0.1ms]
[2026-05-06 12:28:31] MOVE chetan (lawn green): 57→56 [0.2ms]
[2026-05-06 12:28:31] MOVE asha (gray0): 18→9 [0.1ms]
[2026-05-06 12:28:31] MOVE chetan (lawn green): 56→66 [0.1ms]
[2026-05-06 12:28:31] MOVE asha (gray0): 31→18 [0.2ms]
[2026-05-06 12:28:31] MOVE chetan (lawn green): 66→77 [0.1ms]
[2026-05-06 12:28:31] MOVE asha (gray0): 9→31 [0.2ms]
[2026-05-06 12:28:32] MOVE chetan (lawn green): 77→89 [0.1ms]
[2026-05-06 12:28:32] MOVE asha (gray0): 18→43 [0.2ms]
[2026-05-06 12:28:32] MOVE chetan (lawn green): 89→102 [0.1ms]
[2026-05-06 12:28:32] MOVE asha (gray0): 31→54 [0.1ms]
[2026-05-06 12:28:32] MOVE chetan (lawn green): 102→90 [0.6ms]
[2026-05-06 12:28:32] MOVE asha (gray0): 43→64 [0.1ms]
[2026-05-06 12:28:32] MOVE chetan (lawn green): 90→78 [0.1ms]
[2026-05-06 12:28:33] MOVE asha (gray0): 54→43 [0.1ms]
[2026-05-06 12:28:33] MOVE chetan (lawn green): 78→67 [0.1ms]
[2026-05-06 12:28:33] MOVE asha (gray0): 64→54 [0.2ms]
[2026-05-06 12:28:33] MOVE chetan (lawn green): 67→57 [0.3ms]
[2026-05-06 12:28:33] MOVE asha (gray0): 43→64 [0.2ms]
[2026-05-06 12:28:34] MOVE chetan (lawn green): 57→56 [0.1ms]
[2026-05-06 12:28:34] MOVE asha (gray0): 54→74 [0.1ms]
[2026-05-06 12:28:34] MOVE chetan (lawn green): 56→66 [0.1ms]
[2026-05-06 12:28:34] MOVE asha (gray0): 64→63 [0.1ms]
[2026-05-06 12:28:34] MOVE chetan (lawn green): 66→77 [0.1ms]
[2026-05-06 12:28:34] MOVE asha (gray0): 74→73 [0.1ms]
[2026-05-06 12:28:34] MOVE chetan (lawn green): 77→89 [0.2ms]
[2026-05-06 12:28:35] MOVE asha (gray0): 63→53 [0.1ms]
[2026-05-06 12:28:35] MOVE chetan (lawn green): 89→102 [0.1ms]
[2026-05-06 12:28:35] MOVE asha (gray0): 73→63 [0.2ms]
[2026-05-06 12:28:35] MOVE chetan (lawn green): 102→90 [0.1ms]
[2026-05-06 12:28:35] MOVE asha (gray0): 53→54 [0.1ms]
[2026-05-06 12:28:35] MOVE chetan (lawn green): 90→78 [0.1ms]
[2026-05-06 12:28:36] MOVE asha (gray0): 63→64 [0.2ms]
[2026-05-06 12:28:36] MOVE chetan (lawn green): 78→67 [0.1ms]
[2026-05-06 12:28:36] MOVE asha (gray0): 54→43 [0.2ms]
[2026-05-06 12:28:36] MOVE chetan (lawn green): 67→57 [0.1ms]
[2026-05-06 12:28:36] MOVE asha (gray0): 64→54 [0.1ms]
[2026-05-06 12:28:36] MOVE chetan (lawn green): 57→56 [0.2ms]
[2026-05-06 12:28:37] MOVE asha (gray0): 43→64 [0.2ms]
[2026-05-06 12:28:37] MOVE chetan (lawn green): 56→66 [0.1ms]
[2026-05-06 12:28:37] MOVE asha (gray0): 54→43 [0.1ms]
[2026-05-06 12:28:37] MOVE chetan (lawn green): 66→77 [0.1ms]
[2026-05-06 12:28:37] MOVE asha (gray0): 64→63 [0.1ms]
[2026-05-06 12:28:37] MOVE chetan (lawn green): 77→89 [0.1ms]
[2026-05-06 12:28:38] MOVE asha (gray0): 43→31 [0.1ms]
[2026-05-06 12:28:38] MOVE chetan (lawn green): 89→102 [0.1ms]
[2026-05-06 12:28:38] MOVE asha (gray0): 63→53 [0.1ms]
[2026-05-06 12:28:38] MOVE chetan (lawn green): 102→90 [0.1ms]
[2026-05-06 12:28:38] MOVE asha (gray0): 31→18 [0.3ms]
[2026-05-06 12:28:38] MOVE chetan (lawn green): 90→78 [0.1ms]
[2026-05-06 12:28:39] MOVE asha (gray0): 53→54 [0.1ms]
[2026-05-06 12:28:39] MOVE chetan (lawn green): 78→67 [0.2ms]
[2026-05-06 12:28:39] MOVE asha (gray0): 18→9 [0.2ms]
[2026-05-06 12:28:39] MOVE chetan (lawn green): 67→57 [0.1ms]
[2026-05-06 12:28:39] MOVE asha (gray0): 54→43 [0.1ms]
[2026-05-06 12:28:39] MOVE chetan (lawn green): 57→56 [0.1ms]
[2026-05-06 12:28:40] MOVE asha (gray0): 9→17 [0.3ms]
[2026-05-06 12:28:40] MOVE chetan (lawn green): 56→66 [0.1ms]
[2026-05-06 12:28:40] MOVE asha (gray0): 43→31 [0.1ms]
[2026-05-06 12:28:40] MOVE chetan (lawn green): 66→77 [0.1ms]
[2026-05-06 12:28:40] MOVE asha (gray0): 17→30 [0.1ms]
[2026-05-06 12:28:40] MOVE chetan (lawn green): 77→89 [0.1ms]
[2026-05-06 12:28:41] MOVE asha (gray0): 31→18 [0.2ms]
[2026-05-06 12:28:41] MOVE chetan (lawn green): 89→102 [0.2ms]
[2026-05-06 12:28:41] MOVE asha (gray0): 30→31 [0.1ms]
[2026-05-06 12:28:41] MOVE chetan (lawn green): 102→90 [0.1ms]
[2026-05-06 12:28:41] MOVE asha (gray0): 18→9 [0.1ms]
[2026-05-06 12:28:41] MOVE chetan (lawn green): 90→78 [0.3ms]
[2026-05-06 12:28:42] MOVE asha (gray0): 31→18 [0.1ms]
[2026-05-06 12:28:42] MOVE chetan (lawn green): 78→67 [0.1ms]
[2026-05-06 12:28:42] MOVE asha (gray0): 9→31 [0.2ms]
[2026-05-06 12:28:42] MOVE chetan (lawn green): 67→57 [0.1ms]
[2026-05-06 12:28:42] MOVE asha (gray0): 18→43 [0.2ms]
[2026-05-06 12:28:42] MOVE chetan (lawn green): 57→56 [0.1ms]
[2026-05-06 12:28:43] MOVE asha (gray0): 31→54 [0.1ms]
[2026-05-06 12:28:43] MOVE chetan (lawn green): 56→66 [0.1ms]
[2026-05-06 12:28:43] MOVE asha (gray0): 43→64 [0.1ms]
[2026-05-06 12:28:43] MOVE chetan (lawn green): 66→77 [0.1ms]
[2026-05-06 12:28:43] MOVE asha (gray0): 54→43 [0.1ms]
[2026-05-06 12:28:43] MOVE chetan (lawn green): 77→89 [0.1ms]
[2026-05-06 12:28:44] MOVE asha (gray0): 64→54 [0.1ms]
[2026-05-06 12:28:44] MOVE chetan (lawn green): 89→102 [0.1ms]
[2026-05-06 12:28:44] MOVE asha (gray0): 43→64 [0.2ms]
[2026-05-06 12:28:44] MOVE chetan (lawn green): 102→90 [0.1ms]
[2026-05-06 12:28:44] MOVE asha (gray0): 54→74 [0.1ms]
[2026-05-06 12:28:44] MOVE chetan (lawn green): 90→78 [0.2ms]
[2026-05-06 12:28:44] MOVE asha (gray0): 64→63 [0.1ms]
[2026-05-06 12:28:45] MOVE chetan (lawn green): 78→67 [0.1ms]
[2026-05-06 12:28:45] MOVE asha (gray0): 74→73 [0.1ms]
[2026-05-06 12:28:45] MOVE chetan (lawn green): 67→57 [0.1ms]
[2026-05-06 12:28:45] MOVE asha (gray0): 63→53 [0.1ms]
[2026-05-06 12:28:45] MOVE chetan (lawn green): 57→56 [0.2ms]
[2026-05-06 12:28:46] MOVE asha (gray0): 73→63 [0.1ms]
[2026-05-06 12:28:46] MOVE chetan (lawn green): 56→66 [0.1ms]
[2026-05-06 12:28:46] MOVE asha (gray0): 53→54 [0.1ms]
[2026-05-06 12:28:46] MOVE chetan (lawn green): 66→77 [0.4ms]
[2026-05-06 12:28:47] MOVE asha (gray0): 63→64 [0.1ms]
[2026-05-06 12:28:47] MOVE chetan (lawn green): 77→89 [3.2ms]
[2026-05-06 12:28:47] MOVE asha (gray0): 54→43 [3.5ms]
[2026-05-06 12:28:47] MOVE chetan (lawn green): 89→102 [0.1ms]
[2026-05-06 12:28:47] MOVE asha (gray0): 64→54 [0.1ms]
[2026-05-06 12:28:47] MOVE chetan (lawn green): 102→90 [0.1ms]
[2026-05-06 12:28:48] MOVE asha (gray0): 43→64 [0.3ms]
[2026-05-06 12:28:48] MOVE chetan (lawn green): 90→78 [2.4ms]
[2026-05-06 12:28:48] MOVE asha (gray0): 54→43 [1.5ms]
[2026-05-06 12:28:48] MOVE chetan (lawn green): 78→67 [2.2ms]
[2026-05-06 12:28:48] MOVE asha (gray0): 64→63 [0.1ms]
[2026-05-06 12:28:48] MOVE chetan (lawn green): 67→57 [0.5ms]
[2026-05-06 12:28:49] MOVE asha (gray0): 43→31 [0.1ms]
[2026-05-06 12:28:49] MOVE chetan (lawn green): 57→56 [0.2ms]
[2026-05-06 12:28:49] MOVE asha (gray0): 63→53 [0.1ms]
[2026-05-06 12:28:49] MOVE chetan (lawn green): 56→66 [0.1ms]
[2026-05-06 12:28:49] MOVE asha (gray0): 31→18 [0.1ms]
[2026-05-06 12:28:49] MOVE chetan (lawn green): 66→77 [0.3ms]
[2026-05-06 12:28:50] MOVE asha (gray0): 53→54 [0.2ms]
[2026-05-06 12:28:50] MOVE chetan (lawn green): 77→89 [0.1ms]
[2026-05-06 12:28:50] MOVE asha (gray0): 18→9 [0.2ms]
[2026-05-06 12:28:50] MOVE chetan (lawn green): 89→102 [0.1ms]
[2026-05-06 12:28:50] MOVE asha (gray0): 54→43 [0.1ms]
[2026-05-06 12:28:51] MOVE chetan (lawn green): 102→90 [0.2ms]
[2026-05-06 12:28:51] MOVE asha (gray0): 9→17 [0.1ms]
[2026-05-06 12:28:51] MOVE chetan (lawn green): 90→78 [0.1ms]
[2026-05-06 12:28:51] MOVE asha (gray0): 43→31 [0.1ms]
[2026-05-06 12:28:52] MOVE chetan (lawn green): 78→67 [0.2ms]
[2026-05-06 12:28:52] MOVE asha (gray0): 17→30 [0.1ms]
[2026-05-06 12:28:52] MOVE chetan (lawn green): 67→57 [0.1ms]
[2026-05-06 12:28:52] MOVE asha (gray0): 31→18 [0.1ms]
[2026-05-06 12:28:53] MOVE chetan (lawn green): 57→56 [0.1ms]
[2026-05-06 12:28:53] MOVE asha (gray0): 30→31 [0.3ms]
[2026-05-06 12:28:53] MOVE chetan (lawn green): 56→66 [0.1ms]
[2026-05-06 12:28:53] MOVE asha (gray0): 18→9 [0.1ms]
[2026-05-06 12:28:53] MOVE chetan (lawn green): 66→77 [0.1ms]
[2026-05-06 12:28:54] MOVE asha (gray0): 31→18 [0.1ms]
[2026-05-06 12:28:54] MOVE chetan (lawn green): 77→89 [0.1ms]
[2026-05-06 12:28:54] MOVE asha (gray0): 9→31 [0.1ms]
[2026-05-06 12:28:54] MOVE chetan (lawn green): 89→102 [0.1ms]
[2026-05-06 12:28:54] MOVE asha (gray0): 18→43 [0.1ms]
[2026-05-06 12:28:54] MOVE chetan (lawn green): 102→90 [0.1ms]
[2026-05-06 12:28:55] MOVE asha (gray0): 31→54 [0.1ms]
[2026-05-06 12:28:55] MOVE chetan (lawn green): 90→78 [0.1ms]
[2026-05-06 12:28:55] MOVE asha (gray0): 43→64 [0.1ms]
[2026-05-06 12:28:56] MOVE chetan (lawn green): 78→67 [0.1ms]
[2026-05-06 12:28:56] MOVE asha (gray0): 54→43 [0.2ms]
[2026-05-06 12:28:56] MOVE chetan (lawn green): 67→57 [0.1ms]
[2026-05-06 12:28:56] MOVE asha (gray0): 64→54 [0.1ms]
[2026-05-06 12:28:56] MOVE chetan (lawn green): 57→56 [0.1ms]
[2026-05-06 12:28:57] MOVE asha (gray0): 43→64 [0.1ms]
[2026-05-06 12:28:57] MOVE chetan (lawn green): 56→66 [0.2ms]
[2026-05-06 12:28:57] MOVE asha (gray0): 54→74 [0.1ms]
[2026-05-06 12:28:57] MOVE chetan (lawn green): 66→77 [0.1ms]
[2026-05-06 12:28:57] MOVE asha (gray0): 64→63 [0.1ms]
[2026-05-06 12:28:57] MOVE chetan (lawn green): 77→89 [0.1ms]
[2026-05-06 12:28:58] MOVE asha (gray0): 74→73 [0.1ms]
[2026-05-06 12:28:58] MOVE chetan (lawn green): 89→102 [0.1ms]
[2026-05-06 12:28:58] MOVE asha (gray0): 63→53 [0.1ms]
[2026-05-06 12:28:59] MOVE chetan (lawn green): 102→90 [0.2ms]
[2026-05-06 12:28:59] MOVE asha (gray0): 73→63 [0.1ms]
[2026-05-06 12:28:59] MOVE chetan (lawn green): 90→78 [0.3ms]
[2026-05-06 12:28:59] MOVE asha (gray0): 53→54 [0.1ms]
[2026-05-06 12:28:59] MOVE chetan (lawn green): 78→67 [0.1ms]
[2026-05-06 12:28:59] MOVE asha (gray0): 63→64 [0.1ms]
[2026-05-06 12:29:00] MOVE chetan (lawn green): 67→57 [0.1ms]
[2026-05-06 12:29:00] MOVE asha (gray0): 54→43 [0.3ms]
[2026-05-06 12:29:00] MOVE chetan (lawn green): 57→56 [0.2ms]
[2026-05-06 12:29:00] MOVE asha (gray0): 64→54 [0.1ms]
[2026-05-06 12:29:00] MOVE chetan (lawn green): 56→66 [0.1ms]
[2026-05-06 12:29:01] MOVE asha (gray0): 43→64 [0.2ms]
[2026-05-06 12:29:01] MOVE chetan (lawn green): 66→77 [0.1ms]
[2026-05-06 12:29:01] MOVE asha (gray0): 54→43 [0.1ms]
[2026-05-06 12:29:01] MOVE chetan (lawn green): 77→89 [0.1ms]
[2026-05-06 12:29:01] MOVE asha (gray0): 64→63 [0.1ms]
[2026-05-06 12:29:01] MOVE chetan (lawn green): 89→102 [0.1ms]
[2026-05-06 12:29:01] MOVE asha (gray0): 43→31 [0.1ms]
[2026-05-06 12:29:02] MOVE chetan (lawn green): 102→90 [0.1ms]
[2026-05-06 12:29:02] MOVE asha (gray0): 63→53 [0.1ms]
[2026-05-06 12:29:02] MOVE chetan (lawn green): 90→78 [0.1ms]
[2026-05-06 12:29:02] MOVE asha (gray0): 31→18 [0.1ms]
[2026-05-06 12:29:02] MOVE chetan (lawn green): 78→67 [0.1ms]
[2026-05-06 12:29:02] MOVE asha (gray0): 53→54 [0.1ms]
[2026-05-06 12:29:02] MOVE chetan (lawn green): 67→57 [0.1ms]
[2026-05-06 12:29:03] MOVE asha (gray0): 18→9 [0.1ms]
[2026-05-06 12:29:03] MOVE chetan (lawn green): 57→56 [0.3ms]
[2026-05-06 12:29:03] MOVE asha (gray0): 54→43 [0.1ms]
[2026-05-06 12:29:03] MOVE chetan (lawn green): 56→66 [0.2ms]
[2026-05-06 12:29:03] MOVE asha (gray0): 9→17 [0.2ms]
[2026-05-06 12:29:03] MOVE chetan (lawn green): 66→77 [0.1ms]
[2026-05-06 12:29:04] MOVE asha (gray0): 43→31 [0.1ms]
[2026-05-06 12:29:04] MOVE chetan (lawn green): 77→89 [0.1ms]
[2026-05-06 12:29:04] MOVE asha (gray0): 17→30 [0.1ms]
[2026-05-06 12:29:04] MOVE chetan (lawn green): 89→102 [0.1ms]
[2026-05-06 12:29:04] MOVE asha (gray0): 31→18 [0.1ms]
[2026-05-06 12:29:04] MOVE chetan (lawn green): 102→90 [0.1ms]
[2026-05-06 12:29:05] MOVE asha (gray0): 30→31 [0.1ms]
[2026-05-06 12:29:05] MOVE chetan (lawn green): 90→78 [0.1ms]
[2026-05-06 12:29:05] MOVE asha (gray0): 18→9 [0.1ms]
[2026-05-06 12:29:05] MOVE chetan (lawn green): 78→67 [0.1ms]
[2026-05-06 12:29:05] MOVE asha (gray0): 31→18 [0.1ms]
[2026-05-06 12:29:05] MOVE chetan (lawn green): 67→57 [0.1ms]
[2026-05-06 12:29:06] MOVE asha (gray0): 9→31 [0.1ms]
[2026-05-06 12:29:06] MOVE chetan (lawn green): 57→56 [0.1ms]
[2026-05-06 12:29:06] MOVE asha (gray0): 18→43 [0.1ms]
[2026-05-06 12:29:06] MOVE chetan (lawn green): 56→66 [0.2ms]
[2026-05-06 12:29:06] MOVE asha (gray0): 31→54 [0.1ms]
[2026-05-06 12:29:06] MOVE chetan (lawn green): 66→77 [0.1ms]
[2026-05-06 12:29:07] MOVE asha (gray0): 43→64 [0.2ms]
[2026-05-06 12:29:07] MOVE chetan (lawn green): 77→89 [0.1ms]
[2026-05-06 12:29:07] MOVE asha (gray0): 54→43 [0.1ms]
[2026-05-06 12:29:07] MOVE chetan (lawn green): 89→102 [0.1ms]
[2026-05-06 12:29:07] MOVE asha (gray0): 64→54 [0.2ms]
[2026-05-06 12:29:07] MOVE chetan (lawn green): 102→90 [0.1ms]
[2026-05-06 12:29:08] MOVE asha (gray0): 43→64 [0.1ms]
[2026-05-06 12:29:08] MOVE chetan (lawn green): 90→78 [0.1ms]
[2026-05-06 12:29:08] MOVE asha (gray0): 54→74 [0.1ms]
[2026-05-06 12:29:08] MOVE chetan (lawn green): 78→67 [0.1ms]
[2026-05-06 12:29:08] MOVE asha (gray0): 64→63 [0.1ms]
[2026-05-06 12:29:08] MOVE chetan (lawn green): 67→57 [0.1ms]
[2026-05-06 12:29:09] MOVE asha (gray0): 74→73 [0.1ms]
[2026-05-06 12:29:09] MOVE chetan (lawn green): 57→56 [0.1ms]
[2026-05-06 12:29:09] MOVE asha (gray0): 63→53 [0.1ms]
[2026-05-06 12:29:09] MOVE chetan (lawn green): 56→66 [0.1ms]
[2026-05-06 12:29:09] MOVE asha (gray0): 73→63 [0.1ms]
[2026-05-06 12:29:09] MOVE chetan (lawn green): 66→77 [0.1ms]
[2026-05-06 12:29:10] MOVE asha (gray0): 53→54 [0.1ms]
[2026-05-06 12:29:10] MOVE chetan (lawn green): 77→89 [0.1ms]
[2026-05-06 12:29:10] MOVE asha (gray0): 63→64 [0.2ms]
[2026-05-06 12:29:10] MOVE chetan (lawn green): 89→102 [0.1ms]
[2026-05-06 12:29:10] MOVE asha (gray0): 54→43 [0.3ms]
[2026-05-06 12:29:10] MOVE chetan (lawn green): 102→90 [0.2ms]
[2026-05-06 12:29:11] MOVE asha (gray0): 64→54 [0.1ms]
[2026-05-06 12:29:11] MOVE chetan (lawn green): 90→78 [0.3ms]
[2026-05-06 12:29:11] MOVE asha (gray0): 43→64 [0.1ms]
[2026-05-06 12:29:11] MOVE chetan (lawn green): 78→67 [0.1ms]
[2026-05-06 12:29:11] MOVE asha (gray0): 54→43 [0.4ms]
[2026-05-06 12:29:11] MOVE chetan (lawn green): 67→57 [0.2ms]
[2026-05-06 12:29:12] MOVE asha (gray0): 64→63 [0.2ms]
[2026-05-06 12:29:12] MOVE chetan (lawn green): 57→56 [0.1ms]
[2026-05-06 12:29:12] MOVE asha (gray0): 43→31 [0.4ms]
[2026-05-06 12:29:12] MOVE chetan (lawn green): 56→66 [0.1ms]
[2026-05-06 12:29:12] MOVE asha (gray0): 63→53 [0.1ms]
[2026-05-06 12:29:12] MOVE chetan (lawn green): 66→77 [0.2ms]
[2026-05-06 12:29:12] MOVE asha (gray0): 31→18 [0.1ms]
[2026-05-06 12:29:13] MOVE chetan (lawn green): 77→89 [0.3ms]
[2026-05-06 12:29:13] MOVE asha (gray0): 53→54 [0.2ms]
[2026-05-06 12:29:13] MOVE chetan (lawn green): 89→102 [0.1ms]
[2026-05-06 12:29:13] MOVE asha (gray0): 18→9 [0.1ms]
[2026-05-06 12:29:13] MOVE chetan (lawn green): 102→90 [0.2ms]
[2026-05-06 12:29:13] MOVE asha (gray0): 54→43 [0.1ms]
[2026-05-06 12:29:14] MOVE chetan (lawn green): 90→78 [0.1ms]
[2026-05-06 12:29:14] MOVE asha (gray0): 9→17 [0.1ms]
[2026-05-06 12:29:14] MOVE chetan (lawn green): 78→67 [0.1ms]
[2026-05-06 12:29:14] MOVE asha (gray0): 43→31 [0.1ms]
[2026-05-06 12:29:14] MOVE chetan (lawn green): 67→57 [0.1ms]
[2026-05-06 12:29:14] MOVE asha (gray0): 17→30 [0.1ms]
[2026-05-06 12:29:15] MOVE chetan (lawn green): 57→56 [0.1ms]
[2026-05-06 12:29:15] MOVE asha (gray0): 31→18 [0.5ms]
[2026-05-06 12:29:15] MOVE chetan (lawn green): 56→66 [0.1ms]
[2026-05-06 12:29:15] MOVE asha (gray0): 30→31 [0.1ms]
[2026-05-06 12:29:15] MOVE chetan (lawn green): 66→77 [0.1ms]
[2026-05-06 12:29:15] MOVE asha (gray0): 18→9 [0.2ms]
[2026-05-06 12:29:16] MOVE chetan (lawn green): 77→89 [0.1ms]
[2026-05-06 12:29:16] MOVE asha (gray0): 31→18 [0.1ms]
[2026-05-06 12:29:16] MOVE chetan (lawn green): 89→102 [0.1ms]
[2026-05-06 12:29:16] MOVE asha (gray0): 9→31 [0.1ms]
[2026-05-06 12:29:16] MOVE chetan (lawn green): 102→90 [0.2ms]
[2026-05-06 12:29:16] MOVE asha (gray0): 18→43 [0.1ms]
[2026-05-06 12:29:16] MOVE chetan (lawn green): 90→78 [0.1ms]
[2026-05-06 12:29:17] MOVE asha (gray0): 31→54 [0.1ms]
[2026-05-06 12:29:17] MOVE chetan (lawn green): 78→67 [0.1ms]
[2026-05-06 12:29:17] MOVE asha (gray0): 43→64 [0.1ms]
[2026-05-06 12:29:17] MOVE chetan (lawn green): 67→57 [0.1ms]
[2026-05-06 12:29:17] MOVE asha (gray0): 54→43 [0.1ms]
[2026-05-06 12:29:17] MOVE chetan (lawn green): 57→56 [0.1ms]
[2026-05-06 12:29:18] MOVE asha (gray0): 64→54 [0.1ms]
[2026-05-06 12:29:18] MOVE chetan (lawn green): 56→66 [0.1ms]
[2026-05-06 12:29:18] MOVE asha (gray0): 43→64 [0.1ms]
[2026-05-06 12:29:18] MOVE chetan (lawn green): 66→77 [0.1ms]
[2026-05-06 12:29:18] MOVE asha (gray0): 54→74 [0.2ms]
[2026-05-06 12:29:19] MOVE chetan (lawn green): 77→89 [1.0ms]
[2026-05-06 12:29:19] MOVE asha (gray0): 64→63 [0.2ms]
[2026-05-06 12:29:19] MOVE chetan (lawn green): 89→102 [0.1ms]
[2026-05-06 12:29:19] MOVE asha (gray0): 74→73 [0.1ms]
[2026-05-06 12:29:19] MOVE chetan (lawn green): 102→90 [0.1ms]
[2026-05-06 12:29:19] MOVE asha (gray0): 63→53 [0.1ms]
[2026-05-06 12:29:20] MOVE chetan (lawn green): 90→78 [0.2ms]
[2026-05-06 12:29:20] MOVE asha (gray0): 73→63 [0.1ms]
[2026-05-06 12:29:20] MOVE chetan (lawn green): 78→67 [0.1ms]
[2026-05-06 12:29:20] MOVE asha (gray0): 53→54 [0.1ms]
[2026-05-06 12:29:20] MOVE chetan (lawn green): 67→57 [0.5ms]
[2026-05-06 12:29:20] MOVE asha (gray0): 63→64 [0.2ms]
[2026-05-06 12:29:21] MOVE chetan (lawn green): 57→56 [0.3ms]
[2026-05-06 12:29:21] MOVE asha (gray0): 54→43 [0.1ms]
[2026-05-06 12:29:21] MOVE chetan (lawn green): 56→66 [0.1ms]
[2026-05-06 12:29:21] MOVE asha (gray0): 64→54 [0.1ms]
[2026-05-06 12:29:22] MOVE chetan (lawn green): 66→77 [0.2ms]
[2026-05-06 12:29:22] MOVE asha (gray0): 43→64 [0.1ms]
[2026-05-06 12:29:22] MOVE chetan (lawn green): 77→89 [0.4ms]
[2026-05-06 12:29:22] MOVE asha (gray0): 54→43 [0.2ms]
[2026-05-06 12:29:23] MOVE chetan (lawn green): 89→102 [0.1ms]
[2026-05-06 12:29:23] MOVE asha (gray0): 64→63 [0.1ms]
[2026-05-06 12:29:23] MOVE chetan (lawn green): 102→90 [0.1ms]
[2026-05-06 12:29:23] MOVE asha (gray0): 43→31 [0.1ms]
[2026-05-06 12:29:23] MOVE chetan (lawn green): 90→78 [0.1ms]
[2026-05-06 12:29:23] MOVE asha (gray0): 63→53 [0.2ms]
[2026-05-06 12:29:24] MOVE chetan (lawn green): 78→67 [0.1ms]
[2026-05-06 12:29:24] MOVE asha (gray0): 31→18 [0.1ms]
[2026-05-06 12:29:24] MOVE chetan (lawn green): 67→57 [0.1ms]
[2026-05-06 12:29:24] MOVE asha (gray0): 53→54 [0.1ms]
[2026-05-06 12:29:24] MOVE chetan (lawn green): 57→56 [0.1ms]
[2026-05-06 12:29:24] MOVE asha (gray0): 18→9 [0.1ms]
[2026-05-06 12:29:24] MOVE chetan (lawn green): 56→66 [0.1ms]
[2026-05-06 12:29:25] MOVE asha (gray0): 54→43 [0.1ms]
[2026-05-06 12:29:25] MOVE chetan (lawn green): 66→77 [0.1ms]
[2026-05-06 12:29:25] MOVE asha (gray0): 9→17 [0.1ms]
[2026-05-06 12:29:25] MOVE chetan (lawn green): 77→89 [0.1ms]
[2026-05-06 12:29:25] MOVE asha (gray0): 43→31 [0.2ms]
[2026-05-06 12:29:25] MOVE chetan (lawn green): 89→102 [0.1ms]
[2026-05-06 12:29:25] MOVE asha (gray0): 17→30 [0.1ms]
[2026-05-06 12:29:26] MOVE chetan (lawn green): 102→90 [0.2ms]
[2026-05-06 12:29:26] MOVE asha (gray0): 31→18 [0.1ms]
[2026-05-06 12:29:26] MOVE chetan (lawn green): 90→78 [0.2ms]
[2026-05-06 12:29:26] MOVE asha (gray0): 30→31 [0.1ms]
[2026-05-06 12:29:26] MOVE chetan (lawn green): 78→67 [0.1ms]
[2026-05-06 12:29:26] MOVE asha (gray0): 18→9 [0.1ms]
[2026-05-06 12:29:27] MOVE chetan (lawn green): 67→57 [0.1ms]
[2026-05-06 12:29:27] MOVE asha (gray0): 31→18 [0.1ms]
[2026-05-06 12:29:27] MOVE chetan (lawn green): 57→56 [0.1ms]
[2026-05-06 12:29:27] MOVE asha (gray0): 9→31 [0.1ms]
[2026-05-06 12:29:27] MOVE chetan (lawn green): 56→66 [0.1ms]
[2026-05-06 12:29:27] MOVE asha (gray0): 18→43 [0.1ms]
[2026-05-06 12:29:28] MOVE chetan (lawn green): 66→77 [0.2ms]
[2026-05-06 12:29:28] MOVE asha (gray0): 31→54 [0.1ms]
[2026-05-06 12:29:28] MOVE chetan (lawn green): 77→89 [0.2ms]
[2026-05-06 12:29:28] MOVE asha (gray0): 43→64 [0.2ms]
[2026-05-06 12:29:28] MOVE chetan (lawn green): 89→102 [0.1ms]
[2026-05-06 12:29:28] MOVE asha (gray0): 54→43 [0.1ms]
[2026-05-06 12:29:29] MOVE chetan (lawn green): 102→90 [0.1ms]
[2026-05-06 12:29:29] MOVE asha (gray0): 64→54 [0.2ms]
[2026-05-06 12:29:29] MOVE chetan (lawn green): 90→78 [0.1ms]
[2026-05-06 12:29:29] MOVE asha (gray0): 43→64 [0.1ms]
[2026-05-06 12:29:29] MOVE chetan (lawn green): 78→67 [1.6ms]
[2026-05-06 12:29:29] MOVE asha (gray0): 54→74 [0.1ms]
[2026-05-06 12:29:30] MOVE chetan (lawn green): 67→57 [0.1ms]
[2026-05-06 12:29:30] MOVE asha (gray0): 64→63 [0.2ms]
[2026-05-06 12:29:30] MOVE chetan (lawn green): 57→56 [0.2ms]
[2026-05-06 12:29:30] MOVE asha (gray0): 74→73 [0.1ms]
[2026-05-06 12:29:30] MOVE chetan (lawn green): 56→66 [0.1ms]
[2026-05-06 12:29:30] MOVE asha (gray0): 63→53 [0.2ms]
[2026-05-06 12:29:31] MOVE chetan (lawn green): 66→77 [0.2ms]
[2026-05-06 12:29:31] MOVE asha (gray0): 73→63 [0.2ms]
[2026-05-06 12:29:31] MOVE chetan (lawn green): 77→89 [0.3ms]
[2026-05-06 12:29:31] MOVE asha (gray0): 53→54 [0.3ms]
[2026-05-06 12:29:31] MOVE chetan (lawn green): 89→102 [0.1ms]
[2026-05-06 12:29:31] MOVE asha (gray0): 63→64 [0.3ms]
[2026-05-06 12:29:32] MOVE chetan (lawn green): 102→90 [0.3ms]
[2026-05-06 12:29:32] MOVE asha (gray0): 54→43 [0.4ms]
[2026-05-06 12:29:32] MOVE chetan (lawn green): 90→78 [0.1ms]
[2026-05-06 12:29:32] MOVE asha (gray0): 64→54 [0.1ms]
[2026-05-06 12:29:32] MOVE chetan (lawn green): 78→67 [0.2ms]
[2026-05-06 12:29:32] MOVE asha (gray0): 43→64 [0.3ms]
[2026-05-06 12:29:33] MOVE chetan (lawn green): 67→57 [0.1ms]
[2026-05-06 12:29:33] MOVE asha (gray0): 54→43 [0.1ms]
[2026-05-06 12:29:33] MOVE chetan (lawn green): 57→56 [0.3ms]
[2026-05-06 12:29:33] MOVE asha (gray0): 64→63 [0.1ms]
[2026-05-06 12:29:33] MOVE chetan (lawn green): 56→66 [0.1ms]
[2026-05-06 12:29:33] MOVE asha (gray0): 43→31 [0.3ms]
[2026-05-06 12:29:34] MOVE chetan (lawn green): 66→77 [0.1ms]
[2026-05-06 12:29:34] MOVE asha (gray0): 63→53 [0.1ms]
[2026-05-06 12:29:34] MOVE chetan (lawn green): 77→89 [0.2ms]
[2026-05-06 12:29:34] MOVE asha (gray0): 31→18 [0.1ms]
[2026-05-06 12:29:34] MOVE chetan (lawn green): 89→102 [0.1ms]
[2026-05-06 12:29:34] MOVE asha (gray0): 53→54 [0.1ms]
[2026-05-06 12:29:35] MOVE chetan (lawn green): 102→90 [0.1ms]
[2026-05-06 12:29:35] MOVE asha (gray0): 18→9 [0.3ms]
[2026-05-06 12:29:35] MOVE chetan (lawn green): 90→78 [0.1ms]
[2026-05-06 12:29:35] MOVE asha (gray0): 54→43 [0.2ms]
[2026-05-06 12:29:35] MOVE chetan (lawn green): 78→67 [0.1ms]
[2026-05-06 12:29:35] MOVE asha (gray0): 9→17 [0.1ms]
[2026-05-06 12:29:36] MOVE chetan (lawn green): 67→57 [0.1ms]
[2026-05-06 12:29:36] MOVE asha (gray0): 43→31 [0.1ms]
[2026-05-06 12:29:36] MOVE chetan (lawn green): 57→56 [0.1ms]
[2026-05-06 12:29:36] MOVE asha (gray0): 17→30 [0.1ms]
[2026-05-06 12:29:36] MOVE chetan (lawn green): 56→66 [0.1ms]
[2026-05-06 12:29:36] MOVE asha (gray0): 31→18 [0.1ms]
[2026-05-06 12:29:36] MOVE chetan (lawn green): 66→77 [0.1ms]
[2026-05-06 12:29:37] MOVE asha (gray0): 30→31 [0.1ms]
[2026-05-06 12:29:37] MOVE chetan (lawn green): 77→89 [0.2ms]
[2026-05-06 12:29:37] MOVE asha (gray0): 18→9 [0.1ms]
[2026-05-06 12:29:37] MOVE chetan (lawn green): 89→102 [0.1ms]
[2026-05-06 12:29:37] MOVE asha (gray0): 31→18 [0.1ms]
[2026-05-06 12:29:37] MOVE chetan (lawn green): 102→90 [0.1ms]
[2026-05-06 12:29:38] MOVE asha (gray0): 9→31 [0.1ms]
[2026-05-06 12:29:38] MOVE chetan (lawn green): 90→78 [0.1ms]
[2026-05-06 12:29:38] MOVE asha (gray0): 18→43 [0.1ms]
[2026-05-06 12:29:38] MOVE chetan (lawn green): 78→67 [0.1ms]
[2026-05-06 12:29:38] MOVE asha (gray0): 31→54 [0.3ms]
[2026-05-06 12:29:38] MOVE chetan (lawn green): 67→57 [0.1ms]
[2026-05-06 12:29:39] MOVE asha (gray0): 43→64 [0.1ms]
[2026-05-06 12:29:39] MOVE chetan (lawn green): 57→56 [0.2ms]
[2026-05-06 12:29:39] MOVE asha (gray0): 54→43 [0.1ms]
[2026-05-06 12:29:39] MOVE chetan (lawn green): 56→66 [0.2ms]
[2026-05-06 12:29:39] MOVE asha (gray0): 64→54 [0.2ms]
[2026-05-06 12:29:39] MOVE chetan (lawn green): 66→77 [0.1ms]
[2026-05-06 12:29:40] MOVE asha (gray0): 43→64 [0.1ms]
[2026-05-06 12:29:40] MOVE chetan (lawn green): 77→89 [0.1ms]
[2026-05-06 12:29:40] MOVE asha (gray0): 54→74 [0.1ms]
[2026-05-06 12:29:40] MOVE chetan (lawn green): 89→102 [0.1ms]
[2026-05-06 12:29:40] MOVE asha (gray0): 64→63 [0.1ms]
[2026-05-06 12:29:40] MOVE chetan (lawn green): 102→90 [0.2ms]
[2026-05-06 12:29:41] MOVE asha (gray0): 74→73 [0.1ms]
[2026-05-06 12:29:41] MOVE chetan (lawn green): 90→78 [0.2ms]
[2026-05-06 12:29:41] MOVE asha (gray0): 63→53 [0.1ms]
[2026-05-06 12:29:41] MOVE chetan (lawn green): 78→67 [0.1ms]
[2026-05-06 12:29:41] MOVE asha (gray0): 73→63 [0.1ms]
[2026-05-06 12:29:41] MOVE chetan (lawn green): 67→57 [0.1ms]
[2026-05-06 12:29:42] MOVE asha (gray0): 53→54 [0.1ms]
[2026-05-06 12:29:42] MOVE chetan (lawn green): 57→56 [0.1ms]
[2026-05-06 12:29:42] MOVE asha (gray0): 63→64 [0.2ms]
[2026-05-06 12:29:42] MOVE chetan (lawn green): 56→66 [0.1ms]
[2026-05-06 12:29:42] MOVE asha (gray0): 54→43 [0.1ms]
[2026-05-06 12:29:42] MOVE chetan (lawn green): 66→77 [0.1ms]
[2026-05-06 12:29:43] MOVE asha (gray0): 64→54 [0.1ms]
[2026-05-06 12:29:43] MOVE chetan (lawn green): 77→89 [0.1ms]
[2026-05-06 12:29:43] MOVE asha (gray0): 43→64 [0.1ms]
[2026-05-06 12:29:43] MOVE chetan (lawn green): 89→102 [0.2ms]
[2026-05-06 12:29:43] MOVE asha (gray0): 54→43 [0.1ms]
[2026-05-06 12:29:43] MOVE chetan (lawn green): 102→90 [0.1ms]
[2026-05-06 12:29:43] MOVE asha (gray0): 64→63 [0.1ms]
[2026-05-06 12:29:44] MOVE chetan (lawn green): 90→78 [0.1ms]
[2026-05-06 12:29:44] MOVE asha (gray0): 43→31 [0.2ms]
[2026-05-06 12:29:44] MOVE chetan (lawn green): 78→67 [0.1ms]
[2026-05-06 12:29:44] MOVE asha (gray0): 63→53 [0.1ms]
[2026-05-06 12:29:44] MOVE chetan (lawn green): 67→57 [0.1ms]
[2026-05-06 12:29:44] MOVE asha (gray0): 31→18 [0.1ms]
[2026-05-06 12:29:45] MOVE chetan (lawn green): 57→56 [0.1ms]
[2026-05-06 12:29:45] MOVE asha (gray0): 53→54 [0.1ms]
[2026-05-06 12:29:45] MOVE chetan (lawn green): 56→66 [0.4ms]
[2026-05-06 12:29:45] MOVE asha (gray0): 18→9 [0.1ms]
[2026-05-06 12:29:45] MOVE chetan (lawn green): 66→77 [0.1ms]
[2026-05-06 12:29:45] MOVE asha (gray0): 54→43 [0.1ms]
[2026-05-06 12:29:46] MOVE chetan (lawn green): 77→89 [0.1ms]
[2026-05-06 12:29:46] MOVE asha (gray0): 9→17 [0.1ms]
[2026-05-06 12:29:46] MOVE chetan (lawn green): 89→102 [0.2ms]
[2026-05-06 12:29:46] MOVE asha (gray0): 43→31 [0.4ms]
[2026-05-06 12:29:46] MOVE chetan (lawn green): 102→90 [0.1ms]
[2026-05-06 12:29:46] MOVE asha (gray0): 17→30 [0.1ms]
[2026-05-06 12:29:47] MOVE chetan (lawn green): 90→78 [0.2ms]
[2026-05-06 12:29:47] MOVE asha (gray0): 31→18 [0.1ms]
[2026-05-06 12:29:47] MOVE chetan (lawn green): 78→67 [0.1ms]
[2026-05-06 12:29:47] MOVE asha (gray0): 30→31 [0.4ms]
[2026-05-06 12:29:47] MOVE chetan (lawn green): 67→57 [0.2ms]
[2026-05-06 12:29:47] MOVE asha (gray0): 18→9 [0.1ms]
[2026-05-06 12:29:48] MOVE chetan (lawn green): 57→56 [0.1ms]
[2026-05-06 12:29:48] MOVE asha (gray0): 31→18 [0.2ms]
[2026-05-06 12:29:48] MOVE chetan (lawn green): 56→66 [0.2ms]
[2026-05-06 12:29:48] MOVE asha (gray0): 9→31 [0.1ms]
[2026-05-06 12:29:48] MOVE chetan (lawn green): 66→77 [0.1ms]
[2026-05-06 12:29:48] MOVE asha (gray0): 18→43 [0.1ms]
[2026-05-06 12:29:49] MOVE chetan (lawn green): 77→89 [0.1ms]
[2026-05-06 12:29:49] MOVE asha (gray0): 31→54 [0.1ms]
[2026-05-06 12:29:49] MOVE chetan (lawn green): 89→102 [0.2ms]
[2026-05-06 12:29:49] MOVE asha (gray0): 43→64 [0.1ms]
[2026-05-06 12:29:49] MOVE chetan (lawn green): 102→90 [0.1ms]
[2026-05-06 12:29:49] MOVE asha (gray0): 54→43 [0.1ms]
[2026-05-06 12:29:49] MOVE chetan (lawn green): 90→78 [0.1ms]
[2026-05-06 12:29:50] MOVE asha (gray0): 64→54 [0.1ms]
[2026-05-06 12:29:50] MOVE chetan (lawn green): 78→67 [0.1ms]
[2026-05-06 12:29:50] MOVE asha (gray0): 43→64 [0.1ms]
[2026-05-06 12:29:50] MOVE chetan (lawn green): 67→57 [0.1ms]
[2026-05-06 12:29:50] MOVE asha (gray0): 54→74 [0.2ms]
[2026-05-06 12:29:50] MOVE chetan (lawn green): 57→56 [0.2ms]
[2026-05-06 12:29:51] MOVE asha (gray0): 64→63 [0.2ms]
[2026-05-06 12:29:51] MOVE chetan (lawn green): 56→66 [0.1ms]
[2026-05-06 12:29:51] MOVE asha (gray0): 74→73 [0.1ms]
[2026-05-06 12:29:51] MOVE chetan (lawn green): 66→77 [1.3ms]
[2026-05-06 12:29:51] MOVE asha (gray0): 63→53 [0.1ms]
[2026-05-06 12:29:51] MOVE chetan (lawn green): 77→89 [0.3ms]
[2026-05-06 12:29:52] MOVE asha (gray0): 73→63 [0.2ms]
[2026-05-06 12:29:52] MOVE chetan (lawn green): 89→102 [0.1ms]
[2026-05-06 12:29:52] MOVE asha (gray0): 53→54 [0.1ms]
[2026-05-06 12:29:52] MOVE chetan (lawn green): 102→90 [0.1ms]
[2026-05-06 12:29:52] MOVE asha (gray0): 63→64 [0.1ms]
[2026-05-06 12:29:52] MOVE chetan (lawn green): 90→78 [0.1ms]
[2026-05-06 12:29:53] MOVE asha (gray0): 54→43 [0.1ms]
[2026-05-06 12:29:53] MOVE chetan (lawn green): 78→67 [0.1ms]
[2026-05-06 12:29:53] MOVE asha (gray0): 64→54 [0.1ms]
[2026-05-06 12:29:53] MOVE chetan (lawn green): 67→57 [0.1ms]
[2026-05-06 12:29:53] MOVE asha (gray0): 43→64 [0.1ms]
[2026-05-06 12:29:53] MOVE chetan (lawn green): 57→56 [0.2ms]
[2026-05-06 12:29:54] MOVE asha (gray0): 54→43 [0.2ms]
[2026-05-06 12:29:54] MOVE chetan (lawn green): 56→66 [0.1ms]
[2026-05-06 12:29:54] MOVE asha (gray0): 64→63 [0.1ms]
[2026-05-06 12:29:54] MOVE chetan (lawn green): 66→77 [0.2ms]
[2026-05-06 12:29:54] MOVE asha (gray0): 43→31 [0.1ms]
[2026-05-06 12:29:54] MOVE chetan (lawn green): 77→89 [0.2ms]
[2026-05-06 12:29:54] MOVE asha (gray0): 63→53 [0.1ms]
[2026-05-06 12:29:55] MOVE chetan (lawn green): 89→102 [0.1ms]
[2026-05-06 12:29:55] MOVE asha (gray0): 31→18 [0.1ms]
[2026-05-06 12:29:55] MOVE chetan (lawn green): 102→90 [0.1ms]
[2026-05-06 12:29:55] MOVE asha (gray0): 53→54 [0.1ms]
[2026-05-06 12:29:55] MOVE chetan (lawn green): 90→78 [0.1ms]
[2026-05-06 12:29:55] MOVE asha (gray0): 18→9 [0.1ms]
[2026-05-06 12:29:56] MOVE chetan (lawn green): 78→67 [0.2ms]
[2026-05-06 12:29:56] MOVE asha (gray0): 54→43 [0.1ms]
[2026-05-06 12:29:56] MOVE chetan (lawn green): 67→57 [0.1ms]
[2026-05-06 12:29:56] MOVE asha (gray0): 9→17 [0.1ms]
[2026-05-06 12:29:56] MOVE chetan (lawn green): 57→56 [0.2ms]
[2026-05-06 12:29:56] MOVE asha (gray0): 43→31 [0.4ms]
[2026-05-06 12:29:57] MOVE chetan (lawn green): 56→66 [0.1ms]
[2026-05-06 12:29:57] MOVE asha (gray0): 17→30 [0.1ms]
[2026-05-06 12:29:57] MOVE chetan (lawn green): 66→77 [0.1ms]
[2026-05-06 12:29:57] MOVE asha (gray0): 31→18 [0.1ms]
[2026-05-06 12:29:57] MOVE chetan (lawn green): 77→89 [0.1ms]
[2026-05-06 12:29:57] MOVE asha (gray0): 30→31 [0.1ms]
[2026-05-06 12:29:58] MOVE chetan (lawn green): 89→102 [0.1ms]
[2026-05-06 12:29:58] MOVE asha (gray0): 18→9 [0.3ms]
[2026-05-06 12:29:58] MOVE chetan (lawn green): 102→90 [0.2ms]
[2026-05-06 12:29:58] MOVE asha (gray0): 31→18 [0.2ms]
[2026-05-06 12:29:58] MOVE chetan (lawn green): 90→78 [0.1ms]
[2026-05-06 12:29:58] MOVE asha (gray0): 9→31 [0.1ms]
[2026-05-06 12:29:59] MOVE chetan (lawn green): 78→67 [0.1ms]
[2026-05-06 12:29:59] MOVE asha (gray0): 18→43 [0.1ms]
[2026-05-06 12:29:59] MOVE chetan (lawn green): 67→57 [0.1ms]
[2026-05-06 12:29:59] MOVE asha (gray0): 31→54 [0.1ms]
[2026-05-06 12:29:59] MOVE chetan (lawn green): 57→56 [0.2ms]
[2026-05-06 12:29:59] MOVE asha (gray0): 43→64 [0.2ms]
[2026-05-06 12:30:00] MOVE chetan (lawn green): 56→66 [0.1ms]
[2026-05-06 12:30:00] MOVE asha (gray0): 54→43 [0.2ms]
[2026-05-06 12:30:00] MOVE chetan (lawn green): 66→77 [0.3ms]
[2026-05-06 12:30:00] MOVE asha (gray0): 64→54 [0.3ms]
[2026-05-06 12:30:00] MOVE chetan (lawn green): 77→89 [0.1ms]
[2026-05-06 12:30:00] MOVE asha (gray0): 43→64 [0.1ms]
[2026-05-06 12:30:01] MOVE chetan (lawn green): 89→102 [0.1ms]
[2026-05-06 12:30:01] MOVE asha (gray0): 54→74 [0.2ms]
[2026-05-06 12:30:01] MOVE chetan (lawn green): 102→90 [0.2ms]
[2026-05-06 12:30:01] MOVE asha (gray0): 64→63 [0.1ms]
[2026-05-06 12:30:01] MOVE chetan (lawn green): 90→78 [0.1ms]
[2026-05-06 12:30:01] MOVE asha (gray0): 74→73 [0.1ms]
[2026-05-06 12:30:01] MOVE chetan (lawn green): 78→67 [0.2ms]
[2026-05-06 12:30:02] MOVE asha (gray0): 63→53 [0.1ms]
[2026-05-06 12:30:02] MOVE chetan (lawn green): 67→57 [0.1ms]
[2026-05-06 12:30:02] MOVE asha (gray0): 73→63 [0.3ms]
[2026-05-06 12:30:02] MOVE chetan (lawn green): 57→56 [0.1ms]
[2026-05-06 12:30:02] MOVE asha (gray0): 53→54 [0.1ms]
[2026-05-06 12:30:02] MOVE chetan (lawn green): 56→66 [0.2ms]
[2026-05-06 12:30:03] MOVE asha (gray0): 63→64 [0.2ms]
[2026-05-06 12:30:03] MOVE chetan (lawn green): 66→77 [0.1ms]
[2026-05-06 12:30:03] MOVE asha (gray0): 54→43 [0.1ms]
[2026-05-06 12:30:03] MOVE chetan (lawn green): 77→89 [0.1ms]
[2026-05-06 12:30:03] MOVE asha (gray0): 64→54 [0.1ms]
[2026-05-06 12:30:03] MOVE chetan (lawn green): 89→102 [0.1ms]
[2026-05-06 12:30:04] MOVE asha (gray0): 43→64 [0.9ms]
[2026-05-06 12:30:04] MOVE chetan (lawn green): 102→90 [0.1ms]
[2026-05-06 12:30:04] MOVE asha (gray0): 54→43 [0.1ms]
[2026-05-06 12:30:04] MOVE chetan (lawn green): 90→78 [0.1ms]
[2026-05-06 12:30:04] MOVE asha (gray0): 64→63 [0.1ms]
[2026-05-06 12:30:05] MOVE chetan (lawn green): 78→67 [0.2ms]
[2026-05-06 12:30:05] MOVE asha (gray0): 43→31 [0.1ms]
[2026-05-06 12:30:05] MOVE chetan (lawn green): 67→57 [0.1ms]
[2026-05-06 12:30:05] MOVE asha (gray0): 63→53 [0.1ms]
[2026-05-06 12:30:05] MOVE chetan (lawn green): 57→56 [0.1ms]
[2026-05-06 12:30:06] MOVE asha (gray0): 31→18 [0.1ms]
[2026-05-06 12:30:06] MOVE chetan (lawn green): 56→66 [0.1ms]
[2026-05-06 12:30:06] MOVE asha (gray0): 53→54 [0.1ms]
[2026-05-06 12:30:06] MOVE chetan (lawn green): 66→77 [0.2ms]
[2026-05-06 12:30:06] MOVE asha (gray0): 18→9 [0.1ms]
[2026-05-06 12:30:06] MOVE chetan (lawn green): 77→89 [0.1ms]
[2026-05-06 12:30:07] MOVE asha (gray0): 54→43 [0.3ms]
[2026-05-06 12:30:07] MOVE chetan (lawn green): 89→102 [0.2ms]
[2026-05-06 12:30:07] MOVE asha (gray0): 9→17 [0.1ms]
[2026-05-06 12:30:07] MOVE chetan (lawn green): 102→90 [0.1ms]
[2026-05-06 12:30:07] MOVE asha (gray0): 43→31 [0.1ms]
[2026-05-06 12:30:07] MOVE chetan (lawn green): 90→78 [0.1ms]
[2026-05-06 12:30:08] MOVE asha (gray0): 17→30 [0.2ms]
[2026-05-06 12:30:08] MOVE chetan (lawn green): 78→67 [5.8ms]
[2026-05-06 12:30:08] MOVE asha (gray0): 31→18 [0.1ms]
[2026-05-06 12:30:08] MOVE chetan (lawn green): 67→57 [0.1ms]
[2026-05-06 12:30:08] MOVE asha (gray0): 30→31 [0.1ms]
[2026-05-06 12:30:08] MOVE chetan (lawn green): 57→56 [0.1ms]
[2026-05-06 12:30:08] MOVE asha (gray0): 18→9 [0.1ms]
[2026-05-06 12:30:09] MOVE chetan (lawn green): 56→66 [0.1ms]
[2026-05-06 12:30:09] MOVE asha (gray0): 31→18 [0.1ms]
[2026-05-06 12:30:09] MOVE chetan (lawn green): 66→77 [0.2ms]
[2026-05-06 12:30:09] MOVE asha (gray0): 9→31 [0.1ms]
[2026-05-06 12:30:09] MOVE chetan (lawn green): 77→89 [0.1ms]
[2026-05-06 12:30:09] MOVE asha (gray0): 18→43 [0.1ms]
[2026-05-06 12:30:10] MOVE chetan (lawn green): 89→102 [0.1ms]
[2026-05-06 12:30:10] MOVE asha (gray0): 31→54 [0.2ms]
[2026-05-06 12:30:10] MOVE chetan (lawn green): 102→90 [0.1ms]
[2026-05-06 12:30:10] MOVE asha (gray0): 43→64 [0.1ms]
[2026-05-06 12:30:10] MOVE chetan (lawn green): 90→78 [0.1ms]
[2026-05-06 12:30:10] MOVE asha (gray0): 54→43 [0.1ms]
[2026-05-06 12:30:11] MOVE chetan (lawn green): 78→67 [0.5ms]
[2026-05-06 12:30:11] MOVE asha (gray0): 64→54 [0.2ms]
[2026-05-06 12:30:11] MOVE chetan (lawn green): 67→57 [0.1ms]
[2026-05-06 12:30:11] MOVE asha (gray0): 43→64 [0.2ms]
[2026-05-06 12:30:11] MOVE chetan (lawn green): 57→56 [0.1ms]
[2026-05-06 12:30:11] MOVE asha (gray0): 54→74 [0.1ms]
[2026-05-06 12:30:12] MOVE chetan (lawn green): 56→66 [0.1ms]
[2026-05-06 12:30:12] MOVE asha (gray0): 64→63 [0.1ms]
[2026-05-06 12:30:12] MOVE chetan (lawn green): 66→77 [0.1ms]
[2026-05-06 12:30:12] MOVE asha (gray0): 74→73 [0.2ms]
[2026-05-06 12:30:12] MOVE chetan (lawn green): 77→89 [0.2ms]
[2026-05-06 12:30:12] MOVE asha (gray0): 63→53 [0.2ms]
[2026-05-06 12:30:13] MOVE chetan (lawn green): 89→102 [0.1ms]
[2026-05-06 12:30:13] MOVE asha (gray0): 73→63 [0.1ms]
[2026-05-06 12:30:13] MOVE chetan (lawn green): 102→90 [0.1ms]
[2026-05-06 12:30:13] MOVE asha (gray0): 53→54 [0.2ms]
[2026-05-06 12:30:13] MOVE chetan (lawn green): 90→78 [0.1ms]
[2026-05-06 12:30:13] MOVE asha (gray0): 63→64 [0.2ms]
[2026-05-06 12:30:13] MOVE chetan (lawn green): 78→67 [0.1ms]
[2026-05-06 12:30:14] MOVE asha (gray0): 54→43 [0.1ms]
[2026-05-06 12:30:14] MOVE chetan (lawn green): 67→57 [0.1ms]
[2026-05-06 12:30:14] MOVE asha (gray0): 64→54 [0.1ms]
[2026-05-06 12:30:14] MOVE chetan (lawn green): 57→56 [0.1ms]
[2026-05-06 12:30:14] MOVE asha (gray0): 43→64 [0.1ms]
[2026-05-06 12:30:14] MOVE chetan (lawn green): 56→66 [0.1ms]
[2026-05-06 12:30:15] MOVE asha (gray0): 54→43 [0.1ms]
[2026-05-06 12:30:15] MOVE chetan (lawn green): 66→77 [0.1ms]
[2026-05-06 12:30:15] MOVE asha (gray0): 64→63 [0.2ms]
[2026-05-06 12:30:15] MOVE chetan (lawn green): 77→89 [0.1ms]
[2026-05-06 12:30:15] MOVE asha (gray0): 43→31 [0.1ms]
[2026-05-06 12:30:15] MOVE chetan (lawn green): 89→102 [0.1ms]
[2026-05-06 12:30:16] MOVE asha (gray0): 63→53 [0.1ms]
[2026-05-06 12:30:16] MOVE chetan (lawn green): 102→90 [0.1ms]
[2026-05-06 12:30:16] MOVE asha (gray0): 31→18 [0.1ms]
[2026-05-06 12:30:16] MOVE chetan (lawn green): 90→78 [0.1ms]
[2026-05-06 12:30:16] MOVE asha (gray0): 53→54 [0.1ms]
[2026-05-06 12:30:16] MOVE chetan (lawn green): 78→67 [0.1ms]
[2026-05-06 12:30:17] MOVE asha (gray0): 18→9 [0.1ms]
[2026-05-06 12:30:17] MOVE chetan (lawn green): 67→57 [0.1ms]
[2026-05-06 12:30:17] MOVE asha (gray0): 54→43 [0.1ms]
[2026-05-06 12:30:17] MOVE chetan (lawn green): 57→56 [0.2ms]
[2026-05-06 12:30:18] MOVE asha (gray0): 9→17 [0.2ms]
[2026-05-06 12:30:18] MOVE chetan (lawn green): 56→66 [0.1ms]
[2026-05-06 12:30:18] MOVE asha (gray0): 43→31 [0.2ms]
[2026-05-06 12:30:18] MOVE chetan (lawn green): 66→77 [0.1ms]
[2026-05-06 12:30:18] MOVE asha (gray0): 17→30 [0.1ms]
[2026-05-06 12:30:19] MOVE chetan (lawn green): 77→89 [0.2ms]
[2026-05-06 12:30:19] MOVE asha (gray0): 31→18 [0.1ms]
[2026-05-06 12:30:19] MOVE chetan (lawn green): 89→102 [0.1ms]
[2026-05-06 12:30:19] MOVE asha (gray0): 30→31 [0.1ms]
[2026-05-06 12:30:19] MOVE chetan (lawn green): 102→90 [0.1ms]
[2026-05-06 12:30:19] MOVE asha (gray0): 18→9 [0.1ms]
[2026-05-06 12:30:20] MOVE chetan (lawn green): 90→78 [0.1ms]
[2026-05-06 12:30:20] MOVE asha (gray0): 31→18 [0.2ms]
[2026-05-06 12:30:20] MOVE chetan (lawn green): 78→67 [0.1ms]
[2026-05-06 12:30:20] MOVE asha (gray0): 9→31 [0.1ms]
[2026-05-06 12:30:20] MOVE chetan (lawn green): 67→57 [0.1ms]
[2026-05-06 12:30:21] MOVE asha (gray0): 18→43 [0.1ms]
[2026-05-06 12:30:21] MOVE chetan (lawn green): 57→56 [0.1ms]
[2026-05-06 12:30:21] MOVE asha (gray0): 31→54 [0.1ms]
[2026-05-06 12:30:21] MOVE chetan (lawn green): 56→66 [0.1ms]
[2026-05-06 12:30:21] MOVE asha (gray0): 43→64 [0.1ms]
[2026-05-06 12:30:21] MOVE chetan (lawn green): 66→77 [0.1ms]
[2026-05-06 12:30:21] MOVE asha (gray0): 54→43 [0.1ms]
[2026-05-06 12:30:22] MOVE chetan (lawn green): 77→89 [0.1ms]
[2026-05-06 12:30:22] MOVE asha (gray0): 64→54 [0.1ms]
[2026-05-06 12:30:22] MOVE chetan (lawn green): 89→102 [0.1ms]
[2026-05-06 12:30:23] MOVE asha (gray0): 43→64 [0.2ms]
[2026-05-06 12:30:23] MOVE chetan (lawn green): 102→90 [0.1ms]
[2026-05-06 12:30:23] MOVE asha (gray0): 54→74 [0.1ms]
[2026-05-06 12:30:23] MOVE chetan (lawn green): 90→78 [0.2ms]
[2026-05-06 12:30:23] MOVE asha (gray0): 64→63 [0.1ms]
[2026-05-06 12:30:23] MOVE chetan (lawn green): 78→67 [0.1ms]
[2026-05-06 12:30:24] MOVE asha (gray0): 74→73 [0.1ms]
[2026-05-06 12:30:24] MOVE chetan (lawn green): 67→57 [0.2ms]
[2026-05-06 12:30:24] MOVE asha (gray0): 63→53 [0.1ms]
[2026-05-06 12:30:24] MOVE chetan (lawn green): 57→56 [0.1ms]
[2026-05-06 12:30:24] MOVE asha (gray0): 73→63 [0.3ms]
[2026-05-06 12:30:24] MOVE chetan (lawn green): 56→66 [0.1ms]
[2026-05-06 12:30:25] MOVE asha (gray0): 53→54 [0.1ms]
[2026-05-06 12:30:25] MOVE chetan (lawn green): 66→77 [0.1ms]
[2026-05-06 12:30:25] MOVE asha (gray0): 63→64 [0.2ms]
[2026-05-06 12:30:25] MOVE chetan (lawn green): 77→89 [0.1ms]
[2026-05-06 12:30:25] MOVE asha (gray0): 54→43 [0.3ms]
[2026-05-06 12:30:25] MOVE chetan (lawn green): 89→102 [0.1ms]
[2026-05-06 12:30:26] MOVE asha (gray0): 64→54 [0.2ms]
[2026-05-06 12:30:26] MOVE chetan (lawn green): 102→90 [0.1ms]
[2026-05-06 12:30:26] MOVE asha (gray0): 43→64 [0.1ms]
[2026-05-06 12:30:26] MOVE chetan (lawn green): 90→78 [0.1ms]
[2026-05-06 12:30:26] MOVE asha (gray0): 54→43 [0.1ms]
[2026-05-06 12:30:27] MOVE chetan (lawn green): 78→67 [0.1ms]
[2026-05-06 12:30:27] MOVE asha (gray0): 64→63 [0.1ms]
[2026-05-06 12:30:27] MOVE chetan (lawn green): 67→57 [0.1ms]
[2026-05-06 12:30:27] MOVE asha (gray0): 43→31 [0.1ms]
[2026-05-06 12:30:27] MOVE chetan (lawn green): 57→56 [0.1ms]
[2026-05-06 12:30:28] MOVE asha (gray0): 63→53 [0.1ms]
[2026-05-06 12:30:28] MOVE chetan (lawn green): 56→66 [0.5ms]
[2026-05-06 12:30:28] MOVE asha (gray0): 31→18 [0.1ms]
[2026-05-06 12:30:28] MOVE chetan (lawn green): 66→77 [0.1ms]
[2026-05-06 12:30:28] MOVE asha (gray0): 53→54 [0.1ms]
[2026-05-06 12:30:29] MOVE chetan (lawn green): 77→89 [0.2ms]
[2026-05-06 12:30:29] MOVE asha (gray0): 18→9 [0.1ms]
[2026-05-06 12:30:29] MOVE chetan (lawn green): 89→102 [0.1ms]
[2026-05-06 12:30:29] MOVE asha (gray0): 54→43 [0.2ms]
[2026-05-06 12:30:30] MOVE chetan (lawn green): 102→90 [0.2ms]
[2026-05-06 12:30:30] MOVE asha (gray0): 9→17 [0.1ms]
[2026-05-06 12:30:30] MOVE chetan (lawn green): 90→78 [0.2ms]
[2026-05-06 12:30:30] MOVE asha (gray0): 43→31 [0.4ms]
[2026-05-06 12:30:30] MOVE chetan (lawn green): 78→67 [0.1ms]
[2026-05-06 12:30:31] MOVE asha (gray0): 17→30 [0.1ms]
[2026-05-06 12:30:31] MOVE chetan (lawn green): 67→57 [0.1ms]
[2026-05-06 12:30:31] MOVE asha (gray0): 31→18 [0.1ms]
[2026-05-06 12:30:31] MOVE chetan (lawn green): 57→56 [0.2ms]
[2026-05-06 12:30:31] MOVE asha (gray0): 30→31 [0.1ms]
[2026-05-06 12:30:31] MOVE chetan (lawn green): 56→66 [0.2ms]
[2026-05-06 12:30:32] MOVE asha (gray0): 18→9 [0.1ms]
[2026-05-06 12:30:32] MOVE chetan (lawn green): 66→77 [0.1ms]
[2026-05-06 12:30:32] MOVE asha (gray0): 31→18 [0.1ms]
[2026-05-06 12:30:32] MOVE chetan (lawn green): 77→89 [0.1ms]
[2026-05-06 12:30:32] MOVE asha (gray0): 9→31 [0.2ms]
[2026-05-06 12:30:32] MOVE chetan (lawn green): 89→102 [0.1ms]
[2026-05-06 12:30:33] MOVE asha (gray0): 18→43 [0.1ms]
[2026-05-06 12:30:33] MOVE chetan (lawn green): 102→90 [0.1ms]
[2026-05-06 12:30:33] MOVE asha (gray0): 31→54 [0.1ms]
[2026-05-06 12:30:33] MOVE chetan (lawn green): 90→78 [0.2ms]
[2026-05-06 12:30:33] MOVE asha (gray0): 43→64 [0.3ms]
[2026-05-06 12:30:34] MOVE chetan (lawn green): 78→67 [0.3ms]
[2026-05-06 12:30:34] MOVE asha (gray0): 54→43 [0.1ms]
[2026-05-06 12:30:34] MOVE chetan (lawn green): 67→57 [0.1ms]
[2026-05-06 12:30:34] MOVE asha (gray0): 64→54 [0.1ms]
[2026-05-06 12:30:34] MOVE chetan (lawn green): 57→56 [0.1ms]
[2026-05-06 12:30:35] MOVE asha (gray0): 43→64 [1.0ms]
[2026-05-06 12:30:35] MOVE chetan (lawn green): 56→66 [0.1ms]
[2026-05-06 12:30:35] MOVE asha (gray0): 54→74 [0.1ms]
[2026-05-06 12:30:35] MOVE chetan (lawn green): 66→77 [0.2ms]
[2026-05-06 12:30:35] MOVE asha (gray0): 64→63 [0.2ms]
[2026-05-06 12:30:36] MOVE chetan (lawn green): 77→89 [0.1ms]
[2026-05-06 12:30:36] MOVE asha (gray0): 74→73 [0.1ms]
[2026-05-06 12:30:36] MOVE chetan (lawn green): 89→102 [0.3ms]
[2026-05-06 12:30:36] MOVE asha (gray0): 63→53 [0.1ms]
[2026-05-06 12:30:36] MOVE chetan (lawn green): 102→90 [0.1ms]
[2026-05-06 12:30:36] MOVE asha (gray0): 73→63 [0.1ms]
[2026-05-06 12:30:37] MOVE chetan (lawn green): 90→78 [0.1ms]
[2026-05-06 12:30:37] MOVE asha (gray0): 53→54 [0.1ms]
[2026-05-06 12:30:37] MOVE chetan (lawn green): 78→67 [0.3ms]
[2026-05-06 12:30:37] MOVE asha (gray0): 63→64 [0.2ms]
[2026-05-06 12:30:37] MOVE chetan (lawn green): 67→57 [0.2ms]
[2026-05-06 12:30:37] MOVE asha (gray0): 54→43 [0.1ms]
[2026-05-06 12:30:38] MOVE chetan (lawn green): 57→56 [0.1ms]
[2026-05-06 12:30:38] MOVE asha (gray0): 64→54 [0.1ms]
[2026-05-06 12:30:38] MOVE chetan (lawn green): 56→66 [0.1ms]
[2026-05-06 12:30:38] MOVE asha (gray0): 43→64 [3.1ms]
[2026-05-06 12:30:38] MOVE chetan (lawn green): 66→77 [0.1ms]
[2026-05-06 12:30:38] MOVE asha (gray0): 54→43 [0.2ms]
[2026-05-06 12:30:39] MOVE chetan (lawn green): 77→89 [0.1ms]
[2026-05-06 12:30:39] MOVE asha (gray0): 64→63 [0.1ms]
[2026-05-06 12:30:39] MOVE chetan (lawn green): 89→102 [0.1ms]
[2026-05-06 12:30:39] MOVE asha (gray0): 43→31 [0.1ms]
[2026-05-06 12:30:39] MOVE chetan (lawn green): 102→90 [0.2ms]
[2026-05-06 12:30:39] MOVE asha (gray0): 63→53 [0.3ms]
[2026-05-06 12:30:40] MOVE chetan (lawn green): 90→78 [0.1ms]
[2026-05-06 12:30:40] MOVE asha (gray0): 31→18 [0.1ms]
[2026-05-06 12:30:40] MOVE chetan (lawn green): 78→67 [0.4ms]
[2026-05-06 12:30:40] MOVE asha (gray0): 53→54 [0.1ms]
[2026-05-06 12:30:40] MOVE chetan (lawn green): 67→57 [0.2ms]
[2026-05-06 12:30:40] MOVE asha (gray0): 18→9 [0.1ms]
[2026-05-06 12:30:41] MOVE chetan (lawn green): 57→56 [0.2ms]
[2026-05-06 12:30:41] MOVE asha (gray0): 54→43 [0.1ms]
[2026-05-06 12:30:41] MOVE chetan (lawn green): 56→66 [0.1ms]
[2026-05-06 12:30:41] MOVE asha (gray0): 9→17 [0.1ms]
[2026-05-06 12:30:41] MOVE chetan (lawn green): 66→77 [0.1ms]
[2026-05-06 12:30:42] MOVE asha (gray0): 43→31 [0.2ms]
[2026-05-06 12:30:42] MOVE chetan (lawn green): 77→89 [0.1ms]
[2026-05-06 12:30:42] MOVE asha (gray0): 17→30 [0.2ms]
[2026-05-06 12:30:42] MOVE chetan (lawn green): 89→102 [0.1ms]
[2026-05-06 12:30:42] MOVE asha (gray0): 31→18 [0.1ms]
[2026-05-06 12:30:42] MOVE chetan (lawn green): 102→90 [0.1ms]
[2026-05-06 12:30:42] MOVE asha (gray0): 30→31 [0.1ms]
[2026-05-06 12:30:43] MOVE chetan (lawn green): 90→78 [0.3ms]
[2026-05-06 12:30:43] MOVE asha (gray0): 18→9 [0.1ms]
[2026-05-06 12:30:43] MOVE chetan (lawn green): 78→67 [0.9ms]
[2026-05-06 12:30:43] MOVE asha (gray0): 31→18 [0.2ms]
[2026-05-06 12:30:43] MOVE chetan (lawn green): 67→57 [0.2ms]
[2026-05-06 12:30:43] MOVE asha (gray0): 9→31 [0.4ms]
[2026-05-06 12:30:44] MOVE chetan (lawn green): 57→56 [0.2ms]
[2026-05-06 12:30:44] MOVE asha (gray0): 18→43 [0.2ms]
[2026-05-06 12:30:44] MOVE chetan (lawn green): 56→66 [0.2ms]
[2026-05-06 12:30:44] MOVE asha (gray0): 31→54 [0.2ms]
[2026-05-06 12:30:44] MOVE chetan (lawn green): 66→77 [0.2ms]
[2026-05-06 12:30:44] MOVE asha (gray0): 43→64 [0.2ms]
[2026-05-06 12:30:45] MOVE chetan (lawn green): 77→89 [0.5ms]
[2026-05-06 12:30:45] MOVE asha (gray0): 54→43 [0.2ms]
[2026-05-06 12:30:45] MOVE chetan (lawn green): 89→102 [0.2ms]
[2026-05-06 12:30:45] MOVE asha (gray0): 64→54 [0.2ms]
[2026-05-06 12:30:45] MOVE chetan (lawn green): 102→90 [0.2ms]
[2026-05-06 12:30:45] MOVE asha (gray0): 43→64 [0.1ms]
[2026-05-06 12:30:46] MOVE chetan (lawn green): 90→78 [0.2ms]
[2026-05-06 12:30:46] MOVE asha (gray0): 54→74 [0.2ms]
[2026-05-06 12:30:46] MOVE chetan (lawn green): 78→67 [0.2ms]
[2026-05-06 12:30:46] MOVE asha (gray0): 64→63 [0.2ms]
[2026-05-06 12:30:46] MOVE chetan (lawn green): 67→57 [0.2ms]
[2026-05-06 12:30:46] MOVE asha (gray0): 74→73 [0.2ms]
[2026-05-06 12:30:47] MOVE chetan (lawn green): 57→56 [0.2ms]
[2026-05-06 12:30:47] MOVE asha (gray0): 63→53 [0.2ms]
[2026-05-06 12:30:48] MOVE chetan (lawn green): 56→66 [1.3ms]
[2026-05-06 12:30:48] MOVE asha (gray0): 73→63 [0.2ms]
[2026-05-06 12:30:49] MOVE chetan (lawn green): 66→77 [0.7ms]
[2026-05-06 12:30:49] MOVE asha (gray0): 53→54 [10.1ms]
[2026-05-06 12:30:49] MOVE chetan (lawn green): 77→89 [0.2ms]
[2026-05-06 12:30:49] MOVE asha (gray0): 63→64 [0.2ms]
[2026-05-06 12:30:50] MOVE chetan (lawn green): 89→102 [0.9ms]
[2026-05-06 12:30:50] MOVE asha (gray0): 54→43 [0.2ms]
[2026-05-06 12:30:50] MOVE chetan (lawn green): 102→90 [0.2ms]
[2026-05-06 12:30:50] MOVE asha (gray0): 64→54 [0.2ms]
[2026-05-06 12:30:50] MOVE chetan (lawn green): 90→78 [0.2ms]
[2026-05-06 12:30:50] MOVE asha (gray0): 43→64 [0.2ms]
[2026-05-06 12:30:51] MOVE chetan (lawn green): 78→67 [0.6ms]
[2026-05-06 12:30:51] MOVE asha (gray0): 54→43 [0.2ms]
[2026-05-06 12:30:51] MOVE chetan (lawn green): 67→57 [0.3ms]
[2026-05-06 12:30:51] MOVE asha (gray0): 64→63 [0.2ms]
[2026-05-06 12:30:51] MOVE chetan (lawn green): 57→56 [0.2ms]
[2026-05-06 12:30:51] MOVE asha (gray0): 43→31 [0.2ms]
[2026-05-06 12:30:52] MOVE chetan (lawn green): 56→66 [0.2ms]
[2026-05-06 12:30:52] MOVE asha (gray0): 63→53 [0.2ms]
[2026-05-06 12:30:52] MOVE chetan (lawn green): 66→77 [0.2ms]
[2026-05-06 12:30:52] MOVE asha (gray0): 31→18 [0.2ms]
[2026-05-06 12:30:52] MOVE chetan (lawn green): 77→89 [0.2ms]
[2026-05-06 12:30:53] MOVE asha (gray0): 53→54 [0.7ms]
[2026-05-06 12:30:53] MOVE chetan (lawn green): 89→102 [1.9ms]
[2026-05-06 12:30:53] MOVE asha (gray0): 18→9 [12.1ms]
[2026-05-06 12:30:53] MOVE chetan (lawn green): 102→90 [0.2ms]
[2026-05-06 12:30:53] MOVE asha (gray0): 54→43 [0.1ms]
[2026-05-06 12:30:53] MOVE chetan (lawn green): 90→78 [0.4ms]
[2026-05-06 12:30:54] MOVE asha (gray0): 9→17 [0.2ms]
[2026-05-06 12:30:54] MOVE chetan (lawn green): 78→67 [0.2ms]
[2026-05-06 12:30:54] MOVE asha (gray0): 43→31 [0.2ms]
[2026-05-06 12:30:54] MOVE chetan (lawn green): 67→57 [0.1ms]
[2026-05-06 12:30:54] MOVE asha (gray0): 17→30 [3.3ms]
[2026-05-06 12:30:54] MOVE chetan (lawn green): 57→56 [0.4ms]
[2026-05-06 12:30:55] MOVE asha (gray0): 31→18 [0.2ms]
[2026-05-06 12:30:55] MOVE chetan (lawn green): 56→66 [0.1ms]
[2026-05-06 12:30:55] MOVE asha (gray0): 30→31 [0.2ms]
[2026-05-06 12:30:55] MOVE chetan (lawn green): 66→77 [0.2ms]
[2026-05-06 12:30:56] MOVE asha (gray0): 18→9 [0.2ms]
[2026-05-06 12:30:56] MOVE chetan (lawn green): 77→89 [0.2ms]
[2026-05-06 12:30:56] MOVE asha (gray0): 31→18 [0.6ms]
[2026-05-06 12:30:56] MOVE chetan (lawn green): 89→102 [0.3ms]
[2026-05-06 12:30:56] MOVE asha (gray0): 9→31 [0.2ms]
[2026-05-06 12:30:56] MOVE chetan (lawn green): 102→90 [0.2ms]
[2026-05-06 12:30:57] MOVE asha (gray0): 18→43 [0.2ms]
[2026-05-06 12:30:57] MOVE chetan (lawn green): 90→78 [0.2ms]
[2026-05-06 12:30:57] MOVE asha (gray0): 31→54 [0.1ms]
[2026-05-06 12:30:57] MOVE chetan (lawn green): 78→67 [0.2ms]
[2026-05-06 12:30:57] MOVE asha (gray0): 43→64 [0.2ms]
[2026-05-06 12:30:57] MOVE chetan (lawn green): 67→57 [0.2ms]
[2026-05-06 12:30:57] MOVE asha (gray0): 54→43 [0.2ms]
[2026-05-06 12:30:58] MOVE chetan (lawn green): 57→56 [0.2ms]
[2026-05-06 12:30:58] MOVE asha (gray0): 64→54 [0.2ms]
[2026-05-06 12:30:58] MOVE chetan (lawn green): 56→66 [0.1ms]
[2026-05-06 12:30:58] MOVE asha (gray0): 43→64 [0.2ms]
[2026-05-06 12:30:58] MOVE chetan (lawn green): 66→77 [0.1ms]
[2026-05-06 12:30:58] MOVE asha (gray0): 54→74 [0.2ms]
[2026-05-06 12:30:58] MOVE chetan (lawn green): 77→89 [0.1ms]
[2026-05-06 12:30:59] MOVE asha (gray0): 64→63 [0.1ms]
[2026-05-06 12:30:59] MOVE chetan (lawn green): 89→102 [0.1ms]
[2026-05-06 12:30:59] MOVE asha (gray0): 74→73 [0.3ms]
[2026-05-06 12:30:59] MOVE chetan (lawn green): 102→90 [0.1ms]
[2026-05-06 12:30:59] MOVE asha (gray0): 63→53 [0.2ms]
[2026-05-06 12:31:00] MOVE chetan (lawn green): 90→78 [0.2ms]
[2026-05-06 12:31:00] MOVE asha (gray0): 73→63 [0.1ms]
[2026-05-06 12:31:00] MOVE chetan (lawn green): 78→67 [0.2ms]
[2026-05-06 12:31:00] MOVE asha (gray0): 53→54 [0.1ms]
[2026-05-06 12:31:00] MOVE chetan (lawn green): 67→57 [0.2ms]
[2026-05-06 12:31:01] MOVE asha (gray0): 63→64 [0.1ms]
[2026-05-06 12:31:01] MOVE chetan (lawn green): 57→56 [0.1ms]
[2026-05-06 12:31:01] MOVE asha (gray0): 54→43 [0.1ms]
[2026-05-06 12:31:01] MOVE chetan (lawn green): 56→66 [0.7ms]
[2026-05-06 12:31:01] MOVE asha (gray0): 64→54 [0.2ms]
[2026-05-06 12:31:02] MOVE chetan (lawn green): 66→77 [0.1ms]
[2026-05-06 12:31:02] MOVE asha (gray0): 43→64 [0.1ms]
[2026-05-06 12:31:02] MOVE chetan (lawn green): 77→89 [0.2ms]
[2026-05-06 12:31:02] MOVE asha (gray0): 54→43 [0.1ms]
[2026-05-06 12:31:02] MOVE chetan (lawn green): 89→102 [0.1ms]
[2026-05-06 12:31:02] MOVE asha (gray0): 64→63 [0.1ms]
[2026-05-06 12:31:03] MOVE chetan (lawn green): 102→90 [0.1ms]
[2026-05-06 12:31:03] MOVE asha (gray0): 43→31 [0.1ms]
[2026-05-06 12:31:03] MOVE chetan (lawn green): 90→78 [0.3ms]
[2026-05-06 12:31:03] MOVE asha (gray0): 63→53 [0.1ms]
[2026-05-06 12:31:03] MOVE chetan (lawn green): 78→67 [0.1ms]
[2026-05-06 12:31:04] MOVE asha (gray0): 31→18 [0.1ms]
[2026-05-06 12:31:04] MOVE chetan (lawn green): 67→57 [0.1ms]
[2026-05-06 12:31:04] MOVE asha (gray0): 53→54 [0.1ms]
[2026-05-06 12:31:04] MOVE chetan (lawn green): 57→56 [0.1ms]
[2026-05-06 12:31:04] MOVE asha (gray0): 18→9 [0.2ms]
[2026-05-06 12:31:04] MOVE chetan (lawn green): 56→66 [0.1ms]
[2026-05-06 12:31:05] MOVE asha (gray0): 54→43 [0.1ms]
[2026-05-06 12:31:05] MOVE chetan (lawn green): 66→77 [0.1ms]
[2026-05-06 12:31:05] MOVE asha (gray0): 9→17 [0.1ms]
[2026-05-06 12:31:05] MOVE chetan (lawn green): 77→89 [0.1ms]
[2026-05-06 12:31:05] MOVE asha (gray0): 43→31 [0.1ms]
[2026-05-06 12:31:05] MOVE chetan (lawn green): 89→102 [0.1ms]
[2026-05-06 12:31:05] MOVE asha (gray0): 17→30 [0.1ms]
[2026-05-06 12:31:05] MOVE chetan (lawn green): 102→90 [0.1ms]
[2026-05-06 12:31:06] MOVE asha (gray0): 31→18 [0.1ms]
[2026-05-06 12:31:06] MOVE chetan (lawn green): 90→78 [0.1ms]
[2026-05-06 12:31:06] MOVE asha (gray0): 30→31 [0.1ms]
[2026-05-06 12:31:06] MOVE chetan (lawn green): 78→67 [0.2ms]
[2026-05-06 12:31:06] MOVE asha (gray0): 18→9 [0.2ms]
[2026-05-06 12:31:07] MOVE chetan (lawn green): 67→57 [0.1ms]
[2026-05-06 12:31:07] MOVE asha (gray0): 31→18 [0.2ms]
[2026-05-06 12:31:07] MOVE chetan (lawn green): 57→56 [0.1ms]
[2026-05-06 12:31:07] MOVE asha (gray0): 9→31 [0.1ms]
[2026-05-06 12:31:07] MOVE chetan (lawn green): 56→66 [0.1ms]
[2026-05-06 12:31:07] MOVE asha (gray0): 18→43 [0.1ms]
[2026-05-06 12:31:08] MOVE chetan (lawn green): 66→77 [0.1ms]
[2026-05-06 12:31:08] MOVE asha (gray0): 31→54 [0.1ms]
[2026-05-06 12:31:08] MOVE chetan (lawn green): 77→89 [0.1ms]
[2026-05-06 12:31:08] MOVE asha (gray0): 43→64 [0.1ms]
[2026-05-06 12:31:08] MOVE chetan (lawn green): 89→102 [0.2ms]
[2026-05-06 12:31:08] MOVE asha (gray0): 54→43 [0.1ms]
[2026-05-06 12:31:09] MOVE chetan (lawn green): 102→90 [0.1ms]
[2026-05-06 12:31:09] MOVE asha (gray0): 64→54 [0.1ms]
[2026-05-06 12:31:09] MOVE chetan (lawn green): 90→78 [0.1ms]
[2026-05-06 12:31:09] MOVE asha (gray0): 43→64 [0.1ms]
[2026-05-06 12:31:09] MOVE chetan (lawn green): 78→67 [0.1ms]
[2026-05-06 12:31:09] MOVE asha (gray0): 54→74 [0.1ms]
[2026-05-06 12:31:10] MOVE chetan (lawn green): 67→57 [0.1ms]
[2026-05-06 12:31:10] MOVE asha (gray0): 64→63 [0.1ms]
[2026-05-06 12:31:10] MOVE chetan (lawn green): 57→56 [0.1ms]
[2026-05-06 12:31:10] MOVE asha (gray0): 74→73 [0.1ms]
[2026-05-06 12:31:10] MOVE chetan (lawn green): 56→66 [0.2ms]
[2026-05-06 12:31:10] MOVE asha (gray0): 63→53 [0.1ms]
[2026-05-06 12:31:11] MOVE chetan (lawn green): 66→77 [0.1ms]
[2026-05-06 12:31:11] MOVE asha (gray0): 73→63 [0.2ms]
[2026-05-06 12:31:11] MOVE chetan (lawn green): 77→89 [0.1ms]
[2026-05-06 12:31:11] MOVE asha (gray0): 53→54 [0.1ms]
[2026-05-06 12:31:11] MOVE chetan (lawn green): 89→102 [0.1ms]
[2026-05-06 12:31:11] MOVE asha (gray0): 63→64 [0.2ms]
[2026-05-06 12:31:11] MOVE chetan (lawn green): 102→90 [0.1ms]
[2026-05-06 12:31:12] MOVE asha (gray0): 54→43 [0.1ms]
[2026-05-06 12:31:12] MOVE chetan (lawn green): 90→78 [0.1ms]
[2026-05-06 12:31:12] MOVE asha (gray0): 64→54 [0.1ms]
[2026-05-06 12:31:12] MOVE chetan (lawn green): 78→67 [0.1ms]
[2026-05-06 12:31:12] MOVE asha (gray0): 43→64 [0.1ms]
[2026-05-06 12:31:12] MOVE chetan (lawn green): 67→57 [0.1ms]
[2026-05-06 12:31:13] MOVE asha (gray0): 54→43 [0.2ms]
[2026-05-06 12:31:13] MOVE chetan (lawn green): 57→56 [0.1ms]
[2026-05-06 12:31:13] MOVE asha (gray0): 64→63 [0.1ms]
[2026-05-06 12:31:13] MOVE chetan (lawn green): 56→66 [0.1ms]
[2026-05-06 12:31:13] MOVE asha (gray0): 43→31 [0.1ms]
[2026-05-06 12:31:13] MOVE chetan (lawn green): 66→77 [0.1ms]
[2026-05-06 12:31:14] MOVE asha (gray0): 63→53 [0.1ms]
[2026-05-06 12:31:14] MOVE chetan (lawn green): 77→89 [0.1ms]
[2026-05-06 12:31:14] MOVE asha (gray0): 31→18 [0.1ms]
[2026-05-06 12:31:14] MOVE chetan (lawn green): 89→102 [0.2ms]
[2026-05-06 12:31:14] MOVE asha (gray0): 53→54 [0.2ms]
[2026-05-06 12:31:14] MOVE chetan (lawn green): 102→90 [0.1ms]
[2026-05-06 12:31:15] MOVE asha (gray0): 18→9 [0.1ms]
[2026-05-06 12:31:15] MOVE chetan (lawn green): 90→78 [0.1ms]
[2026-05-06 12:31:15] MOVE asha (gray0): 54→43 [0.1ms]
[2026-05-06 12:31:15] MOVE chetan (lawn green): 78→67 [0.1ms]
[2026-05-06 12:31:15] MOVE asha (gray0): 9→17 [0.2ms]
[2026-05-06 12:31:15] MOVE chetan (lawn green): 67→57 [0.2ms]
[2026-05-06 12:31:16] MOVE asha (gray0): 43→31 [0.1ms]
[2026-05-06 12:31:16] MOVE chetan (lawn green): 57→56 [0.2ms]
[2026-05-06 12:31:16] MOVE asha (gray0): 17→30 [0.2ms]
[2026-05-06 12:31:16] MOVE chetan (lawn green): 56→66 [0.1ms]
[2026-05-06 12:31:16] MOVE asha (gray0): 31→18 [0.2ms]
[2026-05-06 12:31:16] MOVE chetan (lawn green): 66→77 [0.1ms]
[2026-05-06 12:31:17] MOVE asha (gray0): 30→31 [0.1ms]
[2026-05-06 12:31:17] MOVE chetan (lawn green): 77→89 [0.1ms]
[2026-05-06 12:31:17] MOVE asha (gray0): 18→9 [0.2ms]
[2026-05-06 12:31:17] MOVE chetan (lawn green): 89→102 [0.1ms]
[2026-05-06 12:31:17] MOVE asha (gray0): 31→18 [0.1ms]
[2026-05-06 12:31:17] MOVE chetan (lawn green): 102→90 [0.1ms]
[2026-05-06 12:31:17] MOVE asha (gray0): 9→31 [0.1ms]
[2026-05-06 12:31:18] MOVE chetan (lawn green): 90→78 [0.1ms]
[2026-05-06 12:31:18] MOVE asha (gray0): 18→43 [0.1ms]
[2026-05-06 12:31:18] MOVE chetan (lawn green): 78→67 [0.1ms]
[2026-05-06 12:31:18] MOVE asha (gray0): 31→54 [0.1ms]
[2026-05-06 12:31:18] MOVE chetan (lawn green): 67→57 [0.1ms]
[2026-05-06 12:31:18] MOVE asha (gray0): 43→64 [0.1ms]
[2026-05-06 12:31:19] MOVE chetan (lawn green): 57→56 [0.1ms]
[2026-05-06 12:31:19] MOVE asha (gray0): 54→43 [0.1ms]
[2026-05-06 12:31:19] MOVE chetan (lawn green): 56→66 [0.1ms]
[2026-05-06 12:31:19] MOVE asha (gray0): 64→54 [0.2ms]
[2026-05-06 12:31:19] MOVE chetan (lawn green): 66→77 [0.1ms]
[2026-05-06 12:31:19] MOVE asha (gray0): 43→64 [0.1ms]
[2026-05-06 12:31:20] MOVE chetan (lawn green): 77→89 [0.1ms]
[2026-05-06 12:31:20] MOVE asha (gray0): 54→74 [0.1ms]
[2026-05-06 12:31:20] MOVE chetan (lawn green): 89→102 [0.1ms]
[2026-05-06 12:31:20] MOVE asha (gray0): 64→63 [0.1ms]
[2026-05-06 12:31:20] MOVE chetan (lawn green): 102→90 [0.2ms]
[2026-05-06 12:31:20] MOVE asha (gray0): 74→73 [0.1ms]
[2026-05-06 12:31:21] MOVE chetan (lawn green): 90→78 [0.3ms]
[2026-05-06 12:31:21] MOVE asha (gray0): 63→53 [0.1ms]
[2026-05-06 12:31:21] MOVE chetan (lawn green): 78→67 [0.2ms]
[2026-05-06 12:31:21] MOVE asha (gray0): 73→63 [0.1ms]
[2026-05-06 12:31:21] MOVE chetan (lawn green): 67→57 [0.1ms]
[2026-05-06 12:31:21] MOVE asha (gray0): 53→54 [0.1ms]
[2026-05-06 12:31:21] MOVE chetan (lawn green): 57→56 [0.1ms]
[2026-05-06 12:31:22] MOVE asha (gray0): 63→64 [0.1ms]
[2026-05-06 12:31:22] MOVE chetan (lawn green): 56→66 [0.1ms]
[2026-05-06 12:31:22] MOVE asha (gray0): 54→43 [0.2ms]
[2026-05-06 12:31:22] MOVE chetan (lawn green): 66→77 [0.1ms]
[2026-05-06 12:31:22] MOVE asha (gray0): 64→54 [0.3ms]
[2026-05-06 12:31:22] MOVE chetan (lawn green): 77→89 [0.1ms]
[2026-05-06 12:31:23] MOVE asha (gray0): 43→64 [0.1ms]
[2026-05-06 12:31:23] MOVE chetan (lawn green): 89→102 [0.1ms]
[2026-05-06 12:31:23] MOVE asha (gray0): 54→43 [0.1ms]
[2026-05-06 12:31:23] MOVE chetan (lawn green): 102→90 [0.1ms]
[2026-05-06 12:31:23] MOVE asha (gray0): 64→63 [0.1ms]
[2026-05-06 12:31:23] MOVE chetan (lawn green): 90→78 [0.2ms]
[2026-05-06 12:31:24] MOVE asha (gray0): 43→31 [0.1ms]
[2026-05-06 12:31:24] MOVE chetan (lawn green): 78→67 [0.1ms]
[2026-05-06 12:31:24] MOVE asha (gray0): 63→53 [0.2ms]
[2026-05-06 12:31:24] MOVE chetan (lawn green): 67→57 [0.1ms]
[2026-05-06 12:31:24] MOVE asha (gray0): 31→18 [0.2ms]
[2026-05-06 12:31:24] MOVE chetan (lawn green): 57→56 [0.1ms]
[2026-05-06 12:31:24] MOVE asha (gray0): 53→54 [0.1ms]
[2026-05-06 12:31:25] MOVE chetan (lawn green): 56→66 [0.1ms]
[2026-05-06 12:31:25] MOVE asha (gray0): 18→9 [0.1ms]
[2026-05-06 12:31:25] MOVE chetan (lawn green): 66→77 [0.1ms]
[2026-05-06 12:31:25] MOVE asha (gray0): 54→43 [0.1ms]
[2026-05-06 12:31:25] MOVE chetan (lawn green): 77→89 [0.1ms]
[2026-05-06 12:31:25] MOVE asha (gray0): 9→17 [0.1ms]
[2026-05-06 12:31:26] MOVE chetan (lawn green): 89→102 [0.1ms]
[2026-05-06 12:31:26] MOVE asha (gray0): 43→31 [0.1ms]
[2026-05-06 12:31:26] MOVE chetan (lawn green): 102→90 [0.1ms]
[2026-05-06 12:31:26] MOVE asha (gray0): 17→30 [0.1ms]
[2026-05-06 12:31:26] MOVE chetan (lawn green): 90→78 [0.1ms]
[2026-05-06 12:31:26] MOVE asha (gray0): 31→18 [0.2ms]
[2026-05-06 12:31:27] MOVE chetan (lawn green): 78→67 [0.1ms]
[2026-05-06 12:31:27] MOVE asha (gray0): 30→31 [0.1ms]
[2026-05-06 12:31:27] MOVE chetan (lawn green): 67→57 [0.2ms]
[2026-05-06 12:31:27] MOVE asha (gray0): 18→9 [0.1ms]
[2026-05-06 12:31:27] MOVE chetan (lawn green): 57→56 [0.1ms]
[2026-05-06 12:31:27] MOVE asha (gray0): 31→18 [0.1ms]
[2026-05-06 12:31:28] MOVE chetan (lawn green): 56→66 [0.1ms]
[2026-05-06 12:31:28] MOVE asha (gray0): 9→31 [0.1ms]
[2026-05-06 12:31:28] MOVE chetan (lawn green): 66→77 [0.1ms]
[2026-05-06 12:31:28] MOVE asha (gray0): 18→43 [0.1ms]
[2026-05-06 12:31:28] MOVE chetan (lawn green): 77→89 [0.1ms]
[2026-05-06 12:31:28] MOVE asha (gray0): 31→54 [0.1ms]
[2026-05-06 12:31:29] MOVE chetan (lawn green): 89→102 [0.4ms]
[2026-05-06 12:31:29] MOVE asha (gray0): 43→64 [0.1ms]
[2026-05-06 12:31:29] MOVE chetan (lawn green): 102→90 [0.1ms]
[2026-05-06 12:31:29] MOVE asha (gray0): 54→43 [0.2ms]
[2026-05-06 12:31:29] MOVE chetan (lawn green): 90→78 [0.1ms]
[2026-05-06 12:31:29] MOVE asha (gray0): 64→54 [0.1ms]
[2026-05-06 12:31:30] MOVE chetan (lawn green): 78→67 [0.1ms]
[2026-05-06 12:31:30] MOVE asha (gray0): 43→64 [0.2ms]
[2026-05-06 12:31:30] MOVE chetan (lawn green): 67→57 [0.1ms]
[2026-05-06 12:31:30] MOVE asha (gray0): 54→74 [0.1ms]
[2026-05-06 12:31:30] MOVE chetan (lawn green): 57→56 [0.1ms]
[2026-05-06 12:31:30] MOVE asha (gray0): 64→63 [0.1ms]
[2026-05-06 12:31:30] MOVE chetan (lawn green): 56→66 [0.1ms]
[2026-05-06 12:31:31] MOVE asha (gray0): 74→73 [0.2ms]
[2026-05-06 12:31:31] MOVE chetan (lawn green): 66→77 [0.1ms]
[2026-05-06 12:31:31] MOVE asha (gray0): 63→53 [0.1ms]
[2026-05-06 12:31:31] MOVE chetan (lawn green): 77→89 [0.1ms]
[2026-05-06 12:31:31] MOVE asha (gray0): 73→63 [0.1ms]
[2026-05-06 12:31:31] MOVE chetan (lawn green): 89→102 [0.1ms]
[2026-05-06 12:31:32] MOVE asha (gray0): 53→54 [0.1ms]
[2026-05-06 12:31:32] MOVE chetan (lawn green): 102→90 [0.1ms]
[2026-05-06 12:31:32] MOVE asha (gray0): 63→64 [0.1ms]
[2026-05-06 12:31:32] MOVE chetan (lawn green): 90→78 [0.1ms]
[2026-05-06 12:31:32] MOVE asha (gray0): 54→43 [0.1ms]
[2026-05-06 12:31:32] MOVE chetan (lawn green): 78→67 [0.1ms]
[2026-05-06 12:31:33] MOVE asha (gray0): 64→54 [0.1ms]
[2026-05-06 12:31:33] MOVE chetan (lawn green): 67→57 [0.1ms]
[2026-05-06 12:31:33] MOVE asha (gray0): 43→64 [0.1ms]
[2026-05-06 12:31:33] MOVE chetan (lawn green): 57→56 [0.1ms]
[2026-05-06 12:31:33] MOVE asha (gray0): 54→43 [0.1ms]
[2026-05-06 12:31:33] MOVE chetan (lawn green): 56→66 [0.1ms]
[2026-05-06 12:31:34] MOVE asha (gray0): 64→63 [0.1ms]
[2026-05-06 12:31:34] MOVE chetan (lawn green): 66→77 [0.1ms]
[2026-05-06 12:31:34] MOVE asha (gray0): 43→31 [0.1ms]
[2026-05-06 12:31:34] MOVE chetan (lawn green): 77→89 [0.4ms]
[2026-05-06 12:31:34] MOVE asha (gray0): 63→53 [0.2ms]
[2026-05-06 12:31:35] MOVE chetan (lawn green): 89→102 [0.2ms]
[2026-05-06 12:31:35] MOVE asha (gray0): 31→18 [0.1ms]
[2026-05-06 12:31:35] MOVE chetan (lawn green): 102→90 [0.1ms]
[2026-05-06 12:31:35] MOVE asha (gray0): 53→54 [0.1ms]
[2026-05-06 12:31:35] MOVE chetan (lawn green): 90→78 [0.1ms]
[2026-05-06 12:31:35] MOVE asha (gray0): 18→9 [0.1ms]
[2026-05-06 12:31:36] MOVE chetan (lawn green): 78→67 [0.1ms]
[2026-05-06 12:31:36] MOVE asha (gray0): 54→43 [0.1ms]
[2026-05-06 12:31:36] MOVE chetan (lawn green): 67→57 [0.1ms]
[2026-05-06 12:31:36] MOVE asha (gray0): 9→17 [0.1ms]
[2026-05-06 12:31:36] MOVE chetan (lawn green): 57→56 [0.1ms]
[2026-05-06 12:31:36] MOVE asha (gray0): 43→31 [0.1ms]
[2026-05-06 12:31:36] MOVE chetan (lawn green): 56→66 [0.1ms]
[2026-05-06 12:31:37] MOVE asha (gray0): 17→30 [0.1ms]
[2026-05-06 12:31:37] MOVE chetan (lawn green): 66→77 [0.1ms]
[2026-05-06 12:31:37] MOVE asha (gray0): 31→18 [0.1ms]
[2026-05-06 12:31:37] MOVE chetan (lawn green): 77→89 [0.1ms]
[2026-05-06 12:31:37] MOVE asha (gray0): 30→31 [0.1ms]
[2026-05-06 12:31:37] MOVE chetan (lawn green): 89→102 [0.1ms]
[2026-05-06 12:31:37] MOVE asha (gray0): 18→9 [0.1ms]
[2026-05-06 12:31:38] MOVE chetan (lawn green): 102→90 [0.1ms]
[2026-05-06 12:31:38] MOVE asha (gray0): 31→18 [0.2ms]
[2026-05-06 12:31:38] MOVE chetan (lawn green): 90→78 [0.1ms]
[2026-05-06 12:31:38] MOVE asha (gray0): 9→31 [0.2ms]
[2026-05-06 12:31:38] MOVE chetan (lawn green): 78→67 [0.1ms]
[2026-05-06 12:31:38] MOVE asha (gray0): 18→43 [0.1ms]
[2026-05-06 12:31:39] MOVE chetan (lawn green): 67→57 [0.1ms]
[2026-05-06 12:31:39] MOVE asha (gray0): 31→54 [0.1ms]
[2026-05-06 12:31:39] MOVE chetan (lawn green): 57→56 [0.1ms]
[2026-05-06 12:31:39] MOVE asha (gray0): 43→64 [0.1ms]
[2026-05-06 12:31:39] MOVE chetan (lawn green): 56→66 [0.2ms]
[2026-05-06 12:31:39] MOVE asha (gray0): 54→43 [0.3ms]
[2026-05-06 12:31:40] MOVE chetan (lawn green): 66→77 [0.1ms]
[2026-05-06 12:31:40] MOVE asha (gray0): 64→54 [0.1ms]
[2026-05-06 12:31:40] MOVE chetan (lawn green): 77→89 [0.1ms]
[2026-05-06 12:31:40] MOVE asha (gray0): 43→64 [0.2ms]
[2026-05-06 12:31:40] MOVE chetan (lawn green): 89→102 [0.2ms]
[2026-05-06 12:31:40] MOVE asha (gray0): 54→74 [0.1ms]
[2026-05-06 12:31:41] MOVE chetan (lawn green): 102→90 [0.1ms]
[2026-05-06 12:31:41] MOVE asha (gray0): 64→63 [0.1ms]
[2026-05-06 12:31:41] MOVE chetan (lawn green): 90→78 [0.1ms]
[2026-05-06 12:31:41] MOVE asha (gray0): 74→73 [0.1ms]
[2026-05-06 12:31:41] MOVE chetan (lawn green): 78→67 [0.1ms]
[2026-05-06 12:31:41] MOVE asha (gray0): 63→53 [0.1ms]
[2026-05-06 12:31:42] MOVE chetan (lawn green): 67→57 [0.1ms]
[2026-05-06 12:31:42] MOVE asha (gray0): 73→63 [0.1ms]
[2026-05-06 12:31:42] MOVE chetan (lawn green): 57→56 [0.1ms]
[2026-05-06 12:31:42] MOVE asha (gray0): 53→54 [0.1ms]
[2026-05-06 12:31:42] MOVE chetan (lawn green): 56→66 [0.1ms]
[2026-05-06 12:31:42] MOVE asha (gray0): 63→64 [0.1ms]
[2026-05-06 12:31:42] MOVE chetan (lawn green): 66→77 [0.1ms]
[2026-05-06 12:31:43] MOVE asha (gray0): 54→43 [0.1ms]
[2026-05-06 12:31:43] MOVE chetan (lawn green): 77→89 [0.2ms]
[2026-05-06 12:31:43] MOVE asha (gray0): 64→54 [0.2ms]
[2026-05-06 12:31:43] MOVE chetan (lawn green): 89→102 [0.1ms]
[2026-05-06 12:31:43] MOVE asha (gray0): 43→64 [0.1ms]
[2026-05-06 12:31:43] MOVE chetan (lawn green): 102→90 [0.1ms]
[2026-05-06 12:31:44] MOVE asha (gray0): 54→43 [0.1ms]
[2026-05-06 12:31:44] MOVE chetan (lawn green): 90→78 [0.1ms]
[2026-05-06 12:31:44] MOVE asha (gray0): 64→63 [0.2ms]
[2026-05-06 12:31:44] MOVE chetan (lawn green): 78→67 [0.1ms]
[2026-05-06 12:31:44] MOVE asha (gray0): 43→31 [0.1ms]
[2026-05-06 12:31:44] MOVE chetan (lawn green): 67→57 [0.2ms]
[2026-05-06 12:31:45] MOVE asha (gray0): 63→53 [0.1ms]
[2026-05-06 12:31:45] MOVE chetan (lawn green): 57→56 [0.1ms]
[2026-05-06 12:31:45] MOVE asha (gray0): 31→18 [0.1ms]
[2026-05-06 12:31:45] MOVE chetan (lawn green): 56→66 [0.1ms]
[2026-05-06 12:31:45] MOVE asha (gray0): 53→54 [0.1ms]
[2026-05-06 12:31:45] MOVE chetan (lawn green): 66→77 [0.1ms]
[2026-05-06 12:31:45] MOVE asha (gray0): 18→9 [0.1ms]
[2026-05-06 12:31:46] MOVE chetan (lawn green): 77→89 [0.1ms]
[2026-05-06 12:31:46] MOVE asha (gray0): 54→43 [0.1ms]
[2026-05-06 12:31:46] MOVE chetan (lawn green): 89→102 [0.1ms]
[2026-05-06 12:31:46] MOVE asha (gray0): 9→17 [0.1ms]
[2026-05-06 12:31:46] MOVE chetan (lawn green): 102→90 [0.1ms]
[2026-05-06 12:31:46] MOVE asha (gray0): 43→31 [0.1ms]
[2026-05-06 12:31:47] MOVE chetan (lawn green): 90→78 [0.1ms]
[2026-05-06 12:31:47] MOVE asha (gray0): 17→30 [0.1ms]
[2026-05-06 12:31:47] MOVE chetan (lawn green): 78→67 [0.1ms]
[2026-05-06 12:31:47] MOVE asha (gray0): 31→18 [0.1ms]
[2026-05-06 12:31:47] MOVE chetan (lawn green): 67→57 [0.2ms]
[2026-05-06 12:31:47] MOVE asha (gray0): 30→31 [0.1ms]
[2026-05-06 12:31:48] MOVE chetan (lawn green): 57→56 [0.1ms]
[2026-05-06 12:31:48] MOVE asha (gray0): 18→9 [0.1ms]
[2026-05-06 12:31:48] MOVE chetan (lawn green): 56→66 [0.1ms]
[2026-05-06 12:31:48] MOVE asha (gray0): 31→18 [0.1ms]
[2026-05-06 12:31:48] MOVE chetan (lawn green): 66→77 [0.1ms]
[2026-05-06 12:31:48] MOVE asha (gray0): 9→31 [0.1ms]
[2026-05-06 12:31:49] MOVE chetan (lawn green): 77→89 [0.1ms]
[2026-05-06 12:31:49] MOVE asha (gray0): 18→43 [0.1ms]
[2026-05-06 12:31:49] MOVE chetan (lawn green): 89→102 [0.1ms]
[2026-05-06 12:31:49] MOVE asha (gray0): 31→54 [0.2ms]
[2026-05-06 12:31:49] MOVE chetan (lawn green): 102→90 [0.1ms]
[2026-05-06 12:31:49] MOVE asha (gray0): 43→64 [0.1ms]
[2026-05-06 12:31:50] MOVE chetan (lawn green): 90→78 [0.1ms]
[2026-05-06 12:31:50] MOVE asha (gray0): 54→43 [0.1ms]
[2026-05-06 12:31:50] MOVE chetan (lawn green): 78→67 [0.1ms]
[2026-05-06 12:31:50] MOVE asha (gray0): 64→54 [0.1ms]
[2026-05-06 12:31:50] MOVE chetan (lawn green): 67→57 [0.1ms]
[2026-05-06 12:31:50] MOVE asha (gray0): 43→64 [0.1ms]
[2026-05-06 12:31:50] MOVE chetan (lawn green): 57→56 [0.1ms]
[2026-05-06 12:31:51] MOVE asha (gray0): 54→74 [0.3ms]
[2026-05-06 12:31:51] MOVE chetan (lawn green): 56→66 [0.1ms]
[2026-05-06 12:31:51] MOVE asha (gray0): 64→63 [0.1ms]
[2026-05-06 12:31:51] MOVE chetan (lawn green): 66→77 [0.1ms]
[2026-05-06 12:31:51] MOVE asha (gray0): 74→73 [0.1ms]
[2026-05-06 12:31:51] MOVE chetan (lawn green): 77→89 [0.1ms]
[2026-05-06 12:31:52] MOVE asha (gray0): 63→53 [0.1ms]
[2026-05-06 12:31:52] MOVE chetan (lawn green): 89→102 [0.1ms]
[2026-05-06 12:31:52] MOVE asha (gray0): 73→63 [0.1ms]
[2026-05-06 12:31:52] MOVE chetan (lawn green): 102→90 [0.1ms]
[2026-05-06 12:31:52] MOVE asha (gray0): 53→54 [0.2ms]
[2026-05-06 12:31:52] MOVE chetan (lawn green): 90→78 [0.1ms]
[2026-05-06 12:31:53] MOVE asha (gray0): 63→64 [0.2ms]
[2026-05-06 12:31:53] MOVE chetan (lawn green): 78→67 [0.1ms]
[2026-05-06 12:31:53] MOVE asha (gray0): 54→43 [0.1ms]
[2026-05-06 12:31:53] MOVE chetan (lawn green): 67→57 [0.1ms]
[2026-05-06 12:31:53] MOVE asha (gray0): 64→54 [0.1ms]
[2026-05-06 12:31:53] MOVE chetan (lawn green): 57→56 [0.1ms]
[2026-05-06 12:31:54] MOVE asha (gray0): 43→64 [0.1ms]
[2026-05-06 12:31:54] MOVE chetan (lawn green): 56→66 [0.1ms]
[2026-05-06 12:31:54] MOVE asha (gray0): 54→43 [0.1ms]
[2026-05-06 12:31:54] MOVE chetan (lawn green): 66→77 [0.2ms]
[2026-05-06 12:31:54] MOVE asha (gray0): 64→63 [0.1ms]
[2026-05-06 12:31:55] MOVE chetan (lawn green): 77→89 [0.1ms]
[2026-05-06 12:31:55] MOVE asha (gray0): 43→31 [0.1ms]
[2026-05-06 12:31:55] MOVE chetan (lawn green): 89→102 [0.1ms]
[2026-05-06 12:31:55] MOVE asha (gray0): 63→53 [0.1ms]
[2026-05-06 12:31:55] MOVE chetan (lawn green): 102→90 [0.2ms]
[2026-05-06 12:31:55] MOVE asha (gray0): 31→18 [0.1ms]
[2026-05-06 12:31:56] MOVE chetan (lawn green): 90→78 [0.1ms]
[2026-05-06 12:31:56] MOVE asha (gray0): 53→54 [0.1ms]
[2026-05-06 12:31:56] MOVE chetan (lawn green): 78→67 [0.1ms]
[2026-05-06 12:31:56] MOVE asha (gray0): 18→9 [0.1ms]
[2026-05-06 12:31:56] MOVE chetan (lawn green): 67→57 [0.1ms]
[2026-05-06 12:31:56] MOVE asha (gray0): 54→43 [0.1ms]
[2026-05-06 12:31:57] MOVE chetan (lawn green): 57→56 [0.1ms]
[2026-05-06 12:31:57] MOVE asha (gray0): 9→17 [0.1ms]
[2026-05-06 12:31:57] MOVE chetan (lawn green): 56→66 [0.1ms]
[2026-05-06 12:31:57] MOVE asha (gray0): 43→31 [0.1ms]
[2026-05-06 12:31:57] MOVE chetan (lawn green): 66→77 [0.1ms]
[2026-05-06 12:31:57] MOVE asha (gray0): 17→30 [0.1ms]
[2026-05-06 12:31:57] MOVE chetan (lawn green): 77→89 [0.1ms]
[2026-05-06 12:31:58] MOVE asha (gray0): 31→18 [0.2ms]
[2026-05-06 12:31:58] MOVE chetan (lawn green): 89→102 [0.1ms]
[2026-05-06 12:31:58] MOVE asha (gray0): 30→31 [0.1ms]
[2026-05-06 12:31:58] MOVE chetan (lawn green): 102→90 [0.3ms]
[2026-05-06 12:31:58] MOVE asha (gray0): 18→9 [0.2ms]
[2026-05-06 12:31:58] MOVE chetan (lawn green): 90→78 [0.1ms]
[2026-05-06 12:31:59] MOVE asha (gray0): 31→18 [0.1ms]
[2026-05-06 12:31:59] MOVE chetan (lawn green): 78→67 [0.1ms]
[2026-05-06 12:31:59] MOVE asha (gray0): 9→31 [0.1ms]
[2026-05-06 12:31:59] MOVE chetan (lawn green): 67→57 [0.1ms]
[2026-05-06 12:31:59] MOVE asha (gray0): 18→43 [0.1ms]
[2026-05-06 12:31:59] MOVE chetan (lawn green): 57→56 [0.1ms]
[2026-05-06 12:32:00] MOVE asha (gray0): 31→54 [0.1ms]
[2026-05-06 12:32:00] MOVE chetan (lawn green): 56→66 [0.1ms]
[2026-05-06 12:32:00] MOVE asha (gray0): 43→64 [0.1ms]
[2026-05-06 12:32:00] MOVE chetan (lawn green): 66→77 [0.1ms]
[2026-05-06 12:32:00] MOVE asha (gray0): 54→43 [0.1ms]
[2026-05-06 12:32:00] MOVE chetan (lawn green): 77→89 [0.1ms]
[2026-05-06 12:32:00] MOVE asha (gray0): 64→54 [0.1ms]
[2026-05-06 12:32:01] MOVE chetan (lawn green): 89→102 [0.1ms]
[2026-05-06 12:32:01] MOVE asha (gray0): 43→64 [0.1ms]
[2026-05-06 12:32:01] MOVE chetan (lawn green): 102→90 [0.2ms]
[2026-05-06 12:32:01] MOVE asha (gray0): 54→74 [0.1ms]
[2026-05-06 12:32:01] MOVE chetan (lawn green): 90→78 [0.1ms]
[2026-05-06 12:32:01] MOVE asha (gray0): 64→63 [0.1ms]
[2026-05-06 12:32:02] MOVE chetan (lawn green): 78→67 [0.2ms]
[2026-05-06 12:32:02] MOVE asha (gray0): 74→73 [0.1ms]
[2026-05-06 12:32:02] MOVE chetan (lawn green): 67→57 [0.1ms]
[2026-05-06 12:32:02] MOVE asha (gray0): 63→53 [0.1ms]
[2026-05-06 12:32:02] MOVE chetan (lawn green): 57→56 [0.1ms]
[2026-05-06 12:32:02] MOVE asha (gray0): 73→63 [0.1ms]
[2026-05-06 12:32:03] MOVE chetan (lawn green): 56→66 [0.1ms]
[2026-05-06 12:32:03] MOVE asha (gray0): 53→54 [0.1ms]
[2026-05-06 12:32:03] MOVE chetan (lawn green): 66→77 [0.1ms]
[2026-05-06 12:32:03] MOVE asha (gray0): 63→64 [0.1ms]
[2026-05-06 12:32:03] MOVE chetan (lawn green): 77→89 [0.1ms]
[2026-05-06 12:32:03] MOVE asha (gray0): 54→43 [0.1ms]
[2026-05-06 12:32:04] MOVE chetan (lawn green): 89→102 [0.2ms]
[2026-05-06 12:32:04] MOVE asha (gray0): 64→54 [0.2ms]
[2026-05-06 12:32:04] MOVE chetan (lawn green): 102→90 [0.1ms]
[2026-05-06 12:32:04] MOVE asha (gray0): 43→64 [0.1ms]
[2026-05-06 12:32:04] MOVE chetan (lawn green): 90→78 [0.1ms]
[2026-05-06 12:32:04] MOVE asha (gray0): 54→43 [0.1ms]
[2026-05-06 12:32:05] MOVE chetan (lawn green): 78→67 [0.1ms]
[2026-05-06 12:32:05] MOVE asha (gray0): 64→63 [0.2ms]
[2026-05-06 12:32:05] MOVE chetan (lawn green): 67→57 [0.1ms]
[2026-05-06 12:32:05] MOVE asha (gray0): 43→31 [0.1ms]
[2026-05-06 12:32:05] MOVE chetan (lawn green): 57→56 [0.1ms]
[2026-05-06 12:32:05] MOVE asha (gray0): 63→53 [0.2ms]
[2026-05-06 12:32:06] MOVE chetan (lawn green): 56→66 [0.1ms]
[2026-05-06 12:32:06] MOVE asha (gray0): 31→18 [0.2ms]
[2026-05-06 12:32:06] MOVE chetan (lawn green): 66→77 [0.1ms]
[2026-05-06 12:32:06] MOVE asha (gray0): 53→54 [0.1ms]
[2026-05-06 12:32:06] MOVE chetan (lawn green): 77→89 [0.1ms]
[2026-05-06 12:32:06] MOVE asha (gray0): 18→9 [0.2ms]
[2026-05-06 12:32:06] MOVE chetan (lawn green): 89→102 [0.2ms]
[2026-05-06 12:32:07] MOVE asha (gray0): 54→43 [0.1ms]
[2026-05-06 12:32:07] MOVE chetan (lawn green): 102→90 [0.1ms]
[2026-05-06 12:32:07] MOVE asha (gray0): 9→17 [0.1ms]
[2026-05-06 12:32:07] MOVE chetan (lawn green): 90→78 [0.1ms]
[2026-05-06 12:32:07] MOVE asha (gray0): 43→31 [0.1ms]
[2026-05-06 12:32:07] MOVE chetan (lawn green): 78→67 [0.1ms]
[2026-05-06 12:32:08] MOVE asha (gray0): 17→30 [0.2ms]
[2026-05-06 12:32:08] MOVE chetan (lawn green): 67→57 [0.1ms]
[2026-05-06 12:32:08] MOVE asha (gray0): 31→18 [0.1ms]
[2026-05-06 12:32:08] MOVE chetan (lawn green): 57→56 [0.1ms]
[2026-05-06 12:32:08] MOVE asha (gray0): 30→31 [0.1ms]
[2026-05-06 12:32:08] MOVE chetan (lawn green): 56→66 [0.1ms]
[2026-05-06 12:32:09] MOVE asha (gray0): 18→9 [0.2ms]
[2026-05-06 12:32:09] MOVE chetan (lawn green): 66→77 [0.1ms]
[2026-05-06 12:32:09] MOVE asha (gray0): 31→18 [0.1ms]
[2026-05-06 12:32:09] MOVE chetan (lawn green): 77→89 [0.1ms]
[2026-05-06 12:32:09] MOVE asha (gray0): 9→31 [0.1ms]
[2026-05-06 12:32:09] MOVE chetan (lawn green): 89→102 [0.1ms]
[2026-05-06 12:32:10] MOVE asha (gray0): 18→43 [0.1ms]
[2026-05-06 12:32:10] MOVE chetan (lawn green): 102→90 [0.1ms]
[2026-05-06 12:32:10] MOVE asha (gray0): 31→54 [0.1ms]
[2026-05-06 12:32:10] MOVE chetan (lawn green): 90→78 [0.1ms]
[2026-05-06 12:32:10] MOVE asha (gray0): 43→64 [0.1ms]
[2026-05-06 12:32:10] MOVE chetan (lawn green): 78→67 [0.1ms]
[2026-05-06 12:32:11] MOVE asha (gray0): 54→43 [0.1ms]
[2026-05-06 12:32:11] MOVE chetan (lawn green): 67→57 [0.1ms]
[2026-05-06 12:32:11] MOVE asha (gray0): 64→54 [0.1ms]
[2026-05-06 12:32:11] MOVE chetan (lawn green): 57→56 [0.1ms]
[2026-05-06 12:32:11] MOVE asha (gray0): 43→64 [0.1ms]
[2026-05-06 12:32:11] MOVE chetan (lawn green): 56→66 [0.1ms]
[2026-05-06 12:32:12] MOVE asha (gray0): 54→74 [0.1ms]
[2026-05-06 12:32:12] MOVE chetan (lawn green): 66→77 [0.1ms]
[2026-05-06 12:32:12] MOVE asha (gray0): 64→63 [0.1ms]
[2026-05-06 12:32:12] MOVE chetan (lawn green): 77→89 [0.2ms]
[2026-05-06 12:32:12] MOVE asha (gray0): 74→73 [0.1ms]
[2026-05-06 12:32:12] MOVE chetan (lawn green): 89→102 [0.1ms]
[2026-05-06 12:32:13] MOVE asha (gray0): 63→53 [0.1ms]
[2026-05-06 12:32:13] MOVE chetan (lawn green): 102→90 [0.1ms]
[2026-05-06 12:32:13] MOVE asha (gray0): 73→63 [0.1ms]
[2026-05-06 12:32:13] MOVE chetan (lawn green): 90→78 [0.1ms]
[2026-05-06 12:32:13] MOVE asha (gray0): 53→54 [0.1ms]
[2026-05-06 12:32:13] MOVE chetan (lawn green): 78→67 [0.1ms]
[2026-05-06 12:32:13] MOVE asha (gray0): 63→64 [0.1ms]
[2026-05-06 12:32:14] MOVE chetan (lawn green): 67→57 [0.1ms]
[2026-05-06 12:32:14] MOVE asha (gray0): 54→43 [0.1ms]
[2026-05-06 12:32:14] MOVE chetan (lawn green): 57→56 [0.1ms]
[2026-05-06 12:32:14] MOVE asha (gray0): 64→54 [0.1ms]
[2026-05-06 12:32:14] MOVE chetan (lawn green): 56→66 [0.1ms]
[2026-05-06 12:32:14] MOVE asha (gray0): 43→64 [0.1ms]
[2026-05-06 12:32:15] MOVE chetan (lawn green): 66→77 [0.1ms]
[2026-05-06 12:32:15] MOVE asha (gray0): 54→43 [0.1ms]
[2026-05-06 12:32:15] MOVE chetan (lawn green): 77→89 [0.1ms]
[2026-05-06 12:32:15] MOVE asha (gray0): 64→63 [0.1ms]
[2026-05-06 12:32:15] MOVE chetan (lawn green): 89→102 [0.3ms]
[2026-05-06 12:32:15] MOVE asha (gray0): 43→31 [0.1ms]
[2026-05-06 12:32:16] MOVE chetan (lawn green): 102→90 [0.1ms]
[2026-05-06 12:32:16] MOVE asha (gray0): 63→53 [0.1ms]
[2026-05-06 12:32:16] MOVE chetan (lawn green): 90→78 [0.2ms]
[2026-05-06 12:32:16] MOVE asha (gray0): 31→18 [0.1ms]
[2026-05-06 12:32:16] MOVE chetan (lawn green): 78→67 [0.1ms]
[2026-05-06 12:32:16] MOVE asha (gray0): 53→54 [0.1ms]
[2026-05-06 12:32:17] MOVE chetan (lawn green): 67→57 [0.1ms]
[2026-05-06 12:32:17] MOVE asha (gray0): 18→9 [0.1ms]
[2026-05-06 12:32:17] MOVE chetan (lawn green): 57→56 [0.1ms]
[2026-05-06 12:32:17] MOVE asha (gray0): 54→43 [0.1ms]
[2026-05-06 12:32:17] MOVE chetan (lawn green): 56→66 [0.1ms]
[2026-05-06 12:32:17] MOVE asha (gray0): 9→17 [0.1ms]
[2026-05-06 12:32:17] MOVE chetan (lawn green): 66→77 [0.1ms]
[2026-05-06 12:32:18] MOVE asha (gray0): 43→31 [0.1ms]
[2026-05-06 12:32:18] MOVE chetan (lawn green): 77→89 [0.1ms]
[2026-05-06 12:32:18] MOVE asha (gray0): 17→30 [0.1ms]
[2026-05-06 12:32:18] MOVE chetan (lawn green): 89→102 [0.1ms]
[2026-05-06 12:32:18] MOVE asha (gray0): 31→18 [0.1ms]
[2026-05-06 12:32:18] MOVE chetan (lawn green): 102→90 [0.1ms]
[2026-05-06 12:32:19] MOVE asha (gray0): 30→31 [0.3ms]
[2026-05-06 12:32:19] MOVE chetan (lawn green): 90→78 [0.1ms]
[2026-05-06 12:32:19] MOVE asha (gray0): 18→9 [0.1ms]
[2026-05-06 12:32:19] MOVE chetan (lawn green): 78→67 [0.1ms]
[2026-05-06 12:32:19] MOVE asha (gray0): 31→18 [0.1ms]
[2026-05-06 12:32:19] MOVE chetan (lawn green): 67→57 [0.1ms]
[2026-05-06 12:32:19] MOVE asha (gray0): 9→31 [0.1ms]
[2026-05-06 12:32:20] MOVE chetan (lawn green): 57→56 [0.1ms]
[2026-05-06 12:32:20] MOVE asha (gray0): 18→43 [0.1ms]
[2026-05-06 12:32:20] MOVE chetan (lawn green): 56→66 [0.2ms]
[2026-05-06 12:32:20] MOVE asha (gray0): 31→54 [0.1ms]
[2026-05-06 12:32:20] MOVE chetan (lawn green): 66→77 [0.1ms]
[2026-05-06 12:32:20] MOVE asha (gray0): 43→64 [0.1ms]
[2026-05-06 12:32:21] MOVE chetan (lawn green): 77→89 [0.1ms]
[2026-05-06 12:32:21] MOVE asha (gray0): 54→43 [0.2ms]
[2026-05-06 12:32:21] MOVE chetan (lawn green): 89→102 [0.3ms]
[2026-05-06 12:32:21] MOVE asha (gray0): 64→54 [0.1ms]
[2026-05-06 12:32:21] MOVE chetan (lawn green): 102→90 [0.1ms]
[2026-05-06 12:32:21] MOVE asha (gray0): 43→64 [0.1ms]
[2026-05-06 12:32:22] MOVE chetan (lawn green): 90→78 [0.1ms]
[2026-05-06 12:32:22] MOVE asha (gray0): 54→74 [0.1ms]
[2026-05-06 12:32:22] MOVE chetan (lawn green): 78→67 [0.1ms]
[2026-05-06 12:32:22] MOVE asha (gray0): 64→63 [0.1ms]
[2026-05-06 12:32:22] MOVE chetan (lawn green): 67→57 [0.1ms]
[2026-05-06 12:32:22] MOVE asha (gray0): 74→73 [0.1ms]
[2026-05-06 12:32:23] MOVE chetan (lawn green): 57→56 [0.1ms]
[2026-05-06 12:32:23] MOVE asha (gray0): 63→53 [0.1ms]
[2026-05-06 12:32:23] MOVE chetan (lawn green): 56→66 [0.1ms]
[2026-05-06 12:32:23] MOVE asha (gray0): 73→63 [0.1ms]
[2026-05-06 12:32:23] MOVE chetan (lawn green): 66→77 [0.1ms]
[2026-05-06 12:32:23] MOVE asha (gray0): 53→54 [0.1ms]
[2026-05-06 12:32:24] MOVE chetan (lawn green): 77→89 [0.1ms]
[2026-05-06 12:32:24] MOVE asha (gray0): 63→64 [0.1ms]
[2026-05-06 12:32:24] MOVE chetan (lawn green): 89→102 [0.1ms]
[2026-05-06 12:32:24] MOVE asha (gray0): 54→43 [0.1ms]
[2026-05-06 12:32:24] MOVE chetan (lawn green): 102→90 [0.4ms]
[2026-05-06 12:32:24] MOVE asha (gray0): 64→54 [0.2ms]
[2026-05-06 12:32:25] MOVE chetan (lawn green): 90→78 [0.1ms]
[2026-05-06 12:32:25] MOVE asha (gray0): 43→64 [0.1ms]
[2026-05-06 12:32:25] MOVE chetan (lawn green): 78→67 [0.1ms]
[2026-05-06 12:32:25] MOVE asha (gray0): 54→43 [0.1ms]
[2026-05-06 12:32:25] MOVE chetan (lawn green): 67→57 [0.1ms]
[2026-05-06 12:32:25] MOVE asha (gray0): 64→63 [0.1ms]
[2026-05-06 12:32:25] MOVE chetan (lawn green): 57→56 [0.1ms]
[2026-05-06 12:32:26] MOVE asha (gray0): 43→31 [0.2ms]
[2026-05-06 12:32:26] MOVE chetan (lawn green): 56→66 [0.1ms]
[2026-05-06 12:32:26] MOVE asha (gray0): 63→53 [0.1ms]
[2026-05-06 12:32:26] MOVE chetan (lawn green): 66→77 [0.2ms]
[2026-05-06 12:32:26] MOVE asha (gray0): 31→18 [0.1ms]
[2026-05-06 12:32:26] SCORE chetan (lawn green): Final=1099.0, Time=0.0, Moves(1194)=0.0, Pins(9)=900.0, Dist=199.0
[2026-05-06 12:32:26] SCORE asha (gray0): Final=997.0, Time=0.0, Moves(1194)=0.0, Pins(8)=800.0, Dist=197.0
[2026-05-06 12:32:26] GAME TIME LIMIT REACHED.
[2026-05-06 12:32:26] SCORE chetan (lawn green): Final=1099.0, Time=0.0, Moves(1194)=0.0, Pins(9)=900.0, Dist=199.0
[2026-05-06 12:32:26] SCORE asha (gray0): Final=997.0, Time=0.0, Moves(1194)=0.0, Pins(8)=800.0, Dist=197.0
[2026-05-06 12:32:26] GAME TIME LIMIT REACHED.
[2026-05-06 12:32:27] SCORE chetan (lawn green): Final=1099.0, Time=0.0, Moves(1194)=0.0, Pins(9)=900.0, Dist=199.0
[2026-05-06 12:32:27] SCORE asha (gray0): Final=997.0, Time=0.0, Moves(1194)=0.0, Pins(8)=800.0, Dist=197.0
[2026-05-06 12:32:27] GAME TIME LIMIT REACHED.
[2026-05-06 12:47:54] SCORE chetan (lawn green): Final=1099.0, Time=0.0, Moves(1194)=0.0, Pins(9)=900.0, Dist=199.0
[2026-05-06 12:47:54] SCORE asha (gray0): Final=997.0, Time=0.0, Moves(1194)=0.0, Pins(8)=800.0, Dist=197.0
[2026-05-06 12:47:54] GAME TIME LIMIT REACHED.
[2026-05-06 12:51:33] SCORE chetan (lawn green): Final=1099.0, Time=0.0, Moves(1194)=0.0, Pins(9)=900.0, Dist=199.0
[2026-05-06 12:51:33] SCORE asha (gray0): Final=997.0, Time=0.0, Moves(1194)=0.0, Pins(8)=800.0, Dist=197.0
[2026-05-06 12:51:33] GAME TIME LIMIT REACHED.
[2026-05-06 12:51:34] SCORE chetan (lawn green): Final=1099.0, Time=0.0, Moves(1194)=0.0, Pins(9)=900.0, Dist=199.0
[2026-05-06 12:51:34] SCORE asha (gray0): Final=997.0, Time=0.0, Moves(1194)=0.0, Pins(8)=800.0, Dist=197.0
[2026-05-06 12:51:34] GAME TIME LIMIT REACHED.
[2026-05-06 12:51:34] SCORE chetan (lawn green): Final=1099.0, Time=0.0, Moves(1194)=0.0, Pins(9)=900.0, Dist=199.0
[2026-05-06 12:51:34] SCORE asha (gray0): Final=997.0, Time=0.0, Moves(1194)=0.0, Pins(8)=800.0, Dist=197.0
[2026-05-06 12:51:34] GAME TIME LIMIT REACHED.
[2026-05-06 12:51:35] SCORE chetan (lawn green): Final=1099.0, Time=0.0, Moves(1194)=0.0, Pins(9)=900.0, Dist=199.0
[2026-05-06 12:51:35] SCORE asha (gray0): Final=997.0, Time=0.0, Moves(1194)=0.0, Pins(8)=800.0, Dist=197.0
[2026-05-06 12:51:35] GAME TIME LIMIT REACHED.
[2026-05-06 12:51:35] SCORE chetan (lawn green): Final=1099.0, Time=0.0, Moves(1194)=0.0, Pins(9)=900.0, Dist=199.0
[2026-05-06 12:51:35] SCORE asha (gray0): Final=997.0, Time=0.0, Moves(1194)=0.0, Pins(8)=800.0, Dist=197.0
[2026-05-06 12:51:35] GAME TIME LIMIT REACHED.
[2026-05-06 12:51:36] SCORE chetan (lawn green): Final=1099.0, Time=0.0, Moves(1194)=0.0, Pins(9)=900.0, Dist=199.0
[2026-05-06 12:51:36] SCORE asha (gray0): Final=997.0, Time=0.0, Moves(1194)=0.0, Pins(8)=800.0, Dist=197.0
[2026-05-06 12:51:36] GAME TIME LIMIT REACHED.
[2026-05-06 12:51:37] SCORE chetan (lawn green): Final=1099.0, Time=0.0, Moves(1194)=0.0, Pins(9)=900.0, Dist=199.0
[2026-05-06 12:51:37] SCORE asha (gray0): Final=997.0, Time=0.0, Moves(1194)=0.0, Pins(8)=800.0, Dist=197.0
[2026-05-06 12:51:37] GAME TIME LIMIT REACHED.
[2026-05-06 12:51:37] SCORE chetan (lawn green): Final=1099.0, Time=0.0, Moves(1194)=0.0, Pins(9)=900.0, Dist=199.0
[2026-05-06 12:51:37] SCORE asha (gray0): Final=997.0, Time=0.0, Moves(1194)=0.0, Pins(8)=800.0, Dist=197.0
[2026-05-06 12:51:37] GAME TIME LIMIT REACHED.
[2026-05-06 12:51:38] SCORE chetan (lawn green): Final=1099.0, Time=0.0, Moves(1194)=0.0, Pins(9)=900.0, Dist=199.0
[2026-05-06 12:51:38] SCORE asha (gray0): Final=997.0, Time=0.0, Moves(1194)=0.0, Pins(8)=800.0, Dist=197.0
[2026-05-06 12:51:38] GAME TIME LIMIT REACHED.
[2026-05-06 12:51:38] SCORE chetan (lawn green): Final=1099.0, Time=0.0, Moves(1194)=0.0, Pins(9)=900.0, Dist=199.0
[2026-05-06 12:51:38] SCORE asha (gray0): Final=997.0, Time=0.0, Moves(1194)=0.0, Pins(8)=800.0, Dist=197.0
[2026-05-06 12:51:38] GAME TIME LIMIT REACHED.
[2026-05-06 12:51:39] SCORE chetan (lawn green): Final=1099.0, Time=0.0, Moves(1194)=0.0, Pins(9)=900.0, Dist=199.0
[2026-05-06 12:51:39] SCORE asha (gray0): Final=997.0, Time=0.0, Moves(1194)=0.0, Pins(8)=800.0, Dist=197.0
[2026-05-06 12:51:39] GAME TIME LIMIT REACHED.
[2026-05-06 12:51:39] SCORE chetan (lawn green): Final=1099.0, Time=0.0, Moves(1194)=0.0, Pins(9)=900.0, Dist=199.0
[2026-05-06 12:51:39] SCORE asha (gray0): Final=997.0, Time=0.0, Moves(1194)=0.0, Pins(8)=800.0, Dist=197.0
[2026-05-06 12:51:39] GAME TIME LIMIT REACHED.
[2026-05-06 12:51:40] SCORE chetan (lawn green): Final=1099.0, Time=0.0, Moves(1194)=0.0, Pins(9)=900.0, Dist=199.0
[2026-05-06 12:51:40] SCORE asha (gray0): Final=997.0, Time=0.0, Moves(1194)=0.0, Pins(8)=800.0, Dist=197.0
[2026-05-06 12:51:40] GAME TIME LIMIT REACHED.
[2026-05-06 12:51:40] SCORE chetan (lawn green): Final=1099.0, Time=0.0, Moves(1194)=0.0, Pins(9)=900.0, Dist=199.0
[2026-05-06 12:51:40] SCORE asha (gray0): Final=997.0, Time=0.0, Moves(1194)=0.0, Pins(8)=800.0, Dist=197.0
[2026-05-06 12:51:40] GAME TIME LIMIT REACHED.
[2026-05-06 12:51:41] SCORE chetan (lawn green): Final=1099.0, Time=0.0, Moves(1194)=0.0, Pins(9)=900.0, Dist=199.0
[2026-05-06 12:51:41] SCORE asha (gray0): Final=997.0, Time=0.0, Moves(1194)=0.0, Pins(8)=800.0, Dist=197.0
[2026-05-06 12:51:41] GAME TIME LIMIT REACHED.
[2026-05-06 12:51:41] SCORE chetan (lawn green): Final=1099.0, Time=0.0, Moves(1194)=0.0, Pins(9)=900.0, Dist=199.0
[2026-05-06 12:51:41] SCORE asha (gray0): Final=997.0, Time=0.0, Moves(1194)=0.0, Pins(8)=800.0, Dist=197.0
[2026-05-06 12:51:41] GAME TIME LIMIT REACHED.
[2026-05-06 12:51:42] SCORE chetan (lawn green): Final=1099.0, Time=0.0, Moves(1194)=0.0, Pins(9)=900.0, Dist=199.0
[2026-05-06 12:51:42] SCORE asha (gray0): Final=997.0, Time=0.0, Moves(1194)=0.0, Pins(8)=800.0, Dist=197.0
[2026-05-06 12:51:42] GAME TIME LIMIT REACHED.
[2026-05-06 12:51:42] SCORE chetan (lawn green): Final=1099.0, Time=0.0, Moves(1194)=0.0, Pins(9)=900.0, Dist=199.0
[2026-05-06 12:51:42] SCORE asha (gray0): Final=997.0, Time=0.0, Moves(1194)=0.0, Pins(8)=800.0, Dist=197.0
[2026-05-06 12:51:42] GAME TIME LIMIT REACHED.
[2026-05-06 12:51:43] SCORE chetan (lawn green): Final=1099.0, Time=0.0, Moves(1194)=0.0, Pins(9)=900.0, Dist=199.0
[2026-05-06 12:51:43] SCORE asha (gray0): Final=997.0, Time=0.0, Moves(1194)=0.0, Pins(8)=800.0, Dist=197.0
[2026-05-06 12:51:43] GAME TIME LIMIT REACHED.
[2026-05-06 12:51:43] SCORE chetan (lawn green): Final=1099.0, Time=0.0, Moves(1194)=0.0, Pins(9)=900.0, Dist=199.0
[2026-05-06 12:51:43] SCORE asha (gray0): Final=997.0, Time=0.0, Moves(1194)=0.0, Pins(8)=800.0, Dist=197.0
[2026-05-06 12:51:43] GAME TIME LIMIT REACHED.
[2026-05-06 12:51:44] SCORE chetan (lawn green): Final=1099.0, Time=0.0, Moves(1194)=0.0, Pins(9)=900.0, Dist=199.0
[2026-05-06 12:51:44] SCORE asha (gray0): Final=997.0, Time=0.0, Moves(1194)=0.0, Pins(8)=800.0, Dist=197.0
[2026-05-06 12:51:44] GAME TIME LIMIT REACHED.
[2026-05-06 12:51:44] SCORE chetan (lawn green): Final=1099.0, Time=0.0, Moves(1194)=0.0, Pins(9)=900.0, Dist=199.0
[2026-05-06 12:51:44] SCORE asha (gray0): Final=997.0, Time=0.0, Moves(1194)=0.0, Pins(8)=800.0, Dist=197.0
[2026-05-06 12:51:44] GAME TIME LIMIT REACHED.
[2026-05-06 12:51:45] SCORE chetan (lawn green): Final=1099.0, Time=0.0, Moves(1194)=0.0, Pins(9)=900.0, Dist=199.0
[2026-05-06 12:51:45] SCORE asha (gray0): Final=997.0, Time=0.0, Moves(1194)=0.0, Pins(8)=800.0, Dist=197.0
[2026-05-06 12:51:45] GAME TIME LIMIT REACHED.
[2026-05-06 12:51:45] SCORE chetan (lawn green): Final=1099.0, Time=0.0, Moves(1194)=0.0, Pins(9)=900.0, Dist=199.0
[2026-05-06 12:51:45] SCORE asha (gray0): Final=997.0, Time=0.0, Moves(1194)=0.0, Pins(8)=800.0, Dist=197.0
[2026-05-06 12:51:45] GAME TIME LIMIT REACHED.
